sequence,stream,substream_depth,runtime_address,address_start_hex,address_end_hex,byte_length,bytes_hex,d88_file_offsets_hex,d88_file_segments,d88_start_offset_hex,d88_end_offset_hex,crosses_sector_header,original_bytes_hex,row_original_difference_count,reused_address_count,first_occurrence_sequences,row_kind,patch_slot,character,translation_group,translation_position,translation_total,kanji_access_hex,ganada_order,classification,verification_notes
1,main,0,D2F2~D2F3,D2F2,D2F3,2,0C 01,0x03E92 0x03E93,0x03E92~0x03E93,0x03E92,0x03E93,false,0C 01,0,0,,control,,,,,,,,기존 확인 0C 계열 / C008 파라미터 저장,C008 파라미터 저장 기존값 재사용
2,main,0,D2F4~D2F9,D2F4,D2F9,6,05 16 86 3A 9E 00,0x03E94 0x03E95 0x03E96 0x03E97 0x03E98 0x03E99,0x03E94~0x03E99,0x03E94,0x03E99,false,05 16 86 3A 9E 00,0,0,,control,,,,,,,,기존 확인 05 계열 / 영역/좌표 상태 설정·전개,영역/좌표 상태 설정·전개 기존값 재사용
3,main,0,D2FA~D2FE,D2FA,D2FE,5,0E 16 20 24 80,0x03E9A 0x03E9B 0x03E9C 0x03E9D 0x03E9E,0x03E9A~0x03E9E,0x03E9A,0x03E9E,false,0E 16 20 24 80,0,0,,control,,,,,,,,기존 확인 0E 계열 / 화면/버퍼 초기화·전개,화면/버퍼 초기화·전개 기존값 재사용
4,main,0,D2FF~D309,D2FF,D309,11,1F 01 00 03 01 01 00 03 01 00 88,0x03E9F 0x03EA0 0x03EA1 0x03EA2 0x03EA3 0x03EA4 0x03EA5 0x03EA6 0x03EA7 0x03EA8 0x03EA9,0x03E9F~0x03EA9,0x03E9F,0x03EA9,false,1F 01 00 03 01 01 00 03 01 00 88,0,0,,control,,,,,,,,기존 확인 1F 계열 / 그래픽/전송 제어,그래픽/전송 제어 기존값 재사용
5,main,0,D30A~D30C,D30A,D30C,3,1E 16 A4,0x03EAA 0x03EAB 0x03EAC,0x03EAA~0x03EAC,0x03EAA,0x03EAC,false,1E 16 A4,0,0,,control,,,,,,,,기존 확인 1E 계열 / 간접 CALL/배경음악 제어,간접 CALL / 배경음악 제어 기존값 재사용
6,main,0,D30D~D30F,D30D,D30F,3,16 3C E6,0x03EAD 0x03EAE 0x03EAF,0x03EAD~0x03EAF,0x03EAD,0x03EAF,false,16 3C E6,0,0,,control,,,,,,,,기존확인 제어 / 16h 서브스트림 호출/전환 → E63C,16h 서브스트림 호출/전환 → E63C 기존값 재사용; 서브스트림 → E63C; KANJI 해당 없음
7,substream,1,E63C,E63C,E63C,1,65,0x0522C,0x0522C,0x0522C,0x0522C,false,65,0,0,,control,,,,,,,,기존확인 제어 / 61h 계열 CAA8[4] 작업슬롯 비활성화,61h 계열 CAA8[4] 작업슬롯 비활성화 기존값 재사용; 61h 계열 슬롯 비활성화; KANJI 해당 없음
8,substream,1,E63D,E63D,E63D,1,66,0x0522D,0x0522D,0x0522D,0x0522D,false,66,0,0,,control,,,,,,,,기존확인 제어 / 61h 계열 CAA8[5] 작업슬롯 비활성화,61h 계열 CAA8[5] 작업슬롯 비활성화 기존값 재사용; 61h 계열 슬롯 비활성화; KANJI 해당 없음
9,substream,1,E63E~E642,E63E,E642,5,0F 04 0D 03 08,0x0522E 0x0522F 0x05230 0x05231 0x05232,0x0522E~0x05232,0x0522E,0x05232,false,0F 04 0D 03 08,0,0,,control,,,,,,,,기존확인 제어 / 0F 계열 제어,0F 계열 제어토큰 기존값 재사용; KANJI 해당 없음
10,substream,1,E643~E645,E643,E645,3,16 95 E7,0x05233 0x05234 0x05235,0x05233~0x05235,0x05233,0x05235,false,16 95 E7,0,0,,control,,,,,,,,기존확인 제어 / 16h 서브스트림 호출/전환 → E795,16h 서브스트림 호출/전환 → E795 기존값 재사용; 서브스트림 → E795; KANJI 해당 없음
11,substream,2,E795~E797,E795,E797,3,1E 3C 08,0x05385 0x05386 0x05387,0x05385~0x05387,0x05385,0x05387,false,1E 3C 08,0,0,,control,,,,,,,,기존확인 제어 / 1E 간접 CALL/083C→0F12 계열,1E 간접 CALL / 083C→0F12 계열 기존값 재사용; KANJI 해당 없음
12,substream,2,E798~E79D,E798,E79D,6,05 16 86 3A 9E 00,0x05388 0x05389 0x0538A 0x0538B 0x0538C 0x0538D,0x05388~0x0538D,0x05388,0x0538D,false,05 16 86 3A 9E 00,0,0,,control,,,,,,,,기존확인 제어 / 05 계열 영역 전개/채움,05 계열 영역 전개/채움 기존값 재사용; KANJI 해당 없음
13,substream,2,E79E~E7A2,E79E,E7A2,5,0E 16 20 24 80,0x0538E 0x0538F 0x05390 0x05391 0x05392,0x0538E~0x05392,0x0538E,0x05392,false,0E 16 20 24 80,0,0,,control,,,,,,,,기존확인 제어 / 0E 계열 표시/버퍼 설정,0E 계열 표시/버퍼 설정 기존값 재사용; KANJI 해당 없음
14,substream,2,E7A3,E7A3,E7A3,1,17,0x05393,0x05393,0x05393,0x05393,false,17,0,0,,control,,,,,,,,기존확인 제어 / 17h 서브스트림 복귀,17h 서브스트림 복귀 기존값 재사용; 서브스트림 복귀; KANJI 해당 없음
15,substream,1,E646~E648,E646,E648,3,13 A4 E7,0x05236 0x05237 0x05238,0x05236~0x05238,0x05236,0x05238,false,13 A4 E7,0,0,,control,,,,,,,,기존확인 제어 / 13h 계열 제어,13h 계열 제어토큰 기존값 재사용; KANJI 해당 없음
16,substream,1,E649~E64C,E649,E64C,4,14 00 16 22,0x05239 0x0523A 0x0523B 0x0523C,0x05239~0x0523C,0x05239,0x0523C,false,14 00 16 22,0,0,,control,,,,,,,,기존확인 제어 / 14h 계열 버퍼/영역 처리,14h 계열 버퍼/영역 처리 기존값 재사용; KANJI 해당 없음
17,substream,1,E64D~E650,E64D,E650,4,14 01 3B 00,0x0523D 0x0523E 0x0523F 0x05240,0x0523D~0x05240,0x0523D,0x05240,false,14 01 3B 00,0,0,,control,,,,,,,,기존확인 제어 / 14h 계열 버퍼/영역 처리,14h 계열 버퍼/영역 처리 기존값 재사용; KANJI 해당 없음
18,substream,1,E651~E654,E651,E654,4,04 AC E8 41,0x05241 0x05242 0x05243 0x05244,0x05241~0x05244,0x05241,0x05244,false,04 AC E8 41,0,0,,control,,,,,,,,기존확인 제어 / 04h 계열 CAA8 슬롯 포인터 설정,04h 계열 CAA8 슬롯 포인터 설정 기존값 재사용; KANJI 해당 없음
19,substream,1,E655~E658,E655,E658,4,04 B6 E8 42,0x05245 0x05246 0x05247 0x05248,0x05245~0x05248,0x05245,0x05248,false,04 B6 E8 42,0,0,,control,,,,,,,,기존확인 제어 / 04h 계열 CAA8 슬롯 포인터 설정,04h 계열 CAA8 슬롯 포인터 설정 기존값 재사용; KANJI 해당 없음
20,substream,1,E659~E65C,E659,E65C,4,04 C0 E8 43,0x05249 0x0524A 0x0524B 0x0524C,0x05249~0x0524C,0x05249,0x0524C,false,04 C0 E8 43,0,0,,control,,,,,,,,기존확인 제어 / 04h 계열 CAA8 슬롯 포인터 설정,04h 계열 CAA8 슬롯 포인터 설정 기존값 재사용; KANJI 해당 없음
21,substream,1,E65D~E65E,E65D,E65E,2,06 12,0x0524D 0x0524E,0x0524D~0x0524E,0x0524D,0x0524E,false,06 12,0,0,,control,,,,,,,,기존확인 제어 / 06h 계열 상태 설정,06h 계열 상태 설정 기존값 재사용; KANJI 해당 없음
22,substream,1,E65F~E660,E65F,E660,2,25 30,0x0524F 0x05250,0x0524F~0x05250,0x0524F,0x05250,false,25 30,0,0,,control,,,,,,,,기존확인 제어 / 25h 계열 CA1D 입 파츠 인덱스 설정,25h 계열 CA1D 입 파츠 인덱스 설정 기존값 재사용; CA1D=30; KANJI 해당 없음
23,substream,1,E661,E661,E661,1,17,0x05251,0x05251,0x05251,0x05251,false,17,0,0,,control,,,,,,,,기존확인 제어 / 17h 서브스트림 복귀,17h 서브스트림 복귀 기존값 재사용; 서브스트림 복귀; KANJI 해당 없음
24,main,0,D310,D310,D310,1,41,0x03EB0,0x03EB0,0x03EB0,0x03EB0,false,41,0,0,,control,,,,,,,,기존 확인 41 계열 / 슬롯/표시 실행 제어,슬롯/표시 실행 제어토큰 기존값 재사용; 41~50 계열 슬롯 실행
25,main,0,D311~D312,D311,D312,2,89 8D,0x03EB1 0x03EB2,0x03EB1~0x03EB2,0x03EB1,0x03EB2,false,82 B1,2,0,,hangul,1,이,01,1,89,E2D0,254,패치 슬롯 0001 | 한글 문자 | 이,번역 01-001/089 · 이 / 토큰 89 8D / KANJI E2D0 / 가나다순 254
26,main,0,D313~D314,D313,D314,2,82 A8,0x03EB3 0x03EB4,0x03EB3~0x03EB4,0x03EB3,0x03EB4,false,82 EA,1,0,,hangul,2,걸,01,2,89,18A0,10,패치 슬롯 0002 | 한글 문자 | 걸,번역 01-002/089 · 걸 / 토큰 82 A8 / KANJI 18A0 / 가나다순 10
27,main,0,D315~D316,D315,D316,2,88 C5,0x03EB5 0x03EB6,0x03EB5~0x03EB6,0x03EB5,0x03EB6,false,82 C5,1,0,,hangul,3,로,01,3,89,A070,122,패치 슬롯 0003 | 한글 문자 | 로,번역 01-003/089 · 로 / 토큰 88 C5 / KANJI A070 / 가나다순 122
28,main,0,D317~D318,D317,D318,2,81 40,0x03EB7 0x03EB8,0x03EB7~0x03EB8,0x03EB7,0x03EB8,false,8F 95,2,0,,space,4,␠,01,4,89,,,패치 슬롯 0004 | 전각 공백 | ␠,번역 01-004/089 · ␠ / 토큰 81 40 / PC-88 전각 공백 토큰
29,main,0,D319~D31A,D319,D31A,2,82 CC,0x03EB9 0x03EBA,0x03EB9~0x03EBA,0x03EB9,0x03EBA,false,82 A9,1,0,,hangul,5,끝,01,5,89,28E0,46,패치 슬롯 0005 | 한글 문자 | 끝,번역 01-005/089 · 끝 / 토큰 82 CC / KANJI 28E0 / 가나다순 46
30,main,0,D31B~D31C,D31B,D31C,2,82 D2,0x03EBB 0x03EBC,0x03EBB~0x03EBC,0x03EBB,0x03EBC,false,82 C1,1,0,,hangul,6,났,01,6,89,2940,52,패치 슬롯 0006 | 한글 문자 | 났,번역 01-006/089 · 났 / 토큰 82 D2 / KANJI 2940 / 가나다순 52
31,main,0,D31D~D31E,D31D,D31E,2,82 E7,0x03EBD 0x03EBE,0x03EBD~0x03EBE,0x03EBD,0x03EBE,false,82 BD,1,0,,hangul,7,다,01,7,89,3890,73,패치 슬롯 0007 | 한글 문자 | 다,번역 01-007/089 · 다 / 토큰 82 E7 / KANJI 3890 / 가나다순 73
32,main,0,D31F~D320,D31F,D320,2,82 B1,0x03EBF 0x03EC0,0x03EBF~0x03EC0,0x03EBF,0x03EC0,false,82 C6,1,0,,hangul,8,고,01,8,89,1930,19,패치 슬롯 0008 | 한글 문자 | 고,번역 01-008/089 · 고 / 토큰 82 B1 / KANJI 1930 / 가나다순 19
33,main,0,D321,D321,D321,1,42,0x03EC1,0x03EC1,0x03EC1,0x03EC1,false,42,0,0,,control,,,,,,,,기존 확인 제어 / 42 계열 슬롯 1번 실행,42 계열 슬롯 1번 실행 기존값 재사용; 41~50 계열 슬롯 실행
34,main,0,D322~D323,D322,D323,2,81 40,0x03EC2 0x03EC3,0x03EC2~0x03EC3,0x03EC2,0x03EC3,false,8E 76,2,0,,space,9,␠,01,9,89,,,패치 슬롯 0009 | 전각 공백 | ␠,번역 01-009/089 · ␠ / 토큰 81 40 / PC-88 전각 공백 토큰
35,main,0,D324~D325,D324,D325,2,89 48,0x03EC4 0x03EC5,0x03EC4~0x03EC5,0x03EC4,0x03EC5,false,82 A4,2,0,,hangul,10,생,01,10,89,6290,186,패치 슬롯 0010 | 한글 문자 | 생,번역 01-010/089 · 생 / 토큰 89 48 / KANJI 6290 / 가나다순 186
36,main,0,D326~D327,D326,D327,2,82 A0,0x03EC6 0x03EC7,0x03EC6~0x03EC7,0x03EC6,0x03EC7,false,82 C8,1,0,,hangul,11,각,01,11,89,1820,2,패치 슬롯 0011 | 한글 문자 | 각,번역 01-011/089 · 각 / 토큰 82 A0 / KANJI 1820 / 가나다순 2
37,main,0,D328~D329,D328,D329,2,89 E2,0x03EC8 0x03EC9,0x03EC8~0x03EC9,0x03EC8,0x03EC9,false,82 E6,2,0,,hangul,12,하,01,12,89,E440,339,패치 슬롯 0012 | 한글 문자 | 하,번역 01-012/089 · 하 / 토큰 89 E2 / KANJI E440 / 가나다순 339
38,main,0,D32A~D32B,D32A,D32B,2,89 B3,0x03ECA 0x03ECB,0x03ECA~0x03ECB,0x03ECA,0x03ECB,false,81 42,2,0,,hangul,13,지,01,13,89,6550,292,패치 슬롯 0013 | 한글 문자 | 지,번역 01-013/089 · 지 / 토큰 89 B3 / KANJI 6550 / 가나다순 292
39,main,0,D32C~D32D,D32C,D32D,2,81 40,0x03ECC 0x03ECD,0x03ECC~0x03ECD,0x03ECC,0x03ECD,false,82 A8,2,0,,space,14,␠,01,14,89,,,패치 슬롯 0014 | 전각 공백 | ␠,번역 01-014/089 · ␠ / 토큰 81 40 / PC-88 전각 공백 토큰
40,main,0,D32E~D32F,D32E,D32F,2,88 D1,0x03ECE 0x03ECF,0x03ECE~0x03ECF,0x03ECE,0x03ECF,false,82 DC,2,0,,hangul,15,마,01,15,89,A130,134,패치 슬롯 0015 | 한글 문자 | 마,번역 01-015/089 · 마 / 토큰 88 D1 / KANJI A130 / 가나다순 134
41,main,0,D330~D331,D330,D331,2,88 B6,0x03ED0 0x03ED1,0x03ED0~0x03ED1,0x03ED0,0x03ED1,false,82 A6,2,0,,hangul,16,라,01,16,89,6180,107,패치 슬롯 0016 | 한글 문자 | 라,번역 01-016/089 · 라 / 토큰 88 B6 / KANJI 6180 / 가나다순 107
42,main,0,D332~D333,D332,D333,2,81 42,0x03ED2 0x03ED3,0x03ED2~0x03ED3,0x03ED2,0x03ED3,false,82 F0,2,0,,punctuation,17,。,01,17,89,,,패치 슬롯 0017 | 문장부호 | 。,번역 01-017/089 · 。 / 토큰 81 42 / PC-88 전각 마침표 토큰
43,main,0,D334,D334,D334,1,42,0x03ED4,0x03ED4,0x03ED4,0x03ED4,false,42,0,0,,control,,,,,,,,기존 확인 제어 / 42 계열 슬롯 1번 실행,42 계열 슬롯 1번 실행 기존값 재사용; 41~50 계열 슬롯 실행; KANJI 해당 없음
44,main,0,D335~D336,D335,D336,2,82 D7,0x03ED5 0x03ED6,0x03ED5~0x03ED6,0x03ED5,0x03ED6,false,8E 45,2,0,,hangul,18,널,01,18,89,2990,57,패치 슬롯 0018 | 한글 문자 | 널,번역 01-018/089 · 널 / 토큰 82 D7 / KANJI 2990 / 가나다순 57
45,main,0,D337~D338,D337,D338,2,89 AB,0x03ED7 0x03ED8,0x03ED7~0x03ED8,0x03ED7,0x03ED8,false,82 B7,2,0,,hangul,19,죽,01,19,89,64D0,284,패치 슬롯 0019 | 한글 문자 | 죽,번역 01-019/089 · 죽 / 토큰 89 AB / KANJI 64D0 / 가나다순 284
46,main,0,D339~D33A,D339,D33A,2,89 8D,0x03ED9 0x03EDA,0x03ED9~0x03EDA,0x03ED9,0x03EDA,false,82 DC,2,0,,hangul,20,이,01,20,89,E2D0,254,패치 슬롯 0020 | 한글 문자 | 이,번역 01-020/089 · 이 / 토큰 89 8D / KANJI E2D0 / 가나다순 254
47,main,0,D33B~D33C,D33B,D33C,2,82 C1,0x03EDB 0x03EDC,0x03EDB~0x03EDC,0x03EDB,0x03EDC,false,82 C5,1,0,,hangul,21,기,01,21,89,2830,35,패치 슬롯 0021 | 한글 문자 | 기,번역 01-021/089 · 기 / 토큰 82 C1 / KANJI 2830 / 가나다순 35
48,main,0,D33D~D33E,D33D,D33E,2,81 40,0x03EDD 0x03EDE,0x03EDD~0x03EDE,0x03EDD,0x03EDE,false,82 CD,2,0,,space,22,␠,01,22,89,,,패치 슬롯 0022 | 전각 공백 | ␠,번역 01-022/089 · ␠ / 토큰 81 40 / PC-88 전각 공백 토큰
49,main,0,D33F~D340,D33F,D340,2,89 9D,0x03EDF 0x03EE0,0x03EDF~0x03EE0,0x03EDF,0x03EE0,false,81 41,2,0,,hangul,23,전,01,23,89,E3D0,270,패치 슬롯 0023 | 한글 문자 | 전,번역 01-023/089 · 전 / 토큰 89 9D / KANJI E3D0 / 가나다순 270
50,main,0,D341~D342,D341,D342,2,82 C4,0x03EE1 0x03EE2,0x03EE1~0x03EE2,0x03EE1,0x03EE2,false,89 E4,2,0,,hangul,24,까,01,24,89,2860,38,패치 슬롯 0024 | 한글 문자 | 까,번역 01-024/089 · 까 / 토큰 82 C4 / KANJI 2860 / 가나다순 38
51,main,0,D343~D344,D343,D344,2,89 B3,0x03EE3 0x03EE4,0x03EE3~0x03EE4,0x03EE3,0x03EE4,false,82 E7,2,0,,hangul,25,지,01,25,89,6550,292,패치 슬롯 0025 | 한글 문자 | 지,번역 01-025/089 · 지 / 토큰 89 B3 / KANJI 6550 / 가나다순 292
52,main,0,D345~D346,D345,D346,2,81 40,0x03EE5 0x03EE6,0x03EE5~0x03EE6,0x03EE5,0x03EE6,false,82 CC,2,0,,space,26,␠,01,26,89,,,패치 슬롯 0026 | 전각 공백 | ␠,번역 01-026/089 · ␠ / 토큰 81 40 / PC-88 전각 공백 토큰
53,main,0,D347~D348,D347,D348,2,89 81,0x03EE7 0x03EE8,0x03EE7~0x03EE8,0x03EE7,0x03EE8,false,91 9E,2,0,,hangul,27,우,01,27,89,E210,242,패치 슬롯 0027 | 한글 문자 | 우,번역 01-027/089 · 우 / 토큰 89 81 / KANJI E210 / 가나다순 242
54,main,0,D349~D34A,D349,D34A,2,88 CC,0x03EE9 0x03EEA,0x03EE9~0x03EEA,0x03EE9,0x03EEA,false,88 AB,1,0,,hangul,28,리,01,28,89,A0E0,129,패치 슬롯 0028 | 한글 문자 | 리,번역 01-028/089 · 리 / 토큰 88 CC / KANJI A0E0 / 가나다순 129
55,main,0,D34B~D34C,D34B,D34C,2,89 8C,0x03EEB 0x03EEC,0x03EEB~0x03EEC,0x03EEB,0x03EEC,false,82 AA,2,0,,hangul,29,의,01,29,89,E2C0,253,패치 슬롯 0029 | 한글 문자 | 의,번역 01-029/089 · 의 / 토큰 89 8C / KANJI E2C0 / 가나다순 253
56,main,0,D34D~D34E,D34D,D34E,2,81 40,0x03EED 0x03EEE,0x03EED~0x03EEE,0x03EED,0x03EEE,false,82 A2,2,0,,space,30,␠,01,30,89,,,패치 슬롯 0030 | 전각 공백 | ␠,번역 01-030/089 · ␠ / 토큰 81 40 / PC-88 전각 공백 토큰
57,main,0,D34F~D350,D34F,D350,2,89 B2,0x03EEF 0x03EF0,0x03EEF~0x03EF0,0x03EEF,0x03EF0,false,82 E2,2,0,,hangul,31,증,01,31,89,6540,291,패치 슬롯 0031 | 한글 문자 | 증,번역 01-031/089 · 증 / 토큰 89 B2 / KANJI 6540 / 가나다순 291
58,main,0,D351~D352,D351,D352,2,89 76,0x03EF1 0x03EF2,0x03EF1~0x03EF2,0x03EF1,0x03EF2,false,82 B3,2,0,,hangul,32,오,01,32,89,A370,232,패치 슬롯 0032 | 한글 문자 | 오,번역 01-032/089 · 오 / 토큰 89 76 / KANJI A370 / 가나다순 232
59,main,0,D353~D354,D353,D354,2,82 E3,0x03EF3 0x03EF4,0x03EF3~0x03EF4,0x03EF3,0x03EF4,false,82 EA,1,0,,hangul,33,는,01,33,89,3850,69,패치 슬롯 0033 | 한글 문자 | 는,번역 01-033/089 · 는 / 토큰 82 E3 / KANJI 3850 / 가나다순 69
60,main,0,D355~D356,D355,D356,2,81 40,0x03EF5 0x03EF6,0x03EF5~0x03EF6,0x03EF5,0x03EF6,false,82 E9,2,0,,space,34,␠,01,34,89,,,패치 슬롯 0034 | 전각 공백 | ␠,번역 01-034/089 · ␠ / 토큰 81 40 / PC-88 전각 공백 토큰
61,main,0,D357~D358,D357,D358,2,89 9E,0x03EF7 0x03EF8,0x03EF7~0x03EF8,0x03EF7,0x03EF8,false,82 B1,2,0,,hangul,35,절,01,35,89,E3E0,271,패치 슬롯 0035 | 한글 문자 | 절,번역 01-035/089 · 절 / 토큰 89 9E / KANJI E3E0 / 가나다순 271
62,main,0,D359~D35A,D359,D35A,2,82 EC,0x03EF9 0x03EFA,0x03EF9~0x03EFA,0x03EF9,0x03EFA,false,82 C6,1,0,,hangul,36,대,01,36,89,38E0,78,패치 슬롯 0036 | 한글 문자 | 대,번역 01-036/089 · 대 / 토큰 82 EC / KANJI 38E0 / 가나다순 78
63,main,0,D35B~D35C,D35B,D35C,2,89 43,0x03EFB 0x03EFC,0x03EFB~0x03EFC,0x03EFB,0x03EFC,false,82 CD,2,0,,hangul,37,사,01,37,89,6240,181,패치 슬롯 0037 | 한글 문자 | 사,번역 01-037/089 · 사 / 토큰 89 43 / KANJI 6240 / 가나다순 181
64,main,0,D35D~D35E,D35D,D35E,2,88 B6,0x03EFD 0x03EFE,0x03EFD~0x03EFE,0x03EFD,0x03EFE,false,89 69,2,0,,hangul,38,라,01,38,89,6180,107,패치 슬롯 0038 | 한글 문자 | 라,번역 01-038/089 · 라 / 토큰 88 B6 / KANJI 6180 / 가나다순 107
65,main,0,D35F~D360,D35F,D360,2,89 B3,0x03EFF 0x03F00,0x03EFF~0x03F00,0x03EFF,0x03F00,false,8B 76,2,0,,hangul,39,지,01,39,89,6550,292,패치 슬롯 0039 | 한글 문자 | 지,번역 01-039/089 · 지 / 토큰 89 B3 / KANJI 6550 / 가나다순 292
66,main,0,D361~D362,D361,D362,2,89 B3,0x03F01 0x03F02,0x03F01~0x03F02,0x03F01,0x03F02,false,82 C9,2,0,,hangul,40,지,01,40,89,6550,292,패치 슬롯 0040 | 한글 문자 | 지,번역 01-040/089 · 지 / 토큰 89 B3 / KANJI 6550 / 가나다순 292
67,main,0,D363~D364,D363,D364,2,81 40,0x03F03 0x03F04,0x03F03~0x03F04,0x03F03,0x03F04,false,82 C8,2,0,,space,41,␠,01,41,89,,,패치 슬롯 0041 | 전각 공백 | ␠,번역 01-041/089 · ␠ / 토큰 81 40 / PC-88 전각 공백 토큰
68,main,0,D365~D366,D365,D366,2,89 64,0x03F05 0x03F06,0x03F05~0x03F06,0x03F05,0x03F06,false,82 A2,2,0,,hangul,42,않,01,42,89,A250,214,패치 슬롯 0042 | 한글 문자 | 않,번역 01-042/089 · 않 / 토큰 89 64 / KANJI A250 / 가나다순 214
69,main,0,D367~D368,D367,D368,2,82 E3,0x03F07 0x03F08,0x03F07~0x03F08,0x03F07,0x03F08,false,82 CC,1,0,,hangul,43,는,01,43,89,3850,69,패치 슬롯 0043 | 한글 문자 | 는,번역 01-043/089 · 는 / 토큰 82 E3 / KANJI 3850 / 가나다순 69
70,main,0,D369~D36A,D369,D36A,2,82 E7,0x03F09 0x03F0A,0x03F09~0x03F0A,0x03F09,0x03F0A,false,82 BE,1,0,,hangul,44,다,01,44,89,3890,73,패치 슬롯 0044 | 한글 문자 | 다,번역 01-044/089 · 다 / 토큰 82 E7 / KANJI 3890 / 가나다순 73
71,main,0,D36B,D36B,D36B,1,42,0x03F0B,0x03F0B,0x03F0B,0x03F0B,false,42,0,0,,control,,,,,,,,기존 확인 제어 / 42 계열 슬롯 실행,42 계열 슬롯 실행 기존값 재사용; 41~50 계열 슬롯 실행
72,main,0,D36C~D36D,D36C,D36D,2,81 42,0x03F0C 0x03F0D,0x03F0C~0x03F0D,0x03F0C,0x03F0D,false,81 42,0,0,,punctuation,45,。,01,45,89,,,패치 슬롯 0045 | 문장부호 | 。,번역 01-045/089 · 。 / 토큰 81 42 / PC-88 전각 마침표 토큰
73,main,0,D36E~D36F,D36E,D36F,2,82 D9,0x03F0E 0x03F0F,0x03F0E~0x03F0F,0x03F0E,0x03F0F,false,82 A8,1,0,,hangul,46,네,01,46,89,29B0,59,패치 슬롯 0046 | 한글 문자 | 네,번역 01-046/089 · 네 / 토큰 82 D9 / KANJI 29B0 / 가나다순 59
74,main,0,D370~D371,D370,D371,2,82 9F,0x03F10 0x03F11,0x03F10~0x03F11,0x03F10,0x03F11,false,82 DC,1,0,,hangul,47,가,01,47,89,1810,1,패치 슬롯 0047 | 한글 문자 | 가,번역 01-047/089 · 가 / 토큰 82 9F / KANJI 1810 / 가나다순 1
75,main,0,D372~D373,D372,D373,2,81 40,0x03F12 0x03F13,0x03F12~0x03F13,0x03F12,0x03F13,false,82 A6,2,0,,space,48,␠,01,48,89,,,패치 슬롯 0048 | 전각 공백 | ␠,번역 01-048/089 · ␠ / 토큰 81 40 / PC-88 전각 공백 토큰
76,main,0,D374~D375,D374,D375,2,88 C5,0x03F14 0x03F15,0x03F14~0x03F15,0x03F14,0x03F15,false,82 AA,2,0,,hangul,49,로,01,49,89,A070,122,패치 슬롯 0049 | 한글 문자 | 로,번역 01-049/089 · 로 / 토큰 88 C5 / KANJI A070 / 가나다순 122
77,main,0,D376~D377,D376,D377,2,82 BD,0x03F16 0x03F17,0x03F16~0x03F17,0x03F16,0x03F17,false,83 8D,2,0,,hangul,50,그,01,50,89,19F0,31,패치 슬롯 0050 | 한글 문자 | 그,번역 01-050/089 · 그 / 토큰 82 BD / KANJI 19F0 / 가나다순 31
78,main,0,D378~D379,D378,D379,2,88 C0,0x03F18 0x03F19,0x03F18~0x03F19,0x03F18,0x03F19,false,83 4F,2,0,,hangul,51,레,01,51,89,A020,117,패치 슬롯 0051 | 한글 문자 | 레,번역 01-051/089 · 레 / 토큰 88 C0 / KANJI A020 / 가나다순 117
79,main,0,D37A~D37B,D37A,D37B,2,89 56,0x03F1A 0x03F1B,0x03F1A~0x03F1B,0x03F1A,0x03F1B,false,83 8C,2,0,,hangul,52,스,01,52,89,6370,200,패치 슬롯 0052 | 한글 문자 | 스,번역 01-052/089 · 스 / 토큰 89 56 / KANJI 6370 / 가나다순 200
80,main,0,D37C~D37D,D37C,D37D,2,82 E6,0x03F1C 0x03F1D,0x03F1C~0x03F1D,0x03F1C,0x03F1D,false,83 58,2,0,,hangul,53,님,01,53,89,3880,72,패치 슬롯 0053 | 한글 문자 | 님,번역 01-053/089 · 님 / 토큰 82 E6 / KANJI 3880 / 가나다순 72
81,main,0,D37E~D37F,D37E,D37F,2,89 8A,0x03F1E 0x03F1F,0x03F1E~0x03F1F,0x03F1E,0x03F1F,false,97 6C,2,0,,hangul,54,을,01,54,89,E2A0,251,패치 슬롯 0054 | 한글 문자 | 을,번역 01-054/089 · 을 / 토큰 89 8A / KANJI E2A0 / 가나다순 251
82,main,0,D380,D380,D380,1,42,0x03F20,0x03F20,0x03F20,0x03F20,false,82,1,0,,control,,,,,,,,기존 확인 제어 / 42 계열 슬롯 1번 실행,42 계열 슬롯 1번 실행 기존값 재사용; 41~50 계열 슬롯 실행
83,main,0,D381~D382,D381,D382,2,89 AB,0x03F21 0x03F22,0x03F21~0x03F22,0x03F21,0x03F22,false,F0 42,2,0,,hangul,55,죽,01,55,89,64D0,284,패치 슬롯 0055 | 한글 문자 | 죽,번역 01-055/089 · 죽 / 토큰 89 AB / KANJI 64D0 / 가나다순 284
84,main,0,D383~D384,D383,D384,2,89 8E,0x03F23 0x03F24,0x03F23~0x03F24,0x03F23,0x03F24,false,96 53,2,0,,hangul,56,인,01,56,89,E2E0,255,패치 슬롯 0056 | 한글 문자 | 인,번역 01-056/089 · 인 / 토큰 89 8E / KANJI E2E0 / 가나다순 255
85,main,0,D385~D386,D385,D386,2,81 40,0x03F25 0x03F26,0x03F25~0x03F26,0x03F25,0x03F26,false,82 AB,2,0,,space,57,␠,01,57,89,,,패치 슬롯 0057 | 전각 공백 | ␠,번역 01-057/089 · ␠ / 토큰 81 40 / PC-88 전각 공백 토큰
86,main,0,D387~D388,D387,D388,2,89 CE,0x03F27 0x03F28,0x03F27~0x03F28,0x03F27,0x03F28,false,8E D2,2,0,,hangul,58,탓,01,58,89,A500,319,패치 슬롯 0058 | 한글 문자 | 탓,번역 01-058/089 · 탓 / 토큰 89 CE / KANJI A500 / 가나다순 319
87,main,0,D389~D38A,D389,D38A,2,89 70,0x03F29 0x03F2A,0x03F29~0x03F2A,0x03F29,0x03F2A,false,82 C9,2,0,,hangul,59,에,01,59,89,A310,226,패치 슬롯 0059 | 한글 문자 | 에,번역 01-059/089 · 에 / 토큰 89 70 / KANJI A310 / 가나다순 226
88,main,0,D38B~D38C,D38B,D38C,2,81 41,0x03F2B 0x03F2C,0x03F2B~0x03F2C,0x03F2B,0x03F2C,false,82 B5,2,0,,punctuation,60,、,01,60,89,,,패치 슬롯 0060 | 문장부호 | 、,번역 01-060/089 · 、 / 토큰 81 41 / PC-88 전각 쉼표 토큰
89,main,0,D38D~D38E,D38D,D38E,2,89 81,0x03F2D 0x03F2E,0x03F2D~0x03F2E,0x03F2D,0x03F2E,false,82 BD,2,0,,hangul,61,우,01,61,89,E210,242,패치 슬롯 0061 | 한글 문자 | 우,번역 01-061/089 · 우 / 토큰 89 81 / KANJI E210 / 가나다순 242
90,main,0,D38F~D390,D38F,D390,2,88 CC,0x03F2F 0x03F30,0x03F2F~0x03F30,0x03F2F,0x03F30,false,82 A8,2,0,,hangul,62,리,01,62,89,A0E0,129,패치 슬롯 0062 | 한글 문자 | 리,번역 01-062/089 · 리 / 토큰 88 CC / KANJI A0E0 / 가나다순 129
91,main,0,D391~D392,D391,D392,2,81 40,0x03F31 0x03F32,0x03F31~0x03F32,0x03F31,0x03F32,false,82 A9,2,0,,space,63,␠,01,63,89,,,패치 슬롯 0063 | 전각 공백 | ␠,번역 01-063/089 · ␠ / 토큰 81 40 / PC-88 전각 공백 토큰
92,main,0,D393~D394,D393,D394,2,88 C5,0x03F33 0x03F34,0x03F33~0x03F34,0x03F33,0x03F34,false,82 B0,2,0,,hangul,64,로,01,64,89,A070,122,패치 슬롯 0064 | 한글 문자 | 로,번역 01-064/089 · 로 / 토큰 88 C5 / KANJI A070 / 가나다순 122
93,main,0,D395~D396,D395,D396,2,82 BD,0x03F35 0x03F36,0x03F35~0x03F36,0x03F35,0x03F36,false,82 C5,1,0,,hangul,65,그,01,65,89,19F0,31,패치 슬롯 0065 | 한글 문자 | 그,번역 01-065/089 · 그 / 토큰 82 BD / KANJI 19F0 / 가나다순 31
94,main,0,D397~D398,D397,D398,2,88 C0,0x03F37 0x03F38,0x03F37~0x03F38,0x03F37,0x03F38,false,81 41,2,0,,hangul,66,레,01,66,89,A020,117,패치 슬롯 0066 | 한글 문자 | 레,번역 01-066/089 · 레 / 토큰 88 C0 / KANJI A020 / 가나다순 117
95,main,0,D399~D39A,D399,D39A,2,89 56,0x03F39 0x03F3A,0x03F39~0x03F3A,0x03F39,0x03F3A,false,89 E4,1,0,,hangul,67,스,01,67,89,6370,200,패치 슬롯 0067 | 한글 문자 | 스,번역 01-067/089 · 스 / 토큰 89 56 / KANJI 6370 / 가나다순 200
96,main,0,D39B~D39C,D39B,D39C,2,89 A4,0x03F3B 0x03F3C,0x03F3B~0x03F3C,0x03F3B,0x03F3C,false,82 E7,2,0,,hangul,68,족,01,68,89,6460,277,패치 슬롯 0068 | 한글 문자 | 족,번역 01-068/089 · 족 / 토큰 89 A4 / KANJI 6460 / 가나다순 277
97,main,0,D39D~D39E,D39D,D39E,2,89 8D,0x03F3D 0x03F3E,0x03F3D~0x03F3E,0x03F3D,0x03F3E,false,83 8D,1,0,,hangul,69,이,01,69,89,E2D0,254,패치 슬롯 0069 | 한글 문자 | 이,번역 01-069/089 · 이 / 토큰 89 8D / KANJI E2D0 / 가나다순 254
98,main,0,D39F~D3A0,D39F,D3A0,2,81 40,0x03F3F 0x03F40,0x03F3F~0x03F40,0x03F3F,0x03F40,false,83 4F,2,0,,space,70,␠,01,70,89,,,패치 슬롯 0070 | 전각 공백 | ␠,번역 01-070/089 · ␠ / 토큰 81 40 / PC-88 전각 공백 토큰
99,main,0,D3A1~D3A2,D3A1,D3A2,2,89 6D,0x03F41 0x03F42,0x03F41~0x03F42,0x03F41,0x03F42,false,83 8C,2,0,,hangul,71,얼,01,71,89,A2E0,223,패치 슬롯 0071 | 한글 문자 | 얼,번역 01-071/089 · 얼 / 토큰 89 6D / KANJI A2E0 / 가나다순 223
100,main,0,D3A3~D3A4,D3A3,D3A4,2,88 D1,0x03F43 0x03F44,0x03F43~0x03F44,0x03F43,0x03F44,false,83 58,2,0,,hangul,72,마,01,72,89,A130,134,패치 슬롯 0072 | 한글 문자 | 마,번역 01-072/089 · 마 / 토큰 88 D1 / KANJI A130 / 가나다순 134
101,main,0,D3A5~D3A6,D3A5,D3A6,2,82 CE,0x03F45 0x03F46,0x03F45~0x03F46,0x03F45,0x03F46,false,91 B0,2,0,,hangul,73,나,01,73,89,2900,48,패치 슬롯 0073 | 한글 문자 | 나,번역 01-073/089 · 나 / 토큰 82 CE / KANJI 2900 / 가나다순 48
102,main,0,D3A7~D3A8,D3A7,D3A8,2,81 40,0x03F47 0x03F48,0x03F47~0x03F48,0x03F47,0x03F48,false,82 AA,2,0,,space,74,␠,01,74,89,,,패치 슬롯 0074 | 전각 공백 | ␠,번역 01-074/089 · ␠ / 토큰 81 40 / PC-88 전각 공백 토큰
103,main,0,D3A9~D3AA,D3A9,D3AA,2,89 C8,0x03F49 0x03F4A,0x03F49~0x03F4A,0x03F49,0x03F4A,false,82 C7,2,0,,hangul,75,큰,01,75,89,A4A0,313,패치 슬롯 0075 | 한글 문자 | 큰,번역 01-075/089 · 큰 / 토큰 89 C8 / KANJI A4A0 / 가나다순 313
104,main,0,D3AB~D3AC,D3AB,D3AC,2,81 40,0x03F4B 0x03F4C,0x03F4B~0x03F4C,0x03F4B,0x03F4C,false,82 EA,2,0,,space,76,␠,01,76,89,,,패치 슬롯 0076 | 전각 공백 | ␠,번역 01-076/089 · ␠ / 토큰 81 40 / PC-88 전각 공백 토큰
105,main,0,D3AD~D3AE,D3AD,D3AE,2,82 B1,0x03F4D 0x03F4E,0x03F4D~0x03F4E,0x03F4D,0x03F4E,false,82 D9,1,0,,hangul,77,고,01,77,89,1930,19,패치 슬롯 0077 | 한글 문자 | 고,번역 01-077/089 · 고 / 토큰 82 B1 / KANJI 1930 / 가나다순 19
106,main,0,D3AF~D3B0,D3AF,D3B0,2,89 D4,0x03F4F 0x03F50,0x03F4F~0x03F50,0x03F4F,0x03F50,false,82 C7,2,0,,hangul,78,통,01,78,89,A560,325,패치 슬롯 0078 | 한글 문자 | 통,번역 01-078/089 · 통 / 토큰 89 D4 / KANJI A560 / 가나다순 325
107,main,0,D3B1~D3B2,D3B1,D3B2,2,89 8A,0x03F51 0x03F52,0x03F51~0x03F52,0x03F51,0x03F52,false,82 CC,2,0,,hangul,79,을,01,79,89,E2A0,251,패치 슬롯 0079 | 한글 문자 | 을,번역 01-079/089 · 을 / 토큰 89 8A / KANJI E2A0 / 가나다순 251
108,main,0,D3B3,D3B3,D3B3,1,42,0x03F53,0x03F53,0x03F53,0x03F53,false,8B,1,0,,control,,,,,,,,기존확인 제어 / 42 계열 슬롯 1번 실행,42 계열 슬롯 1번 실행 기존값 재사용; 41~50 계열 슬롯 실행
109,main,0,D3B4~D3B5,D3B4,D3B5,2,81 40,0x03F54 0x03F55,0x03F54~0x03F55,0x03F54,0x03F55,false,EA 82,2,0,,space,80,␠,01,80,89,,,패치 슬롯 0080 | 전각 공백 | ␠,번역 01-080/089 · ␠ / 토큰 81 40 / PC-88 전각 공백 토큰
110,main,0,D3B6~D3B7,D3B6,D3B7,2,82 AD,0x03F56 0x03F57,0x03F56~0x03F57,0x03F56,0x03F57,false,B5 82,2,0,,hangul,81,겪,01,81,89,18F0,15,패치 슬롯 0081 | 한글 문자 | 겪,번역 01-081/089 · 겪 / 토큰 82 AD / KANJI 18F0 / 가나다순 15
111,main,0,D3B8~D3B9,D3B8,D3B9,2,89 6F,0x03F58 0x03F59,0x03F58~0x03F59,0x03F58,0x03F59,false,DD 82,2,0,,hangul,82,었,01,82,89,A300,225,패치 슬롯 0082 | 한글 문자 | 었,번역 01-082/089 · 었 / 토큰 89 6F / KANJI A300 / 가나다순 225
112,main,0,D3BA~D3BB,D3BA,D3BB,2,82 E3,0x03F5A 0x03F5B,0x03F5A~0x03F5B,0x03F5A,0x03F5B,false,F0 42,2,0,,hangul,83,는,01,83,89,3850,69,패치 슬롯 0083 | 한글 문자 | 는,번역 01-083/089 · 는 / 토큰 82 E3 / KANJI 3850 / 가나다순 69
113,main,0,D3BC~D3BD,D3BC,D3BD,2,89 B3,0x03F5C 0x03F5D,0x03F5C~0x03F5D,0x03F5C,0x03F5D,false,82 C8,2,0,,hangul,84,지,01,84,89,6550,292,패치 슬롯 0084 | 한글 문자 | 지,번역 01-084/089 · 지 / 토큰 89 B3 / KANJI 6550 / 가나다순 292
114,main,0,D3BE~D3BF,D3BE,D3BF,2,81 40,0x03F5E 0x03F5F,0x03F5E~0x03F5F,0x03F5E,0x03F5F,false,82 DF,2,0,,space,85,␠,01,85,89,,,패치 슬롯 0085 | 전각 공백 | ␠,번역 01-085/089 · ␠ / 토큰 81 40 / PC-88 전각 공백 토큰
115,main,0,D3C0~D3C1,D3C0,D3C1,2,89 60,0x03F60 0x03F61,0x03F60~0x03F61,0x03F60,0x03F61,false,82 C4,2,0,,hangul,86,아,01,86,89,A210,210,패치 슬롯 0086 | 한글 문자 | 아,번역 01-086/089 · 아 / 토큰 89 60 / KANJI A210 / 가나다순 210
116,main,0,D3C2~D3C3,D3C2,D3C3,2,82 E2,0x03F62 0x03F63,0x03F62~0x03F63,0x03F62,0x03F63,false,97 88,2,0,,hangul,87,느,01,87,89,3840,68,패치 슬롯 0087 | 한글 문자 | 느,번역 01-087/089 · 느 / 토큰 82 E2 / KANJI 3840 / 가나다순 68
117,main,0,D3C4~D3C5,D3C4,D3C5,2,82 D5,0x03F64 0x03F65,0x03F64~0x03F65,0x03F64,0x03F65,false,82 BD,1,0,,hangul,88,냐,01,88,89,2970,55,패치 슬롯 0088 | 한글 문자 | 냐,번역 01-088/089 · 냐 / 토큰 82 D5 / KANJI 2970 / 가나다순 55
118,main,0,D3C6~D3C7,D3C6,D3C7,2,81 49,0x03F66 0x03F67,0x03F66~0x03F67,0x03F66,0x03F67,false,82 B1,2,0,,punctuation,89,！,01,89,89,,,패치 슬롯 0089 | 문장부호 | ！,번역 01-089/089 · ！ / 토큰 81 49 / PC-88 전각 느낌표 토큰
119,main,0,D3C8,D3C8,D3C8,1,61,0x03F68,0x03F68,0x03F68,0x03F68,false,82,1,0,,control,,,,,,,,기존확인 제어 / 61h 계열 CAA8[0] 작업슬롯 비활성화,61h 계열 CAA8[0] 작업슬롯 비활성화 기존값 재사용; 61h 계열 슬롯 비활성화; KANJI 해당 없음
120,main,0,D3C9~D3CA,D3C9,D3CA,2,81 40,0x03F69 0x03F6A,0x03F69~0x03F6A,0x03F69,0x03F6A,false,C6 82,2,0,,control,,,,,,,,기존확인 특수부호 / 전각 공백/KANJI 1210·1211,"전각 공백 / KANJI 1210·1211 기존값 재사용; 특수부호: 글리프 출력, A420 미호출"
121,main,0,D3CB~D3CD,D3CB,D3CD,3,16 98 E6,0x03F6B 0x03F6C 0x03F6D,0x03F6B~0x03F6D,0x03F6B,0x03F6D,false,A9 81 49,3,0,,control,,,,,,,,기존확인 제어 / 16h 서브스트림 호출/전환 → E698,16h 서브스트림 호출/전환 → E698 기존값 재사용; 서브스트림 → E698; KANJI 해당 없음
122,substream,1,E698~E69C,E698,E69C,5,0F 03 06 03 0F,0x05288 0x05289 0x0528A 0x0528B 0x0528C,0x05288~0x0528C,0x05288,0x0528C,false,0F 03 06 03 0F,0,0,,control,,,,,,,,기존확인 제어 / 0F 계열 081E 호출,0F 계열 081E 호출 기존값 재사용; KANJI 해당 없음
123,substream,1,E69D~E69F,E69D,E69F,3,16 95 E7,0x0528D 0x0528E 0x0528F,0x0528D~0x0528F,0x0528D,0x0528F,false,16 95 E7,0,0,,control,,,,,,,,기존확인 제어 / 16h 서브스트림 호출/전환 → E795,16h 서브스트림 호출/전환 → E795 기존값 재사용; 서브스트림 → E795; KANJI 해당 없음
124,substream,2,E795~E797,E795,E797,3,1E 3C 08,0x05385 0x05386 0x05387,0x05385~0x05387,0x05385,0x05387,false,1E 3C 08,0,3,11,control,,,,,,,,기존확인 제어 / 1E 간접 CALL/083C→0F12 계열,1E 간접 CALL / 083C→0F12 계열 기존값 재사용; KANJI 해당 없음
125,substream,2,E798~E79D,E798,E79D,6,05 16 86 3A 9E 00,0x05388 0x05389 0x0538A 0x0538B 0x0538C 0x0538D,0x05388~0x0538D,0x05388,0x0538D,false,05 16 86 3A 9E 00,0,6,12,control,,,,,,,,기존확인 제어 / 05 계열 영역 전개/채움,05 계열 영역 전개/채움 기존값 재사용; KANJI 해당 없음
126,substream,2,E79E~E7A2,E79E,E7A2,5,0E 16 20 24 80,0x0538E 0x0538F 0x05390 0x05391 0x05392,0x0538E~0x05392,0x0538E,0x05392,false,0E 16 20 24 80,0,5,13,control,,,,,,,,기존확인 제어 / 0E 계열 C42C 표시/버퍼 설정,0E 계열 C42C 표시/버퍼 설정 기존값 재사용; KANJI 해당 없음
127,substream,2,E7A3,E7A3,E7A3,1,17,0x05393,0x05393,0x05393,0x05393,false,17,0,1,14,control,,,,,,,,기존확인 제어 / 17h 서브스트림 복귀,17h 서브스트림 복귀 기존값 재사용; 서브스트림 복귀; KANJI 해당 없음
128,substream,1,E6A0~E6A2,E6A0,E6A2,3,13 B4 E7,0x05290 0x05291 0x05292,0x05290~0x05292,0x05290,0x05292,false,13 B4 E7,0,0,,control,,,,,,,,기존확인 제어 / 13 계열 3바이트 제어,13 계열 3바이트 제어 기존값 재사용; KANJI 해당 없음
129,substream,1,E6A3~E6A6,E6A3,E6A6,4,14 00 16 22,0x05293 0x05294 0x05295 0x05296,0x05293~0x05296,0x05293,0x05296,false,14 00 16 22,0,0,,control,,,,,,,,기존확인 제어 / 14 계열 버퍼/영역 처리,14 계열 버퍼/영역 처리 기존값 재사용; KANJI 해당 없음
130,substream,1,E6A7~E6AA,E6A7,E6AA,4,14 01 3B 00,0x05297 0x05298 0x05299 0x0529A,0x05297~0x0529A,0x05297,0x0529A,false,14 01 3B 00,0,0,,control,,,,,,,,기존확인 제어 / 14 계열 버퍼/영역 처리,14 계열 버퍼/영역 처리 기존값 재사용; KANJI 해당 없음
131,substream,1,E6AB~E6AE,E6AB,E6AE,4,04 CA E8 41,0x0529B 0x0529C 0x0529D 0x0529E,0x0529B~0x0529E,0x0529B,0x0529E,false,04 CA E8 41,0,0,,control,,,,,,,,기존확인 제어 / 04 계열 CAA8 슬롯 포인터 설정,04 계열 CAA8 슬롯 포인터 설정 기존값 재사용; KANJI 해당 없음
132,substream,1,E6AF~E6B2,E6AF,E6B2,4,04 DE E8 43,0x0529F 0x052A0 0x052A1 0x052A2,0x0529F~0x052A2,0x0529F,0x052A2,false,04 DE E8 43,0,0,,control,,,,,,,,기존확인 제어 / 04 계열 CAA8 슬롯 포인터 설정,04 계열 CAA8 슬롯 포인터 설정 기존값 재사용; KANJI 해당 없음
133,substream,1,E6B3~E6B6,E6B3,E6B6,4,04 E8 E8 42,0x052A3 0x052A4 0x052A5 0x052A6,0x052A3~0x052A6,0x052A3,0x052A6,false,04 E8 E8 42,0,0,,control,,,,,,,,기존확인 제어 / 04 계열 CAA8 슬롯 포인터 설정,04 계열 CAA8 슬롯 포인터 설정 기존값 재사용; KANJI 해당 없음
134,substream,1,E6B7~E6BA,E6B7,E6BA,4,04 F2 E8 44,0x052A7 0x052A8 0x052A9 0x052AA,0x052A7~0x052AA,0x052A7,0x052AA,false,04 F2 E8 44,0,0,,control,,,,,,,,기존확인 제어 / 04 계열 CAA8 슬롯 포인터 설정,04 계열 CAA8 슬롯 포인터 설정 기존값 재사용; KANJI 해당 없음
135,substream,1,E6BB~E6BE,E6BB,E6BE,4,04 FC E8 45,0x052AB 0x052AC 0x052AD 0x052AE,0x052AB~0x052AE,0x052AB,0x052AE,false,04 FC E8 45,0,0,,control,,,,,,,,기존확인 제어 / 04 계열 CAA8 슬롯 포인터 설정,04 계열 CAA8 슬롯 포인터 설정 기존값 재사용; KANJI 해당 없음
136,substream,1,E6BF~E6C2,E6BF,E6C2,4,04 06 E9 46,0x052AF 0x052B0 0x052B1 0x052B2,0x052AF~0x052B2,0x052AF,0x052B2,false,04 06 E9 46,0,0,,control,,,,,,,,기존확인 제어 / 04 계열 CAA8 슬롯 포인터 설정,04 계열 CAA8 슬롯 포인터 설정 기존값 재사용; KANJI 해당 없음
137,substream,1,E6C3~E6C4,E6C3,E6C4,2,06 0E,0x052B3 0x052B4,0x052B3~0x052B4,0x052B3,0x052B4,false,06 0E,0,0,,control,,,,,,,,기존확인 제어 / 06 계열 상태 설정,06 계열 상태 설정 기존값 재사용; KANJI 해당 없음
138,substream,1,E6C5,E6C5,E6C5,1,45,0x052B5,0x052B5,0x052B5,0x052B5,false,45,0,0,,control,,,,,,,,기존확인 제어 / 41~50 계열 슬롯 실행,41~50 계열 슬롯 실행 기존값 재사용; 41~50 계열 슬롯 실행; KANJI 해당 없음
139,substream,1,E6C6,E6C6,E6C6,1,46,0x052B6,0x052B6,0x052B6,0x052B6,false,46,0,0,,control,,,,,,,,기존확인 제어 / 41~50 계열 슬롯 실행,41~50 계열 슬롯 실행 기존값 재사용; 41~50 계열 슬롯 실행; KANJI 해당 없음
140,substream,1,E6C7~E6C8,E6C7,E6C8,2,01 05,0x052B7 0x052B8,0x052B7~0x052B8,0x052B7,0x052B8,false,01 05,0,0,,control,,,,,,,,기존확인 제어 / 01 계열 하위 제어 래퍼,01 계열 하위 제어 래퍼 기존값 재사용; KANJI 해당 없음
141,substream,1,E6C9~E6CA,E6C9,E6CA,2,25 2B,0x052B9 0x052BA,0x052B9~0x052BA,0x052B9,0x052BA,false,25 2B,0,0,,control,,,,,,,,기존확인 제어 / CA1D 입 파츠 인덱스 설정,CA1D 입 파츠 인덱스 설정 기존값 재사용; CA1D=2B; KANJI 해당 없음
142,substream,1,E6CB,E6CB,E6CB,1,17,0x052BB,0x052BB,0x052BB,0x052BB,false,17,0,0,,control,,,,,,,,기존확인 제어 / 17h 서브스트림 복귀,17h 서브스트림 복귀 기존값 재사용; 서브스트림 복귀; KANJI 해당 없음
143,main,0,D3CE,D3CE,D3CE,1,41,0x03F6E,0x03F6E,0x03F6E,0x03F6E,false,61,1,0,,control,,,,,,,,기존확인 제어 / 41~50 계열 슬롯 실행,41~50 계열 슬롯 실행 기존값 재사용; 41~50 계열 슬롯 실행; KANJI 해당 없음
144,main,0,D3CF,D3CF,D3CF,1,44,0x03F6F,0x03F6F,0x03F6F,0x03F6F,false,81,1,0,,control,,,,,,,,기존확인 제어 / 41~50 계열 슬롯 실행,41~50 계열 슬롯 실행 기존값 재사용; 41~50 계열 슬롯 실행; KANJI 해당 없음
145,main,0,D3D0,D3D0,D3D0,1,64,0x03F70,0x03F70,0x03F70,0x03F70,false,40,1,0,,control,,,,,,,,기존확인 제어 / 61~70 계열 CAA8[3] 작업슬롯 비활성화,61~70 계열 CAA8[3] 작업슬롯 비활성화 기존값 재사용; 61h 계열 슬롯 비활성화; KANJI 해당 없음
146,main,0,D3D1~D3D2,D3D1,D3D2,2,89 43,0x03F71 0x03F72,0x03F71~0x03F72,0x03F71,0x03F72,false,16 98,2,0,,hangul,90,사,02,1,45,6240,181,패치 슬롯 0090 | 한글 문자 | 사,번역 02-001/045 · 사 / 토큰 89 43 / KANJI 6240 / 가나다순 181
147,main,0,D3D3~D3D4,D3D3,D3D4,2,88 B8,0x03F73 0x03F74,0x03F73~0x03F74,0x03F73,0x03F74,false,E6 41,2,0,,hangul,91,람,02,2,45,61A0,109,패치 슬롯 0091 | 한글 문자 | 람,번역 02-002/045 · 람 / 토큰 88 B8 / KANJI 61A0 / 가나다순 109
148,main,0,D3D5~D3D6,D3D5,D3D6,2,88 AA,0x03F75 0x03F76,0x03F75~0x03F76,0x03F75,0x03F76,false,44 64,2,0,,hangul,92,들,02,3,45,60C0,95,패치 슬롯 0092 | 한글 문자 | 들,번역 02-003/045 · 들 / 토큰 88 AA / KANJI 60C0 / 가나다순 95
149,main,0,D3D7~D3D8,D3D7,D3D8,2,89 8A,0x03F77 0x03F78,0x03F77~0x03F78,0x03F77,0x03F78,false,90 6C,2,0,,hangul,93,을,02,4,45,E2A0,251,패치 슬롯 0093 | 한글 문자 | 을,번역 02-004/045 · 을 / 토큰 89 8A / KANJI E2A0 / 가나다순 251
150,main,0,D3D9~D3DA,D3D9,D3DA,2,81 40,0x03F79 0x03F7A,0x03F79~0x03F7A,0x03F79,0x03F7A,false,82 F0,2,0,,space,94,␠,02,5,45,,,패치 슬롯 0094 | 전각 공백 | ␠,번역 02-005/045 · ␠ / 토큰 81 40 / PC-88 전각 공백 토큰
151,main,0,D3DB~D3DC,D3DB,D3DC,2,82 B1,0x03F7B 0x03F7C,0x03F7B~0x03F7C,0x03F7B,0x03F7C,false,8B EA,2,0,,hangul,95,고,02,6,45,1930,19,패치 슬롯 0095 | 한글 문자 | 고,번역 02-006/045 · 고 / 토큰 82 B1 / KANJI 1930 / 가나다순 19
152,main,0,D3DD~D3DE,D3DD,D3DE,2,89 D4,0x03F7D 0x03F7E,0x03F7D~0x03F7E,0x03F7D,0x03F7E,false,82 B5,2,0,,hangul,96,통,02,7,45,A560,325,패치 슬롯 0096 | 한글 문자 | 통,번역 02-007/045 · 통 / 토큰 89 D4 / KANJI A560 / 가나다순 325
153,main,0,D3DF~D3E0,D3DF,D3E0,2,89 88,0x03F7F 0x03F80,0x03F7F~0x03F80,0x03F7F,0x03F80,false,82 DF,2,0,,hangul,97,으,02,8,45,E280,249,패치 슬롯 0097 | 한글 문자 | 으,번역 02-008/045 · 으 / 토큰 89 88 / KANJI E280 / 가나다순 249
154,main,0,D3E1~D3E2,D3E1,D3E2,2,88 C5,0x03F81 0x03F82,0x03F81~0x03F82,0x03F81,0x03F82,false,82 C4,2,0,,hangul,98,로,02,9,45,A070,122,패치 슬롯 0098 | 한글 문자 | 로,번역 02-009/045 · 로 / 토큰 88 C5 / KANJI A070 / 가나다순 122
155,main,0,D3E3~D3E4,D3E3,D3E4,2,81 40,0x03F83 0x03F84,0x03F83~0x03F84,0x03F83,0x03F84,false,82 A2,2,0,,space,99,␠,02,10,45,,,패치 슬롯 0099 | 전각 공백 | ␠,번역 02-010/045 · ␠ / 토큰 81 40 / PC-88 전각 공백 토큰
156,main,0,D3E5~D3E6,D3E5,D3E6,2,88 E1,0x03F85 0x03F86,0x03F85~0x03F86,0x03F85,0x03F86,false,82 E9,2,0,,hangul,100,몰,02,11,45,E030,150,패치 슬롯 0100 | 한글 문자 | 몰,번역 02-011/045 · 몰 / 토큰 88 E1 / KANJI E030 / 가나다순 150
157,main,0,D3E7~D3E8,D3E7,D3E8,2,89 60,0x03F87 0x03F88,0x03F87~0x03F88,0x03F87,0x03F88,false,82 CC,2,0,,hangul,101,아,02,12,45,A210,210,패치 슬롯 0101 | 한글 문자 | 아,번역 02-012/045 · 아 / 토큰 89 60 / KANJI A210 / 가나다순 210
158,main,0,D3E9~D3EA,D3E9,D3EA,2,82 D8,0x03F89 0x03F8A,0x03F89~0x03F8A,0x03F89,0x03F8A,false,82 CD,1,0,,hangul,102,넣,02,13,45,29A0,58,패치 슬롯 0102 | 한글 문자 | 넣,번역 02-013/045 · 넣 / 토큰 82 D8 / KANJI 29A0 / 가나다순 58
159,main,0,D3EB~D3EC,D3EB,D3EC,2,89 89,0x03F8B 0x03F8C,0x03F8B~0x03F8C,0x03F8B,0x03F8C,false,82 A8,2,0,,hangul,103,은,02,14,45,E290,250,패치 슬롯 0103 | 한글 문자 | 은,번역 02-014/045 · 은 / 토큰 89 89 / KANJI E290 / 가나다순 250
160,main,0,D3ED~D3EE,D3ED,D3EE,2,81 40,0x03F8D 0x03F8E,0x03F8D~0x03F8E,0x03F8D,0x03F8E,false,82 DC,2,0,,space,104,␠,02,15,45,,,패치 슬롯 0104 | 전각 공백 | ␠,번역 02-015/045 · ␠ / 토큰 81 40 / PC-88 전각 공백 토큰
161,main,0,D3EF~D3F0,D3EF,D3F0,2,82 A7,0x03F8F 0x03F90,0x03F8F~0x03F90,0x03F8F,0x03F90,false,82 A6,1,0,,hangul,105,건,02,16,45,1890,9,패치 슬롯 0105 | 한글 문자 | 건,번역 02-016/045 · 건 / 토큰 82 A7 / KANJI 1890 / 가나다순 9
162,main,0,D3F1~D3F2,D3F1,D3F2,2,81 40,0x03F91 0x03F92,0x03F91~0x03F92,0x03F91,0x03F92,false,82 BD,2,0,,space,106,␠,02,17,45,,,패치 슬롯 0106 | 전각 공백 | ␠,번역 02-017/045 · ␠ / 토큰 81 40 / PC-88 전각 공백 토큰
163,main,0,D3F3~D3F4,D3F3,D3F4,2,82 D6,0x03F93 0x03F94,0x03F93~0x03F94,0x03F93,0x03F94,false,82 BF,1,0,,hangul,107,너,02,18,45,2980,56,패치 슬롯 0107 | 한글 문자 | 너,번역 02-018/045 · 너 / 토큰 82 D6 / KANJI 2980 / 가나다순 56
164,main,0,D3F5~D3F6,D3F5,D3F6,2,89 F6,0x03F95 0x03F96,0x03F95~0x03F96,0x03F95,0x03F96,false,82 CC,2,0,,hangul,108,희,02,19,45,E580,359,패치 슬롯 0108 | 한글 문자 | 희,번역 02-019/045 · 희 / 토큰 89 F6 / KANJI E580 / 가나다순 359
165,main,0,D3F7~D3F8,D3F7,D3F8,2,89 6B,0x03F97 0x03F98,0x03F97~0x03F98,0x03F97,0x03F98,false,95 FB,2,0,,hangul,109,야,02,20,45,A2C0,221,패치 슬롯 0109 | 한글 문자 | 야,번역 02-020/045 · 야 / 토큰 89 6B / KANJI A2C0 / 가나다순 221
166,main,0,D3F9,D3F9,D3F9,1,44,0x03F99,0x03F99,0x03F99,0x03F99,false,82,1,0,,control,,,,,,,,기존확인 제어 / 41~50 계열 CAA8[3] 슬롯 실행,41~50 계열 CAA8[3] 슬롯 실행 기존값 재사용; 41~50 계열 슬롯 실행; KANJI 해당 없음
167,main,0,D3FA~D3FB,D3FA,D3FB,2,81 49,0x03F9A 0x03F9B,0x03F9A~0x03F9B,0x03F9A,0x03F9B,false,C5 82,2,0,,punctuation,110,!,02,21,45,,,패치 슬롯 0110 | 문장부호 | !,번역 02-021/045 · ! / 토큰 81 49 / ASCII 표기 느낌표 → PC-88 전각 느낌표 토큰
168,main,0,D3FC~D3FD,D3FC,D3FD,2,81 40,0x03F9C 0x03F9D,0x03F9C~0x03F9D,0x03F9C,0x03F9D,false,B5 82,2,0,,space,111,␠,02,22,45,,,패치 슬롯 0111 | 전각 공백 | ␠,번역 02-022/045 · ␠ / 토큰 81 40 / PC-88 전각 공백 토큰
169,main,0,D3FE~D3FF,D3FE,D3FF,2,82 D6,0x03F9E 0x03F9F,0x03F9E~0x03F9F,0x03F9E,0x03F9F,false,E5 82,2,0,,hangul,112,너,02,23,45,2980,56,패치 슬롯 0112 | 한글 문자 | 너,번역 02-023/045 · 너 / 토큰 82 D6 / KANJI 2980 / 가나다순 56
170,main,0,D400~D401,D400,D401,2,89 F6,0x03FB0 0x03FB1,0x03FB0~0x03FB1,0x03FB0,0x03FB1,false,A4 44,2,0,,hangul,113,희,02,24,45,E580,359,패치 슬롯 0113 | 한글 문자 | 희,번역 02-024/045 · 희 / 토큰 89 F6 / KANJI E580 / 가나다순 359
171,main,0,D402~D403,D402,D403,2,82 9F,0x03FB2 0x03FB3,0x03FB2~0x03FB3,0x03FB2,0x03FB3,false,81 49,2,0,,hangul,114,가,02,25,45,1810,1,패치 슬롯 0114 | 한글 문자 | 가,번역 02-025/045 · 가 / 토큰 82 9F / KANJI 1810 / 가나다순 1
172,main,0,D404~D405,D404,D405,2,81 40,0x03FB4 0x03FB5,0x03FB4~0x03FB5,0x03FB4,0x03FB5,false,81 40,0,0,,space,115,␠,02,26,45,,,패치 슬롯 0115 | 전각 공백 | ␠,번역 02-026/045 · ␠ / 토큰 81 40 / PC-88 전각 공백 토큰
173,main,0,D406~D407,D406,D407,2,82 EC,0x03FB6 0x03FB7,0x03FB6~0x03FB7,0x03FB6,0x03FB7,false,88 EA,2,0,,hangul,116,대,02,27,45,38E0,78,패치 슬롯 0116 | 한글 문자 | 대,번역 02-027/045 · 대 / 토큰 82 EC / KANJI 38E0 / 가나다순 78
174,main,0,D408~D409,D408,D409,2,89 BB,0x03FB8 0x03FB9,0x03FB8~0x03FB9,0x03FB8,0x03FB9,false,91 CC,2,0,,hangul,117,체,02,28,45,65D0,300,패치 슬롯 0117 | 한글 문자 | 체,번역 02-028/045 · 체 / 토큰 89 BB / KANJI 65D0 / 가나다순 300
175,main,0,D40A~D40B,D40A,D40B,2,81 40,0x03FBA 0x03FBB,0x03FBA~0x03FBB,0x03FBA,0x03FBB,false,82 A8,2,0,,space,118,␠,02,29,45,,,패치 슬롯 0118 | 전각 공백 | ␠,번역 02-029/045 · ␠ / 토큰 81 40 / PC-88 전각 공백 토큰
176,main,0,D40C~D40D,D40C,D40D,2,88 E3,0x03FBC 0x03FBD,0x03FBC~0x03FBD,0x03FBC,0x03FBD,false,82 DC,2,0,,hangul,119,무,02,30,45,E050,152,패치 슬롯 0119 | 한글 문자 | 무,번역 02-030/045 · 무 / 토큰 88 E3 / KANJI E050 / 가나다순 152
177,main,0,D40E~D40F,D40E,D40F,2,89 57,0x03FBE 0x03FBF,0x03FBE~0x03FBF,0x03FBE,0x03FBF,false,82 A6,2,0,,hangul,120,슨,02,31,45,6380,201,패치 슬롯 0120 | 한글 문자 | 슨,번역 02-031/045 · 슨 / 토큰 89 57 / KANJI 6380 / 가나다순 201
178,main,0,D410,D410,D410,1,44,0x03FC0,0x03FC0,0x03FC0,0x03FC0,false,82,1,0,,control,,,,,,,,기존확인 제어 / 41~50 계열 CAA8[3] 슬롯 실행,41~50 계열 CAA8[3] 슬롯 실행 기존값 재사용; 41~50 계열 슬롯 실행; KANJI 해당 없음
179,main,0,D411~D412,D411,D412,2,81 40,0x03FC1 0x03FC2,0x03FC1~0x03FC2,0x03FC1,0x03FC2,false,BD 82,2,0,,space,121,␠,02,32,45,,,패치 슬롯 0121 | 전각 공백 | ␠,번역 02-032/045 · ␠ / 토큰 81 40 / PC-88 전각 공백 토큰
180,main,0,D413~D414,D413,D414,2,82 B1,0x03FC3 0x03FC4,0x03FC3~0x03FC4,0x03FC3,0x03FC4,false,BF 82,2,0,,hangul,122,고,02,33,45,1930,19,패치 슬롯 0122 | 한글 문자 | 고,번역 02-033/045 · 고 / 토큰 82 B1 / KANJI 1930 / 가나다순 19
181,main,0,D415~D416,D415,D416,2,89 D4,0x03FC5 0x03FC6,0x03FC5~0x03FC6,0x03FC5,0x03FC6,false,AA 82,2,0,,hangul,123,통,02,34,45,A560,325,패치 슬롯 0123 | 한글 문자 | 통,번역 02-034/045 · 통 / 토큰 89 D4 / KANJI A560 / 가나다순 325
182,main,0,D417~D418,D417,D418,2,89 8A,0x03FC7 0x03FC8,0x03FC7~0x03FC8,0x03FC7,0x03FC8,false,C7 82,2,0,,hangul,124,을,02,35,45,E2A0,251,패치 슬롯 0124 | 한글 문자 | 을,번역 02-035/045 · 을 / 토큰 89 8A / KANJI E2A0 / 가나다순 251
183,main,0,D419~D41A,D419,D41A,2,81 40,0x03FC9 0x03FCA,0x03FC9~0x03FCA,0x03FC9,0x03FCA,false,F1 82,2,0,,space,125,␠,02,36,45,,,패치 슬롯 0125 | 전각 공백 | ␠,번역 02-036/045 · ␠ / 토큰 81 40 / PC-88 전각 공백 토큰
184,main,0,D41B~D41C,D41B,D41C,2,82 AD,0x03FCB 0x03FCC,0x03FCB~0x03FCC,0x03FCB,0x03FCC,false,C8 44,2,0,,hangul,126,겪,02,37,45,18F0,15,패치 슬롯 0126 | 한글 문자 | 겪,번역 02-037/045 · 겪 / 토큰 82 AD / KANJI 18F0 / 가나다순 15
185,main,0,D41D~D41E,D41D,D41E,2,89 6F,0x03FCD 0x03FCE,0x03FCD~0x03FCE,0x03FCD,0x03FCE,false,8B EA,2,0,,hangul,127,었,02,38,45,A300,225,패치 슬롯 0127 | 한글 문자 | 었,번역 02-038/045 · 었 / 토큰 89 6F / KANJI A300 / 가나다순 225
186,main,0,D41F~D420,D41F,D420,2,82 E7,0x03FCF 0x03FD0,0x03FCF~0x03FD0,0x03FCF,0x03FD0,false,82 B5,1,0,,hangul,128,다,02,39,45,3890,73,패치 슬롯 0128 | 한글 문자 | 다,번역 02-039/045 · 다 / 토큰 82 E7 / KANJI 3890 / 가나다순 73
187,main,0,D421~D422,D421,D422,2,82 E3,0x03FD1 0x03FD2,0x03FD1~0x03FD2,0x03FD1,0x03FD2,false,82 A2,1,0,,hangul,129,는,02,40,45,3850,69,패치 슬롯 0129 | 한글 문자 | 는,번역 02-040/045 · 는 / 토큰 82 E3 / KANJI 3850 / 가나다순 69
188,main,0,D423~D424,D423,D424,2,81 40,0x03FD3 0x03FD4,0x03FD3~0x03FD4,0x03FD3,0x03FD4,false,96 DA,2,0,,space,130,␠,02,41,45,,,패치 슬롯 0130 | 전각 공백 | ␠,번역 02-041/045 · ␠ / 토큰 81 40 / PC-88 전각 공백 토큰
189,main,0,D425~D426,D425,D426,2,82 A6,0x03FD5 0x03FD6,0x03FD5~0x03FD6,0x03FD5,0x03FD6,false,82 C9,1,0,,hangul,131,거,02,42,45,1880,8,패치 슬롯 0131 | 한글 문자 | 거,번역 02-042/045 · 거 / 토큰 82 A6 / KANJI 1880 / 가나다순 8
190,main,0,D427~D428,D427,D428,2,89 6B,0x03FD7 0x03FD8,0x03FD7~0x03FD8,0x03FD7,0x03FD8,false,89 EF,1,0,,hangul,132,야,02,43,45,A2C0,221,패치 슬롯 0132 | 한글 문자 | 야,번역 02-043/045 · 야 / 토큰 89 6B / KANJI A2C0 / 가나다순 221
191,main,0,D429~D42A,D429,D42A,2,81 49,0x03FD9 0x03FDA,0x03FD9~0x03FDA,0x03FD9,0x03FDA,false,82 C1,2,0,,punctuation,133,！,02,44,45,,,패치 슬롯 0133 | 문장부호 | ！,번역 02-044/045 · ！ / 토큰 81 49 / PC-88 전각 느낌표 토큰
192,main,0,D42B~D42C,D42B,D42C,2,81 40,0x03FDB 0x03FDC,0x03FDB~0x03FDC,0x03FDB,0x03FDC,false,82 BD,2,0,,space,134,␠,02,45,45,,,패치 슬롯 0134 | 전각 공백 | ␠,번역 02-045/045 · ␠ / 토큰 81 40 / PC-88 전각 공백 토큰
193,main,0,D42D,D42D,D42D,1,61,0x03FDD,0x03FDD,0x03FDD,0x03FDD,false,82,1,0,,control,,,,,,,,기존확인 제어 / 61h 계열 CAA8[0] 작업슬롯 비활성화,61h 계열 CAA8[0] 작업슬롯 비활성화 기존값 재사용; 61h 계열 슬롯 비활성화; KANJI 해당 없음
194,main,0,D42E,D42E,D42E,1,65,0x03FDE,0x03FDE,0x03FDE,0x03FDE,false,C6,1,0,,control,,,,,,,,기존확인 제어 / 61h 계열 CAA8[4] 작업슬롯 비활성화,61h 계열 CAA8[4] 작업슬롯 비활성화 기존값 재사용; 61h 계열 슬롯 비활성화; KANJI 해당 없음
195,main,0,D42F,D42F,D42F,1,66,0x03FDF,0x03FDF,0x03FDF,0x03FDF,false,82,1,0,,control,,,,,,,,기존확인 제어 / 61h 계열 CAA8[5] 작업슬롯 비활성화,61h 계열 CAA8[5] 작업슬롯 비활성화 기존값 재사용; 61h 계열 슬롯 비활성화; KANJI 해당 없음
196,main,0,D430~D432,D430,D432,3,16 3C E6,0x03FE0 0x03FE1 0x03FE2,0x03FE0~0x03FE2,0x03FE0,0x03FE2,false,A2 82 A4,3,0,,control,,,,,,,,기존확인 제어 / 16h 서브스트림 호출/전환 → E63C,16h 서브스트림 호출/전환 → E63C 기존값 재사용; 서브스트림 → E63C; KANJI 해당 없음
197,substream,1,E63C,E63C,E63C,1,65,0x0522C,0x0522C,0x0522C,0x0522C,false,65,0,1,7,control,,,,,,,,기존확인 제어 / 61h 계열 CAA8[4] 작업슬롯 비활성화,61h 계열 CAA8[4] 작업슬롯 비활성화 기존값 재사용; 61h 계열 슬롯 비활성화; KANJI 해당 없음
198,substream,1,E63D,E63D,E63D,1,66,0x0522D,0x0522D,0x0522D,0x0522D,false,66,0,1,8,control,,,,,,,,기존확인 제어 / 61h 계열 CAA8[5] 작업슬롯 비활성화,61h 계열 CAA8[5] 작업슬롯 비활성화 기존값 재사용; 61h 계열 슬롯 비활성화; KANJI 해당 없음
199,substream,1,E63E~E642,E63E,E642,5,0F 04 0D 03 08,0x0522E 0x0522F 0x05230 0x05231 0x05232,0x0522E~0x05232,0x0522E,0x05232,false,0F 04 0D 03 08,0,5,9,control,,,,,,,,기존확인 제어 / 0F 계열 제어,0F 계열 제어토큰 기존값 재사용; KANJI 해당 없음
200,substream,1,E643~E645,E643,E645,3,16 95 E7,0x05233 0x05234 0x05235,0x05233~0x05235,0x05233,0x05235,false,16 95 E7,0,3,10,control,,,,,,,,기존확인 제어 / 16h 서브스트림 호출/전환 → E795,16h 서브스트림 호출/전환 → E795 기존값 재사용; 서브스트림 → E795; KANJI 해당 없음
201,substream,2,E795~E797,E795,E797,3,1E 3C 08,0x05385 0x05386 0x05387,0x05385~0x05387,0x05385,0x05387,false,1E 3C 08,0,3,11,control,,,,,,,,기존확인 제어 / 1E 계열 간접 CALL,1E 계열 간접 CALL 기존값 재사용; KANJI 해당 없음
202,substream,2,E798~E79D,E798,E79D,6,05 16 86 3A 9E 00,0x05388 0x05389 0x0538A 0x0538B 0x0538C 0x0538D,0x05388~0x0538D,0x05388,0x0538D,false,05 16 86 3A 9E 00,0,6,12,control,,,,,,,,기존확인 제어 / 05 계열 영역 전개/채움,05 계열 영역 전개/채움 기존값 재사용; KANJI 해당 없음
203,substream,2,E79E~E7A2,E79E,E7A2,5,0E 16 20 24 80,0x0538E 0x0538F 0x05390 0x05391 0x05392,0x0538E~0x05392,0x0538E,0x05392,false,0E 16 20 24 80,0,5,13,control,,,,,,,,기존확인 제어 / 0E 계열 표시/버퍼 설정,0E 계열 표시/버퍼 설정 기존값 재사용; KANJI 해당 없음
204,substream,2,E7A3,E7A3,E7A3,1,17,0x05393,0x05393,0x05393,0x05393,false,17,0,1,14,control,,,,,,,,기존확인 제어 / 17h 서브스트림 복귀,17h 서브스트림 복귀 기존값 재사용; 서브스트림 복귀; KANJI 해당 없음
205,substream,1,E646~E648,E646,E648,3,13 A4 E7,0x05236 0x05237 0x05238,0x05236~0x05238,0x05236,0x05238,false,13 A4 E7,0,3,15,control,,,,,,,,기존확인 제어 / 13h 계열 제어,13h 계열 제어토큰 기존값 재사용; KANJI 해당 없음
206,substream,1,E649~E64C,E649,E64C,4,14 00 16 22,0x05239 0x0523A 0x0523B 0x0523C,0x05239~0x0523C,0x05239,0x0523C,false,14 00 16 22,0,4,16,control,,,,,,,,기존확인 제어 / 14h 계열 버퍼/영역 처리,14h 계열 버퍼/영역 처리 기존값 재사용; KANJI 해당 없음
207,substream,1,E64D~E650,E64D,E650,4,14 01 3B 00,0x0523D 0x0523E 0x0523F 0x05240,0x0523D~0x05240,0x0523D,0x05240,false,14 01 3B 00,0,4,17,control,,,,,,,,기존확인 제어 / 14h 계열 버퍼/영역 처리,14h 계열 버퍼/영역 처리 기존값 재사용; KANJI 해당 없음
208,substream,1,E651~E654,E651,E654,4,04 AC E8 41,0x05241 0x05242 0x05243 0x05244,0x05241~0x05244,0x05241,0x05244,false,04 AC E8 41,0,4,18,control,,,,,,,,기존확인 제어 / 04h 계열 CAA8 슬롯 포인터 설정,04h 계열 CAA8 슬롯 포인터 설정 기존값 재사용; KANJI 해당 없음
209,substream,1,E655~E658,E655,E658,4,04 B6 E8 42,0x05245 0x05246 0x05247 0x05248,0x05245~0x05248,0x05245,0x05248,false,04 B6 E8 42,0,4,19,control,,,,,,,,기존확인 제어 / 04h 계열 CAA8 슬롯 포인터 설정,04h 계열 CAA8 슬롯 포인터 설정 기존값 재사용; KANJI 해당 없음
210,substream,1,E659~E65C,E659,E65C,4,04 C0 E8 43,0x05249 0x0524A 0x0524B 0x0524C,0x05249~0x0524C,0x05249,0x0524C,false,04 C0 E8 43,0,4,20,control,,,,,,,,기존확인 제어 / 04h 계열 CAA8 슬롯 포인터 설정,04h 계열 CAA8 슬롯 포인터 설정 기존값 재사용; KANJI 해당 없음
211,substream,1,E65D~E65E,E65D,E65E,2,06 12,0x0524D 0x0524E,0x0524D~0x0524E,0x0524D,0x0524E,false,06 12,0,2,21,control,,,,,,,,기존확인 제어 / 06h 계열 상태 설정,06h 계열 상태 설정 기존값 재사용; KANJI 해당 없음
212,substream,1,E65F~E660,E65F,E660,2,25 30,0x0524F 0x05250,0x0524F~0x05250,0x0524F,0x05250,false,25 30,0,2,22,control,,,,,,,,기존확인 제어 / 25h 계열 CA1D 입 파츠 인덱스 설정,25h 계열 CA1D 입 파츠 인덱스 설정 기존값 재사용; CA1D=30; KANJI 해당 없음
213,substream,1,E661,E661,E661,1,17,0x05251,0x05251,0x05251,0x05251,false,17,0,1,23,control,,,,,,,,기존확인 제어 / 17h 서브스트림 복귀,17h 서브스트림 복귀 기존값 재사용; 서브스트림 복귀; KANJI 해당 없음
214,main,0,D433,D433,D433,1,41,0x03FE3,0x03FE3,0x03FE3,0x03FE3,false,82,1,0,,control,,,,,,,,기존확인 제어 / 41~50 계열 CAA8[0] 슬롯 실행,41~50 계열 CAA8[0] 슬롯 실행 기존값 재사용; 41~50 계열 슬롯 실행; KANJI 해당 없음
215,main,0,D434~D435,D434,D435,2,82 BD,0x03FE4 0x03FE5,0x03FE4~0x03FE5,0x03FE4,0x03FE5,false,CC 81,2,0,,hangul,135,그,03,1,219,19F0,31,패치 슬롯 0135 | 한글 문자 | 그,번역 03-001/219 · 그 / 토큰 82 BD / KANJI 19F0 / 가나다순 31
216,main,0,D436~D437,D436,D437,2,88 BE,0x03FE6 0x03FE7,0x03FE6~0x03FE7,0x03FE6,0x03FE7,false,49 61,2,0,,hangul,136,럼,03,2,219,A000,115,패치 슬롯 0136 | 한글 문자 | 럼,번역 03-002/219 · 럼 / 토큰 88 BE / KANJI A000 / 가나다순 115
217,main,0,D438~D439,D438,D439,2,81 40,0x03FE8 0x03FE9,0x03FE8~0x03FE9,0x03FE8,0x03FE9,false,65 66,2,0,,space,137,␠,03,3,219,,,패치 슬롯 0137 | 전각 공백 | ␠,번역 03-003/219 · ␠ / 토큰 81 40 / PC-88 전각 공백 토큰
218,main,0,D43A~D43B,D43A,D43B,2,88 AA,0x03FEA 0x03FEB,0x03FEA~0x03FEB,0x03FEA,0x03FEB,false,16 3C,2,0,,hangul,138,들,03,4,219,60C0,95,패치 슬롯 0138 | 한글 문자 | 들,번역 03-004/219 · 들 / 토큰 88 AA / KANJI 60C0 / 가나다순 95
219,main,0,D43C~D43D,D43C,D43D,2,88 C1,0x03FEC 0x03FED,0x03FEC~0x03FED,0x03FEC,0x03FED,false,E6 41,2,0,,hangul,139,려,03,5,219,A030,118,패치 슬롯 0139 | 한글 문자 | 려,번역 03-005/219 · 려 / 토큰 88 C1 / KANJI A030 / 가나다순 118
220,main,0,D43E~D43F,D43E,D43F,2,89 AA,0x03FEE 0x03FEF,0x03FEE~0x03FEF,0x03FEE,0x03FEF,false,82 C5,2,0,,hangul,140,주,03,6,219,64C0,283,패치 슬롯 0140 | 한글 문자 | 주,번역 03-006/219 · 주 / 토큰 89 AA / KANJI 64C0 / 가나다순 283
221,main,0,D440~D441,D440,D441,2,88 D1,0x03FF0 0x03FF1,0x03FF0~0x03FF1,0x03FF0,0x03FF1,false,82 CD,2,0,,hangul,141,마,03,7,219,A130,134,패치 슬롯 0141 | 한글 문자 | 마,번역 03-007/219 · 마 / 토큰 88 D1 / KANJI A130 / 가나다순 134
222,main,0,D442,D442,D442,1,42,0x03FF2,0x03FF2,0x03FF2,0x03FF2,false,98,1,0,,control,,,,,,,,기존확인 제어 / 41~50 계열 CAA8[1] 슬롯 실행,41~50 계열 CAA8[1] 슬롯 실행 기존값 재사용; 41~50 계열 슬롯 실행; KANJI 해당 없음
223,main,0,D443~D444,D443,D444,2,81 41,0x03FF3 0x03FF4,0x03FF3~0x03FF4,0x03FF3,0x03FF4,false,62 82,2,0,,punctuation,142,、,03,8,219,,,패치 슬롯 0142 | 문장부호 | 、,번역 03-008/219 · 、 / 토큰 81 41 / PC-88 전각 쉼표 토큰
224,main,0,D445~D446,D445,D446,2,88 C5,0x03FF5 0x03FF6,0x03FF5~0x03FF6,0x03FF5,0x03FF6,false,B5 82,2,0,,hangul,143,로,03,9,219,A070,122,패치 슬롯 0143 | 한글 문자 | 로,번역 03-009/219 · 로 / 토큰 88 C5 / KANJI A070 / 가나다순 122
225,main,0,D447~D448,D447,D448,2,82 BD,0x03FF7 0x03FF8,0x03FF7~0x03FF8,0x03FF7,0x03FF8,false,C4 82,2,0,,hangul,144,그,03,10,219,19F0,31,패치 슬롯 0144 | 한글 문자 | 그,번역 03-010/219 · 그 / 토큰 82 BD / KANJI 19F0 / 가나다순 31
226,main,0,D449~D44A,D449,D44A,2,88 C0,0x03FF9 0x03FFA,0x03FF9~0x03FFA,0x03FF9,0x03FFA,false,E2 82,2,0,,hangul,145,레,03,11,219,A020,117,패치 슬롯 0145 | 한글 문자 | 레,번역 03-011/219 · 레 / 토큰 88 C0 / KANJI A020 / 가나다순 117
227,main,0,D44B~D44C,D44B,D44C,2,89 56,0x03FFB 0x03FFC,0x03FFB~0x03FFC,0x03FFB,0x03FFC,false,EB 82,2,0,,hangul,146,스,03,12,219,6370,200,패치 슬롯 0146 | 한글 문자 | 스,번역 03-012/219 · 스 / 토큰 89 56 / KANJI 6370 / 가나다순 200
228,main,0,D44D~D44E,D44D,D44E,2,82 E6,0x03FFD 0x03FFE,0x03FFD~0x03FFE,0x03FFD,0x03FFE,false,A4 42,2,0,,hangul,147,님,03,13,219,3880,72,패치 슬롯 0147 | 한글 문자 | 님,번역 03-013/219 · 님 / 토큰 82 E6 / KANJI 3880 / 가나다순 72
229,main,0,D44F~D450,D44F,D450,2,89 8D,0x03FFF 0x04000,0x03FFF~0x04000,0x03FFF,0x04000,false,81 41,2,0,,hangul,148,이,03,14,219,E2D0,254,패치 슬롯 0148 | 한글 문자 | 이,번역 03-014/219 · 이 / 토큰 89 8D / KANJI E2D0 / 가나다순 254
230,main,0,D451~D452,D451,D452,2,81 40,0x04001 0x04002,0x04001~0x04002,0x04001,0x04002,false,83 8D,2,0,,space,149,␠,03,15,219,,,패치 슬롯 0149 | 전각 공백 | ␠,번역 03-015/219 · ␠ / 토큰 81 40 / PC-88 전각 공백 토큰
231,main,0,D453~D454,D453,D454,2,88 9F,0x04003 0x04004,0x04003~0x04004,0x04003,0x04004,false,83 4F,2,0,,hangul,150,돌,03,16,219,6010,84,패치 슬롯 0150 | 한글 문자 | 돌,번역 03-016/219 · 돌 / 토큰 88 9F / KANJI 6010 / 가나다순 84
232,main,0,D455~D456,D455,D456,2,89 60,0x04005 0x04006,0x04005~0x04006,0x04005,0x04006,false,83 8C,2,0,,hangul,151,아,03,17,219,A210,210,패치 슬롯 0151 | 한글 문자 | 아,번역 03-017/219 · 아 / 토큰 89 60 / KANJI A210 / 가나다순 210
233,main,0,D457~D458,D457,D458,2,82 9F,0x04007 0x04008,0x04007~0x04008,0x04007,0x04008,false,83 58,2,0,,hangul,152,가,03,18,219,1810,1,패치 슬롯 0152 | 한글 문자 | 가,번역 03-018/219 · 가 / 토큰 82 9F / KANJI 1810 / 가나다순 1
234,main,0,D459~D45A,D459,D45A,2,89 5A,0x04009 0x0400A,0x04009~0x0400A,0x04009,0x0400A,false,97 6C,2,0,,hangul,153,시,03,19,219,63B0,204,패치 슬롯 0153 | 한글 문자 | 시,번역 03-019/219 · 시 / 토큰 89 5A / KANJI 63B0 / 가나다순 204
235,main,0,D45B~D45C,D45B,D45C,2,82 B1,0x0400B 0x0400C,0x0400B~0x0400C,0x0400B,0x0400C,false,96 53,2,0,,hangul,154,고,03,20,219,1930,19,패치 슬롯 0154 | 한글 문자 | 고,번역 03-020/219 · 고 / 토큰 82 B1 / KANJI 1930 / 가나다순 19
236,main,0,D45D,D45D,D45D,1,42,0x0400D,0x0400D,0x0400D,0x0400D,false,82,1,0,,control,,,,,,,,기존확인 제어 / 41~50 계열 CAA8[1] 슬롯 실행,41~50 계열 CAA8[1] 슬롯 실행 기존값 재사용; 41~50 계열 슬롯 실행; KANJI 해당 없음
237,main,0,D45E~D45F,D45E,D45F,2,81 40,0x0400E 0x0400F,0x0400E~0x0400F,0x0400E,0x0400F,false,AB 82,2,0,,space,155,␠,03,21,219,,,패치 슬롯 0155 | 전각 공백 | ␠,번역 03-021/219 · ␠ / 토큰 81 40 / PC-88 전각 공백 토큰
238,main,0,D460~D461,D460,D461,2,88 F2,0x04010 0x04011,0x04010~0x04011,0x04010,0x04011,false,A0 82,2,0,,hangul,156,베,03,22,219,E140,167,패치 슬롯 0156 | 한글 문자 | 베,번역 03-022/219 · 베 / 토큰 88 F2 / KANJI E140 / 가나다순 167
239,main,0,D462~D463,D462,D463,2,89 C2,0x04012 0x04013,0x04012~0x04013,0x04012,0x04013,false,C6 82,2,0,,hangul,157,칸,03,23,219,A440,307,패치 슬롯 0157 | 한글 문자 | 칸,번역 03-023/219 · 칸 / 토큰 89 C2 / KANJI A440 / 가나다순 307
240,main,0,D464~D465,D464,D465,2,89 D7,0x04014 0x04015,0x04014~0x04015,0x04014,0x04015,false,CC 42,2,0,,hangul,158,티,03,24,219,A590,328,패치 슬롯 0158 | 한글 문자 | 티,번역 03-024/219 · 티 / 토큰 89 D7 / KANJI A590 / 가나다순 328
241,main,0,D466~D467,D466,D467,2,82 9F,0x04016 0x04017,0x04016~0x04017,0x04016,0x04017,false,83 94,2,0,,hangul,159,가,03,25,219,1810,1,패치 슬롯 0159 | 한글 문자 | 가,번역 03-025/219 · 가 / 토큰 82 9F / KANJI 1810 / 가나다순 1
242,main,0,D468~D469,D468,D469,2,81 40,0x04018 0x04019,0x04018~0x04019,0x04018,0x04019,false,83 46,2,0,,space,160,␠,03,26,219,,,패치 슬롯 0160 | 전각 공백 | ␠,번역 03-026/219 · ␠ / 토큰 81 40 / PC-88 전각 공백 토큰
243,main,0,D46A~D46B,D46A,D46B,2,89 6C,0x0401A 0x0401B,0x0401A~0x0401B,0x0401A,0x0401B,false,83 4A,2,0,,hangul,161,어,03,27,219,A2D0,222,패치 슬롯 0161 | 한글 문자 | 어,번역 03-027/219 · 어 / 토큰 89 6C / KANJI A2D0 / 가나다순 222
244,main,0,D46C~D46D,D46C,D46D,2,88 AE,0x0401C 0x0401D,0x0401C~0x0401D,0x0401C,0x0401D,false,83 93,2,0,,hangul,162,떤,03,28,219,6100,99,패치 슬롯 0162 | 한글 문자 | 떤,번역 03-028/219 · 떤 / 토큰 88 AE / KANJI 6100 / 가나다순 99
245,main,0,D46E~D46F,D46E,D46F,2,81 40,0x0401E 0x0401F,0x0401E~0x0401F,0x0401E,0x0401F,false,83 65,2,0,,space,163,␠,03,29,219,,,패치 슬롯 0163 | 전각 공백 | ␠,번역 03-029/219 · ␠ / 토큰 81 40 / PC-88 전각 공백 토큰
246,main,0,D470~D471,D470,D471,2,89 B3,0x04020 0x04021,0x04020~0x04021,0x04020,0x04021,false,83 42,2,0,,hangul,164,지,03,30,219,6550,292,패치 슬롯 0164 | 한글 문자 | 지,번역 03-030/219 · 지 / 토큰 89 B3 / KANJI 6550 / 가나다순 292
247,main,0,D472~D473,D472,D473,2,89 77,0x04022 0x04023,0x04022~0x04023,0x04022,0x04023,false,82 CC,2,0,,hangul,165,옥,03,31,219,A380,233,패치 슬롯 0165 | 한글 문자 | 옥,번역 03-031/219 · 옥 / 토큰 89 77 / KANJI A380 / 가나다순 233
248,main,0,D474~D475,D474,D475,2,89 8D,0x04024 0x04025,0x04024~0x04025,0x04024,0x04025,false,92 6E,2,0,,hangul,166,이,03,32,219,E2D0,254,패치 슬롯 0166 | 한글 문자 | 이,번역 03-032/219 · 이 / 토큰 89 8D / KANJI E2D0 / 가나다순 254
249,main,0,D476~D477,D476,D477,2,81 40,0x04026 0x04027,0x04026~0x04027,0x04026,0x04027,false,8D 96,2,0,,space,167,␠,03,33,219,,,패치 슬롯 0167 | 전각 공백 | ␠,번역 03-033/219 · ␠ / 토큰 81 40 / PC-88 전각 공백 토큰
250,main,0,D478~D479,D478,D479,2,88 A1,0x04028 0x04029,0x04028~0x04029,0x04028,0x04029,false,8A 47,2,0,,hangul,168,됐,03,34,219,6030,86,패치 슬롯 0168 | 한글 문자 | 됐,번역 03-034/219 · 됐 / 토큰 88 A1 / KANJI 6030 / 가나다순 86
251,main,0,D47A~D47B,D47A,D47B,2,82 E3,0x0402A 0x0402B,0x0402A~0x0402B,0x0402A,0x0402B,false,82 F0,1,0,,hangul,169,는,03,35,219,3850,69,패치 슬롯 0169 | 한글 문자 | 는,번역 03-035/219 · 는 / 토큰 82 E3 / KANJI 3850 / 가나다순 69
252,main,0,D47C~D47D,D47C,D47D,2,89 B3,0x0402C 0x0402D,0x0402C~0x0402D,0x0402C,0x0402D,false,81 49,2,0,,hangul,170,지,03,36,219,6550,292,패치 슬롯 0170 | 한글 문자 | 지,번역 03-036/219 · 지 / 토큰 89 B3 / KANJI 6550 / 가나다순 292
253,main,0,D47E~D47F,D47E,D47F,2,81 49,0x0402E 0x0402F,0x0402E~0x0402F,0x0402E,0x0402F,false,81 40,1,0,,punctuation,171,！,03,37,219,,,패치 슬롯 0171 | 문장부호 | ！,번역 03-037/219 · ！ / 토큰 81 49 / PC-88 전각 느낌표 토큰
254,main,0,D480~D481,D480,D481,2,81 40,0x04030 0x04031,0x04030~0x04031,0x04030,0x04031,false,83 8D,2,0,,space,172,␠,03,38,219,,,패치 슬롯 0172 | 전각 공백 | ␠,번역 03-038/219 · ␠ / 토큰 81 40 / PC-88 전각 공백 토큰
255,main,0,D482~D483,D482,D483,2,88 C5,0x04032 0x04033,0x04032~0x04033,0x04032,0x04033,false,83 4F,2,0,,hangul,173,로,03,39,219,A070,122,패치 슬롯 0173 | 한글 문자 | 로,번역 03-039/219 · 로 / 토큰 88 C5 / KANJI A070 / 가나다순 122
256,main,0,D484~D485,D484,D485,2,82 BD,0x04034 0x04035,0x04034~0x04035,0x04034,0x04035,false,83 8C,2,0,,hangul,174,그,03,40,219,19F0,31,패치 슬롯 0174 | 한글 문자 | 그,번역 03-040/219 · 그 / 토큰 82 BD / KANJI 19F0 / 가나다순 31
257,main,0,D486~D487,D486,D487,2,88 C0,0x04036 0x04037,0x04036~0x04037,0x04036,0x04037,false,83 58,2,0,,hangul,175,레,03,41,219,A020,117,패치 슬롯 0175 | 한글 문자 | 레,번역 03-041/219 · 레 / 토큰 88 C0 / KANJI A020 / 가나다순 117
258,main,0,D488~D489,D488,D489,2,89 56,0x04038 0x04039,0x04038~0x04039,0x04038,0x04039,false,97 6C,2,0,,hangul,176,스,03,42,219,6370,200,패치 슬롯 0176 | 한글 문자 | 스,번역 03-042/219 · 스 / 토큰 89 56 / KANJI 6370 / 가나다순 200
259,main,0,D48A~D48B,D48A,D48B,2,82 E6,0x0403A 0x0403B,0x0403A~0x0403B,0x0403A,0x0403B,false,82 AA,1,0,,hangul,177,님,03,43,219,3880,72,패치 슬롯 0177 | 한글 문자 | 님,번역 03-043/219 · 님 / 토큰 82 E6 / KANJI 3880 / 가나다순 72
260,main,0,D48C~D48D,D48C,D48D,2,89 8D,0x0403C 0x0403D,0x0403C~0x0403D,0x0403C,0x0403D,false,96 53,2,0,,hangul,178,이,03,44,219,E2D0,254,패치 슬롯 0178 | 한글 문자 | 이,번역 03-044/219 · 이 / 토큰 89 8D / KANJI E2D0 / 가나다순 254
261,main,0,D48E~D48F,D48E,D48F,2,81 40,0x0403E 0x0403F,0x0403E~0x0403F,0x0403E,0x0403F,false,82 AD,2,0,,space,179,␠,03,45,219,,,패치 슬롯 0179 | 전각 공백 | ␠,번역 03-045/219 · ␠ / 토큰 81 40 / PC-88 전각 공백 토큰
262,main,0,D490~D491,D490,D491,2,89 43,0x04040 0x04041,0x04040~0x04041,0x04040,0x04041,false,82 C8,2,0,,hangul,180,사,03,46,219,6240,181,패치 슬롯 0180 | 한글 문자 | 사,번역 03-046/219 · 사 / 토큰 89 43 / KANJI 6240 / 가나다순 181
263,main,0,D492~D493,D492,D493,2,88 B6,0x04042 0x04043,0x04042~0x04043,0x04042,0x04043,false,82 E9,2,0,,hangul,181,라,03,47,219,6180,107,패치 슬롯 0181 | 한글 문자 | 라,번역 03-047/219 · 라 / 토큰 88 B6 / KANJI 6180 / 가나다순 107
264,main,0,D494~D495,D494,D495,2,89 B3,0x04044 0x04045,0x04044~0x04045,0x04044,0x04045,false,82 C6,2,0,,hangul,182,지,03,48,219,6550,292,패치 슬롯 0182 | 한글 문자 | 지,번역 03-048/219 · 지 / 토큰 89 B3 / KANJI 6550 / 가나다순 292
265,main,0,D496~D497,D496,D497,2,89 93,0x04046 0x04047,0x04046~0x04047,0x04046,0x04047,false,81 41,2,0,,hangul,183,자,03,49,219,E330,260,패치 슬롯 0183 | 한글 문자 | 자,번역 03-049/219 · 자 / 토큰 89 93 / KANJI E330 / 가나다순 260
266,main,0,D498~D499,D498,D499,2,81 41,0x04048 0x04049,0x04048~0x04049,0x04048,0x04049,false,82 A9,2,0,,punctuation,184,、,03,50,219,,,패치 슬롯 0184 | 문장부호 | 、,번역 03-050/219 · 、 / 토큰 81 41 / PC-88 전각 쉼표 토큰
267,main,0,D49A~D49B,D49A,D49B,2,89 76,0x0404A 0x0404B,0x0404A~0x0404B,0x0404A,0x0404B,false,82 CB,2,0,,hangul,185,오,03,51,219,A370,232,패치 슬롯 0185 | 한글 문자 | 오,번역 03-051/219 · 오 / 토큰 89 76 / KANJI A370 / 가나다순 232
268,main,0,D49C~D49D,D49C,D49D,2,88 B9,0x0404C 0x0404D,0x0404C~0x0404D,0x0404C,0x0404D,false,82 C4,2,0,,hangul,186,래,03,52,219,61B0,110,패치 슬롯 0186 | 한글 문자 | 래,번역 03-052/219 · 래 / 토큰 88 B9 / KANJI 61B0 / 가나다순 110
269,main,0,D49E~D49F,D49E,D49F,2,89 9D,0x0404E 0x0404F,0x0404E~0x0404F,0x0404E,0x0404F,false,82 A9,2,0,,hangul,187,전,03,53,219,E3D0,270,패치 슬롯 0187 | 한글 문자 | 전,번역 03-053/219 · 전 / 토큰 89 9D / KANJI E3D0 / 가나다순 270
270,main,0,D4A0~D4A1,D4A0,D4A1,2,88 FA,0x04050 0x04051,0x04050~0x04051,0x04050,0x04051,false,82 E7,2,0,,hangul,188,부,03,54,219,E1C0,175,패치 슬롯 0188 | 한글 문자 | 부,번역 03-054/219 · 부 / 토큰 88 FA / KANJI E1C0 / 가나다순 175
271,main,0,D4A2~D4A3,D4A2,D4A3,2,89 D1,0x04052 0x04053,0x04052~0x04053,0x04052,0x04053,false,83 8D,2,0,,hangul,189,터,03,55,219,A530,322,패치 슬롯 0189 | 한글 문자 | 터,번역 03-055/219 · 터 / 토큰 89 D1 / KANJI A530 / 가나다순 322
272,main,0,D4A4~D4A5,D4A4,D4A5,2,81 40,0x04054 0x04055,0x04054~0x04055,0x04054,0x04055,false,83 4F,2,0,,space,190,␠,03,56,219,,,패치 슬롯 0190 | 전각 공백 | ␠,번역 03-056/219 · ␠ / 토큰 81 40 / PC-88 전각 공백 토큰
273,main,0,D4A6~D4A7,D4A6,D4A7,2,82 EC,0x04056 0x04057,0x04056~0x04057,0x04056,0x04057,false,83 8C,2,0,,hangul,191,대,03,57,219,38E0,78,패치 슬롯 0191 | 한글 문자 | 대,번역 03-057/219 · 대 / 토큰 82 EC / KANJI 38E0 / 가나다순 78
274,main,0,D4A8~D4A9,D4A8,D4A9,2,88 D0,0x04058 0x04059,0x04058~0x04059,0x04058,0x04059,false,83 58,2,0,,hangul,192,립,03,58,219,A120,133,패치 슬롯 0192 | 한글 문자 | 립,번역 03-058/219 · 립 / 토큰 88 D0 / KANJI A120 / 가나다순 133
275,main,0,D4AA~D4AB,D4AA,D4AB,2,89 E8,0x0405A 0x0405B,0x0405A~0x0405B,0x0405A,0x0405B,false,97 6C,2,0,,hangul,193,해,03,59,219,E4A0,345,패치 슬롯 0193 | 한글 문자 | 해,번역 03-059/219 · 해 / 토큰 89 E8 / KANJI E4A0 / 가나다순 345
276,main,0,D4AC~D4AD,D4AC,D4AD,2,89 78,0x0405C 0x0405D,0x0405C~0x0405D,0x0405C,0x0405D,false,82 C6,2,0,,hangul,194,온,03,60,219,A390,234,패치 슬롯 0194 | 한글 문자 | 온,번역 03-060/219 · 온 / 토큰 89 78 / KANJI A390 / 가나다순 234
277,main,0,D4AE~D4AF,D4AE,D4AF,2,81 40,0x0405E 0x0405F,0x0405E~0x0405F,0x0405E,0x0405F,false,91 CE,2,0,,space,195,␠,03,61,219,,,패치 슬롯 0195 | 전각 공백 | ␠,번역 03-061/219 · ␠ / 토큰 81 40 / PC-88 전각 공백 토큰
278,main,0,D4B0~D4B1,D4B0,D4B1,2,88 EA,0x04060 0x04061,0x04060~0x04061,0x04060,0x04061,false,97 A7,2,0,,hangul,196,반,03,62,219,E0C0,159,패치 슬롯 0196 | 한글 문자 | 반,번역 03-062/219 · 반 / 토큰 88 EA / KANJI E0C0 / 가나다순 159
279,main,0,D4B2~D4B3,D4B2,D4B3,2,88 B7,0x04062 0x04063,0x04062~0x04063,0x04062,0x04063,false,82 B5,2,0,,hangul,197,란,03,63,219,6190,108,패치 슬롯 0197 | 한글 문자 | 란,번역 03-063/219 · 란 / 토큰 88 B7 / KANJI 6190 / 가나다순 108
280,main,0,D4B4~D4B5,D4B4,D4B5,2,88 FB,0x04064 0x04065,0x04064~0x04065,0x04064,0x04065,false,82 C4,2,0,,hangul,198,분,03,64,219,E1D0,176,패치 슬롯 0198 | 한글 문자 | 분,번역 03-064/219 · 분 / 토큰 88 FB / KANJI E1D0 / 가나다순 176
281,main,0,D4B6~D4B7,D4B6,D4B7,2,89 93,0x04066 0x04067,0x04066~0x04067,0x04066,0x04067,false,82 A2,2,0,,hangul,199,자,03,65,219,E330,260,패치 슬롯 0199 | 한글 문자 | 자,번역 03-065/219 · 자 / 토큰 89 93 / KANJI E330 / 가나다순 260
282,main,0,D4B8~D4B9,D4B8,D4B9,2,88 AA,0x04068 0x04069,0x04068~0x04069,0x04068,0x04069,false,82 BD,2,0,,hangul,200,들,03,66,219,60C0,95,패치 슬롯 0200 | 한글 문자 | 들,번역 03-066/219 · 들 / 토큰 88 AA / KANJI 60C0 / 가나다순 95
283,main,0,D4BA,D4BA,D4BA,1,42,0x0406A,0x0406A,0x0406A,0x0406A,false,94,1,0,,control,,,,,,,,기존확인 제어 / 41~50 계열 CAA8[1] 슬롯 실행,41~50 계열 CAA8[1] 슬롯 실행 기존값 재사용; 41~50 계열 슬롯 실행; KANJI 해당 없음
284,main,0,D4BB~D4BC,D4BB,D4BC,2,89 8D,0x0406B 0x0406C,0x0406B~0x0406C,0x0406B,0x0406C,false,BD 97,2,0,,hangul,201,이,03,67,219,E2D0,254,패치 슬롯 0201 | 한글 문자 | 이,번역 03-067/219 · 이 / 토큰 89 8D / KANJI E2D0 / 가나다순 254
285,main,0,D4BD~D4BE,D4BD,D4BE,2,81 40,0x0406D 0x0406E,0x0406D~0x0406E,0x0406D,0x0406E,false,90 95,2,0,,space,202,␠,03,68,219,,,패치 슬롯 0202 | 전각 공백 | ␠,번역 03-068/219 · ␠ / 토큰 81 40 / PC-88 전각 공백 토큰
286,main,0,D4BF~D4C0,D4BF,D4C0,2,82 C1,0x0406F 0x04070,0x0406F~0x04070,0x0406F,0x04070,false,AA 8E,2,0,,hangul,203,기,03,69,219,2830,35,패치 슬롯 0203 | 한글 문자 | 기,번역 03-069/219 · 기 / 토큰 82 C1 / KANJI 2830 / 가나다순 35
287,main,0,D4C1~D4C2,D4C1,D4C2,2,89 4E,0x04071 0x04072,0x04071~0x04072,0x04071,0x04072,false,71 82,2,0,,hangul,204,세,03,70,219,62F0,192,패치 슬롯 0204 | 한글 문자 | 세,번역 03-070/219 · 세 / 토큰 89 4E / KANJI 62F0 / 가나다순 192
288,main,0,D4C3~D4C4,D4C3,D4C4,2,88 CA,0x04073 0x04074,0x04073~0x04074,0x04073,0x04074,false,BD 82,2,0,,hangul,205,를,03,71,219,A0C0,127,패치 슬롯 0205 | 한글 문자 | 를,번역 03-071/219 · 를 / 토큰 88 CA / KANJI A0C0 / 가나다순 127
289,main,0,D4C5~D4C6,D4C5,D4C6,2,81 40,0x04075 0x04076,0x04075~0x04076,0x04075,0x04076,false,BF 42,2,0,,space,206,␠,03,72,219,,,패치 슬롯 0206 | 전각 공백 | ␠,번역 03-072/219 · ␠ / 토큰 81 40 / PC-88 전각 공백 토큰
290,main,0,D4C7~D4C8,D4C7,D4C8,2,88 E1,0x04077 0x04078,0x04077~0x04078,0x04077,0x04078,false,82 AA,2,0,,hangul,207,몰,03,73,219,E030,150,패치 슬롯 0207 | 한글 문자 | 몰,번역 03-073/219 · 몰 / 토큰 88 E1 / KANJI E030 / 가나다순 150
291,main,0,D4C9~D4CA,D4C9,D4CA,2,89 60,0x04079 0x0407A,0x04079~0x0407A,0x04079,0x0407A,false,81 41,2,0,,hangul,208,아,03,74,219,A210,210,패치 슬롯 0208 | 한글 문자 | 아,번역 03-074/219 · 아 / 토큰 89 60 / KANJI A210 / 가나다순 210
292,main,0,D4CB~D4CC,D4CB,D4CC,2,81 40,0x0407B 0x0407C,0x0407B~0x0407C,0x0407B,0x0407C,false,82 A2,2,0,,space,209,␠,03,75,219,,,패치 슬롯 0209 | 전각 공백 | ␠,번역 03-075/219 · ␠ / 토큰 81 40 / PC-88 전각 공백 토큰
293,main,0,D4CD~D4CE,D4CD,D4CE,2,89 81,0x0407D 0x0407E,0x0407D~0x0407E,0x0407D,0x0407E,false,82 AB,2,0,,hangul,210,우,03,76,219,E210,242,패치 슬롯 0210 | 한글 문자 | 우,번역 03-076/219 · 우 / 토큰 89 81 / KANJI E210 / 가나다순 242
294,main,0,D4CF~D4D0,D4CF,D4D0,2,88 CC,0x0407F 0x04080,0x0407F~0x04080,0x0407F,0x04080,false,82 A8,2,0,,hangul,211,리,03,77,219,A0E0,129,패치 슬롯 0211 | 한글 문자 | 리,번역 03-077/219 · 리 / 토큰 88 CC / KANJI A0E0 / 가나다순 129
295,main,0,D4D1~D4D2,D4D1,D4D2,2,88 CA,0x04081 0x04082,0x04081~0x04082,0x04081,0x04082,false,82 A2,2,0,,hangul,212,를,03,78,219,A0C0,127,패치 슬롯 0212 | 한글 문자 | 를,번역 03-078/219 · 를 / 토큰 88 CA / KANJI A0C0 / 가나다순 127
296,main,0,D4D3~D4D4,D4D3,D4D4,2,81 40,0x04083 0x04084,0x04083~0x04084,0x04083,0x04084,false,89 E4,2,0,,space,213,␠,03,79,219,,,패치 슬롯 0213 | 전각 공백 | ␠,번역 03-079/219 · ␠ / 토큰 81 40 / PC-88 전각 공백 토큰
297,main,0,D4D5~D4D6,D4D5,D4D6,2,89 C1,0x04085 0x04086,0x04085~0x04086,0x04085,0x04086,false,82 E7,2,0,,hangul,214,침,03,80,219,A430,306,패치 슬롯 0214 | 한글 문자 | 침,번역 03-080/219 · 침 / 토큰 89 C1 / KANJI A430 / 가나다순 306
298,main,0,D4D7~D4D8,D4D7,D4D8,2,82 B3,0x04087 0x04088,0x04087~0x04088,0x04087,0x04088,false,83 8D,2,0,,hangul,215,공,03,81,219,1950,21,패치 슬롯 0215 | 한글 문자 | 공,번역 03-081/219 · 공 / 토큰 82 B3 / KANJI 1950 / 가나다순 21
299,main,0,D4D9~D4DA,D4D9,D4DA,2,89 E8,0x04089 0x0408A,0x04089~0x0408A,0x04089,0x0408A,false,83 4F,2,0,,hangul,216,해,03,82,219,E4A0,345,패치 슬롯 0216 | 한글 문자 | 해,번역 03-082/219 · 해 / 토큰 89 E8 / KANJI E4A0 / 가나다순 345
300,main,0,D4DB~D4DC,D4DB,D4DC,2,89 7B,0x0408B 0x0408C,0x0408B~0x0408C,0x0408B,0x0408C,false,83 8C,2,0,,hangul,217,왔,03,83,219,A3C0,237,패치 슬롯 0217 | 한글 문자 | 왔,번역 03-083/219 · 왔 / 토큰 89 7B / KANJI A3C0 / 가나다순 237
301,main,0,D4DD~D4DE,D4DD,D4DE,2,82 E7,0x0408D 0x0408E,0x0408D~0x0408E,0x0408D,0x0408E,false,83 58,2,0,,hangul,218,다,03,84,219,3890,73,패치 슬롯 0218 | 한글 문자 | 다,번역 03-084/219 · 다 / 토큰 82 E7 / KANJI 3890 / 가나다순 73
302,main,0,D4DF~D4E0,D4DF,D4E0,2,81 42,0x0408F 0x04090,0x0408F~0x04090,0x0408F,0x04090,false,91 B0,2,0,,punctuation,219,。,03,85,219,,,패치 슬롯 0219 | 문장부호 | 。,번역 03-085/219 · 。 / 토큰 81 42 / PC-88 전각 마침표 토큰
303,main,0,D4E1~D4E2,D4E1,D4E2,2,89 E2,0x04091 0x04092,0x04091~0x04092,0x04091,0x04092,false,82 C9,2,0,,hangul,220,하,03,86,219,E440,339,패치 슬롯 0220 | 한글 문자 | 하,번역 03-086/219 · 하 / 토큰 89 E2 / KANJI E440 / 가나다순 339
304,main,0,D4E3~D4E4,D4E3,D4E4,2,89 B3,0x04093 0x04094,0x04093~0x04094,0x04093,0x04094,false,8D 55,2,0,,hangul,221,지,03,87,219,6550,292,패치 슬롯 0221 | 한글 문자 | 지,번역 03-087/219 · 지 / 토큰 89 B3 / KANJI 6550 / 가나다순 292
305,main,0,D4E5~D4E6,D4E5,D4E6,2,88 D2,0x04095 0x04096,0x04095~0x04096,0x04095,0x04096,false,8C 82,2,0,,hangul,222,만,03,88,219,A140,135,패치 슬롯 0222 | 한글 문자 | 만,번역 03-088/219 · 만 / 토큰 88 D2 / KANJI A140 / 가나다순 135
306,main,0,D4E7~D4E8,D4E7,D4E8,2,81 40,0x04097 0x04098,0x04097~0x04098,0x04097,0x04098,false,82 F0,2,0,,space,223,␠,03,89,219,,,패치 슬롯 0223 | 전각 공백 | ␠,번역 03-089/219 · ␠ / 토큰 81 40 / PC-88 전각 공백 토큰
307,main,0,D4E9~D4EA,D4E9,D4EA,2,89 76,0x04099 0x0409A,0x04099~0x0409A,0x04099,0x0409A,false,82 B5,2,0,,hangul,224,오,03,90,219,A370,232,패치 슬롯 0224 | 한글 문자 | 오,번역 03-090/219 · 오 / 토큰 89 76 / KANJI A370 / 가나다순 232
308,main,0,D4EB~D4EC,D4EB,D4EC,2,88 BA,0x0409B 0x0409C,0x0409B~0x0409C,0x0409B,0x0409C,false,82 A9,2,0,,hangul,225,랫,03,91,219,61C0,111,패치 슬롯 0225 | 한글 문자 | 랫,번역 03-091/219 · 랫 / 토큰 88 BA / KANJI 61C0 / 가나다순 111
309,main,0,D4ED~D4EE,D4ED,D4EE,2,88 A0,0x0409D 0x0409E,0x0409D~0x0409E,0x0409D,0x0409E,false,82 AF,2,0,,hangul,226,동,03,92,219,6020,85,패치 슬롯 0226 | 한글 문자 | 동,번역 03-092/219 · 동 / 토큰 88 A0 / KANJI 6020 / 가나다순 85
310,main,0,D4EF~D4F0,D4EF,D4F0,2,89 62,0x0409F 0x040A0,0x0409F~0x040A0,0x0409F,0x040A0,false,82 C4,2,0,,hangul,227,안,03,93,219,A230,212,패치 슬롯 0227 | 한글 문자 | 안,번역 03-093/219 · 안 / 토큰 89 62 / KANJI A230 / 가나다순 212
311,main,0,D4F1~D4F2,D4F1,D4F2,2,81 40,0x040A1 0x040A2,0x040A1~0x040A2,0x040A1,0x040A2,false,82 AB,2,0,,space,228,␠,03,94,219,,,패치 슬롯 0228 | 전각 공백 | ␠,번역 03-094/219 · ␠ / 토큰 81 40 / PC-88 전각 공백 토큰
312,main,0,D4F3~D4F4,D4F3,D4F4,2,88 F2,0x040A3 0x040A4,0x040A3~0x040A4,0x040A3,0x040A4,false,82 BD,2,0,,hangul,229,베,03,95,219,E140,167,패치 슬롯 0229 | 한글 문자 | 베,번역 03-095/219 · 베 / 토큰 88 F2 / KANJI E140 / 가나다순 167
313,main,0,D4F5~D4F6,D4F5,D4F6,2,89 C2,0x040A5 0x040A6,0x040A5~0x040A6,0x040A5,0x040A6,false,81 42,2,0,,hangul,230,칸,03,96,219,A440,307,패치 슬롯 0230 | 한글 문자 | 칸,번역 03-096/219 · 칸 / 토큰 89 C2 / KANJI A440 / 가나다순 307
314,main,0,D4F7~D4F8,D4F7,D4F8,2,89 D7,0x040A7 0x040A8,0x040A7~0x040A8,0x040A7,0x040A8,false,82 C6,2,0,,hangul,231,티,03,97,219,A590,328,패치 슬롯 0231 | 한글 문자 | 티,번역 03-097/219 · 티 / 토큰 89 D7 / KANJI A590 / 가나다순 328
315,main,0,D4F9~D4FA,D4F9,D4FA,2,88 CA,0x040A9 0x040AA,0x040A9~0x040AA,0x040A9,0x040AA,false,82 CD,2,0,,hangul,232,를,03,98,219,A0C0,127,패치 슬롯 0232 | 한글 문자 | 를,번역 03-098/219 · 를 / 토큰 88 CA / KANJI A0C0 / 가나다순 127
316,main,0,D4FB~D4FC,D4FB,D4FC,2,81 40,0x040AB 0x040AC,0x040AB~0x040AC,0x040AB,0x040AC,false,82 A2,2,0,,space,233,␠,03,99,219,,,패치 슬롯 0233 | 전각 공백 | ␠,번역 03-099/219 · ␠ / 토큰 81 40 / PC-88 전각 공백 토큰
317,main,0,D4FD~D4FE,D4FD,D4FE,2,89 B3,0x040AD 0x040AE,0x040AD~0x040AE,0x040AD,0x040AE,false,82 A6,2,0,,hangul,234,지,03,100,219,6550,292,패치 슬롯 0234 | 한글 문자 | 지,번역 03-100/219 · 지 / 토큰 89 B3 / KANJI 6550 / 가나다순 292
318,main,0,D4FF~D500,D4FF,D500,2,88 EF,0x040AF 0x040B0,0x040AF~0x040B0,0x040AF,0x040B0,false,92 B7,2,0,,hangul,235,배,03,101,219,E110,164,패치 슬롯 0235 | 한글 문자 | 배,번역 03-101/219 · 배 / 토큰 88 EF / KANJI E110 / 가나다순 164
319,main,0,D501~D502,D501,D502,2,89 E8,0x040B1 0x040B2,0x040B1~0x040B2,0x040B1,0x040B2,false,82 A2,2,0,,hangul,236,해,03,102,219,E4A0,345,패치 슬롯 0236 | 한글 문자 | 해,번역 03-102/219 · 해 / 토큰 89 E8 / KANJI E4A0 / 가나다순 345
320,main,0,D503~D504,D503,D504,2,89 78,0x040B3 0x040B4,0x040B3~0x040B4,0x040B3,0x040B4,false,8A D4,2,0,,hangul,237,온,03,103,219,A390,234,패치 슬롯 0237 | 한글 문자 | 온,번역 03-103/219 · 온 / 토큰 89 78 / KANJI A390 / 가나다순 234
321,main,0,D505~D506,D505,D506,2,81 40,0x040B5 0x040B6,0x040B5~0x040B6,0x040B5,0x040B6,false,83 94,2,0,,space,238,␠,03,104,219,,,패치 슬롯 0238 | 전각 공백 | ␠,번역 03-104/219 · ␠ / 토큰 81 40 / PC-88 전각 공백 토큰
322,main,0,D507~D508,D507,D508,2,89 81,0x040B7 0x040B8,0x040B7~0x040B8,0x040B7,0x040B8,false,83 46,2,0,,hangul,239,우,03,105,219,E210,242,패치 슬롯 0239 | 한글 문자 | 우,번역 03-105/219 · 우 / 토큰 89 81 / KANJI E210 / 가나다순 242
323,main,0,D509~D50A,D509,D50A,2,88 CC,0x040B9 0x040BA,0x040B9~0x040BA,0x040B9,0x040BA,false,83 4A,2,0,,hangul,240,리,03,106,219,A0E0,129,패치 슬롯 0240 | 한글 문자 | 리,번역 03-106/219 · 리 / 토큰 88 CC / KANJI A0E0 / 가나다순 129
324,main,0,D50B~D50C,D50B,D50C,2,89 70,0x040BB 0x040BC,0x040BB~0x040BC,0x040BB,0x040BC,false,83 93,2,0,,hangul,241,에,03,107,219,A310,226,패치 슬롯 0241 | 한글 문자 | 에,번역 03-107/219 · 에 / 토큰 89 70 / KANJI A310 / 가나다순 226
325,main,0,D50D~D50E,D50D,D50E,2,82 AB,0x040BD 0x040BE,0x040BD~0x040BE,0x040BD,0x040BE,false,83 65,2,0,,hangul,242,게,03,108,219,18D0,13,패치 슬롯 0242 | 한글 문자 | 게,번역 03-108/219 · 게 / 토큰 82 AB / KANJI 18D0 / 가나다순 13
326,main,0,D50F~D510,D50F,D510,2,81 41,0x040BF 0x040C0,0x040BF~0x040C0,0x040BF,0x040C0,false,83 42,2,0,,punctuation,243,、,03,109,219,,,패치 슬롯 0243 | 문장부호 | 、,번역 03-109/219 · 、 / 토큰 81 41 / PC-88 전각 쉼표 토큰
327,main,0,D511~D512,D511,D512,2,82 BD,0x040C1 0x040C2,0x040C1~0x040C2,0x040C1,0x040C2,false,82 F0,1,0,,hangul,244,그,03,110,219,19F0,31,패치 슬롯 0244 | 한글 문자 | 그,번역 03-110/219 · 그 / 토큰 82 BD / KANJI 19F0 / 가나다순 31
328,main,0,D513~D514,D513,D514,2,88 FB,0x040C3 0x040C4,0x040C3~0x040C4,0x040C3,0x040C4,false,8E 78,2,0,,hangul,245,분,03,111,219,E1D0,176,패치 슬롯 0245 | 한글 문자 | 분,번역 03-111/219 · 분 / 토큰 88 FB / KANJI E1D0 / 가나다순 176
329,main,0,D515,D515,D515,1,42,0x040C5,0x040C5,0x040C5,0x040C5,false,94,1,0,,control,,,,,,,,기존확인 제어 / 41~50 계열 CAA8[1] 슬롯 실행,41~50 계열 CAA8[1] 슬롯 실행 기존값 재사용; 41~50 계열 슬롯 실행; KANJI 해당 없음
330,main,0,D516~D517,D516,D517,2,89 8D,0x040C6 0x040C7,0x040C6~0x040C7,0x040C6,0x040C7,false,7A 82,2,0,,hangul,246,이,03,112,219,E2D0,254,패치 슬롯 0246 | 한글 문자 | 이,번역 03-112/219 · 이 / 토큰 89 8D / KANJI E2D0 / 가나다순 254
331,main,0,D518~D519,D518,D519,2,81 40,0x040C8 0x040C9,0x040C8~0x040C9,0x040C8,0x040C9,false,B5 82,2,0,,space,247,␠,03,113,219,,,패치 슬롯 0247 | 전각 공백 | ␠,번역 03-113/219 · ␠ / 토큰 81 40 / PC-88 전각 공백 토큰
332,main,0,D51A~D51B,D51A,D51B,2,89 6E,0x040CA 0x040CB,0x040CA~0x040CB,0x040CA,0x040CB,false,C2 82,2,0,,hangul,248,없,03,114,219,A2F0,224,패치 슬롯 0248 | 한글 문자 | 없,번역 03-114/219 · 없 / 토큰 89 6E / KANJI A2F0 / 가나다순 224
333,main,0,D51C~D51D,D51C,D51D,2,82 E7,0x040CC 0x040CD,0x040CC~0x040CD,0x040CC,0x040CD,false,C3 82,2,0,,hangul,249,다,03,115,219,3890,73,패치 슬롯 0249 | 한글 문자 | 다,번역 03-115/219 · 다 / 토큰 82 E7 / KANJI 3890 / 가나다순 73
334,main,0,D51E~D51F,D51E,D51F,2,81 40,0x040CE 0x040CF,0x040CE~0x040CF,0x040CE,0x040CF,false,AF 82,2,0,,space,250,␠,03,116,219,,,패치 슬롯 0250 | 전각 공백 | ␠,번역 03-116/219 · ␠ / 토큰 81 40 / PC-88 전각 공백 토큰
335,main,0,D520~D521,D520,D521,2,89 E8,0x040D0 0x040D1,0x040D0~0x040D1,0x040D0,0x040D1,false,C4 82,2,0,,hangul,251,해,03,117,219,E4A0,345,패치 슬롯 0251 | 한글 문자 | 해,번역 03-117/219 · 해 / 토큰 89 E8 / KANJI E4A0 / 가나다순 345
336,main,0,D522~D523,D522,D523,2,82 F1,0x040D2 0x040D3,0x040D2~0x040D3,0x040D2,0x040D3,false,AB 82,2,0,,hangul,252,도,03,118,219,3930,83,패치 슬롯 0252 | 한글 문자 | 도,번역 03-118/219 · 도 / 토큰 82 F1 / KANJI 3930 / 가나다순 83
337,main,0,D524~D525,D524,D525,2,81 40,0x040D4 0x040D5,0x040D4~0x040D5,0x040D4,0x040D5,false,BD 89,2,0,,space,253,␠,03,119,219,,,패치 슬롯 0253 | 전각 공백 | ␠,번역 03-119/219 · ␠ / 토큰 81 40 / PC-88 전각 공백 토큰
338,main,0,D526~D527,D526,D527,2,82 DD,0x040D6 0x040D7,0x040D6~0x040D7,0x040D6,0x040D7,false,E4 82,2,0,,hangul,254,놈,03,120,219,29F0,63,패치 슬롯 0254 | 한글 문자 | 놈,번역 03-120/219 · 놈 / 토큰 82 DD / KANJI 29F0 / 가나다순 63
339,main,0,D528~D529,D528,D529,2,88 AA,0x040D8 0x040D9,0x040D8~0x040D9,0x040D8,0x040D9,false,E7 81,2,0,,hangul,255,들,03,121,219,60C0,95,패치 슬롯 0255 | 한글 문자 | 들,번역 03-121/219 · 들 / 토큰 88 AA / KANJI 60C0 / 가나다순 95
340,main,0,D52A~D52B,D52A,D52B,2,89 8D,0x040DA 0x040DB,0x040DA~0x040DB,0x040DA,0x040DB,false,41 83,2,0,,hangul,256,이,03,122,219,E2D0,254,패치 슬롯 0256 | 한글 문자 | 이,번역 03-122/219 · 이 / 토큰 89 8D / KANJI E2D0 / 가나다순 254
341,main,0,D52C~D52D,D52C,D52D,2,81 40,0x040DC 0x040DD,0x040DC~0x040DD,0x040DC,0x040DD,false,8D 83,2,0,,space,257,␠,03,123,219,,,패치 슬롯 0257 | 전각 공백 | ␠,번역 03-123/219 · ␠ / 토큰 81 40 / PC-88 전각 공백 토큰
342,main,0,D52E~D52F,D52E,D52F,2,89 47,0x040DE 0x040DF,0x040DE~0x040DF,0x040DE,0x040DF,false,4F 83,2,0,,hangul,258,상,03,124,219,6280,185,패치 슬롯 0258 | 한글 문자 | 상,번역 03-124/219 · 상 / 토큰 89 47 / KANJI 6280 / 가나다순 185
343,main,0,D530~D531,D530,D531,2,82 EC,0x040E0 0x040E1,0x040E0~0x040E1,0x040E0,0x040E1,false,8C 83,2,0,,hangul,259,대,03,125,219,38E0,78,패치 슬롯 0259 | 한글 문자 | 대,번역 03-125/219 · 대 / 토큰 82 EC / KANJI 38E0 / 가나다순 78
344,main,0,D532~D533,D532,D533,2,82 9F,0x040E2 0x040E3,0x040E2~0x040E3,0x040E2,0x040E3,false,58 42,2,0,,hangul,260,가,03,126,219,1810,1,패치 슬롯 0260 | 한글 문자 | 가,번역 03-126/219 · 가 / 토큰 82 9F / KANJI 1810 / 가나다순 1
345,main,0,D534~D535,D534,D535,2,81 40,0x040E4 0x040E5,0x040E4~0x040E5,0x040E4,0x040E5,false,97 6C,2,0,,space,261,␠,03,127,219,,,패치 슬롯 0261 | 전각 공백 | ␠,번역 03-127/219 · ␠ / 토큰 81 40 / PC-88 전각 공백 토큰
346,main,0,D536~D537,D536,D537,2,88 A4,0x040E6 0x040E7,0x040E6~0x040E7,0x040E6,0x040E7,false,82 F0,2,0,,hangul,262,될,03,128,219,6060,89,패치 슬롯 0262 | 한글 문자 | 될,번역 03-128/219 · 될 / 토큰 88 A4 / KANJI 6060 / 가나다순 89
347,main,0,D538~D539,D538,D539,2,81 40,0x040E8 0x040E9,0x040E8~0x040E9,0x040E8,0x040E9,false,8E B8,2,0,,space,263,␠,03,129,219,,,패치 슬롯 0263 | 전각 공백 | ␠,번역 03-129/219 · ␠ / 토큰 81 40 / PC-88 전각 공백 토큰
348,main,0,D53A~D53B,D53A,D53B,2,88 CC,0x040EA 0x040EB,0x040EA~0x040EB,0x040EA,0x040EB,false,82 C1,2,0,,hangul,264,리,03,130,219,A0E0,129,패치 슬롯 0264 | 한글 문자 | 리,번역 03-130/219 · 리 / 토큰 88 CC / KANJI A0E0 / 가나다순 129
349,main,0,D53C~D53D,D53C,D53D,2,82 9F,0x040EC 0x040ED,0x040EC~0x040ED,0x040EC,0x040ED,false,82 BD,1,0,,hangul,265,가,03,131,219,1810,1,패치 슬롯 0265 | 한글 문자 | 가,번역 03-131/219 · 가 / 토큰 82 9F / KANJI 1810 / 가나다순 1
350,main,0,D53E~D53F,D53E,D53F,2,81 40,0x040EE 0x040EF,0x040EE~0x040EF,0x040EE,0x040EF,false,82 A9,2,0,,space,266,␠,03,132,219,,,패치 슬롯 0266 | 전각 공백 | ␠,번역 03-132/219 · ␠ / 토큰 81 40 / PC-88 전각 공백 토큰
351,main,0,D540~D541,D540,D541,2,89 6E,0x040F0 0x040F1,0x040F0~0x040F1,0x040F0,0x040F1,false,82 E7,2,0,,hangul,267,없,03,133,219,A2F0,224,패치 슬롯 0267 | 한글 문자 | 없,번역 03-133/219 · 없 / 토큰 89 6E / KANJI A2F0 / 가나다순 224
352,main,0,D542~D543,D542,D543,2,89 6F,0x040F2 0x040F3,0x040F2~0x040F3,0x040F2,0x040F3,false,82 C6,2,0,,hangul,268,었,03,134,219,A300,225,패치 슬롯 0268 | 한글 문자 | 었,번역 03-134/219 · 었 / 토큰 89 6F / KANJI A300 / 가나다순 225
353,main,0,D544~D545,D544,D545,2,82 E7,0x040F4 0x040F5,0x040F4~0x040F5,0x040F4,0x040F5,false,82 A2,1,0,,hangul,269,다,03,135,219,3890,73,패치 슬롯 0269 | 한글 문자 | 다,번역 03-135/219 · 다 / 토큰 82 E7 / KANJI 3890 / 가나다순 73
354,main,0,D546~D547,D546,D547,2,81 42,0x040F6 0x040F7,0x040F6~0x040F7,0x040F6,0x040F7,false,82 C1,2,0,,punctuation,270,。,03,136,219,,,패치 슬롯 0270 | 문장부호 | 。,번역 03-136/219 · 。 / 토큰 81 42 / PC-88 전각 마침표 토큰
355,main,0,D548~D549,D548,D549,2,82 BD,0x040F8 0x040F9,0x040F8~0x040F9,0x040F8,0x040F9,false,82 C4,1,0,,hangul,271,그,03,137,219,19F0,31,패치 슬롯 0271 | 한글 문자 | 그,번역 03-137/219 · 그 / 토큰 82 BD / KANJI 19F0 / 가나다순 31
356,main,0,D54A~D54B,D54A,D54B,2,88 BC,0x040FA 0x040FB,0x040FA~0x040FB,0x040FA,0x040FB,false,81 41,2,0,,hangul,272,런,03,138,219,61E0,113,패치 슬롯 0272 | 한글 문자 | 런,번역 03-138/219 · 런 / 토큰 88 BC / KANJI 61E0 / 가나다순 113
357,main,0,D54C~D54D,D54C,D54D,2,82 F0,0x040FC 0x040FD,0x040FC~0x040FD,0x040FC,0x040FD,false,93 7A,2,0,,hangul,273,데,03,139,219,3920,82,패치 슬롯 0273 | 한글 문자 | 데,번역 03-139/219 · 데 / 토큰 82 F0 / KANJI 3920 / 가나다순 82
358,main,0,D54E~D54F,D54E,D54F,2,81 40,0x040FE 0x040FF,0x040FE~0x040FF,0x040FE,0x040FF,false,82 E7,2,0,,space,274,␠,03,140,219,,,패치 슬롯 0274 | 전각 공백 | ␠,번역 03-140/219 · ␠ / 토큰 81 40 / PC-88 전각 공백 토큰
359,main,0,D550~D551,D550,D551,2,89 59,0x04100 0x04101,0x04100~0x04101,0x04100,0x04101,false,82 B2,2,0,,hangul,275,승,03,141,219,63A0,203,패치 슬롯 0275 | 한글 문자 | 승,번역 03-141/219 · 승 / 토큰 89 59 / KANJI 63A0 / 가나다순 203
360,main,0,D552~D553,D552,D553,2,89 44,0x04102 0x04103,0x04102~0x04103,0x04102,0x04103,false,82 C6,2,0,,hangul,276,산,03,142,219,6250,182,패치 슬롯 0276 | 한글 문자 | 산,번역 03-142/219 · 산 / 토큰 89 44 / KANJI 6250 / 가나다순 182
361,main,0,D554~D555,D554,D555,2,89 8D,0x04104 0x04105,0x04104~0x04105,0x04104,0x04105,false,82 AB,2,0,,hangul,277,이,03,143,219,E2D0,254,패치 슬롯 0277 | 한글 문자 | 이,번역 03-143/219 · 이 / 토큰 89 8D / KANJI E2D0 / 가나다순 254
362,main,0,D556,D556,D556,1,42,0x04106,0x04106,0x04106,0x04106,false,93,1,0,,control,,,,,,,,기존확인 제어 / 41~50 계열 CAA8[1] 슬롯 실행,41~50 계열 CAA8[1] 슬롯 실행 기존값 재사용; 41~50 계열 슬롯 실행; KANJI 해당 없음
363,main,0,D557~D558,D557,D558,2,81 40,0x04107 0x04108,0x04107~0x04108,0x04107,0x04108,false,47 82,2,0,,space,278,␠,03,144,219,,,패치 슬롯 0278 | 전각 공백 | ␠,번역 03-144/219 · ␠ / 토큰 81 40 / PC-88 전각 공백 토큰
364,main,0,D559~D55A,D559,D55A,2,89 6E,0x04109 0x0410A,0x04109~0x0410A,0x04109,0x0410A,false,C5 82,2,0,,hangul,279,없,03,145,219,A2F0,224,패치 슬롯 0279 | 한글 문자 | 없,번역 03-145/219 · 없 / 토큰 89 6E / KANJI A2F0 / 가나다순 224
365,main,0,D55B~D55C,D55B,D55C,2,82 E7,0x0410B 0x0410C,0x0410B~0x0410C,0x0410B,0x0410C,false,CD 82,2,0,,hangul,280,다,03,146,219,3890,73,패치 슬롯 0280 | 한글 문자 | 다,번역 03-146/219 · 다 / 토큰 82 E7 / KANJI 3890 / 가나다순 73
366,main,0,D55D~D55E,D55D,D55E,2,82 E3,0x0410D 0x0410E,0x0410D~0x0410E,0x0410D,0x0410E,false,C8 82,2,0,,hangul,281,는,03,147,219,3850,69,패치 슬롯 0281 | 한글 문자 | 는,번역 03-147/219 · 는 / 토큰 82 E3 / KANJI 3850 / 가나다순 69
367,main,0,D55F~D560,D55F,D560,2,81 40,0x0410F 0x04110,0x0410F~0x04110,0x0410F,0x04110,false,A2 81,2,0,,space,282,␠,03,148,219,,,패치 슬롯 0282 | 전각 공백 | ␠,번역 03-148/219 · ␠ / 토큰 81 40 / PC-88 전각 공백 토큰
368,main,0,D561~D562,D561,D562,2,82 A8,0x04111 0x04112,0x04111~0x04112,0x04111,0x04112,false,42 82,2,0,,hangul,283,걸,03,149,219,18A0,10,패치 슬롯 0283 | 한글 문자 | 걸,번역 03-149/219 · 걸 / 토큰 82 A8 / KANJI 18A0 / 가나다순 10
369,main,0,D563~D564,D563,D564,2,81 40,0x04113 0x04114,0x04113~0x04114,0x04113,0x04114,false,C6 82,2,0,,space,284,␠,03,150,219,,,패치 슬롯 0284 | 전각 공백 | ␠,번역 03-150/219 · ␠ / 토큰 81 40 / PC-88 전각 공백 토큰
370,main,0,D565~D566,D565,D566,2,82 C6,0x04115 0x04116,0x04115~0x04116,0x04115,0x04116,false,B1 82,2,0,,hangul,285,깨,03,151,219,2880,40,패치 슬롯 0285 | 한글 문자 | 깨,번역 03-151/219 · 깨 / 토큰 82 C6 / KANJI 2880 / 가나다순 40
371,main,0,D567~D568,D567,D568,2,82 EA,0x04117 0x04118,0x04117~0x04118,0x04117,0x04118,false,EB 82,2,0,,hangul,286,달,03,152,219,38C0,76,패치 슬롯 0286 | 한글 문자 | 달,번역 03-152/219 · 달 / 토큰 82 EA / KANJI 38C0 / 가나다순 76
372,main,0,D569~D56A,D569,D56A,2,89 89,0x04119 0x0411A,0x04119~0x0411A,0x04119,0x0411A,false,AA 81,2,0,,hangul,287,은,03,153,219,E290,250,패치 슬롯 0287 | 한글 문자 | 은,번역 03-153/219 · 은 / 토큰 89 89 / KANJI E290 / 가나다순 250
373,main,0,D56B~D56C,D56B,D56C,2,81 40,0x0411B 0x0411C,0x0411B~0x0411C,0x0411B,0x0411C,false,41 93,2,0,,space,288,␠,03,154,219,,,패치 슬롯 0288 | 전각 공백 | ␠,번역 03-154/219 · ␠ / 토큰 81 40 / PC-88 전각 공백 토큰
374,main,0,D56D~D56E,D56D,D56E,2,82 DD,0x0411D 0x0411E,0x0411D~0x0411E,0x0411D,0x0411E,false,7A 82,2,0,,hangul,289,놈,03,155,219,29F0,63,패치 슬롯 0289 | 한글 문자 | 놈,번역 03-155/219 · 놈 / 토큰 82 DD / KANJI 29F0 / 가나다순 63
375,main,0,D56F~D570,D56F,D570,2,88 AA,0x0411F 0x04120,0x0411F~0x04120,0x0411F,0x04120,false,E7 82,2,0,,hangul,290,들,03,156,219,60C0,95,패치 슬롯 0290 | 한글 문자 | 들,번역 03-156/219 · 들 / 토큰 88 AA / KANJI 60C0 / 가나다순 95
376,main,0,D571~D572,D571,D572,2,89 8D,0x04121 0x04122,0x04121~0x04122,0x04121,0x04122,false,CD 42,2,0,,hangul,291,이,03,157,219,E2D0,254,패치 슬롯 0291 | 한글 문자 | 이,번역 03-157/219 · 이 / 토큰 89 8D / KANJI E2D0 / 가나다순 254
377,main,0,D573~D574,D573,D574,2,81 40,0x04123 0x04124,0x04123~0x04124,0x04123,0x04124,false,8F 9F,2,0,,space,292,␠,03,158,219,,,패치 슬롯 0292 | 전각 공백 | ␠,번역 03-158/219 · ␠ / 토큰 81 40 / PC-88 전각 공백 토큰
378,main,0,D575~D576,D575,D576,2,81 40,0x04125 0x04126,0x04125~0x04126,0x04125,0x04126,false,82 C4,2,0,,space,293,␠,03,159,219,,,패치 슬롯 0293 | 전각 공백 | ␠,번역 03-159/219 · ␠ / 토큰 81 40 / PC-88 전각 공백 토큰
379,main,0,D577,D577,D577,1,61,0x04127,0x04127,0x04127,0x04127,false,82,1,0,,control,,,,,,,,기존확인 제어 / 61h 계열 CAA8[0] 작업슬롯 비활성화,61h 계열 CAA8[0] 작업슬롯 비활성화 기존값 재사용; 61h 계열 슬롯 비활성화; KANJI 해당 없음
380,main,0,D578~D57C,D578,D57C,5,0F 02 0F 03 0B,0x04128 0x04129 0x0412A 0x0412B 0x0412C,0x04128~0x0412C,0x04128,0x0412C,false,E9 8C A9 82 B1,5,0,,control,,,,,,,,기존확인 제어 / 0F 계열 제어,0F 계열 제어토큰 기존값 재사용; KANJI 해당 없음
381,main,0,D57D~D582,D57D,D582,6,05 0F 86 41 9E 00,0x0412D 0x0412E 0x0412F 0x04130 0x04131 0x04132,0x0412D~0x04132,0x0412D,0x04132,false,82 DD 82 AA 82 C8,6,0,,control,,,,,,,,기존확인 제어 / 05 계열 영역 전개/채움,05 계열 영역 전개/채움 기존값 재사용; KANJI 해당 없음
382,main,0,D583~D587,D583,D587,5,0E 0F 20 32 80,0x04133 0x04134 0x04135 0x04136 0x04137,0x04133~0x04137,0x04133,0x04137,false,82 A2 82 C6 95,5,0,,control,,,,,,,,기존확인 제어 / 0E 계열 표시/버퍼 설정,0E 계열 표시/버퍼 설정 기존값 재사용; KANJI 해당 없음
383,main,0,D588~D58A,D588,D58A,3,13 D4 E7,0x04138 0x04139 0x0413A,0x04138~0x0413A,0x04138,0x0413A,false,AA 82 E9,3,0,,control,,,,,,,,기존확인 제어 / 13h 계열 3바이트 제어,13h 계열 3바이트 제어토큰 기존값 재사용; KANJI 해당 없음
384,main,0,D58B~D58E,D58B,D58E,4,14 00 0F 22,0x0413B 0x0413C 0x0413D 0x0413E,0x0413B~0x0413E,0x0413B,0x0413E,false,82 C6 81 41,4,0,,control,,,,,,,,기존확인 제어 / 14h 계열 버퍼/영역 처리,14h 계열 버퍼/영역 처리 기존값 재사용; KANJI 해당 없음
385,main,0,D58F~D592,D58F,D592,4,14 01 41 00,0x0413F 0x04140 0x04141 0x04142,0x0413F~0x04142,0x0413F,0x04142,false,61 0F 02 0F,4,0,,control,,,,,,,,기존확인 제어 / 14h 계열 버퍼/영역 처리,14h 계열 버퍼/영역 처리 기존값 재사용; KANJI 해당 없음
386,main,0,D593~D594,D593,D594,2,82 BF,0x04143 0x04144,0x04143~0x04144,0x04143,0x04144,false,03 0B,2,0,,hangul,294,금,03,160,219,2810,33,패치 슬롯 0294 | 한글 문자 | 금,번역 03-160/219 · 금 / 토큰 82 BF / KANJI 2810 / 가나다순 33
387,main,0,D595~D596,D595,D596,2,82 E9,0x04145 0x04146,0x04145~0x04146,0x04145,0x04146,false,05 0F,2,0,,hangul,295,단,03,161,219,38B0,75,패치 슬롯 0295 | 한글 문자 | 단,번역 03-161/219 · 단 / 토큰 82 E9 / KANJI 38B0 / 가나다순 75
388,main,0,D597~D598,D597,D598,2,89 8C,0x04147 0x04148,0x04147~0x04148,0x04147,0x04148,false,86 41,2,0,,hangul,296,의,03,162,219,E2C0,253,패치 슬롯 0296 | 한글 문자 | 의,번역 03-162/219 · 의 / 토큰 89 8C / KANJI E2C0 / 가나다순 253
389,main,0,D599~D59A,D599,D59A,2,81 40,0x04149 0x0414A,0x04149~0x0414A,0x04149,0x0414A,false,9E 00,2,0,,space,297,␠,03,163,219,,,패치 슬롯 0297 | 전각 공백 | ␠,번역 03-163/219 · ␠ / 토큰 81 40 / PC-88 전각 공백 토큰
390,main,0,D59B~D59C,D59B,D59C,2,88 E4,0x0414B 0x0414C,0x0414B~0x0414C,0x0414B,0x0414C,false,0E 0F,2,0,,hangul,298,문,03,164,219,E060,153,패치 슬롯 0298 | 한글 문자 | 문,번역 03-164/219 · 문 / 토큰 88 E4 / KANJI E060 / 가나다순 153
391,main,0,D59D~D59E,D59D,D59E,2,89 8A,0x0414D 0x0414E,0x0414D~0x0414E,0x0414D,0x0414E,false,20 32,2,0,,hangul,299,을,03,165,219,E2A0,251,패치 슬롯 0299 | 한글 문자 | 을,번역 03-165/219 · 을 / 토큰 89 8A / KANJI E2A0 / 가나다순 251
392,main,0,D59F~D5A0,D59F,D5A0,2,81 40,0x0414F 0x04150,0x0414F~0x04150,0x0414F,0x04150,false,80 13,2,0,,space,300,␠,03,166,219,,,패치 슬롯 0300 | 전각 공백 | ␠,번역 03-166/219 · ␠ / 토큰 81 40 / PC-88 전각 공백 토큰
393,main,0,D5A1~D5A2,D5A1,D5A2,2,89 74,0x04151 0x04152,0x04151~0x04152,0x04151,0x04152,false,D4 E7,2,0,,hangul,301,열,03,167,219,A350,230,패치 슬롯 0301 | 한글 문자 | 열,번역 03-167/219 · 열 / 토큰 89 74 / KANJI A350 / 가나다순 230
394,main,0,D5A3~D5A4,D5A3,D5A4,2,89 6C,0x04153 0x04154,0x04153~0x04154,0x04153,0x04154,false,14 00,2,0,,hangul,302,어,03,168,219,A2D0,222,패치 슬롯 0302 | 한글 문자 | 어,번역 03-168/219 · 어 / 토큰 89 6C / KANJI A2D0 / 가나다순 222
395,main,0,D5A5~D5A6,D5A5,D5A6,2,88 F0,0x04155 0x04156,0x04155~0x04156,0x04155,0x04156,false,0F 22,2,0,,hangul,303,버,03,169,219,E120,165,패치 슬롯 0303 | 한글 문자 | 버,번역 03-169/219 · 버 / 토큰 88 F0 / KANJI E120 / 가나다순 165
396,main,0,D5A7~D5A8,D5A7,D5A8,2,88 C2,0x04157 0x04158,0x04157~0x04158,0x04157,0x04158,false,14 01,2,0,,hangul,304,렸,03,170,219,A040,119,패치 슬롯 0304 | 한글 문자 | 렸,번역 03-170/219 · 렸 / 토큰 88 C2 / KANJI A040 / 가나다순 119
397,main,0,D5A9~D5AA,D5A9,D5AA,2,82 E7,0x04159 0x0415A,0x04159~0x0415A,0x04159,0x0415A,false,41 00,2,0,,hangul,305,다,03,171,219,3890,73,패치 슬롯 0305 | 한글 문자 | 다,번역 03-171/219 · 다 / 토큰 82 E7 / KANJI 3890 / 가나다순 73
398,main,0,D5AB~D5AC,D5AB,D5AC,2,81 42,0x0415B 0x0415C,0x0415B~0x0415C,0x0415B,0x0415C,false,8B D6,2,0,,punctuation,306,。,03,172,219,,,패치 슬롯 0306 | 문장부호 | 。,번역 03-172/219 · 。 / 토큰 81 42 / PC-88 전각 마침표 토큰
399,main,0,D5AD~D5AE,D5AD,D5AE,2,89 CF,0x0415D 0x0415E,0x0415D~0x0415E,0x0415D,0x0415E,false,92 66,2,0,,hangul,307,태,03,173,219,A510,320,패치 슬롯 0307 | 한글 문자 | 태,번역 03-173/219 · 태 / 토큰 89 CF / KANJI A510 / 가나다순 320
400,main,0,D5AF~D5B0,D5AF,D5B0,2,82 B1,0x0415F 0x04160,0x0415F~0x04160,0x0415F,0x04160,false,82 CC,1,0,,hangul,308,고,03,174,219,1930,19,패치 슬롯 0308 | 한글 문자 | 고,번역 03-174/219 · 고 / 토큰 82 B1 / KANJI 1930 / 가나다순 19
401,main,0,D5B1~D5B2,D5B1,D5B2,2,88 FA,0x04161 0x04162,0x04161~0x04162,0x04161,0x04162,false,94 E0,2,0,,hangul,309,부,03,175,219,E1C0,175,패치 슬롯 0309 | 한글 문자 | 부,번역 03-175/219 · 부 / 토큰 88 FA / KANJI E1C0 / 가나다순 175
402,main,0,D5B3~D5B4,D5B3,D5B4,2,89 D1,0x04163 0x04164,0x04163~0x04164,0x04163,0x04164,false,82 F0,2,0,,hangul,310,터,03,176,219,A530,322,패치 슬롯 0310 | 한글 문자 | 터,번역 03-176/219 · 터 / 토큰 89 D1 / KANJI A530 / 가나다순 322
403,main,0,D5B5~D5B6,D5B5,D5B6,2,81 40,0x04165 0x04166,0x04165~0x04166,0x04165,0x04166,false,8A 4A,2,0,,space,311,␠,03,177,219,,,패치 슬롯 0311 | 전각 공백 | ␠,번역 03-177/219 · ␠ / 토큰 81 40 / PC-88 전각 공백 토큰
404,main,0,D5B7~D5B8,D5B7,D5B8,2,89 9D,0x04167 0x04168,0x04167~0x04168,0x04167,0x04168,false,82 AF,2,0,,hangul,312,전,03,178,219,E3D0,270,패치 슬롯 0312 | 한글 문자 | 전,번역 03-178/219 · 전 / 토큰 89 9D / KANJI E3D0 / 가나다순 270
405,main,0,D5B9~D5BA,D5B9,D5BA,2,89 E8,0x04169 0x0416A,0x04169~0x0416A,0x04169,0x0416A,false,82 C4,2,0,,hangul,313,해,03,179,219,E4A0,345,패치 슬롯 0313 | 한글 문자 | 해,번역 03-179/219 · 해 / 토큰 89 E8 / KANJI E4A0 / 가나다순 345
406,main,0,D5BB~D5BC,D5BB,D5BC,2,81 40,0x0416B 0x0416C,0x0416B~0x0416C,0x0416B,0x0416C,false,82 B5,2,0,,space,314,␠,03,180,219,,,패치 슬롯 0314 | 전각 공백 | ␠,번역 03-180/219 · ␠ / 토큰 81 40 / PC-88 전각 공백 토큰
407,main,0,D5BD~D5BE,D5BD,D5BE,2,82 D3,0x0416D 0x0416E,0x0416D~0x0416E,0x0416D,0x0416E,false,82 DC,1,0,,hangul,315,내,03,181,219,2950,53,패치 슬롯 0315 | 한글 문자 | 내,번역 03-181/219 · 내 / 토큰 82 D3 / KANJI 2950 / 가나다순 53
408,main,0,D5BF~D5C0,D5BF,D5C0,2,88 C1,0x0416F 0x04170,0x0416F~0x04170,0x0416F,0x04170,false,82 C1,1,0,,hangul,316,려,03,182,219,A030,118,패치 슬롯 0316 | 한글 문자 | 려,번역 03-182/219 · 려 / 토큰 88 C1 / KANJI A030 / 가나다순 118
409,main,0,D5C1~D5C2,D5C1,D5C2,2,89 76,0x04171 0x04172,0x04171~0x04172,0x04171,0x04172,false,82 BD,2,0,,hangul,317,오,03,183,219,A370,232,패치 슬롯 0317 | 한글 문자 | 오,번역 03-183/219 · 오 / 토큰 89 76 / KANJI A370 / 가나다순 232
410,main,0,D5C3~D5C4,D5C3,D5C4,2,82 E3,0x04173 0x04174,0x04173~0x04174,0x04173,0x04174,false,82 CC,1,0,,hangul,318,는,03,184,219,3850,69,패치 슬롯 0318 | 한글 문자 | 는,번역 03-184/219 · 는 / 토큰 82 E3 / KANJI 3850 / 가나다순 69
411,main,0,D5C5~D5C6,D5C5,D5C6,2,82 BF,0x04175 0x04176,0x04175~0x04176,0x04175,0x04176,false,82 BE,1,0,,hangul,319,금,03,185,219,2810,33,패치 슬롯 0319 | 한글 문자 | 금,번역 03-185/219 · 금 / 토큰 82 BF / KANJI 2810 / 가나다순 33
412,main,0,D5C7~D5C8,D5C7,D5C8,2,82 E9,0x04177 0x04178,0x04177~0x04178,0x04177,0x04178,false,81 42,2,0,,hangul,320,단,03,186,219,38B0,75,패치 슬롯 0320 | 한글 문자 | 단,번역 03-186/219 · 단 / 토큰 82 E9 / KANJI 38B0 / 가나다순 75
413,main,0,D5C9~D5CA,D5C9,D5CA,2,89 8C,0x04179 0x0417A,0x04179~0x0417A,0x04179,0x0417A,false,82 A2,2,0,,hangul,321,의,03,187,219,E2C0,253,패치 슬롯 0321 | 한글 문자 | 의,번역 03-187/219 · 의 / 토큰 89 8C / KANJI E2C0 / 가나다순 253
414,main,0,D5CB~D5CC,D5CB,D5CC,2,81 40,0x0417B 0x0417C,0x0417B~0x0417C,0x0417B,0x0417C,false,82 C9,2,0,,space,322,␠,03,188,219,,,패치 슬롯 0322 | 전각 공백 | ␠,번역 03-188/219 · ␠ / 토큰 81 40 / PC-88 전각 공백 토큰
415,main,0,D5CD~D5CE,D5CD,D5CE,2,88 E4,0x0417D 0x0417E,0x0417D~0x0417E,0x0417D,0x0417E,false,82 B5,2,0,,hangul,323,문,03,189,219,E060,153,패치 슬롯 0323 | 한글 문자 | 문,번역 03-189/219 · 문 / 토큰 88 E4 / KANJI E060 / 가나다순 153
416,main,0,D5CF~D5D0,D5CF,D5D0,2,89 8A,0x0417F 0x04180,0x0417F~0x04180,0x0417F,0x04180,false,82 A6,2,0,,hangul,324,을,03,190,219,E2A0,251,패치 슬롯 0324 | 한글 문자 | 을,번역 03-190/219 · 을 / 토큰 89 8A / KANJI E2A0 / 가나다순 251
417,main,0,D5D1~D5D2,D5D1,D5D2,2,81 49,0x04181 0x04182,0x04181~0x04182,0x04181,0x04182,false,82 E6,2,0,,punctuation,325,!,03,191,219,,,패치 슬롯 0325 | 문장부호 | !,번역 03-191/219 · ! / 토큰 81 49 / ASCII 표기 느낌표 → PC-88 전각 느낌표 토큰
418,main,0,D5D3~D5D4,D5D3,D5D4,2,81 40,0x04183 0x04184,0x04183~0x04184,0x04183,0x04184,false,82 E8,2,0,,space,326,␠,03,192,219,,,패치 슬롯 0326 | 전각 공백 | ␠,번역 03-192/219 · ␠ / 토큰 81 40 / PC-88 전각 공백 토큰
419,main,0,D5D5~D5D6,D5D5,D5D6,2,89 95,0x04185 0x04186,0x04185~0x04186,0x04185,0x04186,false,83 94,2,0,,hangul,327,잔,03,193,219,E350,262,패치 슬롯 0327 | 한글 문자 | 잔,번역 03-193/219 · 잔 / 토큰 89 95 / KANJI E350 / 가나다순 262
420,main,0,D5D7~D5D8,D5D7,D5D8,2,89 8E,0x04187 0x04188,0x04187~0x04188,0x04187,0x04188,false,83 46,2,0,,hangul,328,인,03,194,219,E2E0,255,패치 슬롯 0328 | 한글 문자 | 인,번역 03-194/219 · 인 / 토큰 89 8E / KANJI E2E0 / 가나다순 255
421,main,0,D5D9~D5DA,D5D9,D5DA,2,89 7C,0x04189 0x0418A,0x04189~0x0418A,0x04189,0x0418A,false,83 4A,2,0,,hangul,329,왕,03,195,219,A3D0,238,패치 슬롯 0329 | 한글 문자 | 왕,번역 03-195/219 · 왕 / 토큰 89 7C / KANJI A3D0 / 가나다순 238
422,main,0,D5DB~D5DC,D5DB,D5DC,2,81 40,0x0418B 0x0418C,0x0418B~0x0418C,0x0418B,0x0418C,false,83 93,2,0,,space,330,␠,03,196,219,,,패치 슬롯 0330 | 전각 공백 | ␠,번역 03-196/219 · ␠ / 토큰 81 40 / PC-88 전각 공백 토큰
423,main,0,D5DD~D5DE,D5DD,D5DE,2,88 DA,0x0418D 0x0418E,0x0418D~0x0418E,0x0418D,0x0418E,false,83 65,2,0,,hangul,331,메,03,197,219,A1C0,143,패치 슬롯 0331 | 한글 문자 | 메,번역 03-197/219 · 메 / 토큰 88 DA / KANJI A1C0 / 가나다순 143
424,main,0,D5DF~D5E0,D5DF,D5E0,2,82 9F,0x0418F 0x04190,0x0418F~0x04190,0x0418F,0x04190,false,83 42,2,0,,hangul,332,가,03,198,219,1810,1,패치 슬롯 0332 | 한글 문자 | 가,번역 03-198/219 · 가 / 토큰 82 9F / KANJI 1810 / 가나다순 1
425,main,0,D5E1~D5E2,D5E1,D5E2,2,89 56,0x04191 0x04192,0x04191~0x04192,0x04191,0x04192,false,82 C9,2,0,,hangul,333,스,03,199,219,6370,200,패치 슬롯 0333 | 한글 문자 | 스,번역 03-199/219 · 스 / 토큰 89 56 / KANJI 6370 / 가나다순 200
426,main,0,D5E3~D5E4,D5E3,D5E4,2,82 9F,0x04193 0x04194,0x04193~0x04194,0x04193,0x04194,false,93 60,2,0,,hangul,334,가,03,200,219,1810,1,패치 슬롯 0334 | 한글 문자 | 가,번역 03-200/219 · 가 / 토큰 82 9F / KANJI 1810 / 가나다순 1
427,main,0,D5E5~D5E6,D5E5,D5E6,2,81 40,0x04195 0x04196,0x04195~0x04196,0x04195,0x04196,false,82 ED,2,0,,space,335,␠,03,201,219,,,패치 슬롯 0335 | 전각 공백 | ␠,번역 03-201/219 · ␠ / 토큰 81 40 / PC-88 전각 공백 토큰
428,main,0,D5E7~D5E8,D5E7,D5E8,2,82 E7,0x04197 0x04198,0x04197~0x04198,0x04197,0x04198,false,82 E9,1,0,,hangul,336,다,03,202,219,3890,73,패치 슬롯 0336 | 한글 문자 | 다,번역 03-202/219 · 다 / 토큰 82 E7 / KANJI 3890 / 가나다순 73
429,main,0,D5E9~D5EA,D5E9,D5EA,2,89 5A,0x04199 0x0419A,0x04199~0x0419A,0x04199,0x0419A,false,8B D6,2,0,,hangul,337,시,03,203,219,63B0,204,패치 슬롯 0337 | 한글 문자 | 시,번역 03-203/219 · 시 / 토큰 89 5A / KANJI 63B0 / 가나다순 204
430,main,0,D5EB~D5EC,D5EB,D5EC,2,81 40,0x0419B 0x0419C,0x0419B~0x0419C,0x0419B,0x0419C,false,92 66,2,0,,space,338,␠,03,204,219,,,패치 슬롯 0338 | 전각 공백 | ␠,번역 03-204/219 · ␠ / 토큰 81 40 / PC-88 전각 공백 토큰
431,main,0,D5ED~D5EE,D5ED,D5EE,2,89 4E,0x0419D 0x0419E,0x0419D~0x0419E,0x0419D,0x0419E,false,82 CC,2,0,,hangul,339,세,03,205,219,62F0,192,패치 슬롯 0339 | 한글 문자 | 세,번역 03-205/219 · 세 / 토큰 89 4E / KANJI 62F0 / 가나다순 192
432,main,0,D5EF~D5F0,D5EF,D5F0,2,89 47,0x0419F 0x041A0,0x0419F~0x041A0,0x0419F,0x041A0,false,94 E0,2,0,,hangul,340,상,03,206,219,6280,185,패치 슬롯 0340 | 한글 문자 | 상,번역 03-206/219 · 상 / 토큰 89 47 / KANJI 6280 / 가나다순 185
433,main,0,D5F1~D5F2,D5F1,D5F2,2,89 70,0x041A1 0x041A2,0x041A1~0x041A2,0x041A1,0x041A2,false,82 F0,2,0,,hangul,341,에,03,207,219,A310,226,패치 슬롯 0341 | 한글 문자 | 에,번역 03-207/219 · 에 / 토큰 89 70 / KANJI A310 / 가나다순 226
434,main,0,D5F3~D5F4,D5F3,D5F4,2,81 40,0x041A3 0x041A4,0x041A3~0x041A4,0x041A3,0x041A4,false,82 C8,2,0,,space,342,␠,03,208,219,,,패치 슬롯 0342 | 전각 공백 | ␠,번역 03-208/219 · ␠ / 토큰 81 40 / PC-88 전각 공백 토큰
435,main,0,D5F5~D5F6,D5F5,D5F6,2,89 DF,0x041A5 0x041A6,0x041A5~0x041A6,0x041A5,0x041A6,false,81 49,2,0,,hangul,343,풀,03,209,219,E410,336,패치 슬롯 0343 | 한글 문자 | 풀,번역 03-209/219 · 풀 / 토큰 89 DF / KANJI E410 / 가나다순 336
436,main,0,D5F7~D5F8,D5F7,D5F8,2,88 C1,0x041A7 0x041A8,0x041A7~0x041A8,0x041A7,0x041A8,false,81 40,2,0,,hangul,344,려,03,210,219,A030,118,패치 슬롯 0344 | 한글 문자 | 려,번역 03-210/219 · 려 / 토큰 88 C1 / KANJI A030 / 가나다순 118
437,main,0,D5F9~D5FA,D5F9,D5FA,2,82 CE,0x041A9 0x041AA,0x041A9~0x041AA,0x041A9,0x041AA,false,82 BB,1,0,,hangul,345,나,03,211,219,2900,48,패치 슬롯 0345 | 한글 문자 | 나,번역 03-211/219 · 나 / 토큰 82 CE / KANJI 2900 / 가나다순 48
438,main,0,D5FB~D5FC,D5FB,D5FC,2,82 B1,0x041AB 0x041AC,0x041AB~0x041AC,0x041AB,0x041AC,false,82 B5,1,0,,hangul,346,고,03,212,219,1930,19,패치 슬롯 0346 | 한글 문자 | 고,번역 03-212/219 · 고 / 토큰 82 B1 / KANJI 1930 / 가나다순 19
439,main,0,D5FD~D5FE,D5FD,D5FE,2,81 40,0x041AD 0x041AE,0x041AD~0x041AE,0x041AD,0x041AE,false,82 C4,2,0,,space,347,␠,03,213,219,,,패치 슬롯 0347 | 전각 공백 | ␠,번역 03-213/219 · ␠ / 토큰 81 40 / PC-88 전각 공백 토큰
440,main,0,D5FF~D600,D5FF,D600,2,88 D2,0x041AF 0x041B0,0x041AF~0x041B0,0x041AF,0x041B0,false,8E 63,2,0,,hangul,348,만,03,214,219,A140,135,패치 슬롯 0348 | 한글 문자 | 만,번역 03-214/219 · 만 / 토큰 88 D2 / KANJI A140 / 가나다순 135
441,main,0,D601~D602,D601,D602,2,81 40,0x041B1 0x041B2,0x041B1~0x041B2,0x041B1,0x041B2,false,94 45,2,0,,space,349,␠,03,215,219,,,패치 슬롯 0349 | 전각 공백 | ␠,번역 03-215/219 · ␠ / 토큰 81 40 / PC-88 전각 공백 토큰
442,main,0,D603~D604,D603,D604,2,82 AA,0x041B3 0x041B4,0x041B3~0x041B4,0x041B3,0x041B4,false,89 A4,2,0,,hangul,350,것,03,216,219,18C0,12,패치 슬롯 0350 | 한글 문자 | 것,번역 03-216/219 · 것 / 토큰 82 AA / KANJI 18C0 / 가나다순 12
443,main,0,D605~D606,D605,D606,2,89 8D,0x041B5 0x041B6,0x041B5~0x041B6,0x041B5,0x041B6,false,83 81,2,0,,hangul,351,이,03,217,219,E2D0,254,패치 슬롯 0351 | 한글 문자 | 이,번역 03-217/219 · 이 / 토큰 89 8D / KANJI E2D0 / 가나다순 254
444,main,0,D607~D608,D607,D608,2,82 E7,0x041B7 0x041B8,0x041B7~0x041B8,0x041B7,0x041B8,false,83 4B,2,0,,hangul,352,다,03,218,219,3890,73,패치 슬롯 0352 | 한글 문자 | 다,번역 03-218/219 · 다 / 토큰 82 E7 / KANJI 3890 / 가나다순 73
445,main,0,D609~D60A,D609,D60A,2,81 49,0x041B9 0x041BA,0x041B9~0x041BA,0x041B9,0x041BA,false,83 58,2,0,,punctuation,353,！,03,219,219,,,패치 슬롯 0353 | 문장부호 | ！,번역 03-219/219 · ！ / 토큰 81 49 / PC-88 전각 느낌표 토큰
446,main,0,D60B~D60D,D60B,D60D,3,16 7F E6,0x041BB 0x041BC 0x041BD,0x041BB~0x041BD,0x041BB,0x041BD,false,82 F0 8D,3,0,,control,,,,,,,,기존확인 제어 / 16h 서브스트림 호출/전환 → E67F,16h 서브스트림 호출/전환 → E67F 기존값 재사용; 서브스트림 → E67F; KANJI 해당 없음
447,substream,1,E67F~E683,E67F,E683,5,0F 03 06 03 0F,0x0526F 0x05270 0x05271 0x05272 0x05273,0x0526F~0x05273,0x0526F,0x05273,false,0F 03 06 03 0F,0,0,,control,,,,,,,,기존확인 제어 / 0F 계열 제어,0F 계열 제어토큰 기존값 재사용; KANJI 해당 없음
448,substream,1,E684~E686,E684,E686,3,16 95 E7,0x05274 0x05275 0x05276,0x05274~0x05276,0x05274,0x05276,false,16 95 E7,0,0,,control,,,,,,,,기존확인 제어 / 16h 서브스트림 호출/전환 → E795,16h 서브스트림 호출/전환 → E795 기존값 재사용; 서브스트림 → E795; KANJI 해당 없음
449,substream,2,E795~E797,E795,E797,3,1E 3C 08,0x05385 0x05386 0x05387,0x05385~0x05387,0x05385,0x05387,false,1E 3C 08,0,3,11,control,,,,,,,,기존확인 제어 / 1E 간접 CALL/083C→0F12 계열,1E 간접 CALL / 083C→0F12 계열 기존값 재사용; KANJI 해당 없음
450,substream,2,E798~E79D,E798,E79D,6,05 16 86 3A 9E 00,0x05388 0x05389 0x0538A 0x0538B 0x0538C 0x0538D,0x05388~0x0538D,0x05388,0x0538D,false,05 16 86 3A 9E 00,0,6,12,control,,,,,,,,기존확인 제어 / 05 계열 영역 전개/채움,05 계열 영역 전개/채움 기존값 재사용; KANJI 해당 없음
451,substream,2,E79E~E7A2,E79E,E7A2,5,0E 16 20 24 80,0x0538E 0x0538F 0x05390 0x05391 0x05392,0x0538E~0x05392,0x0538E,0x05392,false,0E 16 20 24 80,0,5,13,control,,,,,,,,기존확인 제어 / 0E 계열 표시/버퍼 설정,0E 계열 표시/버퍼 설정 기존값 재사용; KANJI 해당 없음
452,substream,2,E7A3,E7A3,E7A3,1,17,0x05393,0x05393,0x05393,0x05393,false,17,0,1,14,control,,,,,,,,기존확인 제어 / 17h 서브스트림 복귀,17h 서브스트림 복귀 기존값 재사용; 서브스트림 복귀; KANJI 해당 없음
453,substream,1,E687~E68A,E687,E68A,4,14 00 16 22,0x05277 0x05278 0x05279 0x0527A,0x05277~0x0527A,0x05277,0x0527A,false,14 00 16 22,0,0,,control,,,,,,,,기존확인 제어 / 14h 계열 4바이트 제어,14h 계열 4바이트 제어 기존값 재사용; KANJI 해당 없음
454,substream,1,E68B~E68E,E68B,E68E,4,14 01 3B 00,0x0527B 0x0527C 0x0527D 0x0527E,0x0527B~0x0527E,0x0527B,0x0527E,false,14 01 3B 00,0,0,,control,,,,,,,,기존확인 제어 / 14h 계열 4바이트 제어,14h 계열 4바이트 제어 기존값 재사용; KANJI 해당 없음
455,substream,1,E68F~E691,E68F,E691,3,16 AB E6,0x0527F 0x05280 0x05281,0x0527F~0x05281,0x0527F,0x05281,false,16 AB E6,0,0,,control,,,,,,,,기존확인 제어 / 16h 서브스트림 호출/전환 → E6AB,16h 서브스트림 호출/전환 → E6AB 기존값 재사용; 서브스트림 → E6AB; KANJI 해당 없음
456,substream,2,E6AB~E6AE,E6AB,E6AE,4,04 CA E8 41,0x0529B 0x0529C 0x0529D 0x0529E,0x0529B~0x0529E,0x0529B,0x0529E,false,04 CA E8 41,0,4,131,control,,,,,,,,기존확인 제어 / 04h CAA8 슬롯 포인터 설정,04h CAA8 슬롯 포인터 설정 기존값 재사용; KANJI 해당 없음
457,substream,2,E6AF~E6B2,E6AF,E6B2,4,04 DE E8 43,0x0529F 0x052A0 0x052A1 0x052A2,0x0529F~0x052A2,0x0529F,0x052A2,false,04 DE E8 43,0,4,132,control,,,,,,,,기존확인 제어 / 04h CAA8 슬롯 포인터 설정,04h CAA8 슬롯 포인터 설정 기존값 재사용; KANJI 해당 없음
458,substream,2,E6B3~E6B6,E6B3,E6B6,4,04 E8 E8 42,0x052A3 0x052A4 0x052A5 0x052A6,0x052A3~0x052A6,0x052A3,0x052A6,false,04 E8 E8 42,0,4,133,control,,,,,,,,기존확인 제어 / 04h CAA8 슬롯 포인터 설정,04h CAA8 슬롯 포인터 설정 기존값 재사용; KANJI 해당 없음
459,substream,2,E6B7~E6BA,E6B7,E6BA,4,04 F2 E8 44,0x052A7 0x052A8 0x052A9 0x052AA,0x052A7~0x052AA,0x052A7,0x052AA,false,04 F2 E8 44,0,4,134,control,,,,,,,,기존확인 제어 / 04h CAA8 슬롯 포인터 설정,04h CAA8 슬롯 포인터 설정 기존값 재사용; KANJI 해당 없음
460,substream,2,E6BB~E6BE,E6BB,E6BE,4,04 FC E8 45,0x052AB 0x052AC 0x052AD 0x052AE,0x052AB~0x052AE,0x052AB,0x052AE,false,04 FC E8 45,0,4,135,control,,,,,,,,기존확인 제어 / 04h CAA8 슬롯 포인터 설정,04h CAA8 슬롯 포인터 설정 기존값 재사용; KANJI 해당 없음
461,substream,2,E6BF~E6C2,E6BF,E6C2,4,04 06 E9 46,0x052AF 0x052B0 0x052B1 0x052B2,0x052AF~0x052B2,0x052AF,0x052B2,false,04 06 E9 46,0,4,136,control,,,,,,,,기존확인 제어 / 04h CAA8 슬롯 포인터 설정,04h CAA8 슬롯 포인터 설정 기존값 재사용; KANJI 해당 없음
462,substream,2,E6C3~E6C4,E6C3,E6C4,2,06 0E,0x052B3 0x052B4,0x052B3~0x052B4,0x052B3,0x052B4,false,06 0E,0,2,137,control,,,,,,,,기존확인 제어 / 06h 계열 상태 설정,06h 계열 상태 설정 기존값 재사용; KANJI 해당 없음
463,substream,2,E6C5,E6C5,E6C5,1,45,0x052B5,0x052B5,0x052B5,0x052B5,false,45,0,1,138,control,,,,,,,,기존확인 제어 / 41~50 계열 슬롯 실행,41~50 계열 슬롯 실행 기존값 재사용; 41~50 계열 슬롯 실행; KANJI 해당 없음
464,substream,2,E6C6,E6C6,E6C6,1,46,0x052B6,0x052B6,0x052B6,0x052B6,false,46,0,1,139,control,,,,,,,,기존확인 제어 / 41~50 계열 슬롯 실행,41~50 계열 슬롯 실행 기존값 재사용; 41~50 계열 슬롯 실행; KANJI 해당 없음
465,substream,2,E6C7~E6C8,E6C7,E6C8,2,01 05,0x052B7 0x052B8,0x052B7~0x052B8,0x052B7,0x052B8,false,01 05,0,2,140,control,,,,,,,,기존확인 제어 / 01h 계열 하위 제어 래퍼,01h 계열 하위 제어 래퍼 기존값 재사용; KANJI 해당 없음
466,substream,2,E6C9~E6CA,E6C9,E6CA,2,25 2B,0x052B9 0x052BA,0x052B9~0x052BA,0x052B9,0x052BA,false,25 2B,0,2,141,control,,,,,,,,기존확인 제어 / 25h CA1D 입 파츠 인덱스 설정,25h CA1D 입 파츠 인덱스 설정 기존값 재사용; CA1D=2B; KANJI 해당 없음
467,substream,2,E6CB,E6CB,E6CB,1,17,0x052BB,0x052BB,0x052BB,0x052BB,false,17,0,1,142,control,,,,,,,,기존확인 제어 / 17h 서브스트림 복귀,17h 서브스트림 복귀 기존값 재사용; 서브스트림 복귀; KANJI 해당 없음
468,substream,1,E692,E692,E692,1,43,0x05282,0x05282,0x05282,0x05282,false,43,0,0,,control,,,,,,,,기존확인 제어 / 41~50 계열 슬롯 실행,41~50 계열 슬롯 실행 기존값 재사용; 41~50 계열 슬롯 실행; KANJI 해당 없음
469,substream,1,E693,E693,E693,1,63,0x05283,0x05283,0x05283,0x05283,false,63,0,0,,control,,,,,,,,기존확인 제어 / 61~70 계열 작업슬롯 비활성화,61~70 계열 작업슬롯 비활성화 기존값 재사용; 61h 계열 슬롯 비활성화; KANJI 해당 없음
470,substream,1,E694~E696,E694,E696,3,13 B4 E7,0x05284 0x05285 0x05286,0x05284~0x05286,0x05284,0x05286,false,13 B4 E7,0,0,,control,,,,,,,,기존확인 제어 / 13h 계열 제어,13h 계열 제어토큰 기존값 재사용; KANJI 해당 없음
471,substream,1,E697,E697,E697,1,17,0x05287,0x05287,0x05287,0x05287,false,17,0,0,,control,,,,,,,,기존확인 제어 / 17h 서브스트림 복귀,17h 서브스트림 복귀 기존값 재사용; 서브스트림 복귀; KANJI 해당 없음
472,main,0,D60E,D60E,D60E,1,41,0x041BE,0x041BE,0x041BE,0x041BE,false,C4,1,0,,control,,,,,,,,기존 확인 제어 / 41~50 슬롯 실행,41~50 슬롯 실행 기존값 재사용; 41~50 계열 슬롯 실행; KANJI 해당 없음
473,main,0,D60F,D60F,D60F,1,44,0x041BF,0x041BF,0x041BF,0x041BF,false,82,1,0,,control,,,,,,,,기존 확인 제어 / 41~50 슬롯 실행,41~50 슬롯 실행 기존값 재사용; 41~50 계열 슬롯 실행; KANJI 해당 없음
474,main,0,D610,D610,D610,1,64,0x041C0,0x041C0,0x041C0,0x041C0,false,D1,1,0,,control,,,,,,,,기존 확인 제어 / 61~70 슬롯 비활성,61~70 슬롯 비활성 기존값 재사용; 61h 계열 슬롯 비활성화; KANJI 해당 없음
475,main,0,D611~D612,D611,D612,2,89 95,0x041C1 0x041C2,0x041C1~0x041C2,0x041C1,0x041C2,false,82 B1,2,0,,hangul,354,잔,04,1,22,E350,262,패치 슬롯 0354 | 한글 문자 | 잔,번역 04-001/022 · 잔 / 토큰 89 95 / KANJI E350 / 가나다순 262
476,main,0,D613~D614,D613,D614,2,89 8E,0x041C3 0x041C4,0x041C3~0x041C4,0x041C3,0x041C4,false,82 CC,2,0,,hangul,355,인,04,2,22,E2E0,255,패치 슬롯 0355 | 한글 문자 | 인,번역 04-002/022 · 인 / 토큰 89 8E / KANJI E2E0 / 가나다순 255
477,main,0,D615~D616,D615,D616,2,89 7C,0x041C5 0x041C6,0x041C5~0x041C6,0x041C5,0x041C6,false,92 6E,2,0,,hangul,356,왕,04,3,22,A3D0,238,패치 슬롯 0356 | 한글 문자 | 왕,번역 04-003/022 · 왕 / 토큰 89 7C / KANJI A3D0 / 가나다순 238
478,main,0,D617~D618,D617,D618,2,81 40,0x041C7 0x041C8,0x041C7~0x041C8,0x041C7,0x041C8,false,8F E3,2,0,,space,357,␠,04,4,22,,,패치 슬롯 0357 | 전각 공백 | ␠,번역 04-004/022 · ␠ / 토큰 81 40 / PC-88 전각 공백 토큰
479,main,0,D619~D61A,D619,D61A,2,88 DA,0x041C9 0x041CA,0x041C9~0x041CA,0x041C9,0x041CA,false,82 C9,2,0,,hangul,358,메,04,5,22,A1C0,143,패치 슬롯 0358 | 한글 문자 | 메,번역 04-005/022 · 메 / 토큰 88 DA / KANJI A1C0 / 가나다순 143
480,main,0,D61B~D61C,D61B,D61C,2,82 9F,0x041CB 0x041CC,0x041CB~0x041CC,0x041CB,0x041CC,false,89 F0,2,0,,hangul,359,가,04,6,22,1810,1,패치 슬롯 0359 | 한글 문자 | 가,번역 04-006/022 · 가 / 토큰 82 9F / KANJI 1810 / 가나다순 1
481,main,0,D61D~D61E,D61D,D61E,2,89 56,0x041CD 0x041CE,0x041CD~0x041CE,0x041CD,0x041CE,false,82 AB,2,0,,hangul,360,스,04,7,22,6370,200,패치 슬롯 0360 | 한글 문자 | 스,번역 04-007/022 · 스 / 토큰 89 56 / KANJI 6370 / 가나다순 200
482,main,0,D61F~D620,D61F,D620,2,81 49,0x041CF 0x041D0,0x041CF~0x041D0,0x041CF,0x041D0,false,95 FA,2,0,,punctuation,361,！,04,8,22,,,패치 슬롯 0361 | 문장부호 | ！,번역 04-008/022 · ！ / 토큰 81 49 / PC-88 전각 느낌표 토큰
483,main,0,D621~D622,D621,D622,2,81 48,0x041D1 0x041D2,0x041D1~0x041D2,0x041D1,0x041D2,false,82 C1,2,0,,punctuation,362,？,04,9,22,,,패치 슬롯 0362 | 문장부호 | ？,번역 04-009/022 · ？ / 토큰 81 48 / PC-88 전각 물음표 토큰
484,main,0,D623,D623,D623,1,44,0x041D3,0x041D3,0x041D3,0x041D3,false,82,1,0,,control,,,,,,,,기존 확인 제어 / 41~50 슬롯 실행,41~50 슬롯 실행 기존값 재사용; 41~50 계열 슬롯 실행; KANJI 해당 없음
485,main,0,D624~D625,D624,D625,2,81 40,0x041D4 0x041D5,0x041D4~0x041D5,0x041D4,0x041D5,false,C4 82,2,0,,space,363,␠,04,10,22,,,패치 슬롯 0363 | 전각 공백 | ␠,번역 04-010/022 · ␠ / 토큰 81 40 / PC-88 전각 공백 토큰
486,main,0,D626~D627,D626,D627,2,82 BD,0x041D6 0x041D7,0x041D6~0x041D7,0x041D6,0x041D7,false,B5 82,2,0,,hangul,364,그,04,11,22,19F0,31,패치 슬롯 0364 | 한글 문자 | 그,번역 04-011/022 · 그 / 토큰 82 BD / KANJI 19F0 / 가나다순 31
487,main,0,D628~D629,D628,D629,2,89 93,0x041D8 0x041D9,0x041D8~0x041D9,0x041D8,0x041D9,false,DC 82,2,0,,hangul,365,자,04,12,22,E330,260,패치 슬롯 0365 | 한글 문자 | 자,번역 04-012/022 · 자 / 토큰 89 93 / KANJI E330 / 가나다순 260
488,main,0,D62A~D62B,D62A,D62B,2,82 9F,0x041DA 0x041DB,0x041DA~0x041DB,0x041DA,0x041DB,false,C1 82,2,0,,hangul,366,가,04,13,22,1810,1,패치 슬롯 0366 | 한글 문자 | 가,번역 04-013/022 · 가 / 토큰 82 9F / KANJI 1810 / 가나다순 1
489,main,0,D62C~D62D,D62C,D62D,2,81 40,0x041DC 0x041DD,0x041DC~0x041DD,0x041DC,0x041DD,false,BD 82,2,0,,space,367,␠,04,14,22,,,패치 슬롯 0367 | 전각 공백 | ␠,번역 04-014/022 · ␠ / 토큰 81 40 / PC-88 전각 공백 토큰
490,main,0,D62E~D62F,D62E,D62F,2,82 EC,0x041DE 0x041DF,0x041DE~0x041DF,0x041DE,0x041DF,false,CC 82,2,0,,hangul,368,대,04,15,22,38E0,78,패치 슬롯 0368 | 한글 문자 | 대,번역 04-015/022 · 대 / 토큰 82 EC / KANJI 38E0 / 가나다순 78
491,main,0,D630~D631,D630,D631,2,89 BB,0x041E0 0x041E1,0x041E0~0x041E1,0x041E0,0x041E1,false,BE 81,2,0,,hangul,369,체,04,16,22,65D0,300,패치 슬롯 0369 | 한글 문자 | 체,번역 04-016/022 · 체 / 토큰 89 BB / KANJI 65D0 / 가나다순 300
492,main,0,D632~D633,D632,D633,2,81 40,0x041E2 0x041E3,0x041E2~0x041E3,0x041E2,0x041E3,false,49 16,2,0,,space,370,␠,04,17,22,,,패치 슬롯 0370 | 전각 공백 | ␠,번역 04-017/022 · ␠ / 토큰 81 40 / PC-88 전각 공백 토큰
493,main,0,D634~D635,D634,D635,2,82 DF,0x041E4 0x041E5,0x041E4~0x041E5,0x041E4,0x041E5,false,7F E6,2,0,,hangul,371,누,04,18,22,3810,65,패치 슬롯 0371 | 한글 문자 | 누,번역 04-018/022 · 누 / 토큰 82 DF / KANJI 3810 / 가나다순 65
494,main,0,D636~D637,D636,D637,2,82 B7,0x041E6 0x041E7,0x041E6~0x041E7,0x041E6,0x041E7,false,41 44,2,0,,hangul,372,구,04,19,22,1990,25,패치 슬롯 0372 | 한글 문자 | 구,번역 04-019/022 · 구 / 토큰 82 B7 / KANJI 1990 / 가나다순 25
495,main,0,D638~D639,D638,D639,2,89 6B,0x041E8 0x041E9,0x041E8~0x041E9,0x041E8,0x041E9,false,64 8E,2,0,,hangul,373,야,04,20,22,A2C0,221,패치 슬롯 0373 | 한글 문자 | 야,번역 04-020/022 · 야 / 토큰 89 6B / KANJI A2C0 / 가나다순 221
496,main,0,D63A~D63B,D63A,D63B,2,81 49,0x041EA 0x041EB,0x041EA~0x041EB,0x041EA,0x041EB,false,63 94,2,0,,punctuation,374,！,04,21,22,,,패치 슬롯 0374 | 문장부호 | ！,번역 04-021/022 · ！ / 토큰 81 49 / PC-88 전각 느낌표 토큰
497,main,0,D63C~D63D,D63C,D63D,2,81 48,0x041EC 0x041ED,0x041EC~0x041ED,0x041EC,0x041ED,false,45 89,2,0,,punctuation,375,？,04,22,22,,,패치 슬롯 0375 | 문장부호 | ？,번역 04-022/022 · ？ / 토큰 81 48 / PC-88 전각 물음표 토큰
498,main,0,D63E,D63E,D63E,1,41,0x041EE,0x041EE,0x041EE,0x041EE,false,A4,1,0,,control,,,,,,,,기존 확인 제어 / 41~50 슬롯 실행,41~50 슬롯 실행 기존값 재사용; 41~50 계열 슬롯 실행; KANJI 해당 없음
499,main,0,D63F,D63F,D63F,1,65,0x041EF,0x041EF,0x041EF,0x041EF,false,83,1,0,,control,,,,,,,,기존 확인 제어 / 61~70 슬롯 비활성,61~70 슬롯 비활성 기존값 재사용; 61h 계열 슬롯 비활성화; KANJI 해당 없음
500,main,0,D640,D640,D640,1,66,0x041F0,0x041F0,0x041F0,0x041F0,false,81,1,0,,control,,,,,,,,기존 확인 제어 / 61~70 슬롯 비활성,61~70 슬롯 비활성 기존값 재사용; 61h 계열 슬롯 비활성화; KANJI 해당 없음
501,main,0,D641~D643,D641,D643,3,16 3C E6,0x041F1 0x041F2 0x041F3,0x041F1~0x041F3,0x041F1,0x041F3,false,83 4B 83,3,0,,control,,,,,,,,기존확인 제어 / 16h 서브스트림 호출/전환 → E63C,16h 서브스트림 호출/전환 → E63C 기존값 재사용; 서브스트림 → E63C; KANJI 해당 없음
502,substream,1,E63C,E63C,E63C,1,65,0x0522C,0x0522C,0x0522C,0x0522C,false,65,0,1,7,control,,,,,,,,기존확인 제어 / 61h 계열 CAA8[4] 작업슬롯 비활성화,61h 계열 CAA8[4] 작업슬롯 비활성화 기존값 재사용; 61h 계열 슬롯 비활성화; KANJI 해당 없음
503,substream,1,E63D,E63D,E63D,1,66,0x0522D,0x0522D,0x0522D,0x0522D,false,66,0,1,8,control,,,,,,,,기존확인 제어 / 61h 계열 CAA8[5] 작업슬롯 비활성화,61h 계열 CAA8[5] 작업슬롯 비활성화 기존값 재사용; 61h 계열 슬롯 비활성화; KANJI 해당 없음
504,substream,1,E63E~E642,E63E,E642,5,0F 04 0D 03 08,0x0522E 0x0522F 0x05230 0x05231 0x05232,0x0522E~0x05232,0x0522E,0x05232,false,0F 04 0D 03 08,0,5,9,control,,,,,,,,기존확인 제어 / 0F 계열 제어,0F 계열 제어토큰 기존값 재사용; KANJI 해당 없음
505,substream,1,E643~E645,E643,E645,3,16 95 E7,0x05233 0x05234 0x05235,0x05233~0x05235,0x05233,0x05235,false,16 95 E7,0,3,10,control,,,,,,,,기존확인 제어 / 16h 서브스트림 호출/전환 → E795,16h 서브스트림 호출/전환 → E795 기존값 재사용; 서브스트림 → E795; KANJI 해당 없음
506,substream,2,E795~E797,E795,E797,3,1E 3C 08,0x05385 0x05386 0x05387,0x05385~0x05387,0x05385,0x05387,false,1E 3C 08,0,3,11,control,,,,,,,,기존확인 제어 / 1E 간접 CALL/083C→0F12 계열,1E 간접 CALL / 083C→0F12 계열 기존값 재사용; KANJI 해당 없음
507,substream,2,E798~E79D,E798,E79D,6,05 16 86 3A 9E 00,0x05388 0x05389 0x0538A 0x0538B 0x0538C 0x0538D,0x05388~0x0538D,0x05388,0x0538D,false,05 16 86 3A 9E 00,0,6,12,control,,,,,,,,기존확인 제어 / 05 계열 영역 전개/채움,05 계열 영역 전개/채움 기존값 재사용; KANJI 해당 없음
508,substream,2,E79E~E7A2,E79E,E7A2,5,0E 16 20 24 80,0x0538E 0x0538F 0x05390 0x05391 0x05392,0x0538E~0x05392,0x0538E,0x05392,false,0E 16 20 24 80,0,5,13,control,,,,,,,,기존확인 제어 / 0E 계열 표시/버퍼 설정,0E 계열 표시/버퍼 설정 기존값 재사용; KANJI 해당 없음
509,substream,2,E7A3,E7A3,E7A3,1,17,0x05393,0x05393,0x05393,0x05393,false,17,0,1,14,control,,,,,,,,기존확인 제어 / 17h 서브스트림 복귀,17h 서브스트림 복귀 기존값 재사용; 서브스트림 복귀; KANJI 해당 없음
510,substream,1,E646~E648,E646,E648,3,13 A4 E7,0x05236 0x05237 0x05238,0x05236~0x05238,0x05236,0x05238,false,13 A4 E7,0,3,15,control,,,,,,,,기존확인 제어 / 13h 계열 제어,13h 계열 제어토큰 기존값 재사용; KANJI 해당 없음
511,substream,1,E649~E64C,E649,E64C,4,14 00 16 22,0x05239 0x0523A 0x0523B 0x0523C,0x05239~0x0523C,0x05239,0x0523C,false,14 00 16 22,0,4,16,control,,,,,,,,기존확인 제어 / 14h 계열 4바이트 제어,14h 계열 4바이트 제어 기존값 재사용; KANJI 해당 없음
512,substream,1,E64D~E650,E64D,E650,4,14 01 3B 00,0x0523D 0x0523E 0x0523F 0x05240,0x0523D~0x05240,0x0523D,0x05240,false,14 01 3B 00,0,4,17,control,,,,,,,,기존확인 제어 / 14h 계열 4바이트 제어,14h 계열 4바이트 제어 기존값 재사용; KANJI 해당 없음
513,substream,1,E651~E654,E651,E654,4,04 AC E8 41,0x05241 0x05242 0x05243 0x05244,0x05241~0x05244,0x05241,0x05244,false,04 AC E8 41,0,4,18,control,,,,,,,,기존확인 제어 / 04h CAA8 슬롯 포인터 설정,04h CAA8 슬롯 포인터 설정 기존값 재사용; KANJI 해당 없음
514,substream,1,E655~E658,E655,E658,4,04 B6 E8 42,0x05245 0x05246 0x05247 0x05248,0x05245~0x05248,0x05245,0x05248,false,04 B6 E8 42,0,4,19,control,,,,,,,,기존확인 제어 / 04h CAA8 슬롯 포인터 설정,04h CAA8 슬롯 포인터 설정 기존값 재사용; KANJI 해당 없음
515,substream,1,E659~E65C,E659,E65C,4,04 C0 E8 43,0x05249 0x0524A 0x0524B 0x0524C,0x05249~0x0524C,0x05249,0x0524C,false,04 C0 E8 43,0,4,20,control,,,,,,,,기존확인 제어 / 04h CAA8 슬롯 포인터 설정,04h CAA8 슬롯 포인터 설정 기존값 재사용; KANJI 해당 없음
516,substream,1,E65D~E65E,E65D,E65E,2,06 12,0x0524D 0x0524E,0x0524D~0x0524E,0x0524D,0x0524E,false,06 12,0,2,21,control,,,,,,,,기존확인 제어 / 06h 계열 상태 설정,06h 계열 상태 설정 기존값 재사용; KANJI 해당 없음
517,substream,1,E65F~E660,E65F,E660,2,25 30,0x0524F 0x05250,0x0524F~0x05250,0x0524F,0x05250,false,25 30,0,2,22,control,,,,,,,,기존확인 제어 / 25h CA1D 입 파츠 인덱스 설정,25h CA1D 입 파츠 인덱스 설정 기존값 재사용; CA1D=30; KANJI 해당 없음
518,substream,1,E661,E661,E661,1,17,0x05251,0x05251,0x05251,0x05251,false,17,0,1,23,control,,,,,,,,기존확인 제어 / 17h 서브스트림 복귀,17h 서브스트림 복귀 기존값 재사용; 서브스트림 복귀; KANJI 해당 없음
519,main,0,D644,D644,D644,1,41,0x041F4,0x041F4,0x041F4,0x041F4,false,58,1,0,,control,,,,,,,,기존 확인 제어 / 41~50 슬롯 실행,41~50 슬롯 실행 기존값 재사용; 41~50 계열 슬롯 실행; KANJI 해당 없음
520,main,0,D645~D646,D645,D646,2,88 DA,0x041F5 0x041F6,0x041F5~0x041F6,0x041F5,0x041F6,false,81 49,2,0,,hangul,376,메,05,1,368,A1C0,143,패치 슬롯 0376 | 한글 문자 | 메,번역 05-001/368 · 메 / 토큰 88 DA / KANJI A1C0 / 가나다순 143
521,main,0,D647~D648,D647,D648,2,82 9F,0x041F7 0x041F8,0x041F7~0x041F8,0x041F7,0x041F8,false,81 48,2,0,,hangul,377,가,05,2,368,1810,1,패치 슬롯 0377 | 한글 문자 | 가,번역 05-002/368 · 가 / 토큰 82 9F / KANJI 1810 / 가나다순 1
522,main,0,D649~D64A,D649,D64A,2,89 56,0x041F9 0x041FA,0x041F9~0x041FA,0x041F9,0x041FA,false,81 40,2,0,,hangul,378,스,05,3,368,6370,200,패치 슬롯 0378 | 한글 문자 | 스,번역 05-003/368 · 스 / 토큰 89 56 / KANJI 6370 / 가나다순 200
523,main,0,D64B~D64C,D64B,D64C,2,82 E3,0x041FB 0x041FC,0x041FB~0x041FC,0x041FB,0x041FC,false,44 82,2,0,,hangul,379,는,05,4,368,3850,69,패치 슬롯 0379 | 한글 문자 | 는,번역 05-004/368 · 는 / 토큰 82 E3 / KANJI 3850 / 가나다순 69
524,main,0,D64D~D64E,D64D,D64E,2,81 40,0x041FD 0x041FE,0x041FD~0x041FE,0x041FD,0x041FE,false,BB 82,2,0,,space,380,␠,05,5,368,,,패치 슬롯 0380 | 전각 공백 | ␠,번역 05-005/368 · ␠ / 토큰 81 40 / PC-88 전각 공백 토큰
525,main,0,D64F~D650,D64F,D650,2,89 E4,0x041FF 0x04200,0x041FF~0x04200,0x041FF,0x04200,false,EA 82,2,0,,hangul,381,한,05,6,368,E460,341,패치 슬롯 0381 | 한글 문자 | 한,번역 05-006/368 · 한 / 토큰 89 E4 / KANJI E460 / 가나다순 341
526,main,0,D651~D652,D651,D652,2,88 AD,0x04201 0x04202,0x04201~0x04202,0x04201,0x04202,false,CD 88,2,0,,hangul,382,때,05,7,368,60F0,98,패치 슬롯 0382 | 한글 문자 | 때,번역 05-007/368 · 때 / 토큰 88 AD / KANJI 60F0 / 가나다순 98
527,main,0,D653~D654,D653,D654,2,81 40,0x04203 0x04204,0x04203~0x04204,0x04203,0x04204,false,EA 91,2,0,,space,383,␠,05,8,368,,,패치 슬롯 0383 | 전각 공백 | ␠,번역 05-008/368 · ␠ / 토큰 81 40 / PC-88 전각 공백 토큰
528,main,0,D655~D656,D655,D656,2,88 F2,0x04205 0x04206,0x04205~0x04206,0x04205,0x04206,false,CC 89,2,0,,hangul,384,베,05,9,368,E140,167,패치 슬롯 0384 | 한글 문자 | 베,번역 05-009/368 · 베 / 토큰 88 F2 / KANJI E140 / 가나다순 167
529,main,0,D657~D658,D657,D658,2,89 C2,0x04207 0x04208,0x04207~0x04208,0x04207,0x04208,false,BD 8E,2,0,,hangul,385,칸,05,10,368,A440,307,패치 슬롯 0385 | 한글 문자 | 칸,번역 05-010/368 · 칸 / 토큰 89 C2 / KANJI A440 / 가나다순 307
530,main,0,D659~D65A,D659,D65A,2,89 D7,0x04209 0x0420A,0x04209~0x0420A,0x04209,0x0420A,false,D2 82,2,0,,hangul,386,티,05,11,368,A590,328,패치 슬롯 0386 | 한글 문자 | 티,번역 05-011/368 · 티 / 토큰 89 D7 / KANJI A590 / 가나다순 328
531,main,0,D65B~D65C,D65B,D65C,2,89 8C,0x0420B 0x0420C,0x0420B~0x0420C,0x0420B,0x0420C,false,C8 82,2,0,,hangul,387,의,05,12,368,E2C0,253,패치 슬롯 0387 | 한글 문자 | 의,번역 05-012/368 · 의 / 토큰 89 8C / KANJI E2C0 / 가나다순 253
532,main,0,D65D,D65D,D65D,1,42,0x0420D,0x0420D,0x0420D,0x0420D,false,CC,1,0,,control,,,,,,,,기존 확인 제어 / 41~50 슬롯 실행,41~50 슬롯 실행 기존값 재사용; 41~50 계열 슬롯 실행; KANJI 해당 없음
533,main,0,D65E~D65F,D65E,D65F,2,81 40,0x0420E 0x0420F,0x0420E~0x0420F,0x0420E,0x0420F,false,81 49,1,0,,space,388,␠,05,13,368,,,패치 슬롯 0388 | 전각 공백 | ␠,번역 05-013/368 · ␠ / 토큰 81 40 / PC-88 전각 공백 토큰
534,main,0,D660~D661,D660,D661,2,89 7C,0x04210 0x04211,0x04210~0x04211,0x04210,0x04211,false,81 48,2,0,,hangul,389,왕,05,14,368,A3D0,238,패치 슬롯 0389 | 한글 문자 | 왕,번역 05-014/368 · 왕 / 토큰 89 7C / KANJI A3D0 / 가나다순 238
535,main,0,D662~D663,D662,D663,2,89 93,0x04212 0x04213,0x04212~0x04213,0x04212,0x04213,false,41 65,2,0,,hangul,390,자,05,15,368,E330,260,패치 슬롯 0390 | 한글 문자 | 자,번역 05-015/368 · 자 / 토큰 89 93 / KANJI E330 / 가나다순 260
536,main,0,D664~D665,D664,D665,2,89 75,0x04214 0x04215,0x04214~0x04215,0x04214,0x04215,false,66 16,2,0,,hangul,391,였,05,16,368,A360,231,패치 슬롯 0391 | 한글 문자 | 였,번역 05-016/368 · 였 / 토큰 89 75 / KANJI A360 / 가나다순 231
537,main,0,D666~D667,D666,D667,2,89 88,0x04216 0x04217,0x04216~0x04217,0x04216,0x04217,false,3C E6,2,0,,hangul,392,으,05,17,368,E280,249,패치 슬롯 0392 | 한글 문자 | 으,번역 05-017/368 · 으 / 토큰 89 88 / KANJI E280 / 가나다순 249
538,main,0,D668~D669,D668,D669,2,82 CE,0x04218 0x04219,0x04218~0x04219,0x04218,0x04219,false,41 83,2,0,,hangul,393,나,05,18,368,2900,48,패치 슬롯 0393 | 한글 문자 | 나,번역 05-018/368 · 나 / 토큰 82 CE / KANJI 2900 / 가나다순 48
539,main,0,D66A~D66B,D66A,D66B,2,81 41,0x0421A 0x0421B,0x0421A~0x0421B,0x0421A,0x0421B,false,81 83,1,0,,punctuation,394,、,05,19,368,,,패치 슬롯 0394 | 문장부호 | 、,번역 05-019/368 · 、 / 토큰 81 41 / PC-88 전각 쉼표 토큰
540,main,0,D66C~D66D,D66C,D66D,2,82 BD,0x0421C 0x0421D,0x0421C~0x0421D,0x0421C,0x0421D,false,4B 83,2,0,,hangul,395,그,05,20,368,19F0,31,패치 슬롯 0395 | 한글 문자 | 그,번역 05-020/368 · 그 / 토큰 82 BD / KANJI 19F0 / 가나다순 31
541,main,0,D66E~D66F,D66E,D66F,2,81 40,0x0421E 0x0421F,0x0421E~0x0421F,0x0421E,0x0421F,false,58 82,2,0,,space,396,␠,05,21,368,,,패치 슬롯 0396 | 전각 공백 | ␠,번역 05-021/368 · ␠ / 토큰 81 40 / PC-88 전각 공백 토큰
542,main,0,D670~D671,D670,D671,2,89 95,0x04220 0x04221,0x04220~0x04221,0x04220,0x04221,false,CD 82,2,0,,hangul,397,잔,05,22,368,E350,262,패치 슬롯 0397 | 한글 문자 | 잔,번역 05-022/368 · 잔 / 토큰 89 95 / KANJI E350 / 가나다순 262
543,main,0,D672~D673,D672,D673,2,89 F1,0x04222 0x04223,0x04222~0x04223,0x04222,0x04223,false,A9 82,2,0,,hangul,398,혹,05,23,368,E530,354,패치 슬롯 0398 | 한글 문자 | 혹,번역 05-023/368 · 혹 / 토큰 89 F1 / KANJI E530 / 가나다순 354
544,main,0,D674~D675,D674,D675,2,89 E4,0x04224 0x04225,0x04224~0x04225,0x04224,0x04225,false,C2 82,2,0,,hangul,399,한,05,24,368,E460,341,패치 슬롯 0399 | 한글 문자 | 한,번역 05-024/368 · 한 / 토큰 89 E4 / KANJI E460 / 가나다순 341
545,main,0,D676~D677,D676,D677,2,81 40,0x04226 0x04227,0x04226~0x04227,0x04226,0x04227,false,C4 83,2,0,,space,400,␠,05,25,368,,,패치 슬롯 0400 | 전각 공백 | ␠,번역 05-025/368 · ␠ / 토큰 81 40 / PC-88 전각 공백 토큰
546,main,0,D678~D679,D678,D679,2,89 4D,0x04228 0x04229,0x04228~0x04229,0x04228,0x04229,false,94 83,2,0,,hangul,401,성,05,26,368,62E0,191,패치 슬롯 0401 | 한글 문자 | 성,번역 05-026/368 · 성 / 토큰 89 4D / KANJI 62E0 / 가나다순 191
547,main,0,D67A~D67B,D67A,D67B,2,89 A0,0x0422A 0x0422B,0x0422A~0x0422B,0x0422A,0x0422B,false,46 83,2,0,,hangul,402,정,05,27,368,6420,273,패치 슬롯 0402 | 한글 문자 | 정,번역 05-027/368 · 정 / 토큰 89 A0 / KANJI 6420 / 가나다순 273
548,main,0,D67C~D67D,D67C,D67D,2,81 40,0x0422C 0x0422D,0x0422C~0x0422D,0x0422C,0x0422D,false,4A 83,2,0,,space,403,␠,05,28,368,,,패치 슬롯 0403 | 전각 공백 | ␠,번역 05-028/368 · ␠ / 토큰 81 40 / PC-88 전각 공백 토큰
549,main,0,D67E~D67F,D67E,D67F,2,89 CE,0x0422E 0x0422F,0x0422E~0x0422F,0x0422E,0x0422F,false,93 83,2,0,,hangul,404,탓,05,29,368,A500,319,패치 슬롯 0404 | 한글 문자 | 탓,번역 05-029/368 · 탓 / 토큰 89 CE / KANJI A500 / 가나다순 319
550,main,0,D680~D681,D680,D681,2,89 70,0x04230 0x04231,0x04230~0x04231,0x04230,0x04231,false,65 83,2,0,,hangul,405,에,05,30,368,A310,226,패치 슬롯 0405 | 한글 문자 | 에,번역 05-030/368 · 에 / 토큰 89 70 / KANJI A310 / 가나다순 226
551,main,0,D682~D683,D682,D683,2,81 40,0x04232 0x04233,0x04232~0x04233,0x04232,0x04233,false,42 82,2,0,,space,406,␠,05,31,368,,,패치 슬롯 0406 | 전각 공백 | ␠,번역 05-031/368 · ␠ / 토큰 81 40 / PC-88 전각 공백 토큰
552,main,0,D684~D685,D684,D685,2,89 C0,0x04234 0x04235,0x04234~0x04235,0x04234,0x04235,false,CC 42,2,0,,hangul,407,친,05,32,368,A420,305,패치 슬롯 0407 | 한글 문자 | 친,번역 05-032/368 · 친 / 토큰 89 C0 / KANJI A420 / 가나다순 305
553,main,0,D686~D687,D686,D687,2,89 A4,0x04236 0x04237,0x04236~0x04237,0x04236,0x04237,false,89 A4,0,0,,hangul,408,족,05,33,368,6460,277,패치 슬롯 0408 | 한글 문자 | 족,번역 05-033/368 · 족 / 토큰 89 A4 / KANJI 6460 / 가나다순 277
554,main,0,D688~D689,D688,D689,2,88 AA,0x04238 0x04239,0x04238~0x04239,0x04238,0x04239,false,8E 71,2,0,,hangul,409,들,05,34,368,60C0,95,패치 슬롯 0409 | 한글 문자 | 들,번역 05-034/368 · 들 / 토큰 88 AA / KANJI 60C0 / 가나다순 95
555,main,0,D68A~D68B,D68A,D68B,2,88 D1,0x0423A 0x0423B,0x0423A~0x0423B,0x0423A,0x0423B,false,82 C6,2,0,,hangul,410,마,05,35,368,A130,134,패치 슬롯 0410 | 한글 문자 | 마,번역 05-035/368 · 마 / 토큰 88 D1 / KANJI A130 / 가나다순 134
556,main,0,D68C~D68D,D68C,D68D,2,89 9B,0x0423C 0x0423D,0x0423C~0x0423D,0x0423C,0x0423D,false,82 B5,2,0,,hangul,411,저,05,36,368,E3B0,268,패치 슬롯 0411 | 한글 문자 | 저,번역 05-036/368 · 저 / 토큰 89 9B / KANJI E3B0 / 가나다순 268
557,main,0,D68E~D68F,D68E,D68F,2,81 40,0x0423E 0x0423F,0x0423E~0x0423F,0x0423E,0x0423F,false,82 C4,2,0,,space,412,␠,05,37,368,,,패치 슬롯 0412 | 전각 공백 | ␠,번역 05-037/368 · ␠ / 토큰 81 40 / PC-88 전각 공백 토큰
558,main,0,D690~D691,D690,D691,2,88 E0,0x04240 0x04241,0x04240~0x04241,0x04240,0x04241,false,90 B6,2,0,,hangul,413,목,05,38,368,E020,149,패치 슬롯 0413 | 한글 문자 | 목,번역 05-038/368 · 목 / 토큰 88 E0 / KANJI E020 / 가나다순 149
559,main,0,D692~D693,D692,D693,2,89 55,0x04242 0x04243,0x04242~0x04243,0x04242,0x04243,false,82 DC,2,0,,hangul,414,숨,05,39,368,6360,199,패치 슬롯 0414 | 한글 문자 | 숨,번역 05-039/368 · 숨 / 토큰 89 55 / KANJI 6360 / 가나다순 199
560,main,0,D694~D695,D694,D695,2,89 8C,0x04244 0x04245,0x04244~0x04245,0x04244,0x04245,false,82 EA,2,0,,hangul,415,의,05,40,368,E2C0,253,패치 슬롯 0415 | 한글 문자 | 의,번역 05-040/368 · 의 / 토큰 89 8C / KANJI E2C0 / 가나다순 253
561,main,0,D696,D696,D696,1,42,0x04246,0x04246,0x04246,0x04246,false,82,1,0,,control,,,,,,,,기존 확인 제어 / 41~50 슬롯 실행,41~50 슬롯 실행 기존값 재사용; 41~50 계열 슬롯 실행; KANJI 해당 없음
562,main,0,D697~D698,D697,D698,2,81 40,0x04247 0x04248,0x04247~0x04248,0x04247,0x04248,false,C8 82,2,0,,space,416,␠,05,41,368,,,패치 슬롯 0416 | 전각 공백 | ␠,번역 05-041/368 · ␠ / 토큰 81 40 / PC-88 전각 공백 토큰
563,main,0,D699~D69A,D699,D69A,2,89 85,0x04249 0x0424A,0x04249~0x0424A,0x04249,0x0424A,false,AA 82,2,0,,hangul,417,위,05,42,368,E250,246,패치 슬롯 0417 | 한글 문자 | 위,번역 05-042/368 · 위 / 토큰 89 85 / KANJI E250 / 가나다순 246
564,main,0,D69B~D69C,D69B,D69C,2,89 ED,0x0424B 0x0424C,0x0424B~0x0424C,0x0424B,0x0424C,false,E7 81,2,0,,hangul,418,협,05,43,368,E4F0,350,패치 슬롯 0418 | 한글 문자 | 협,번역 05-043/368 · 협 / 토큰 89 ED / KANJI E4F0 / 가나다순 350
565,main,0,D69D~D69E,D69D,D69E,2,89 8A,0x0424D 0x0424E,0x0424D~0x0424E,0x0424D,0x0424E,false,41 82,2,0,,hangul,419,을,05,44,368,E2A0,251,패치 슬롯 0419 | 한글 문자 | 을,번역 05-044/368 · 을 / 토큰 89 8A / KANJI E2A0 / 가나다순 251
566,main,0,D69F~D6A0,D69F,D6A0,2,81 40,0x0424F 0x04250,0x0424F~0x04250,0x0424F,0x04250,false,BB 82,2,0,,space,420,␠,05,45,368,,,패치 슬롯 0420 | 전각 공백 | ␠,번역 05-045/368 · ␠ / 토큰 81 40 / PC-88 전각 공백 토큰
567,main,0,D6A1~D6A2,D6A1,D6A2,2,82 E2,0x04251 0x04252,0x04251~0x04252,0x04251,0x04252,false,CC 8E,2,0,,hangul,421,느,05,46,368,3840,68,패치 슬롯 0421 | 한글 문자 | 느,번역 05-046/368 · 느 / 토큰 82 E2 / KANJI 3840 / 가나다순 68
568,main,0,D6A3~D6A4,D6A3,D6A4,2,82 CD,0x04253 0x04254,0x04253~0x04254,0x04253,0x04254,false,63 94,2,0,,hangul,422,끼,05,47,368,28F0,47,패치 슬롯 0422 | 한글 문자 | 끼,번역 05-047/368 · 끼 / 토큰 82 CD / KANJI 28F0 / 가나다순 47
569,main,0,D6A5~D6A6,D6A5,D6A6,2,82 B1,0x04255 0x04256,0x04255~0x04256,0x04255,0x04256,false,45 82,2,0,,hangul,423,고,05,48,368,1930,19,패치 슬롯 0423 | 한글 문자 | 고,번역 05-048/368 · 고 / 토큰 82 B1 / KANJI 1930 / 가나다순 19
570,main,0,D6A7~D6A8,D6A7,D6A8,2,81 40,0x04257 0x04258,0x04257~0x04258,0x04257,0x04258,false,B3 82,2,0,,space,424,␠,05,49,368,,,패치 슬롯 0424 | 전각 공백 | ␠,번역 05-049/368 · ␠ / 토큰 81 40 / PC-88 전각 공백 토큰
571,main,0,D6A9~D6AA,D6A9,D6AA,2,89 6A,0x04259 0x0425A,0x04259~0x0425A,0x04259,0x0425A,false,E4 82,2,0,,hangul,425,앞,05,50,368,A2B0,220,패치 슬롯 0425 | 한글 문자 | 앞,번역 05-050/368 · 앞 / 토큰 89 6A / KANJI A2B0 / 가나다순 220
572,main,0,D6AB~D6AC,D6AB,D6AC,2,82 D0,0x0425B 0x0425C,0x0425B~0x0425C,0x0425B,0x0425C,false,A6 81,2,0,,hangul,426,날,05,51,368,2920,50,패치 슬롯 0426 | 한글 문자 | 날,번역 05-051/368 · 날 / 토큰 82 D0 / KANJI 2920 / 가나다순 50
573,main,0,D6AD~D6AE,D6AD,D6AE,2,89 8A,0x0425D 0x0425E,0x0425D~0x0425E,0x0425D,0x0425E,false,41 90,2,0,,hangul,427,을,05,52,368,E2A0,251,패치 슬롯 0427 | 한글 문자 | 을,번역 05-052/368 · 을 / 토큰 89 8A / KANJI E2A0 / 가나다순 251
574,main,0,D6AF~D6B0,D6AF,D6B0,2,81 40,0x0425F 0x04260,0x0425F~0x04260,0x0425F,0x04260,false,65 91,2,0,,space,428,␠,05,53,368,,,패치 슬롯 0428 | 전각 공백 | ␠,번역 05-053/368 · ␠ / 토큰 81 40 / PC-88 전각 공백 토큰
575,main,0,D6B1~D6B2,D6B1,D6B2,2,88 A5,0x04261 0x04262,0x04261~0x04262,0x04261,0x04262,false,B0 82,2,0,,hangul,429,두,05,54,368,6070,90,패치 슬롯 0429 | 한글 문자 | 두,번역 05-054/368 · 두 / 토큰 88 A5 / KANJI 6070 / 가나다순 90
576,main,0,D6B3~D6B4,D6B3,D6B4,2,88 C1,0x04263 0x04264,0x04263~0x04264,0x04263,0x04264,false,B3 82,2,0,,hangul,430,려,05,55,368,A030,118,패치 슬롯 0430 | 한글 문자 | 려,번역 05-055/368 · 려 / 토큰 88 C1 / KANJI A030 / 가나다순 118
577,main,0,D6B5~D6B6,D6B5,D6B6,2,89 83,0x04265 0x04266,0x04265~0x04266,0x04265,0x04266,false,A6 82,2,0,,hangul,431,워,05,56,368,E230,244,패치 슬롯 0431 | 한글 문자 | 워,번역 05-056/368 · 워 / 토큰 89 83 / KANJI E230 / 가나다순 244
578,main,0,D6B7~D6B8,D6B7,D6B8,2,89 E9,0x04267 0x04268,0x04267~0x04268,0x04267,0x04268,false,E0 82,2,0,,hangul,432,했,05,57,368,E4B0,346,패치 슬롯 0432 | 한글 문자 | 했,번역 05-057/368 · 했 / 토큰 89 E9 / KANJI E4B0 / 가나다순 346
579,main,0,D6B9~D6BA,D6B9,D6BA,2,82 C1,0x04269 0x0426A,0x04269~0x0426A,0x04269,0x0426A,false,AA 90,2,0,,hangul,433,기,05,58,368,2830,35,패치 슬롯 0433 | 한글 문자 | 기,번역 05-058/368 · 기 / 토큰 82 C1 / KANJI 2830 / 가나다순 35
580,main,0,D6BB~D6BC,D6BB,D6BC,2,89 70,0x0426B 0x0426C,0x0426B~0x0426C,0x0426B,0x0426C,false,67 82,2,0,,hangul,434,에,05,59,368,A310,226,패치 슬롯 0434 | 한글 문자 | 에,번역 05-059/368 · 에 / 토큰 89 70 / KANJI A310 / 가나다순 226
581,main,0,D6BD~D6BE,D6BD,D6BE,2,81 41,0x0426D 0x0426E,0x0426D~0x0426E,0x0426D,0x0426E,false,CC 42,2,0,,punctuation,435,、,05,60,368,,,패치 슬롯 0435 | 문장부호 | 、,번역 05-060/368 · 、 / 토큰 81 41 / PC-88 전각 쉼표 토큰
582,main,0,D6BF~D6C0,D6BF,D6C0,2,82 AE,0x0426F 0x04270,0x0426F~0x04270,0x0426F,0x04270,false,8A EB,2,0,,hangul,436,결,05,61,368,1900,16,패치 슬롯 0436 | 한글 문자 | 결,번역 05-061/368 · 결 / 토큰 82 AE / KANJI 1900 / 가나다순 16
583,main,0,D6C1~D6C2,D6C1,D6C2,2,82 B8,0x04271 0x04272,0x04271~0x04272,0x04271,0x04272,false,8C AF,2,0,,hangul,437,국,05,62,368,19A0,26,패치 슬롯 0437 | 한글 문자 | 국,번역 05-062/368 · 국 / 토큰 82 B8 / KANJI 19A0 / 가나다순 26
584,main,0,D6C3~D6C4,D6C3,D6C4,2,81 40,0x04273 0x04274,0x04273~0x04274,0x04273,0x04274,false,82 F0,2,0,,space,438,␠,05,63,368,,,패치 슬롯 0438 | 전각 공백 | ␠,번역 05-063/368 · ␠ / 토큰 81 40 / PC-88 전각 공백 토큰
585,main,0,D6C5~D6C6,D6C5,D6C6,2,89 C0,0x04275 0x04276,0x04275~0x04276,0x04275,0x04276,false,8A EB,2,0,,hangul,439,친,05,64,368,A420,305,패치 슬롯 0439 | 한글 문자 | 친,번역 05-064/368 · 친 / 토큰 89 C0 / KANJI A420 / 가나다순 305
586,main,0,D6C7~D6C8,D6C7,D6C8,2,89 60,0x04277 0x04278,0x04277~0x04278,0x04277,0x04278,false,82 D4,2,0,,hangul,440,아,05,65,368,A210,210,패치 슬롯 0440 | 한글 문자 | 아,번역 05-065/368 · 아 / 토큰 89 60 / KANJI A210 / 가나다순 210
587,main,0,D6C9~D6CA,D6C9,D6CA,2,88 F0,0x04279 0x0427A,0x04279~0x0427A,0x04279,0x0427A,false,82 DD,2,0,,hangul,441,버,05,66,368,E120,165,패치 슬롯 0441 | 한글 문자 | 버,번역 05-066/368 · 버 / 토큰 88 F0 / KANJI E120 / 가나다순 165
588,main,0,D6CB~D6CC,D6CB,D6CC,2,89 B3,0x0427B 0x0427C,0x0427B~0x0427C,0x0427B,0x0427C,false,81 41,2,0,,hangul,442,지,05,67,368,6550,292,패치 슬롯 0442 | 한글 문자 | 지,번역 05-067/368 · 지 / 토큰 89 B3 / KANJI 6550 / 가나다순 292
589,main,0,D6CD~D6CE,D6CD,D6CE,2,89 70,0x0427D 0x0427E,0x0427D~0x0427E,0x0427D,0x0427E,false,8D 73,2,0,,hangul,443,에,05,68,368,A310,226,패치 슬롯 0443 | 한글 문자 | 에,번역 05-068/368 · 에 / 토큰 89 70 / KANJI A310 / 가나다순 226
590,main,0,D6CF~D6D0,D6CF,D6D0,2,81 40,0x0427F 0x04280,0x0427F~0x04280,0x0427F,0x04280,false,82 AD,2,0,,space,444,␠,05,69,368,,,패치 슬롯 0444 | 전각 공백 | ␠,번역 05-069/368 · ␠ / 토큰 81 40 / PC-88 전각 공백 토큰
591,main,0,D6D1~D6D2,D6D1,D6D2,2,89 8C,0x04281 0x04282,0x04281~0x04282,0x04281,0x04282,false,96 96,2,0,,hangul,445,의,05,70,368,E2C0,253,패치 슬롯 0445 | 한글 문자 | 의,번역 05-070/368 · 의 / 토큰 89 8C / KANJI E2C0 / 가나다순 253
592,main,0,D6D3~D6D4,D6D3,D6D4,2,89 E8,0x04283 0x04284,0x04283~0x04284,0x04283,0x04284,false,82 F0,2,0,,hangul,446,해,05,71,368,E4A0,345,패치 슬롯 0446 | 한글 문자 | 해,번역 05-071/368 · 해 / 토큰 89 E8 / KANJI E4A0 / 가나다순 345
593,main,0,D6D5~D6D6,D6D5,D6D6,2,81 40,0x04285 0x04286,0x04285~0x04286,0x04285,0x04286,false,8B B0,2,0,,space,447,␠,05,72,368,,,패치 슬롯 0447 | 전각 공백 | ␠,번역 05-072/368 · ␠ / 토큰 81 40 / PC-88 전각 공백 토큰
594,main,0,D6D7~D6D8,D6D7,D6D8,2,89 B7,0x04287 0x04288,0x04287~0x04288,0x04287,0x04288,false,82 EA,2,0,,hangul,448,차,05,73,368,6590,296,패치 슬롯 0448 | 한글 문자 | 차,번역 05-073/368 · 차 / 토큰 89 B7 / KANJI 6590 / 가나다순 296
595,main,0,D6D9~D6DA,D6D9,D6DA,2,89 84,0x04289 0x0428A,0x04289~0x0428A,0x04289,0x0428A,false,81 41,2,0,,hangul,449,원,05,74,368,E240,245,패치 슬롯 0449 | 한글 문자 | 원,번역 05-074/368 · 원 / 토큰 89 84 / KANJI E240 / 가나다순 245
596,main,0,D6DB~D6DC,D6DB,D6DC,2,89 8C,0x0428B 0x0428C,0x0428B~0x0428C,0x0428B,0x0428C,false,8E C0,2,0,,hangul,450,의,05,75,368,E2C0,253,패치 슬롯 0450 | 한글 문자 | 의,번역 05-075/368 · 의 / 토큰 89 8C / KANJI E2C0 / 가나다순 253
597,main,0,D6DD,D6DD,D6DD,1,42,0x0428D,0x0428D,0x0428D,0x0428D,false,82,1,0,,control,,,,,,,,기존확인 제어 / 41~50 계열 슬롯 실행,41~50 계열 슬롯 실행 기존값 재사용; 41~50 계열 슬롯 실행; KANJI 해당 없음
598,main,0,D6DE~D6DF,D6DE,D6DF,2,81 40,0x0428E 0x0428F,0x0428E~0x0428F,0x0428E,0x0428F,false,CC 95,2,0,,space,451,␠,05,76,368,,,패치 슬롯 0451 | 전각 공백 | ␠,번역 05-076/368 · ␠ / 토큰 81 40 / PC-88 전각 공백 토큰
599,main,0,D6E0~D6E1,D6E0,D6E1,2,82 BC,0x04290 0x04291,0x04290~0x04291,0x04290,0x04291,false,83 82,2,0,,hangul,452,균,05,77,368,19E0,30,패치 슬롯 0452 | 한글 문자 | 균,번역 05-077/368 · 균 / 토큰 82 BC / KANJI 19E0 / 가나다순 30
600,main,0,D6E2~D6E3,D6E2,D6E3,2,89 74,0x04292 0x04293,0x04292~0x04293,0x04292,0x04293,false,C9 82,2,0,,hangul,453,열,05,78,368,A350,230,패치 슬롯 0453 | 한글 문자 | 열,번역 05-078/368 · 열 / 토큰 89 74 / KANJI A350 / 가나다순 230
601,main,0,D6E4~D6E5,D6E4,D6E5,2,88 C5,0x04294 0x04295,0x04294~0x04295,0x04294,0x04295,false,E6 82,2,0,,hangul,454,로,05,79,368,A070,122,패치 슬롯 0454 | 한글 문자 | 로,번역 05-079/368 · 로 / 토큰 88 C5 / KANJI A070 / 가나다순 122
602,main,0,D6E6~D6E7,D6E6,D6E7,2,81 40,0x04296 0x04297,0x04296~0x04297,0x04296,0x04297,false,E8 8E,2,0,,space,455,␠,05,80,368,,,패치 슬롯 0455 | 전각 공백 | ␠,번역 05-080/368 · ␠ / 토큰 81 40 / PC-88 전각 공백 토큰
603,main,0,D6E8~D6E9,D6E8,D6E9,2,89 BD,0x04298 0x04299,0x04298~0x04299,0x04298,0x04299,false,9F 8C,2,0,,hangul,456,추,05,81,368,65F0,302,패치 슬롯 0456 | 한글 문자 | 추,번역 05-081/368 · 추 / 토큰 89 BD / KANJI 65F0 / 가나다순 302
604,main,0,D6EA~D6EB,D6EA,D6EB,2,88 EE,0x0429A 0x0429B,0x0429A~0x0429B,0x0429A,0x0429B,false,B3 82,2,0,,hangul,457,방,05,82,368,E100,163,패치 슬롯 0457 | 한글 문자 | 방,번역 05-082/368 · 방 / 토큰 88 EE / KANJI E100 / 가나다순 163
605,main,0,D6EC~D6ED,D6EC,D6ED,2,82 EB,0x0429C 0x0429D,0x0429C~0x0429D,0x0429C,0x0429D,false,CC 97,2,0,,hangul,458,당,05,83,368,38D0,77,패치 슬롯 0458 | 한글 문자 | 당,번역 05-083/368 · 당 / 토큰 82 EB / KANJI 38D0 / 가나다순 77
606,main,0,D6EE~D6EF,D6EE,D6EF,2,89 E9,0x0429E 0x0429F,0x0429E~0x0429F,0x0429E,0x0429F,false,F4 82,2,0,,hangul,459,했,05,84,368,E4B0,346,패치 슬롯 0459 | 한글 문자 | 했,번역 05-084/368 · 했 / 토큰 89 E9 / KANJI E4B0 / 가나다순 346
607,main,0,D6F0~D6F1,D6F0,D6F1,2,82 E7,0x042A0 0x042A1,0x042A0~0x042A1,0x042A0,0x042A1,false,AF 96,2,0,,hangul,460,다,05,85,368,3890,73,패치 슬롯 0460 | 한글 문자 | 다,번역 05-085/368 · 다 / 토큰 82 E7 / KANJI 3890 / 가나다순 73
608,main,0,D6F2~D6F3,D6F2,D6F3,2,81 42,0x042A2 0x042A3,0x042A2~0x042A3,0x042A2,0x042A3,false,DA 82,2,0,,punctuation,461,。,05,86,368,,,패치 슬롯 0461 | 문장부호 | 。,번역 05-086/368 · 。 / 토큰 81 42 / PC-88 전각 마침표 토큰
609,main,0,D6F4,D6F4,D6F4,1,61,0x042A4,0x042A4,0x042A4,0x042A4,false,C9,1,0,,control,,,,,,,,기존확인 제어 / 61h 계열 CAA8[0] 작업슬롯 비활성화,61h 계열 CAA8[0] 작업슬롯 비활성화 기존값 재사용; 61h 계열 슬롯 비활성화; KANJI 해당 없음
610,main,0,D6F5~D6F7,D6F5,D6F7,3,16 7F E6,0x042A5 0x042A6 0x042A7,0x042A5~0x042A7,0x042A5,0x042A7,false,42 92 C7,3,0,,control,,,,,,,,기존확인 제어 / 16h 서브스트림 호출/전환 → E67F,16h 서브스트림 호출/전환 → E67F 기존값 재사용; 서브스트림 → E67F; KANJI 해당 없음
611,substream,1,E67F~E683,E67F,E683,5,0F 03 06 03 0F,0x0526F 0x05270 0x05271 0x05272 0x05273,0x0526F~0x05273,0x0526F,0x05273,false,0F 03 06 03 0F,0,5,447,control,,,,,,,,기존확인 제어 / 0F 계열 제어,0F 계열 제어토큰 기존값 재사용; KANJI 해당 없음
612,substream,1,E684~E686,E684,E686,3,16 95 E7,0x05274 0x05275 0x05276,0x05274~0x05276,0x05274,0x05276,false,16 95 E7,0,3,448,control,,,,,,,,기존확인 제어 / 16h 서브스트림 호출/전환 → E795,16h 서브스트림 호출/전환 → E795 기존값 재사용; 서브스트림 → E795; KANJI 해당 없음
613,substream,2,E795~E797,E795,E797,3,1E 3C 08,0x05385 0x05386 0x05387,0x05385~0x05387,0x05385,0x05387,false,1E 3C 08,0,3,11,control,,,,,,,,기존확인 제어 / 1E 간접 CALL/083C→0F12 계열,1E 간접 CALL / 083C→0F12 계열 기존값 재사용; KANJI 해당 없음
614,substream,2,E798~E79D,E798,E79D,6,05 16 86 3A 9E 00,0x05388 0x05389 0x0538A 0x0538B 0x0538C 0x0538D,0x05388~0x0538D,0x05388,0x0538D,false,05 16 86 3A 9E 00,0,6,12,control,,,,,,,,기존확인 제어 / 05 계열 영역 전개/채움,05 계열 영역 전개/채움 기존값 재사용; KANJI 해당 없음
615,substream,2,E79E~E7A2,E79E,E7A2,5,0E 16 20 24 80,0x0538E 0x0538F 0x05390 0x05391 0x05392,0x0538E~0x05392,0x0538E,0x05392,false,0E 16 20 24 80,0,5,13,control,,,,,,,,기존확인 제어 / 0E 계열 표시/버퍼 설정,0E 계열 표시/버퍼 설정 기존값 재사용; KANJI 해당 없음
616,substream,2,E7A3,E7A3,E7A3,1,17,0x05393,0x05393,0x05393,0x05393,false,17,0,1,14,control,,,,,,,,기존확인 제어 / 17h 서브스트림 복귀,17h 서브스트림 복귀 기존값 재사용; 서브스트림 복귀; KANJI 해당 없음
617,substream,1,E687~E68A,E687,E68A,4,14 00 16 22,0x05277 0x05278 0x05279 0x0527A,0x05277~0x0527A,0x05277,0x0527A,false,14 00 16 22,0,4,453,control,,,,,,,,기존확인 제어 / 14h 계열 버퍼/영역 처리,14h 계열 버퍼/영역 처리 기존값 재사용; KANJI 해당 없음
618,substream,1,E68B~E68E,E68B,E68E,4,14 01 3B 00,0x0527B 0x0527C 0x0527D 0x0527E,0x0527B~0x0527E,0x0527B,0x0527E,false,14 01 3B 00,0,4,454,control,,,,,,,,기존확인 제어 / 14h 계열 버퍼/영역 처리,14h 계열 버퍼/영역 처리 기존값 재사용; KANJI 해당 없음
619,substream,1,E68F~E691,E68F,E691,3,16 AB E6,0x0527F 0x05280 0x05281,0x0527F~0x05281,0x0527F,0x05281,false,16 AB E6,0,3,455,control,,,,,,,,기존확인 제어 / 16h 서브스트림 호출/전환 → E6AB,16h 서브스트림 호출/전환 → E6AB 기존값 재사용; 서브스트림 → E6AB; KANJI 해당 없음
620,substream,2,E6AB~E6AE,E6AB,E6AE,4,04 CA E8 41,0x0529B 0x0529C 0x0529D 0x0529E,0x0529B~0x0529E,0x0529B,0x0529E,false,04 CA E8 41,0,4,131,control,,,,,,,,기존확인 제어 / 04h CAA8 슬롯 포인터 설정,04h CAA8 슬롯 포인터 설정 기존값 재사용; KANJI 해당 없음
621,substream,2,E6AF~E6B2,E6AF,E6B2,4,04 DE E8 43,0x0529F 0x052A0 0x052A1 0x052A2,0x0529F~0x052A2,0x0529F,0x052A2,false,04 DE E8 43,0,4,132,control,,,,,,,,기존확인 제어 / 04h CAA8 슬롯 포인터 설정,04h CAA8 슬롯 포인터 설정 기존값 재사용; KANJI 해당 없음
622,substream,2,E6B3~E6B6,E6B3,E6B6,4,04 E8 E8 42,0x052A3 0x052A4 0x052A5 0x052A6,0x052A3~0x052A6,0x052A3,0x052A6,false,04 E8 E8 42,0,4,133,control,,,,,,,,기존확인 제어 / 04h CAA8 슬롯 포인터 설정,04h CAA8 슬롯 포인터 설정 기존값 재사용; KANJI 해당 없음
623,substream,2,E6B7~E6BA,E6B7,E6BA,4,04 F2 E8 44,0x052A7 0x052A8 0x052A9 0x052AA,0x052A7~0x052AA,0x052A7,0x052AA,false,04 F2 E8 44,0,4,134,control,,,,,,,,기존확인 제어 / 04h CAA8 슬롯 포인터 설정,04h CAA8 슬롯 포인터 설정 기존값 재사용; KANJI 해당 없음
624,substream,2,E6BB~E6BE,E6BB,E6BE,4,04 FC E8 45,0x052AB 0x052AC 0x052AD 0x052AE,0x052AB~0x052AE,0x052AB,0x052AE,false,04 FC E8 45,0,4,135,control,,,,,,,,기존확인 제어 / 04h CAA8 슬롯 포인터 설정,04h CAA8 슬롯 포인터 설정 기존값 재사용; KANJI 해당 없음
625,substream,2,E6BF~E6C2,E6BF,E6C2,4,04 06 E9 46,0x052AF 0x052B0 0x052B1 0x052B2,0x052AF~0x052B2,0x052AF,0x052B2,false,04 06 E9 46,0,4,136,control,,,,,,,,기존확인 제어 / 04h CAA8 슬롯 포인터 설정,04h CAA8 슬롯 포인터 설정 기존값 재사용; KANJI 해당 없음
626,substream,2,E6C3~E6C4,E6C3,E6C4,2,06 0E,0x052B3 0x052B4,0x052B3~0x052B4,0x052B3,0x052B4,false,06 0E,0,2,137,control,,,,,,,,기존확인 제어 / 06h 계열 상태 설정,06h 계열 상태 설정 기존값 재사용; KANJI 해당 없음
627,substream,2,E6C5,E6C5,E6C5,1,45,0x052B5,0x052B5,0x052B5,0x052B5,false,45,0,1,138,control,,,,,,,,기존확인 제어 / 41~50 계열 슬롯 실행,41~50 계열 슬롯 실행 기존값 재사용; 41~50 계열 슬롯 실행; KANJI 해당 없음
628,substream,2,E6C6,E6C6,E6C6,1,46,0x052B6,0x052B6,0x052B6,0x052B6,false,46,0,1,139,control,,,,,,,,기존확인 제어 / 41~50 계열 슬롯 실행,41~50 계열 슬롯 실행 기존값 재사용; 41~50 계열 슬롯 실행; KANJI 해당 없음
629,substream,2,E6C7~E6C8,E6C7,E6C8,2,01 05,0x052B7 0x052B8,0x052B7~0x052B8,0x052B7,0x052B8,false,01 05,0,2,140,control,,,,,,,,기존확인 제어 / 01h 하위 제어 래퍼,01h 하위 제어 래퍼 기존값 재사용; KANJI 해당 없음
630,substream,2,E6C9~E6CA,E6C9,E6CA,2,25 2B,0x052B9 0x052BA,0x052B9~0x052BA,0x052B9,0x052BA,false,25 2B,0,2,141,control,,,,,,,,기존확인 제어 / CA1D 입 파츠 인덱스 설정,CA1D 입 파츠 인덱스 설정 기존값 재사용; CA1D=2B; KANJI 해당 없음
631,substream,2,E6CB,E6CB,E6CB,1,17,0x052BB,0x052BB,0x052BB,0x052BB,false,17,0,1,142,control,,,,,,,,기존확인 제어 / 17h 서브스트림 복귀,17h 서브스트림 복귀 기존값 재사용; 서브스트림 복귀; KANJI 해당 없음
632,substream,1,E692,E692,E692,1,43,0x05282,0x05282,0x05282,0x05282,false,43,0,1,468,control,,,,,,,,기존확인 제어 / 41~50 계열 슬롯 실행,41~50 계열 슬롯 실행 기존값 재사용; 41~50 계열 슬롯 실행; KANJI 해당 없음
633,substream,1,E693,E693,E693,1,63,0x05283,0x05283,0x05283,0x05283,false,63,0,1,469,control,,,,,,,,기존확인 제어 / 61~70 계열 슬롯 비활성화,61~70 계열 슬롯 비활성화 기존값 재사용; 61h 계열 슬롯 비활성화; KANJI 해당 없음
634,substream,1,E694~E696,E694,E696,3,13 B4 E7,0x05284 0x05285 0x05286,0x05284~0x05286,0x05284,0x05286,false,13 B4 E7,0,3,470,control,,,,,,,,기존확인 제어 / 13h 계열 제어,13h 계열 제어토큰 기존값 재사용; KANJI 해당 없음
635,substream,1,E697,E697,E697,1,17,0x05287,0x05287,0x05287,0x05287,false,17,0,1,471,control,,,,,,,,기존확인 제어 / 17h 서브스트림 복귀,17h 서브스트림 복귀 기존값 재사용; 서브스트림 복귀; KANJI 해당 없음
636,main,0,D6F8~D6F9,D6F8,D6F9,2,25 30,0x042A8 0x042A9,0x042A8~0x042A9,0x042A8,0x042A9,false,95 FA,2,0,,control,,,,,,,,기존확인 제어 / CA1D 입 파츠 인덱스 설정,CA1D 입 파츠 인덱스 설정 기존값 재사용; CA1D=30; KANJI 해당 없음
637,main,0,D6FA~D6FB,D6FA,D6FB,2,06 12,0x042AA 0x042AB,0x042AA~0x042AB,0x042AA,0x042AB,false,82 B3,2,0,,control,,,,,,,,기존확인 제어 / 06h 계열 상태 설정,06h 계열 상태 설정 기존값 재사용; KANJI 해당 없음
638,main,0,D6FC~D6FD,D6FC,D6FD,2,82 BD,0x042AC 0x042AD,0x042AC~0x042AD,0x042AC,0x042AD,false,82 EA,1,0,,hangul,462,그,05,87,368,19F0,31,패치 슬롯 0462 | 한글 문자 | 그,번역 05-087/368 · 그 / 토큰 82 BD / KANJI 19F0 / 가나다순 31
639,main,0,D6FE~D6FF,D6FE,D6FF,2,88 BB,0x042AE 0x042AF,0x042AE~0x042AF,0x042AE,0x042AF,false,82 BD,2,0,,hangul,463,러,05,88,368,61D0,112,패치 슬롯 0463 | 한글 문자 | 러,번역 05-088/368 · 러 / 토큰 88 BB / KANJI 61D0 / 가나다순 112
640,main,0,D700~D701,D700,D701,2,82 CE,0x042B0 0x042B1,0x042B0~0x042B1,0x042B0,0x042B1,false,82 CC,1,0,,hangul,464,나,05,89,368,2900,48,패치 슬롯 0464 | 한글 문자 | 나,번역 05-089/368 · 나 / 토큰 82 CE / KANJI 2900 / 가나다순 48
641,main,0,D702~D703,D702,D703,2,81 40,0x042B2 0x042B3,0x042B2~0x042B3,0x042B2,0x042B3,false,82 BE,2,0,,space,465,␠,05,90,368,,,패치 슬롯 0465 | 전각 공백 | ␠,번역 05-090/368 · ␠ / 토큰 81 40 / PC-88 전각 공백 토큰
642,main,0,D704~D705,D704,D705,2,82 BD,0x042B4 0x042B5,0x042B4~0x042B5,0x042B4,0x042B5,false,81 42,2,0,,hangul,466,그,05,91,368,19F0,31,패치 슬롯 0466 | 한글 문자 | 그,번역 05-091/368 · 그 / 토큰 82 BD / KANJI 19F0 / 가나다순 31
643,main,0,D706~D707,D706,D707,2,82 E3,0x042B6 0x042B7,0x042B6~0x042B7,0x042B6,0x042B7,false,61 16,2,0,,hangul,467,는,05,92,368,3850,69,패치 슬롯 0467 | 한글 문자 | 는,번역 05-092/368 · 는 / 토큰 82 E3 / KANJI 3850 / 가나다순 69
644,main,0,D708~D709,D708,D709,2,81 40,0x042B8 0x042B9,0x042B8~0x042B9,0x042B8,0x042B9,false,7F E6,2,0,,space,468,␠,05,93,368,,,패치 슬롯 0468 | 전각 공백 | ␠,번역 05-093/368 · ␠ / 토큰 81 40 / PC-88 전각 공백 토큰
645,main,0,D70A~D70B,D70A,D70B,2,89 56,0x042BA 0x042BB,0x042BA~0x042BB,0x042BA,0x042BB,false,25 30,2,0,,hangul,469,스,05,94,368,6370,200,패치 슬롯 0469 | 한글 문자 | 스,번역 05-094/368 · 스 / 토큰 89 56 / KANJI 6370 / 가나다순 200
646,main,0,D70C~D70D,D70C,D70D,2,89 56,0x042BC 0x042BD,0x042BC~0x042BD,0x042BC,0x042BD,false,06 12,2,0,,hangul,470,스,05,95,368,6370,200,패치 슬롯 0470 | 한글 문자 | 스,번역 05-095/368 · 스 / 토큰 89 56 / KANJI 6370 / 가나다순 200
647,main,0,D70E~D70F,D70E,D70F,2,88 C5,0x042BE 0x042BF,0x042BE~0x042BF,0x042BE,0x042BF,false,82 C6,2,0,,hangul,471,로,05,96,368,A070,122,패치 슬롯 0471 | 한글 문자 | 로,번역 05-096/368 · 로 / 토큰 88 C5 / KANJI A070 / 가나다순 122
648,main,0,D710~D711,D710,D711,2,89 8C,0x042C0 0x042C1,0x042C0~0x042C1,0x042C0,0x042C1,false,82 B1,2,0,,hangul,472,의,05,97,368,E2C0,253,패치 슬롯 0472 | 한글 문자 | 의,번역 05-097/368 · 의 / 토큰 89 8C / KANJI E2C0 / 가나다순 253
649,main,0,D712~D713,D712,D713,2,81 40,0x042C2 0x042C3,0x042C2~0x042C3,0x042C2,0x042C3,false,82 EB,2,0,,space,473,␠,05,98,368,,,패치 슬롯 0473 | 전각 공백 | ␠,번역 05-098/368 · ␠ / 토큰 81 40 / PC-88 전각 공백 토큰
650,main,0,D714~D715,D714,D715,2,89 F8,0x042C4 0x042C5,0x042C4~0x042C5,0x042C4,0x042C5,false,82 AA,2,0,,hangul,474,힘,05,99,368,E5A0,361,패치 슬롯 0474 | 한글 문자 | 힘,번역 05-099/368 · 힘 / 토큰 89 F8 / KANJI E5A0 / 가나다순 361
651,main,0,D716~D717,D716,D717,2,88 D2,0x042C6 0x042C7,0x042C6~0x042C7,0x042C6,0x042C7,false,83 81,2,0,,hangul,475,만,05,100,368,A140,135,패치 슬롯 0475 | 한글 문자 | 만,번역 05-100/368 · 만 / 토큰 88 D2 / KANJI A140 / 가나다순 135
652,main,0,D718~D719,D718,D719,2,89 88,0x042C8 0x042C9,0x042C8~0x042C9,0x042C8,0x042C9,false,83 4B,2,0,,hangul,476,으,05,101,368,E280,249,패치 슬롯 0476 | 한글 문자 | 으,번역 05-101/368 · 으 / 토큰 89 88 / KANJI E280 / 가나다순 249
653,main,0,D71A~D71B,D71A,D71B,2,88 C5,0x042CA 0x042CB,0x042CA~0x042CB,0x042CA,0x042CB,false,83 58,2,0,,hangul,477,로,05,102,368,A070,122,패치 슬롯 0477 | 한글 문자 | 로,번역 05-102/368 · 로 / 토큰 88 C5 / KANJI A070 / 가나다순 122
654,main,0,D71C~D71D,D71C,D71D,2,81 40,0x042CC 0x042CD,0x042CC~0x042CD,0x042CC,0x042CD,false,82 CD,2,0,,space,478,␠,05,103,368,,,패치 슬롯 0478 | 전각 공백 | ␠,번역 05-103/368 · ␠ / 토큰 81 40 / PC-88 전각 공백 토큰
655,main,0,D71E~D71F,D71E,D71F,2,82 BD,0x042CE 0x042CF,0x042CE~0x042CF,0x042CE,0x042CF,false,8E A9,2,0,,hangul,479,그,05,104,368,19F0,31,패치 슬롯 0479 | 한글 문자 | 그,번역 05-104/368 · 그 / 토큰 82 BD / KANJI 19F0 / 가나다순 31
656,main,0,D720~D721,D720,D721,2,82 B2,0x042D0 0x042D1,0x042D0~0x042D1,0x042D0,0x042D1,false,97 CD,2,0,,hangul,480,곳,05,105,368,1940,20,패치 슬롯 0480 | 한글 문자 | 곳,번역 05-105/368 · 곳 / 토큰 82 B2 / KANJI 1940 / 가나다순 20
657,main,0,D722~D723,D722,D723,2,89 70,0x042D2 0x042D3,0x042D2~0x042D3,0x042D2,0x042D3,false,82 C5,2,0,,hangul,481,에,05,106,368,A310,226,패치 슬롯 0481 | 한글 문자 | 에,번역 05-106/368 · 에 / 토큰 89 70 / KANJI A310 / 가나다순 226
658,main,0,D724~D725,D724,D725,2,89 49,0x042D4 0x042D5,0x042D4~0x042D5,0x042D4,0x042D5,false,97 F4,2,0,,hangul,482,서,05,107,368,62A0,187,패치 슬롯 0482 | 한글 문자 | 서,번역 05-107/368 · 서 / 토큰 89 49 / KANJI 62A0 / 가나다순 187
659,main,0,D726~D727,D726,D727,2,81 40,0x042D6 0x042D7,0x042D6~0x042D7,0x042D6,0x042D7,false,82 AF,2,0,,space,483,␠,05,108,368,,,패치 슬롯 0483 | 전각 공백 | ␠,번역 05-108/368 · ␠ / 토큰 81 40 / PC-88 전각 공백 토큰
660,main,0,D728~D729,D728,D729,2,89 CD,0x042D8 0x042D9,0x042D8~0x042D9,0x042D8,0x042D9,false,96 DA,2,0,,hangul,484,탈,05,109,368,A4F0,318,패치 슬롯 0484 | 한글 문자 | 탈,번역 05-109/368 · 탈 / 토큰 89 CD / KANJI A4F0 / 가나다순 318
661,main,0,D72A,D72A,D72A,1,43,0x042DA,0x042DA,0x042DA,0x042DA,false,43,0,0,,control,,,,,,,,기존확인 제어 / 41~50 계열 슬롯 실행,41~50 계열 슬롯 실행 기존값 재사용; 41~50 계열 슬롯 실행; KANJI 해당 없음
662,main,0,D72B~D72C,D72B,D72C,2,89 BE,0x042DB 0x042DC,0x042DB~0x042DC,0x042DB,0x042DC,false,82 E6,2,0,,hangul,485,출,05,110,368,A400,303,패치 슬롯 0485 | 한글 문자 | 출,번역 05-110/368 · 출 / 토큰 89 BE / KANJI A400 / 가나다순 303
663,main,0,D72D~D72E,D72D,D72E,2,89 E8,0x042DD 0x042DE,0x042DD~0x042DE,0x042DD,0x042DE,false,82 E8,1,0,,hangul,486,해,05,111,368,E4A0,345,패치 슬롯 0486 | 한글 문자 | 해,번역 05-111/368 · 해 / 토큰 89 E8 / KANJI E4A0 / 가나다순 345
664,main,0,D72F~D730,D72F,D730,2,81 41,0x042DF 0x042E0,0x042DF~0x042E0,0x042DF,0x042E0,false,82 CD,2,0,,punctuation,487,、,05,112,368,,,패치 슬롯 0487 | 문장부호 | 、,번역 05-112/368 · 、 / 토큰 81 41 / PC-88 전각 쉼표 토큰
665,main,0,D731~D732,D731,D732,2,89 60,0x042E1 0x042E2,0x042E1~0x042E2,0x042E1,0x042E2,false,82 A2,2,0,,hangul,488,아,05,113,368,A210,210,패치 슬롯 0488 | 한글 문자 | 아,번역 05-113/368 · 아 / 토큰 89 60 / KANJI A210 / 가나다순 210
666,main,0,D733~D734,D733,D734,2,82 DA,0x042E3 0x042E4,0x042E3~0x042E4,0x042E3,0x042E4,false,8F E3,2,0,,hangul,489,녀,05,114,368,29C0,60,패치 슬롯 0489 | 한글 문자 | 녀,번역 05-114/368 · 녀 / 토큰 82 DA / KANJI 29C0 / 가나다순 60
667,main,0,D735~D736,D735,D736,2,89 93,0x042E5 0x042E6,0x042E5~0x042E6,0x042E5,0x042E6,false,82 AA,2,0,,hangul,490,자,05,115,368,E330,260,패치 슬롯 0490 | 한글 문자 | 자,번역 05-115/368 · 자 / 토큰 89 93 / KANJI E330 / 가나다순 260
668,main,0,D737~D738,D737,D738,2,88 CA,0x042E7 0x042E8,0x042E7~0x042E8,0x042E7,0x042E8,false,82 E8,2,0,,hangul,491,를,05,116,368,A0C0,127,패치 슬롯 0491 | 한글 문자 | 를,번역 05-116/368 · 를 / 토큰 88 CA / KANJI A0C0 / 가나다순 127
669,main,0,D739~D73A,D739,D73A,2,81 40,0x042E9 0x042EA,0x042E9~0x042EA,0x042E9,0x042EA,false,81 41,1,0,,space,492,␠,05,117,368,,,패치 슬롯 0492 | 전각 공백 | ␠,번역 05-117/368 · ␠ / 토큰 81 40 / PC-88 전각 공백 토큰
670,main,0,D73B~D73C,D73B,D73C,2,82 9F,0x042EB 0x042EC,0x042EB~0x042EC,0x042EB,0x042EC,false,8F 97,2,0,,hangul,493,가,05,118,368,1810,1,패치 슬롯 0493 | 한글 문자 | 가,번역 05-118/368 · 가 / 토큰 82 9F / KANJI 1810 / 가나다순 1
671,main,0,D73D~D73E,D73D,D73E,2,88 CC,0x042ED 0x042EE,0x042ED~0x042EE,0x042ED,0x042EE,false,8E 71,2,0,,hangul,494,리,05,119,368,A0E0,129,패치 슬롯 0494 | 한글 문자 | 리,번역 05-119/368 · 리 / 토큰 88 CC / KANJI A0E0 / 가나다순 129
672,main,0,D73F~D740,D73F,D740,2,89 B3,0x042EF 0x042F0,0x042EF~0x042F0,0x042EF,0x042F0,false,8B 9F,2,0,,hangul,495,지,05,120,368,6550,292,패치 슬롯 0495 | 한글 문자 | 지,번역 05-120/368 · 지 / 토큰 89 B3 / KANJI 6550 / 가나다순 292
673,main,0,D741~D742,D741,D742,2,81 40,0x042F1 0x042F2,0x042F1~0x042F2,0x042F1,0x042F2,false,82 F0,2,0,,space,496,␠,05,121,368,,,패치 슬롯 0496 | 전각 공백 | ␠,번역 05-121/368 · ␠ / 토큰 81 40 / PC-88 전각 공백 토큰
674,main,0,D743~D744,D743,D744,2,89 64,0x042F3 0x042F4,0x042F3~0x042F4,0x042F3,0x042F4,false,96 E2,2,0,,hangul,497,않,05,122,368,A250,214,패치 슬롯 0497 | 한글 문자 | 않,번역 05-122/368 · 않 / 토큰 89 64 / KANJI A250 / 가나다순 214
675,main,0,D745~D746,D745,D746,2,82 B1,0x042F5 0x042F6,0x042F5~0x042F6,0x042F5,0x042F6,false,82 ED,1,0,,hangul,498,고,05,123,368,1930,19,패치 슬롯 0498 | 한글 문자 | 고,번역 05-123/368 · 고 / 토큰 82 B1 / KANJI 1930 / 가나다순 19
676,main,0,D747~D748,D747,D748,2,81 40,0x042F7 0x042F8,0x042F7~0x042F8,0x042F7,0x042F8,false,82 B8,2,0,,space,499,␠,05,124,368,,,패치 슬롯 0499 | 전각 공백 | ␠,번역 05-124/368 · ␠ / 토큰 81 40 / PC-88 전각 공백 토큰
677,main,0,D749~D74A,D749,D74A,2,89 C0,0x042F9 0x042FA,0x042F9~0x042FA,0x042F9,0x042FA,false,90 65,2,0,,hangul,500,친,05,125,368,A420,305,패치 슬롯 0500 | 한글 문자 | 친,번역 05-125/368 · 친 / 토큰 89 C0 / KANJI A420 / 가나다순 305
678,main,0,D74B~D74C,D74B,D74C,2,89 A4,0x042FB 0x042FC,0x042FB~0x042FC,0x042FB,0x042FC,false,91 B0,2,0,,hangul,501,족,05,126,368,6460,277,패치 슬롯 0501 | 한글 문자 | 족,번역 05-126/368 · 족 / 토큰 89 A4 / KANJI 6460 / 가나다순 277
679,main,0,D74D~D74E,D74D,D74E,2,88 AA,0x042FD 0x042FE,0x042FD~0x042FE,0x042FD,0x042FE,false,82 C7,2,0,,hangul,502,들,05,127,368,60C0,95,패치 슬롯 0502 | 한글 문자 | 들,번역 05-127/368 · 들 / 토큰 88 AA / KANJI 60C0 / 가나다순 95
680,main,0,D74F~D750,D74F,D750,2,89 8A,0x042FF 0x04300,0x042FF~0x04300,0x042FF,0x04300,false,82 E0,2,0,,hangul,503,을,05,128,368,E2A0,251,패치 슬롯 0503 | 한글 문자 | 을,번역 05-128/368 · 을 / 토큰 89 8A / KANJI E2A0 / 가나다순 251
681,main,0,D751~D752,D751,D752,2,81 40,0x04301 0x04302,0x04301~0x04302,0x04301,0x04302,false,82 F0,2,0,,space,504,␠,05,129,368,,,패치 슬롯 0504 | 전각 공백 | ␠,번역 05-129/368 · ␠ / 토큰 81 40 / PC-88 전각 공백 토큰
682,main,0,D753~D754,D753,D754,2,89 9D,0x04303 0x04304,0x04303~0x04304,0x04303,0x04304,false,8C 8C,2,0,,hangul,505,전,05,130,368,E3D0,270,패치 슬롯 0505 | 한글 문자 | 전,번역 05-130/368 · 전 / 토큰 89 9D / KANJI E3D0 / 가나다순 270
683,main,0,D755~D756,D755,D756,2,88 FA,0x04305 0x04306,0x04305~0x04306,0x04305,0x04306,false,8D D5,2,0,,hangul,506,부,05,131,368,E1C0,175,패치 슬롯 0506 | 한글 문자 | 부,번역 05-131/368 · 부 / 토큰 88 FA / KANJI E1C0 / 가나다순 175
684,main,0,D757~D758,D757,D758,2,81 40,0x04307 0x04308,0x04307~0x04308,0x04307,0x04308,false,82 E8,2,0,,space,507,␠,05,132,368,,,패치 슬롯 0507 | 전각 공백 | ␠,번역 05-132/368 · ␠ / 토큰 81 40 / PC-88 전각 공백 토큰
685,main,0,D759~D75A,D759,D75A,2,89 E0,0x04309 0x0430A,0x04309~0x0430A,0x04309,0x0430A,false,82 C9,2,0,,hangul,508,피,05,133,368,E420,337,패치 슬롯 0508 | 한글 문자 | 피,번역 05-133/368 · 피 / 토큰 89 E0 / KANJI E420 / 가나다순 337
686,main,0,D75B~D75C,D75B,D75C,2,89 8C,0x0430B 0x0430C,0x0430B~0x0430C,0x0430B,0x0430C,false,8F E3,2,0,,hangul,509,의,05,134,368,E2C0,253,패치 슬롯 0509 | 한글 문자 | 의,번역 05-134/368 · 의 / 토큰 89 8C / KANJI E2C0 / 가나다순 253
687,main,0,D75D~D75E,D75D,D75E,2,81 40,0x0430D 0x0430E,0x0430D~0x0430E,0x0430D,0x0430E,false,82 B0,2,0,,space,510,␠,05,135,368,,,패치 슬롯 0510 | 전각 공백 | ␠,번역 05-135/368 · ␠ / 토큰 81 40 / PC-88 전각 공백 토큰
688,main,0,D75F~D760,D75F,D760,2,89 A1,0x0430F 0x04310,0x0430F~0x04310,0x0430F,0x04310,false,81 41,2,0,,hangul,511,제,05,136,368,6430,274,패치 슬롯 0511 | 한글 문자 | 제,번역 05-136/368 · 제 / 토큰 89 A1 / KANJI 6430 / 가나다순 274
689,main,0,D761~D762,D761,D762,2,88 E5,0x04311 0x04312,0x04311~0x04312,0x04311,0x04312,false,8C 5A,2,0,,hangul,512,물,05,137,368,E070,154,패치 슬롯 0512 | 한글 문자 | 물,번역 05-137/368 · 물 / 토큰 88 E5 / KANJI E070 / 가나다순 154
690,main,0,D763~D764,D763,D764,2,88 C5,0x04313 0x04314,0x04313~0x04314,0x04313,0x04314,false,92 ED,2,0,,hangul,513,로,05,138,368,A070,122,패치 슬롯 0513 | 한글 문자 | 로,번역 05-138/368 · 로 / 토큰 88 C5 / KANJI A070 / 가나다순 122
691,main,0,D765~D766,D765,D766,2,81 40,0x04315 0x04316,0x04315~0x04316,0x04315,0x04316,false,8E 6F,2,0,,space,514,␠,05,139,368,,,패치 슬롯 0514 | 전각 공백 | ␠,번역 05-139/368 · ␠ / 토큰 81 40 / PC-88 전각 공백 토큰
692,main,0,D767~D768,D767,D768,2,89 46,0x04317 0x04318,0x04317~0x04318,0x04317,0x04318,false,96 85,2,0,,hangul,515,삼,05,140,368,6270,184,패치 슬롯 0515 | 한글 문자 | 삼,번역 05-140/368 · 삼 / 토큰 89 46 / KANJI 6270 / 가나다순 184
693,main,0,D769~D76A,D769,D76A,2,89 68,0x04319 0x0431A,0x04319~0x0431A,0x04319,0x0431A,false,82 F0,2,0,,hangul,516,았,05,141,368,A290,218,패치 슬롯 0516 | 한글 문자 | 았,번역 05-141/368 · 았 / 토큰 89 68 / KANJI A290 / 가나다순 218
694,main,0,D76B~D76C,D76B,D76C,2,82 E7,0x0431B 0x0431C,0x0431B~0x0431C,0x0431B,0x0431C,false,94 AA,2,0,,hangul,517,다,05,142,368,3890,73,패치 슬롯 0517 | 한글 문자 | 다,번역 05-142/368 · 다 / 토큰 82 E7 / KANJI 3890 / 가나다순 73
695,main,0,D76D~D76E,D76D,D76E,2,81 42,0x0431D 0x0431E,0x0431D~0x0431E,0x0431D,0x0431E,false,82 C2,2,0,,punctuation,518,。,05,143,368,,,패치 슬롯 0518 | 문장부호 | 。,번역 05-143/368 · 。 / 토큰 81 42 / PC-88 전각 마침표 토큰
696,main,0,D76F~D770,D76F,D770,2,89 EF,0x0431F 0x04320,0x0431F~0x04320,0x0431F,0x04320,false,97 F4,2,0,,hangul,519,형,05,144,368,E510,352,패치 슬롯 0519 | 한글 문자 | 형,번역 05-144/368 · 형 / 토큰 89 EF / KANJI E510 / 가나다순 352
697,main,0,D771~D772,D771,D772,2,89 A1,0x04321 0x04322,0x04321~0x04322,0x04321,0x04322,false,82 AB,2,0,,hangul,520,제,05,145,368,6430,274,패치 슬롯 0520 | 한글 문자 | 제,번역 05-145/368 · 제 / 토큰 89 A1 / KANJI 6430 / 가나다순 274
698,main,0,D773~D774,D773,D774,2,89 93,0x04323 0x04324,0x04323~0x04324,0x04323,0x04324,false,82 C9,2,0,,hangul,521,자,05,146,368,E330,260,패치 슬롯 0521 | 한글 문자 | 자,번역 05-146/368 · 자 / 토큰 89 93 / KANJI E330 / 가나다순 260
699,main,0,D775~D776,D775,D776,2,88 D7,0x04325 0x04326,0x04325~0x04326,0x04325,0x04326,false,82 B5,2,0,,hangul,522,매,05,147,368,A190,140,패치 슬롯 0522 | 한글 문자 | 매,번역 05-147/368 · 매 / 토큰 88 D7 / KANJI A190 / 가나다순 140
700,main,0,D777~D778,D777,D778,2,88 CA,0x04327 0x04328,0x04327~0x04328,0x04327,0x04328,false,81 41,2,0,,hangul,523,를,05,148,368,A0C0,127,패치 슬롯 0523 | 한글 문자 | 를,번역 05-148/368 · 를 / 토큰 88 CA / KANJI A0C0 / 가나다순 127
701,main,0,D779~D77A,D779,D77A,2,81 40,0x04329 0x0432A,0x04329~0x0432A,0x04329,0x0432A,false,8E C0,2,0,,space,524,␠,05,149,368,,,패치 슬롯 0524 | 전각 공백 | ␠,번역 05-149/368 · ␠ / 토큰 81 40 / PC-88 전각 공백 토큰
702,main,0,D77B~D77C,D77B,D77C,2,82 A2,0x0432B 0x0432C,0x0432B~0x0432C,0x0432B,0x0432C,false,82 CC,1,0,,hangul,525,갈,05,150,368,1840,4,패치 슬롯 0525 | 한글 문자 | 갈,번역 05-150/368 · 갈 / 토큰 82 A2 / KANJI 1840 / 가나다순 4
703,main,0,D77D~D77E,D77D,D77E,2,82 C1,0x0432D 0x0432E,0x0432D~0x0432E,0x0432D,0x0432E,false,95 EA,2,0,,hangul,526,기,05,151,368,2830,35,패치 슬롯 0526 | 한글 문자 | 기,번역 05-151/368 · 기 / 토큰 82 C1 / KANJI 2830 / 가나다순 35
704,main,0,D77F~D780,D77F,D780,2,82 A2,0x0432F 0x04330,0x0432F~0x04330,0x0432F,0x04330,false,82 CC,1,0,,hangul,527,갈,05,152,368,1840,4,패치 슬롯 0527 | 한글 문자 | 갈,번역 05-152/368 · 갈 / 토큰 82 A2 / KANJI 1840 / 가나다순 4
705,main,0,D781~D782,D781,D782,2,82 C1,0x04331 0x04332,0x04331~0x04332,0x04331,0x04332,false,43 8C,2,0,,hangul,528,기,05,153,368,2830,35,패치 슬롯 0528 | 한글 문자 | 기,번역 05-153/368 · 기 / 토큰 82 C1 / KANJI 2830 / 가나다순 35
706,main,0,D783~D784,D783,D784,2,81 40,0x04333 0x04334,0x04333~0x04334,0x04333,0x04334,false,8C 82,2,0,,space,529,␠,05,154,368,,,패치 슬롯 0529 | 전각 공백 | ␠,번역 05-154/368 · ␠ / 토큰 81 40 / PC-88 전각 공백 토큰
707,main,0,D785~D786,D785,D786,2,89 B6,0x04335 0x04336,0x04335~0x04336,0x04335,0x04336,false,F0 88,2,0,,hangul,530,찢,05,155,368,6580,295,패치 슬롯 0530 | 한글 문자 | 찢,번역 05-155/368 · 찢 / 토큰 89 B6 / KANJI 6580 / 가나다순 295
708,main,0,D787~D788,D787,D788,2,89 6F,0x04337 0x04338,0x04337~0x04338,0x04337,0x04338,false,F9 82,2,0,,hangul,531,었,05,156,368,A300,225,패치 슬롯 0531 | 한글 문자 | 었,번역 05-156/368 · 었 / 토큰 89 6F / KANJI A300 / 가나다순 225
709,main,0,D789~D78A,D789,D78A,2,89 88,0x04339 0x0433A,0x04339~0x0433A,0x04339,0x0433A,false,DD 8A,2,0,,hangul,532,으,05,157,368,E280,249,패치 슬롯 0532 | 한글 문자 | 으,번역 05-157/368 · 으 / 토큰 89 88 / KANJI E280 / 가나다순 249
710,main,0,D78B~D78C,D78B,D78C,2,88 DB,0x0433B 0x0433C,0x0433B~0x0433C,0x0433B,0x0433C,false,B1 82,2,0,,hangul,533,며,05,158,368,A1D0,144,패치 슬롯 0533 | 한글 문자 | 며,번역 05-158/368 · 며 / 토큰 88 DB / KANJI A1D0 / 가나다순 144
711,main,0,D78D~D78E,D78D,D78E,2,81 41,0x0433D 0x0433E,0x0433D~0x0433E,0x0433D,0x0433E,false,B5 93,2,0,,punctuation,534,、,05,159,368,,,패치 슬롯 0534 | 문장부호 | 、,번역 05-159/368 · 、 / 토큰 81 41 / PC-88 전각 쉼표 토큰
712,main,0,D78F~D790,D78F,D790,2,89 C0,0x0433F 0x04340,0x0433F~0x04340,0x0433F,0x04340,false,F7 82,2,0,,hangul,535,친,05,160,368,A420,305,패치 슬롯 0535 | 한글 문자 | 친,번역 05-160/368 · 친 / 토큰 89 C0 / KANJI A420 / 가나다순 305
713,main,0,D791~D792,D791,D792,2,89 6C,0x04341 0x04342,0x04341~0x04342,0x04341,0x04342,false,F0 90,2,0,,hangul,536,어,05,161,368,A2D0,222,패치 슬롯 0536 | 한글 문자 | 어,번역 05-161/368 · 어 / 토큰 89 6C / KANJI A2D0 / 가나다순 222
714,main,0,D793~D794,D793,D794,2,88 D8,0x04343 0x04344,0x04343~0x04344,0x04343,0x04344,false,48 82,2,0,,hangul,537,머,05,162,368,A1A0,141,패치 슬롯 0537 | 한글 문자 | 머,번역 05-162/368 · 머 / 토큰 88 D8 / KANJI A1A0 / 가나다순 141
715,main,0,D795~D796,D795,D796,2,82 E4,0x04345 0x04346,0x04345~0x04346,0x04345,0x04346,false,A2 8E,2,0,,hangul,538,니,05,163,368,3860,70,패치 슬롯 0538 | 한글 문자 | 니,번역 05-163/368 · 니 / 토큰 82 E4 / KANJI 3860 / 가나다순 70
716,main,0,D797,D797,D797,1,43,0x04347,0x04347,0x04347,0x04347,false,55,1,0,,control,,,,,,,,기존확인 제어 / 43 계열 슬롯 실행,43 계열 슬롯 실행 기존값 재사용; 41~50 계열 슬롯 실행; KANJI 해당 없음
717,main,0,D798~D799,D798,D799,2,89 8C,0x04348 0x04349,0x04348~0x04349,0x04348,0x04349,false,82 E7,2,0,,hangul,539,의,05,164,368,E2C0,253,패치 슬롯 0539 | 한글 문자 | 의,번역 05-164/368 · 의 / 토큰 89 8C / KANJI E2C0 / 가나다순 253
718,main,0,D79A~D79B,D79A,D79B,2,81 40,0x0434A 0x0434B,0x0434A~0x0434B,0x0434A,0x0434B,false,82 B5,2,0,,space,540,␠,05,165,368,,,패치 슬롯 0540 | 전각 공백 | ␠,번역 05-165/368 · ␠ / 토큰 81 40 / PC-88 전각 공백 토큰
719,main,0,D79C~D79D,D79C,D79D,2,89 E0,0x0434C 0x0434D,0x0434C~0x0434D,0x0434C,0x0434D,false,82 BD,2,0,,hangul,541,피,05,166,368,E420,337,패치 슬롯 0541 | 한글 문자 | 피,번역 05-166/368 · 피 / 토큰 89 E0 / KANJI E420 / 가나다순 337
720,main,0,D79E~D79F,D79E,D79F,2,89 7A,0x0434E 0x0434F,0x0434E~0x0434F,0x0434E,0x0434F,false,81 42,2,0,,hangul,542,와,05,167,368,A3B0,236,패치 슬롯 0542 | 한글 문자 | 와,번역 05-167/368 · 와 / 토큰 89 7A / KANJI A3B0 / 가나다순 236
721,main,0,D7A0~D7A1,D7A0,D7A1,2,81 40,0x04350 0x04351,0x04350~0x04351,0x04350,0x04351,false,89 A4,2,0,,space,543,␠,05,168,368,,,패치 슬롯 0543 | 전각 공백 | ␠,번역 05-168/368 · ␠ / 토큰 81 40 / PC-88 전각 공백 토큰
722,main,0,D7A2~D7A3,D7A2,D7A3,2,89 45,0x04352 0x04353,0x04352~0x04353,0x04352,0x04353,false,82 C5,2,0,,hangul,544,살,05,169,368,6260,183,패치 슬롯 0544 | 한글 문자 | 살,번역 05-169/368 · 살 / 토큰 89 45 / KANJI 6260 / 가나다순 183
723,main,0,D7A4~D7A5,D7A4,D7A5,2,89 9F,0x04354 0x04355,0x04354~0x04355,0x04354,0x04355,false,82 A0,2,0,,hangul,545,점,05,170,368,6410,272,패치 슬롯 0545 | 한글 문자 | 점,번역 05-170/368 · 점 / 토큰 89 9F / KANJI 6410 / 가나다순 272
724,main,0,D7A6~D7A7,D7A6,D7A7,2,82 C4,0x04356 0x04357,0x04356~0x04357,0x04356,0x04357,false,82 C1,1,0,,hangul,546,까,05,171,368,2860,38,패치 슬롯 0546 | 한글 문자 | 까,번역 05-171/368 · 까 / 토큰 82 C4 / KANJI 2860 / 가나다순 38
725,main,0,D7A8~D7A9,D7A8,D7A9,2,89 B3,0x04358 0x04359,0x04358~0x04359,0x04358,0x04359,false,82 BD,2,0,,hangul,547,지,05,172,368,6550,292,패치 슬롯 0547 | 한글 문자 | 지,번역 05-172/368 · 지 / 토큰 89 B3 / KANJI 6550 / 가나다순 292
726,main,0,D7AA~D7AB,D7AA,D7AB,2,81 40,0x0435A 0x0435B,0x0435A~0x0435B,0x0435A,0x0435B,false,95 83,2,0,,space,548,␠,05,173,368,,,패치 슬롯 0548 | 전각 공백 | ␠,번역 05-173/368 · ␠ / 토큰 81 40 / PC-88 전각 공백 토큰
727,main,0,D7AC~D7AD,D7AC,D7AD,2,88 B4,0x0435C 0x0435D,0x0435C~0x0435D,0x0435C,0x0435D,false,82 CD,2,0,,hangul,549,뜯,05,174,368,6160,105,패치 슬롯 0549 | 한글 문자 | 뜯,번역 05-174/368 · 뜯 / 토큰 88 B4 / KANJI 6160 / 가나다순 105
728,main,0,D7AE~D7AF,D7AE,D7AF,2,89 6C,0x0435E 0x0435F,0x0435E~0x0435F,0x0435E,0x0435F,false,90 ED,2,0,,hangul,550,어,05,175,368,A2D0,222,패치 슬롯 0550 | 한글 문자 | 어,번역 05-175/368 · 어 / 토큰 89 6C / KANJI A2D0 / 가나다순 222
729,main,0,D7B0~D7B1,D7B0,D7B1,2,88 D9,0x04360 0x04361,0x04360~0x04361,0x04360,0x04361,false,82 A2,2,0,,hangul,551,먹,05,176,368,A1B0,142,패치 슬롯 0551 | 한글 문자 | 먹,번역 05-176/368 · 먹 / 토큰 88 D9 / KANJI A1B0 / 가나다순 142
730,main,0,D7B2~D7B3,D7B2,D7B3,2,89 6F,0x04362 0x04363,0x04362~0x04363,0x04362,0x04363,false,82 CC,2,0,,hangul,552,었,05,177,368,A300,225,패치 슬롯 0552 | 한글 문자 | 었,번역 05-177/368 · 었 / 토큰 89 6F / KANJI A300 / 가나다순 225
731,main,0,D7B4~D7B5,D7B4,D7B5,2,82 E7,0x04364 0x04365,0x04364~0x04365,0x04364,0x04365,false,96 96,2,0,,hangul,553,다,05,178,368,3890,73,패치 슬롯 0553 | 한글 문자 | 다,번역 05-178/368 · 다 / 토큰 82 E7 / KANJI 3890 / 가나다순 73
732,main,0,D7B6~D7B7,D7B6,D7B7,2,81 42,0x04366 0x04367,0x04366~0x04367,0x04366,0x04367,false,81 41,1,0,,punctuation,554,。,05,179,368,,,패치 슬롯 0554 | 문장부호 | 。,번역 05-179/368 · 。 / 토큰 81 42 / PC-88 전각 마침표 토큰
733,main,0,D7B8~D7B9,D7B8,D7B9,2,82 BD,0x04368 0x04369,0x04368~0x04369,0x04368,0x04369,false,8C 88,2,0,,hangul,555,그,05,180,368,19F0,31,패치 슬롯 0555 | 한글 문자 | 그,번역 05-180/368 · 그 / 토큰 82 BD / KANJI 19F0 / 가나다순 31
734,main,0,D7BA~D7BB,D7BA,D7BB,2,89 8C,0x0436A 0x0436B,0x0436A~0x0436B,0x0436A,0x0436B,false,8E 80,2,0,,hangul,556,의,05,181,368,E2C0,253,패치 슬롯 0556 | 한글 문자 | 의,번역 05-181/368 · 의 / 토큰 89 8C / KANJI E2C0 / 가나다순 253
735,main,0,D7BC~D7BD,D7BC,D7BD,2,81 40,0x0436C 0x0436D,0x0436C~0x0436D,0x0436C,0x0436D,false,82 CC,2,0,,space,557,␠,05,182,368,,,패치 슬롯 0557 | 전각 공백 | ␠,번역 05-182/368 · ␠ / 토큰 81 40 / PC-88 전각 공백 토큰
736,main,0,D7BE~D7BF,D7BE,D7BF,2,89 60,0x0436E 0x0436F,0x0436E~0x0436F,0x0436E,0x0436F,false,8A 6F,2,0,,hangul,558,아,05,183,368,A210,210,패치 슬롯 0558 | 한글 문자 | 아,번역 05-183/368 · 아 / 토큰 89 60 / KANJI A210 / 가나다순 210
737,main,0,D7C0~D7C1,D7C0,D7C1,2,88 F0,0x04370 0x04371,0x04370~0x04371,0x04370,0x04371,false,8C E5,2,0,,hangul,559,버,05,184,368,E120,165,패치 슬롯 0559 | 한글 문자 | 버,번역 05-184/368 · 버 / 토큰 88 F0 / KANJI E120 / 가나다순 165
738,main,0,D7C2~D7C3,D7C2,D7C3,2,89 B3,0x04372 0x04373,0x04372~0x04373,0x04372,0x04373,false,82 C5,2,0,,hangul,560,지,05,185,368,6550,292,패치 슬롯 0560 | 한글 문자 | 지,번역 05-185/368 · 지 / 토큰 89 B3 / KANJI 6550 / 가나다순 292
739,main,0,D7C4~D7C5,D7C4,D7C5,2,82 E3,0x04374 0x04375,0x04374~0x04375,0x04374,0x04375,false,83 81,2,0,,hangul,561,는,05,186,368,3850,69,패치 슬롯 0561 | 한글 문자 | 는,번역 05-186/368 · 는 / 토큰 82 E3 / KANJI 3850 / 가나다순 69
740,main,0,D7C6~D7C7,D7C6,D7C7,2,81 40,0x04376 0x04377,0x04376~0x04377,0x04376,0x04377,false,83 4B,2,0,,space,562,␠,05,187,368,,,패치 슬롯 0562 | 전각 공백 | ␠,번역 05-187/368 · ␠ / 토큰 81 40 / PC-88 전각 공백 토큰
741,main,0,D7C8~D7C9,D7C8,D7C9,2,89 BF,0x04378 0x04379,0x04378~0x04379,0x04378,0x04379,false,83 58,2,0,,hangul,563,치,05,188,368,A410,304,패치 슬롯 0563 | 한글 문자 | 치,번역 05-188/368 · 치 / 토큰 89 BF / KANJI A410 / 가나다순 304
742,main,0,D7CA~D7CB,D7CA,D7CB,2,89 74,0x0437A 0x0437B,0x0437A~0x0437B,0x0437A,0x0437B,false,82 C6,2,0,,hangul,564,열,05,189,368,A350,230,패치 슬롯 0564 | 한글 문자 | 열,번역 05-189/368 · 열 / 토큰 89 74 / KANJI A350 / 가나다순 230
743,main,0,D7CC~D7CD,D7CC,D7CD,2,89 E4,0x0437C 0x0437D,0x0437C~0x0437D,0x0437C,0x0437D,false,82 E0,2,0,,hangul,565,한,05,190,368,E460,341,패치 슬롯 0565 | 한글 문자 | 한,번역 05-190/368 · 한 / 토큰 89 E4 / KANJI E460 / 가나다순 341
744,main,0,D7CE~D7CF,D7CE,D7CF,2,81 40,0x0437E 0x0437F,0x0437E~0x0437F,0x0437E,0x0437F,false,82 C7,2,0,,space,566,␠,05,191,368,,,패치 슬롯 0566 | 전각 공백 | ␠,번역 05-191/368 · ␠ / 토큰 81 40 / PC-88 전각 공백 토큰
745,main,0,D7D0~D7D1,D7D0,D7D1,2,89 9D,0x04380 0x04381,0x04380~0x04381,0x04380,0x04381,false,43 82,2,0,,hangul,567,전,05,192,368,E3D0,270,패치 슬롯 0567 | 한글 문자 | 전,번역 05-192/368 · 전 / 토큰 89 9D / KANJI E3D0 / 가나다순 270
746,main,0,D7D2~D7D3,D7D2,D7D3,2,89 D5,0x04382 0x04383,0x04382~0x04383,0x04382,0x04383,false,E0 8E,2,0,,hangul,568,투,05,193,368,A570,326,패치 슬롯 0568 | 한글 문자 | 투,번역 05-193/368 · 투 / 토큰 89 D5 / KANJI A570 / 가나다순 326
747,main,0,D7D4~D7D5,D7D4,D7D5,2,81 40,0x04384 0x04385,0x04384~0x04385,0x04384,0x04385,false,9F 8C,2,0,,space,569,␠,05,194,368,,,패치 슬롯 0569 | 전각 공백 | ␠,번역 05-194/368 · ␠ / 토큰 81 40 / PC-88 전각 공백 토큰
748,main,0,D7D6~D7D7,D7D6,D7D7,2,82 CC,0x04386 0x04387,0x04386~0x04387,0x04386,0x04387,false,B3 82,2,0,,hangul,570,끝,05,195,368,28E0,46,패치 슬롯 0570 | 한글 문자 | 끝,번역 05-195/368 · 끝 / 토큰 82 CC / KANJI 28E0 / 가나다순 46
749,main,0,D7D8~D7D9,D7D8,D7D9,2,89 70,0x04388 0x04389,0x04388~0x04389,0x04388,0x04389,false,CC 97,2,0,,hangul,571,에,05,196,368,A310,226,패치 슬롯 0571 | 한글 문자 | 에,번역 05-196/368 · 에 / 토큰 89 70 / KANJI A310 / 가나다순 226
750,main,0,D7DA~D7DB,D7DA,D7DB,2,81 40,0x0438A 0x0438B,0x0438A~0x0438B,0x0438A,0x0438B,false,F4 82,2,0,,space,572,␠,05,197,368,,,패치 슬롯 0572 | 전각 공백 | ␠,번역 05-197/368 · ␠ / 토큰 81 40 / PC-88 전각 공백 토큰
751,main,0,D7DC~D7DD,D7DC,D7DD,2,82 AE,0x0438C 0x0438D,0x0438C~0x0438D,0x0438C,0x0438D,false,AF 96,2,0,,hangul,573,결,05,198,368,1900,16,패치 슬롯 0573 | 한글 문자 | 결,번역 05-198/368 · 결 / 토큰 82 AE / KANJI 1900 / 가나다순 16
752,main,0,D7DE~D7DF,D7DE,D7DF,2,89 43,0x0438E 0x0438F,0x0438E~0x0438F,0x0438E,0x0438F,false,DA 82,2,0,,hangul,574,사,05,199,368,6240,181,패치 슬롯 0574 | 한글 문자 | 사,번역 05-199/368 · 사 / 토큰 89 43 / KANJI 6240 / 가나다순 181
753,main,0,D7E0~D7E1,D7E0,D7E1,2,89 8C,0x04390 0x04391,0x04390~0x04391,0x04390,0x04391,false,D6 97,2,0,,hangul,575,의,05,200,368,E2C0,253,패치 슬롯 0575 | 한글 문자 | 의,번역 05-200/368 · 의 / 토큰 89 8C / KANJI E2C0 / 가나다순 253
754,main,0,D7E2~D7E3,D7E2,D7E3,2,81 40,0x04392 0x04393,0x04392~0x04393,0x04392,0x04393,false,8E 82,2,0,,space,576,␠,05,201,368,,,패치 슬롯 0576 | 전각 공백 | ␠,번역 05-201/368 · ␠ / 토큰 81 40 / PC-88 전각 공백 토큰
755,main,0,D7E4~D7E5,D7E4,D7E5,2,82 A0,0x04394 0x04395,0x04394~0x04395,0x04394,0x04395,false,BF 82,2,0,,hangul,577,각,05,202,368,1820,2,패치 슬롯 0577 | 한글 문자 | 각,번역 05-202/368 · 각 / 토큰 82 A0 / KANJI 1820 / 가나다순 2
756,main,0,D7E6~D7E7,D7E6,D7E7,2,89 76,0x04396 0x04397,0x04396~0x04397,0x04396,0x04397,false,C4 8D,2,0,,hangul,578,오,05,203,368,A370,232,패치 슬롯 0578 | 한글 문자 | 오,번역 05-203/368 · 오 / 토큰 89 76 / KANJI A370 / 가나다순 232
757,main,0,D7E8~D7E9,D7E8,D7E9,2,88 C5,0x04398 0x04399,0x04398~0x04399,0x04398,0x04399,false,73 82,2,0,,hangul,579,로,05,204,368,A070,122,패치 슬롯 0579 | 한글 문자 | 로,번역 05-204/368 · 로 / 토큰 88 C5 / KANJI A070 / 가나다순 122
758,main,0,D7EA~D7EB,D7EA,D7EB,2,81 40,0x0439A 0x0439B,0x0439A~0x0439B,0x0439A,0x0439B,false,C1 82,2,0,,space,580,␠,05,205,368,,,패치 슬롯 0580 | 전각 공백 | ␠,번역 05-205/368 · ␠ / 토큰 81 40 / PC-88 전각 공백 토큰
759,main,0,D7EC~D7ED,D7EC,D7ED,2,82 BD,0x0439C 0x0439D,0x0439C~0x0439D,0x0439C,0x0439D,false,BD 81,2,0,,hangul,581,그,05,206,368,19F0,31,패치 슬롯 0581 | 한글 문자 | 그,번역 05-206/368 · 그 / 토큰 82 BD / KANJI 19F0 / 가나다순 31
760,main,0,D7EE,D7EE,D7EE,1,43,0x0439E,0x0439E,0x0439E,0x0439E,false,42,1,0,,control,,,,,,,,기존확인 제어 / 43 계열 슬롯 실행,43 계열 슬롯 실행 기존값 재사용; 41~50 계열 슬롯 실행; KANJI 해당 없음
761,main,0,D7EF~D7F0,D7EF,D7F0,2,89 7A,0x0439F 0x043A0,0x0439F~0x043A0,0x0439F,0x043A0,false,65 66,2,0,,hangul,582,와,05,207,368,A3B0,236,패치 슬롯 0582 | 한글 문자 | 와,번역 05-207/368 · 와 / 토큰 89 7A / KANJI A3B0 / 가나다순 236
762,main,0,D7F1~D7F2,D7F1,D7F2,2,81 40,0x043A1 0x043A2,0x043A1~0x043A2,0x043A1,0x043A2,false,16 3C,2,0,,space,583,␠,05,208,368,,,패치 슬롯 0583 | 전각 공백 | ␠,번역 05-208/368 · ␠ / 토큰 81 40 / PC-88 전각 공백 토큰
763,main,0,D7F3~D7F4,D7F3,D7F4,2,89 E6,0x043A3 0x043A4,0x043A3~0x043A4,0x043A3,0x043A4,false,E6 41,2,0,,hangul,584,함,05,209,368,E480,343,패치 슬롯 0584 | 한글 문자 | 함,번역 05-209/368 · 함 / 토큰 89 E6 / KANJI E480 / 가나다순 343
764,main,0,D7F5~D7F6,D7F5,D7F6,2,82 C9,0x043A5 0x043A6,0x043A5~0x043A6,0x043A5,0x043A6,false,82 BB,1,0,,hangul,585,께,05,210,368,28B0,43,패치 슬롯 0585 | 한글 문자 | 께,번역 05-210/368 · 께 / 토큰 82 C9 / KANJI 28B0 / 가나다순 43
765,main,0,D7F7~D7F8,D7F7,D7F8,2,81 40,0x043A7 0x043A8,0x043A7~0x043A8,0x043A7,0x043A8,false,82 CC,2,0,,space,586,␠,05,211,368,,,패치 슬롯 0586 | 전각 공백 | ␠,번역 05-211/368 · ␠ / 토큰 81 40 / PC-88 전각 공백 토큰
766,main,0,D7F9~D7FA,D7F9,D7FA,2,82 BC,0x043A9 0x043AA,0x043A9~0x043AA,0x043A9,0x043AA,false,8C E3,2,0,,hangul,587,균,05,212,368,19E0,30,패치 슬롯 0587 | 한글 문자 | 균,번역 05-212/368 · 균 / 토큰 82 BC / KANJI 19E0 / 가나다순 30
767,main,0,D7FB~D7FC,D7FB,D7FC,2,89 74,0x043AB 0x043AC,0x043AB~0x043AC,0x043AB,0x043AC,false,81 41,2,0,,hangul,588,열,05,213,368,A350,230,패치 슬롯 0588 | 한글 문자 | 열,번역 05-213/368 · 열 / 토큰 89 74 / KANJI A350 / 가나다순 230
768,main,0,D7FD~D7FE,D7FD,D7FE,2,88 C5,0x043AD 0x043AE,0x043AD~0x043AE,0x043AD,0x043AE,false,97 F4,2,0,,hangul,589,로,05,214,368,A070,122,패치 슬롯 0589 | 한글 문자 | 로,번역 05-214/368 · 로 / 토큰 88 C5 / KANJI A070 / 가나다순 122
769,main,0,D7FF~D800,D7FF,D800,2,81 40,0x043AF 0x043C0,0x043AF;0x043C0,0x043AF,0x043C0,true,82 AF,2,0,,space,590,␠,05,215,368,,,패치 슬롯 0590 | 전각 공백 | ␠,번역 05-215/368 · ␠ / 토큰 81 40 / PC-88 전각 공백 토큰
770,main,0,D801~D802,D801,D802,2,88 AF,0x043C1 0x043C2,0x043C1~0x043C2,0x043C1,0x043C2,false,96 DA,2,0,,hangul,591,떨,05,216,368,6110,100,패치 슬롯 0591 | 한글 문자 | 떨,번역 05-216/368 · 떨 / 토큰 88 AF / KANJI 6110 / 가나다순 100
771,main,0,D803~D804,D803,D804,2,89 6C,0x043C3 0x043C4,0x043C3~0x043C4,0x043C3,0x043C4,false,82 C9,2,0,,hangul,592,어,05,217,368,A2D0,222,패치 슬롯 0592 | 한글 문자 | 어,번역 05-217/368 · 어 / 토큰 89 6C / KANJI A2D0 / 가나다순 222
772,main,0,D805~D806,D805,D806,2,89 A2,0x043C5 0x043C6,0x043C5~0x043C6,0x043C5,0x043C6,false,82 CD,2,0,,hangul,593,졌,05,218,368,6440,275,패치 슬롯 0593 | 한글 문자 | 졌,번역 05-218/368 · 졌 / 토큰 89 A2 / KANJI 6440 / 가나다순 275
773,main,0,D807~D808,D807,D808,2,82 E7,0x043C7 0x043C8,0x043C7~0x043C8,0x043C7,0x043C8,false,42 95,2,0,,hangul,594,다,05,219,368,3890,73,패치 슬롯 0594 | 한글 문자 | 다,번역 05-219/368 · 다 / 토큰 82 E7 / KANJI 3890 / 가나다순 73
774,main,0,D809~D80A,D809,D80A,2,81 42,0x043C9 0x043CA,0x043C9~0x043CA,0x043C9,0x043CA,false,95 88,2,0,,punctuation,595,。,05,220,368,,,패치 슬롯 0595 | 문장부호 | 。,번역 05-220/368 · 。 / 토큰 81 42 / PC-88 전각 마침표 토큰
775,main,0,D80B,D80B,D80B,1,65,0x043CB,0x043CB,0x043CB,0x043CB,false,F3,1,0,,control,,,,,,,,기존확인 제어 / 65 계열 작업슬롯 비활성화,65 계열 작업슬롯 비활성화 기존값 재사용; 61h 계열 슬롯 비활성화; KANJI 해당 없음
776,main,0,D80C,D80C,D80C,1,66,0x043CC,0x043CC,0x043CC,0x043CC,false,82,1,0,,control,,,,,,,,기존확인 제어 / 66 계열 작업슬롯 비활성화,66 계열 작업슬롯 비활성화 기존값 재사용; 61h 계열 슬롯 비활성화; KANJI 해당 없음
777,main,0,D80D~D80F,D80D,D80F,3,16 3C E6,0x043CD 0x043CE 0x043CF,0x043CD~0x043CF,0x043CD,0x043CF,false,AA 82 D9,3,0,,control,,,,,,,,기존확인 제어 / 16h 서브스트림 호출/전환 → E63C,16h 서브스트림 호출/전환 → E63C 기존값 재사용; 서브스트림 → E63C; KANJI 해당 없음
778,substream,1,E63C,E63C,E63C,1,65,0x0522C,0x0522C,0x0522C,0x0522C,false,65,0,1,7,control,,,,,,,,기존확인 제어 / 61h 계열 CAA8[4] 작업슬롯 비활성화,61h 계열 CAA8[4] 작업슬롯 비활성화 기존값 재사용; 61h 계열 슬롯 비활성화; KANJI 해당 없음
779,substream,1,E63D,E63D,E63D,1,66,0x0522D,0x0522D,0x0522D,0x0522D,false,66,0,1,8,control,,,,,,,,기존확인 제어 / 61h 계열 CAA8[5] 작업슬롯 비활성화,61h 계열 CAA8[5] 작업슬롯 비활성화 기존값 재사용; 61h 계열 슬롯 비활성화; KANJI 해당 없음
780,substream,1,E63E~E642,E63E,E642,5,0F 04 0D 03 08,0x0522E 0x0522F 0x05230 0x05231 0x05232,0x0522E~0x05232,0x0522E,0x05232,false,0F 04 0D 03 08,0,5,9,control,,,,,,,,기존확인 제어 / 0F 계열 제어,0F 계열 제어토큰 기존값 재사용; KANJI 해당 없음
781,substream,1,E643~E645,E643,E645,3,16 95 E7,0x05233 0x05234 0x05235,0x05233~0x05235,0x05233,0x05235,false,16 95 E7,0,3,10,control,,,,,,,,기존확인 제어 / 16h 서브스트림 호출/전환 → E795,16h 서브스트림 호출/전환 → E795 기존값 재사용; 서브스트림 → E795; KANJI 해당 없음
782,substream,2,E795~E797,E795,E797,3,1E 3C 08,0x05385 0x05386 0x05387,0x05385~0x05387,0x05385,0x05387,false,1E 3C 08,0,3,11,control,,,,,,,,기존확인 제어 / 1E 간접 CALL/083C→0F12 계열,1E 간접 CALL / 083C→0F12 계열 기존값 재사용; KANJI 해당 없음
783,substream,2,E798~E79D,E798,E79D,6,05 16 86 3A 9E 00,0x05388 0x05389 0x0538A 0x0538B 0x0538C 0x0538D,0x05388~0x0538D,0x05388,0x0538D,false,05 16 86 3A 9E 00,0,6,12,control,,,,,,,,기존확인 제어 / 05 계열 영역 전개/채움,05 계열 영역 전개/채움 기존값 재사용; KANJI 해당 없음
784,substream,2,E79E~E7A2,E79E,E7A2,5,0E 16 20 24 80,0x0538E 0x0538F 0x05390 0x05391 0x05392,0x0538E~0x05392,0x0538E,0x05392,false,0E 16 20 24 80,0,5,13,control,,,,,,,,기존확인 제어 / 0E 계열 표시/버퍼 설정,0E 계열 표시/버퍼 설정 기존값 재사용; KANJI 해당 없음
785,substream,2,E7A3,E7A3,E7A3,1,17,0x05393,0x05393,0x05393,0x05393,false,17,0,1,14,control,,,,,,,,기존확인 제어 / 17h 서브스트림 복귀,17h 서브스트림 복귀 기존값 재사용; 서브스트림 복귀; KANJI 해당 없음
786,substream,1,E646~E648,E646,E648,3,13 A4 E7,0x05236 0x05237 0x05238,0x05236~0x05238,0x05236,0x05238,false,13 A4 E7,0,3,15,control,,,,,,,,기존확인 제어 / 13h 계열 제어,13h 계열 제어토큰 기존값 재사용; KANJI 해당 없음
787,substream,1,E649~E64C,E649,E64C,4,14 00 16 22,0x05239 0x0523A 0x0523B 0x0523C,0x05239~0x0523C,0x05239,0x0523C,false,14 00 16 22,0,4,16,control,,,,,,,,기존확인 제어 / 14h 계열 버퍼/영역 처리,14h 계열 버퍼/영역 처리 기존값 재사용; KANJI 해당 없음
788,substream,1,E64D~E650,E64D,E650,4,14 01 3B 00,0x0523D 0x0523E 0x0523F 0x05240,0x0523D~0x05240,0x0523D,0x05240,false,14 01 3B 00,0,4,17,control,,,,,,,,기존확인 제어 / 14h 계열 버퍼/영역 처리,14h 계열 버퍼/영역 처리 기존값 재사용; KANJI 해당 없음
789,substream,1,E651~E654,E651,E654,4,04 AC E8 41,0x05241 0x05242 0x05243 0x05244,0x05241~0x05244,0x05241,0x05244,false,04 AC E8 41,0,4,18,control,,,,,,,,기존확인 제어 / 04h 계열 CAA8 슬롯 포인터 설정,04h 계열 CAA8 슬롯 포인터 설정 기존값 재사용; KANJI 해당 없음
790,substream,1,E655~E658,E655,E658,4,04 B6 E8 42,0x05245 0x05246 0x05247 0x05248,0x05245~0x05248,0x05245,0x05248,false,04 B6 E8 42,0,4,19,control,,,,,,,,기존확인 제어 / 04h 계열 CAA8 슬롯 포인터 설정,04h 계열 CAA8 슬롯 포인터 설정 기존값 재사용; KANJI 해당 없음
791,substream,1,E659~E65C,E659,E65C,4,04 C0 E8 43,0x05249 0x0524A 0x0524B 0x0524C,0x05249~0x0524C,0x05249,0x0524C,false,04 C0 E8 43,0,4,20,control,,,,,,,,기존확인 제어 / 04h 계열 CAA8 슬롯 포인터 설정,04h 계열 CAA8 슬롯 포인터 설정 기존값 재사용; KANJI 해당 없음
792,substream,1,E65D~E65E,E65D,E65E,2,06 12,0x0524D 0x0524E,0x0524D~0x0524E,0x0524D,0x0524E,false,06 12,0,2,21,control,,,,,,,,기존확인 제어 / 06h 계열 상태 설정,06h 계열 상태 설정 기존값 재사용; KANJI 해당 없음
793,substream,1,E65F~E660,E65F,E660,2,25 30,0x0524F 0x05250,0x0524F~0x05250,0x0524F,0x05250,false,25 30,0,2,22,control,,,,,,,,기존확인 제어 / CA1D 입 파츠 인덱스 설정,CA1D 입 파츠 인덱스 설정 기존값 재사용; CA1D=30
794,substream,1,E661,E661,E661,1,17,0x05251,0x05251,0x05251,0x05251,false,17,0,1,23,control,,,,,,,,기존확인 제어 / 17h 서브스트림 복귀,17h 서브스트림 복귀 기존값 재사용; 서브스트림 복귀; KANJI 해당 없음
795,main,0,D810,D810,D810,1,41,0x043D0,0x043D0,0x043D0,0x043D0,false,82,1,0,,control,,,,,,,,기존확인 제어 / 41 계열 슬롯 실행,41 계열 슬롯 실행 기존값 재사용; 41~50 계열 슬롯 실행; KANJI 해당 없음
796,main,0,D811~D812,D811,D812,2,89 8D,0x043D1 0x043D2,0x043D1~0x043D2,0x043D1,0x043D2,false,C7 82,2,0,,hangul,596,이,05,221,368,E2D0,254,패치 슬롯 0596 | 한글 문자 | 이,번역 05-221/368 · 이 / 토큰 89 8D / KANJI E2D0 / 가나다순 254
797,main,0,D813~D814,D813,D814,2,89 F5,0x043D3 0x043D4,0x043D3~0x043D4,0x043D3,0x043D4,false,B1 82,2,0,,hangul,597,후,05,222,368,E570,358,패치 슬롯 0597 | 한글 문자 | 후,번역 05-222/368 · 후 / 토큰 89 F5 / KANJI E570 / 가나다순 358
798,main,0,D815~D816,D815,D816,2,81 40,0x043D5 0x043D6,0x043D5~0x043D6,0x043D5,0x043D6,false,B3 82,2,0,,space,598,␠,05,223,368,,,패치 슬롯 0598 | 전각 공백 | ␠,번역 05-223/368 · ␠ / 토큰 81 40 / PC-88 전각 공백 토큰
799,main,0,D817~D818,D817,D818,2,82 BC,0x043D7 0x043D8,0x043D7~0x043D8,0x043D7,0x043D8,false,EA 81,2,0,,hangul,599,균,05,224,368,19E0,30,패치 슬롯 0599 | 한글 문자 | 균,번역 05-224/368 · 균 / 토큰 82 BC / KANJI 19E0 / 가나다순 30
800,main,0,D819~D81A,D819,D81A,2,89 74,0x043D9 0x043DA,0x043D9~0x043DA,0x043D9,0x043DA,false,41 89,2,0,,hangul,600,열,05,225,368,A350,230,패치 슬롯 0600 | 한글 문자 | 열,번역 05-225/368 · 열 / 토큰 89 74 / KANJI A350 / 가나다순 230
801,main,0,D81B~D81C,D81B,D81C,2,89 89,0x043DB 0x043DC,0x043DB~0x043DC,0x043DB,0x043DC,false,BD 82,2,0,,hangul,601,은,05,226,368,E290,250,패치 슬롯 0601 | 한글 문자 | 은,번역 05-226/368 · 은 / 토큰 89 89 / KANJI E290 / 가나다순 250
802,main,0,D81D,D81D,D81D,1,42,0x043DD,0x043DD,0x043DD,0x043DD,false,AA,1,0,,control,,,,,,,,기존확인 제어 / 42 계열 슬롯 실행,42 계열 슬롯 실행 기존값 재사용; 41~50 계열 슬롯 실행; KANJI 해당 없음
803,main,0,D81E~D81F,D81E,D81F,2,81 40,0x043DE 0x043DF,0x043DE~0x043DF,0x043DE,0x043DF,false,82 A0,2,0,,space,602,␠,05,227,368,,,패치 슬롯 0602 | 전각 공백 | ␠,번역 05-227/368 · ␠ / 토큰 81 40 / PC-88 전각 공백 토큰
804,main,0,D820~D821,D820,D821,2,88 F8,0x043E0 0x043E1,0x043E0~0x043E1,0x043E0,0x043E1,false,82 EB,2,0,,hangul,603,봉,05,228,368,E1A0,173,패치 슬롯 0603 | 한글 문자 | 봉,번역 05-228/368 · 봉 / 토큰 88 F8 / KANJI E1A0 / 가나다순 173
805,main,0,D822~D823,D822,D823,2,89 8E,0x043E2 0x043E3,0x043E2~0x043E3,0x043E2,0x043E3,false,82 A4,2,0,,hangul,604,인,05,229,368,E2E0,255,패치 슬롯 0604 | 한글 문자 | 인,번역 05-229/368 · 인 / 토큰 89 8E / KANJI E2E0 / 가나다순 255
806,main,0,D824~D825,D824,D825,2,88 A2,0x043E4 0x043E5,0x043E4~0x043E5,0x043E4,0x043E5,false,82 C6,2,0,,hangul,605,되,05,230,368,6040,87,패치 슬롯 0605 | 한글 문자 | 되,번역 05-230/368 · 되 / 토큰 88 A2 / KANJI 6040 / 가나다순 87
807,main,0,D826~D827,D826,D827,2,89 6F,0x043E6 0x043E7,0x043E6~0x043E7,0x043E6,0x043E7,false,82 E0,2,0,,hangul,606,었,05,231,368,A300,225,패치 슬롯 0606 | 한글 문자 | 었,번역 05-231/368 · 었 / 토큰 89 6F / KANJI A300 / 가나다순 225
808,main,0,D828~D829,D828,D829,2,82 B1,0x043E8 0x043E9,0x043E8~0x043E9,0x043E8,0x043E9,false,95 95,2,0,,hangul,607,고,05,232,368,1930,19,패치 슬롯 0607 | 한글 문자 | 고,번역 05-232/368 · 고 / 토큰 82 B1 / KANJI 1930 / 가나다순 19
809,main,0,D82A~D82B,D82A,D82B,2,81 41,0x043EA 0x043EB,0x043EA~0x043EB,0x043EA,0x043EB,false,88 F3,2,0,,punctuation,608,、,05,233,368,,,패치 슬롯 0608 | 문장부호 | 、,번역 05-233/368 · 、 / 토큰 81 41 / PC-88 전각 쉼표 토큰
810,main,0,D82C~D82D,D82C,D82D,2,88 E3,0x043EC 0x043ED,0x043EC~0x043ED,0x043EC,0x043ED,false,82 F0,2,0,,hangul,609,무,05,234,368,E050,152,패치 슬롯 0609 | 한글 문자 | 무,번역 05-234/368 · 무 / 토큰 88 E3 / KANJI E050 / 가나다순 152
811,main,0,D82E~D82F,D82E,D82F,2,89 57,0x043EE 0x043EF,0x043EE~0x043EF,0x043EE,0x043EF,false,89 F0,1,0,,hangul,610,슨,05,235,368,6380,201,패치 슬롯 0610 | 한글 문자 | 슨,번역 05-235/368 · 슨 / 토큰 89 57 / KANJI 6380 / 가나다순 201
812,main,0,D830~D831,D830,D831,2,81 40,0x043F0 0x043F1,0x043F0~0x043F1,0x043F0,0x043F1,false,82 AD,2,0,,space,611,␠,05,236,368,,,패치 슬롯 0611 | 전각 공백 | ␠,번역 05-236/368 · ␠ / 토큰 81 40 / PC-88 전각 공백 토큰
813,main,0,D832~D833,D832,D833,2,89 8F,0x043F2 0x043F3,0x043F2~0x043F3,0x043F2,0x043F3,false,82 B1,2,0,,hangul,612,일,05,237,368,E2F0,256,패치 슬롯 0612 | 한글 문자 | 일,번역 05-237/368 · 일 / 토큰 89 8F / KANJI E2F0 / 가나다순 256
814,main,0,D834~D835,D834,D835,2,89 8D,0x043F4 0x043F5,0x043F4~0x043F5,0x043F4,0x043F5,false,82 C6,2,0,,hangul,613,이,05,238,368,E2D0,254,패치 슬롯 0613 | 한글 문자 | 이,번역 05-238/368 · 이 / 토큰 89 8D / KANJI E2D0 / 가나다순 254
815,main,0,D836~D837,D836,D837,2,89 92,0x043F6 0x043F7,0x043F6~0x043F7,0x043F6,0x043F7,false,82 CC,2,0,,hangul,614,있,05,239,368,E320,259,패치 슬롯 0614 | 한글 문자 | 있,번역 05-239/368 · 있 / 토큰 89 92 / KANJI E320 / 가나다순 259
816,main,0,D838~D839,D838,D839,2,89 6C,0x043F8 0x043F9,0x043F8~0x043F9,0x043F8,0x043F9,false,82 C8,2,0,,hangul,615,어,05,240,368,A2D0,222,패치 슬롯 0615 | 한글 문자 | 어,번역 05-240/368 · 어 / 토큰 89 6C / KANJI A2D0 / 가나다순 222
817,main,0,D83A~D83B,D83A,D83B,2,82 F1,0x043FA 0x043FB,0x043FA~0x043FB,0x043FA,0x043FB,false,82 A2,1,0,,hangul,616,도,05,241,368,3930,83,패치 슬롯 0616 | 한글 문자 | 도,번역 05-241/368 · 도 / 토큰 82 F1 / KANJI 3930 / 가나다순 83
818,main,0,D83C~D83D,D83C,D83D,2,81 40,0x043FC 0x043FD,0x043FC~0x043FD,0x043FC,0x043FD,false,82 E6,2,0,,space,617,␠,05,242,368,,,패치 슬롯 0617 | 전각 공백 | ␠,번역 05-242/368 · ␠ / 토큰 81 40 / PC-88 전각 공백 토큰
819,main,0,D83E~D83F,D83E,D83F,2,82 AE,0x043FE 0x043FF,0x043FE~0x043FF,0x043FE,0x043FF,false,82 A4,1,0,,hangul,618,결,05,243,368,1900,16,패치 슬롯 0618 | 한글 문자 | 결,번역 05-243/368 · 결 / 토큰 82 AE / KANJI 1900 / 가나다순 16
820,main,0,D840~D841,D840,D841,2,89 C5,0x04400 0x04401,0x04400~0x04401,0x04400,0x04401,false,96 96,2,0,,hangul,619,코,05,244,368,A470,310,패치 슬롯 0619 | 한글 문자 | 코,번역 05-244/368 · 코 / 토큰 89 C5 / KANJI A470 / 가나다순 310
821,main,0,D842~D843,D842,D843,2,81 40,0x04402 0x04403,0x04402~0x04403,0x04402,0x04403,false,91 E3,2,0,,space,620,␠,05,245,368,,,패치 슬롯 0620 | 전각 공백 | ␠,번역 05-245/368 · ␠ / 토큰 81 40 / PC-88 전각 공백 토큰
822,main,0,D844~D845,D844,D845,2,88 F8,0x04404 0x04405,0x04404~0x04405,0x04404,0x04405,false,82 CC,2,0,,hangul,621,봉,05,246,368,E1A0,173,패치 슬롯 0621 | 한글 문자 | 봉,번역 05-246/368 · 봉 / 토큰 88 F8 / KANJI E1A0 / 가나다순 173
823,main,0,D846~D847,D846,D847,2,89 8E,0x04406 0x04407,0x04406~0x04407,0x04406,0x04407,false,89 A4,1,0,,hangul,622,인,05,247,368,E2E0,255,패치 슬롯 0622 | 한글 문자 | 인,번역 05-247/368 · 인 / 토큰 89 8E / KANJI E2E0 / 가나다순 255
824,main,0,D848~D849,D848,D849,2,89 8A,0x04408 0x04409,0x04408~0x04409,0x04408,0x04409,false,82 D6,2,0,,hangul,623,을,05,248,368,E2A0,251,패치 슬롯 0623 | 한글 문자 | 을,번역 05-248/368 · 을 / 토큰 89 8A / KANJI E2A0 / 가나다순 251
825,main,0,D84A~D84B,D84A,D84B,2,81 40,0x0440A 0x0440B,0x0440A~0x0440B,0x0440A,0x0440B,false,82 C6,2,0,,space,624,␠,05,249,368,,,패치 슬롯 0624 | 전각 공백 | ␠,번역 05-249/368 · ␠ / 토큰 81 40 / PC-88 전각 공백 토큰
826,main,0,D84C~D84D,D84C,D84D,2,89 DF,0x0440C 0x0440D,0x0440C~0x0440D,0x0440C,0x0440D,false,93 60,2,0,,hangul,625,풀,05,250,368,E410,336,패치 슬롯 0625 | 한글 문자 | 풀,번역 05-250/368 · 풀 / 토큰 89 DF / KANJI E410 / 가나다순 336
827,main,0,D84E~D84F,D84E,D84F,2,89 B3,0x0440E 0x0440F,0x0440E~0x0440F,0x0440E,0x0440F,false,82 A6,2,0,,hangul,626,지,05,251,368,6550,292,패치 슬롯 0626 | 한글 문자 | 지,번역 05-251/368 · 지 / 토큰 89 B3 / KANJI 6550 / 가나다순 292
828,main,0,D850~D851,D850,D851,2,81 40,0x04410 0x04411,0x04410~0x04411,0x04410,0x04411,false,82 E7,2,0,,space,627,␠,05,252,368,,,패치 슬롯 0627 | 전각 공백 | ␠,번역 05-252/368 · ␠ / 토큰 81 40 / PC-88 전각 공백 토큰
829,main,0,D852~D853,D852,D853,2,88 D3,0x04412 0x04413,0x04412~0x04413,0x04412,0x04413,false,82 EA,2,0,,hangul,628,말,05,253,368,A150,136,패치 슬롯 0628 | 한글 문자 | 말,번역 05-253/368 · 말 / 토큰 88 D3 / KANJI A150 / 가나다순 136
830,main,0,D854~D855,D854,D855,2,88 B6,0x04414 0x04415,0x04414~0x04415,0x04414,0x04415,false,82 C4,2,0,,hangul,629,라,05,254,368,6180,107,패치 슬롯 0629 | 한글 문자 | 라,번역 05-254/368 · 라 / 토큰 88 B6 / KANJI 6180 / 가나다순 107
831,main,0,D856~D857,D856,D857,2,82 E3,0x04416 0x04417,0x04416~0x04417,0x04416,0x04417,false,82 A2,1,0,,hangul,630,는,05,255,368,3850,69,패치 슬롯 0630 | 한글 문자 | 는,번역 05-255/368 · 는 / 토큰 82 E3 / KANJI 3850 / 가나다순 69
832,main,0,D858~D859,D858,D859,2,81 40,0x04418 0x04419,0x04418~0x04419,0x04418,0x04419,false,82 C1,2,0,,space,631,␠,05,256,368,,,패치 슬롯 0631 | 전각 공백 | ␠,번역 05-256/368 · ␠ / 토큰 81 40 / PC-88 전각 공백 토큰
833,main,0,D85A~D85B,D85A,D85B,2,82 B0,0x0441A 0x0441B,0x0441A~0x0441B,0x0441A,0x0441B,false,82 BD,1,0,,hangul,632,계,05,257,368,1920,18,패치 슬롯 0632 | 한글 문자 | 계,번역 05-257/368 · 계 / 토큰 82 B0 / KANJI 1920 / 가나다순 18
834,main,0,D85C~D85D,D85C,D85D,2,89 87,0x0441C 0x0441D,0x0441C~0x0441D,0x0441C,0x0441D,false,82 CC,2,0,,hangul,633,율,05,258,368,E270,248,패치 슬롯 0633 | 한글 문자 | 율,번역 05-258/368 · 율 / 토큰 89 87 / KANJI E270 / 가나다순 248
835,main,0,D85E~D85F,D85E,D85F,2,89 8D,0x0441E 0x0441F,0x0441E~0x0441F,0x0441E,0x0441F,false,82 BE,2,0,,hangul,634,이,05,259,368,E2D0,254,패치 슬롯 0634 | 한글 문자 | 이,번역 05-259/368 · 이 / 토큰 89 8D / KANJI E2D0 / 가나다순 254
836,main,0,D860~D861,D860,D861,2,81 40,0x04420 0x04421,0x04420~0x04421,0x04420,0x04421,false,81 42,1,0,,space,635,␠,05,260,368,,,패치 슬롯 0635 | 전각 공백 | ␠,번역 05-260/368 · ␠ / 토큰 81 40 / PC-88 전각 공백 토큰
837,main,0,D862~D863,D862,D863,2,82 EC,0x04422 0x04423,0x04422~0x04423,0x04422,0x04423,false,82 BE,1,0,,hangul,636,대,05,261,368,38E0,78,패치 슬롯 0636 | 한글 문자 | 대,번역 05-261/368 · 대 / 토큰 82 EC / KANJI 38E0 / 가나다순 78
838,main,0,D864~D865,D864,D865,2,82 EC,0x04424 0x04425,0x04424~0x04425,0x04424,0x04425,false,82 AA,1,0,,hangul,637,대,05,262,368,38E0,78,패치 슬롯 0637 | 한글 문자 | 대,번역 05-262/368 · 대 / 토큰 82 EC / KANJI 38E0 / 가나다순 78
839,main,0,D866~D867,D866,D867,2,88 C5,0x04426 0x04427,0x04426~0x04427,0x04426,0x04427,false,81 41,2,0,,hangul,638,로,05,263,368,A070,122,패치 슬롯 0638 | 한글 문자 | 로,번역 05-263/368 · 로 / 토큰 88 C5 / KANJI A070 / 가나다순 122
840,main,0,D868~D869,D868,D869,2,81 40,0x04428 0x04429,0x04428~0x04429,0x04428,0x04429,false,82 B1,2,0,,space,639,␠,05,264,368,,,패치 슬롯 0639 | 전각 공백 | ␠,번역 05-264/368 · ␠ / 토큰 81 40 / PC-88 전각 공백 토큰
841,main,0,D86A~D86B,D86A,D86B,2,89 7C,0x0442A 0x0442B,0x0442A~0x0442B,0x0442A,0x0442B,false,82 EA,2,0,,hangul,640,왕,05,265,368,A3D0,238,패치 슬롯 0640 | 한글 문자 | 왕,번역 05-265/368 · 왕 / 토큰 89 7C / KANJI A3D0 / 가나다순 238
842,main,0,D86C~D86D,D86C,D86D,2,88 AA,0x0442C 0x0442D,0x0442C~0x0442D,0x0442C,0x0442D,false,82 DC,2,0,,hangul,641,들,05,266,368,60C0,95,패치 슬롯 0641 | 한글 문자 | 들,번역 05-266/368 · 들 / 토큰 88 AA / KANJI 60C0 / 가나다순 95
843,main,0,D86E~D86F,D86E,D86F,2,89 70,0x0442E 0x0442F,0x0442E~0x0442F,0x0442E,0x0442F,false,82 C5,2,0,,hangul,642,에,05,267,368,A310,226,패치 슬롯 0642 | 한글 문자 | 에,번역 05-267/368 · 에 / 토큰 89 70 / KANJI A310 / 가나다순 226
844,main,0,D870~D871,D870,D871,2,82 AB,0x04430 0x04431,0x04430~0x04431,0x04430,0x04431,false,82 E0,1,0,,hangul,643,게,05,268,368,18D0,13,패치 슬롯 0643 | 한글 문자 | 게,번역 05-268/368 · 게 / 토큰 82 AB / KANJI 18D0 / 가나다순 13
845,main,0,D872~D873,D872,D873,2,81 40,0x04432 0x04433,0x04432~0x04433,0x04432,0x04433,false,89 BD,2,0,,space,644,␠,05,269,368,,,패치 슬롯 0644 | 전각 공백 | ␠,번역 05-269/368 · ␠ / 토큰 81 40 / PC-88 전각 공백 토큰
846,main,0,D874~D875,D874,D875,2,89 9D,0x04434 0x04435,0x04434~0x04435,0x04434,0x04435,false,90 6C,2,0,,hangul,645,전,05,270,368,E3D0,270,패치 슬롯 0645 | 한글 문자 | 전,번역 05-270/368 · 전 / 토큰 89 9D / KANJI E3D0 / 가나다순 270
847,main,0,D876~D877,D876,D877,2,89 E8,0x04436 0x04437,0x04436~0x04437,0x04436,0x04437,false,82 A9,2,0,,hangul,646,해,05,271,368,E4A0,345,패치 슬롯 0646 | 한글 문자 | 해,번역 05-271/368 · 해 / 토큰 89 E8 / KANJI E4A0 / 가나다순 345
848,main,0,D878~D879,D878,D879,2,89 A2,0x04438 0x04439,0x04438~0x04439,0x04438,0x04439,false,82 CC,2,0,,hangul,647,졌,05,272,368,6440,275,패치 슬롯 0647 | 한글 문자 | 졌,번역 05-272/368 · 졌 / 토큰 89 A2 / KANJI 6440 / 가나다순 275
849,main,0,D87A~D87B,D87A,D87B,2,82 E7,0x0443A 0x0443B,0x0443A~0x0443B,0x0443A,0x0443B,false,89 A4,2,0,,hangul,648,다,05,273,368,3890,73,패치 슬롯 0648 | 한글 문자 | 다,번역 05-273/368 · 다 / 토큰 82 E7 / KANJI 3890 / 가나다순 73
850,main,0,D87C~D87D,D87C,D87D,2,81 42,0x0443C 0x0443D,0x0443C~0x0443D,0x0443C,0x0443D,false,82 AA,2,0,,punctuation,649,。,05,274,368,,,패치 슬롯 0649 | 문장부호 | 。,번역 05-274/368 · 。 / 토큰 81 42 / PC-88 전각 마침표 토큰
851,main,0,D87E~D87F,D87E,D87F,2,82 BD,0x0443E 0x0443F,0x0443E~0x0443F,0x0443E,0x0443F,false,95 95,2,0,,hangul,650,그,05,275,368,19F0,31,패치 슬롯 0650 | 한글 문자 | 그,번역 05-275/368 · 그 / 토큰 82 BD / KANJI 19F0 / 가나다순 31
852,main,0,D880~D881,D880,D881,2,88 BB,0x04440 0x04441,0x04440~0x04441,0x04440,0x04441,false,88 F3,1,0,,hangul,651,러,05,276,368,61D0,112,패치 슬롯 0651 | 한글 문자 | 러,번역 05-276/368 · 러 / 토큰 88 BB / KANJI 61D0 / 가나다순 112
853,main,0,D882~D883,D882,D883,2,82 CE,0x04442 0x04443,0x04442~0x04443,0x04442,0x04443,false,82 F0,1,0,,hangul,652,나,05,277,368,2900,48,패치 슬롯 0652 | 한글 문자 | 나,번역 05-277/368 · 나 / 토큰 82 CE / KANJI 2900 / 가나다순 48
854,main,0,D884~D885,D884,D885,2,81 40,0x04444 0x04445,0x04444~0x04445,0x04444,0x04445,false,89 F0,2,0,,space,653,␠,05,278,368,,,패치 슬롯 0653 | 전각 공백 | ␠,번역 05-278/368 · ␠ / 토큰 81 40 / PC-88 전각 공백 토큰
855,main,0,D886~D887,D886,D887,2,88 F8,0x04446 0x04447,0x04446~0x04447,0x04446,0x04447,false,82 AD,2,0,,hangul,654,봉,05,279,368,E1A0,173,패치 슬롯 0654 | 한글 문자 | 봉,번역 05-279/368 · 봉 / 토큰 88 F8 / KANJI E1A0 / 가나다순 173
856,main,0,D888~D889,D888,D889,2,89 8E,0x04448 0x04449,0x04448~0x04449,0x04448,0x04449,false,42 97,2,0,,hangul,655,인,05,280,368,E2E0,255,패치 슬롯 0655 | 한글 문자 | 인,번역 05-280/368 · 인 / 토큰 89 8E / KANJI E2E0 / 가나다순 255
857,main,0,D88A~D88B,D88A,D88B,2,89 8A,0x0444A 0x0444B,0x0444A~0x0444B,0x0444A,0x0444B,false,55 98,2,0,,hangul,656,을,05,281,368,E2A0,251,패치 슬롯 0656 | 한글 문자 | 을,번역 05-281/368 · 을 / 토큰 89 8A / KANJI E2A0 / 가나다순 251
858,main,0,D88C~D88D,D88C,D88D,2,81 40,0x0444C 0x0444D,0x0444C~0x0444D,0x0444C,0x0444D,false,66 82,2,0,,space,657,␠,05,282,368,,,패치 슬롯 0657 | 전각 공백 | ␠,번역 05-282/368 · ␠ / 토큰 81 40 / PC-88 전각 공백 토큰
859,main,0,D88E~D88F,D88E,D88F,2,89 DF,0x0444E 0x0444F,0x0444E~0x0444F,0x0444E,0x0444F,false,C9 8B,2,0,,hangul,658,풀,05,283,368,E410,336,패치 슬롯 0658 | 한글 문자 | 풀,번역 05-283/368 · 풀 / 토큰 89 DF / KANJI E410 / 가나다순 336
860,main,0,D890~D891,D890,D891,2,88 C1,0x04450 0x04451,0x04450~0x04451,0x04450,0x04451,false,EC 82,2,0,,hangul,659,려,05,284,368,A030,118,패치 슬롯 0659 | 한글 문자 | 려,번역 05-284/368 · 려 / 토큰 88 C1 / KANJI A030 / 가나다순 118
861,main,0,D892~D893,D892,D893,2,82 E3,0x04452 0x04453,0x04452~0x04453,0x04452,0x04453,false,E7 82,2,0,,hangul,660,는,05,285,368,3850,69,패치 슬롯 0660 | 한글 문자 | 는,번역 05-285/368 · 는 / 토큰 82 E3 / KANJI 3850 / 가나다순 69
862,main,0,D894,D894,D894,1,42,0x04454,0x04454,0x04454,0x04454,false,EA,1,0,,control,,,,,,,,기존확인 제어 / 42 계열 슬롯 실행,42 계열 슬롯 실행 기존값 재사용; 41~50 계열 슬롯 실행; KANJI 해당 없음
863,main,0,D895~D896,D895,D896,2,81 40,0x04455 0x04456,0x04455~0x04456,0x04455,0x04456,false,82 BD,2,0,,space,661,␠,05,286,368,,,패치 슬롯 0661 | 전각 공백 | ␠,번역 05-286/368 · ␠ / 토큰 81 40 / PC-88 전각 공백 토큰
864,main,0,D897~D898,D897,D898,2,89 86,0x04457 0x04458,0x04457~0x04458,0x04457,0x04458,false,82 E7,2,0,,hangul,662,유,05,287,368,E260,247,패치 슬롯 0662 | 한글 문자 | 유,번역 05-287/368 · 유 / 토큰 89 86 / KANJI E260 / 가나다순 247
865,main,0,D899~D89A,D899,D89A,2,89 F1,0x04459 0x0445A,0x04459~0x0445A,0x04459,0x0445A,false,82 B5,2,0,,hangul,663,혹,05,288,368,E530,354,패치 슬롯 0663 | 한글 문자 | 혹,번역 05-288/368 · 혹 / 토큰 89 F1 / KANJI E530 / 가나다순 354
866,main,0,D89B~D89C,D89B,D89C,2,89 70,0x0445B 0x0445C,0x0445B~0x0445C,0x0445B,0x0445C,false,82 A2,2,0,,hangul,664,에,05,289,368,A310,226,패치 슬롯 0664 | 한글 문자 | 에,번역 05-289/368 · 에 / 토큰 89 70 / KANJI A310 / 가나다순 226
867,main,0,D89D~D89E,D89D,D89E,2,81 40,0x0445D 0x0445E,0x0445D~0x0445E,0x0445D,0x0445E,false,81 42,1,0,,space,665,␠,05,290,368,,,패치 슬롯 0665 | 전각 공백 | ␠,번역 05-290/368 · ␠ / 토큰 81 40 / PC-88 전각 공백 토큰
868,main,0,D89F~D8A0,D89F,D8A0,2,89 43,0x0445F 0x04460,0x0445F~0x04460,0x0445F,0x04460,false,82 C8,2,0,,hangul,666,사,05,291,368,6240,181,패치 슬롯 0666 | 한글 문자 | 사,번역 05-291/368 · 사 / 토큰 89 43 / KANJI 6240 / 가나다순 181
869,main,0,D8A1~D8A2,D8A1,D8A2,2,88 C5,0x04461 0x04462,0x04461~0x04462,0x04461,0x04462,false,82 BA,2,0,,hangul,667,로,05,292,368,A070,122,패치 슬롯 0667 | 한글 문자 | 로,번역 05-292/368 · 로 / 토큰 88 C5 / KANJI A070 / 가나다순 122
870,main,0,D8A3~D8A4,D8A3,D8A4,2,89 98,0x04463 0x04464,0x04463~0x04464,0x04463,0x04464,false,82 C8,2,0,,hangul,668,잡,05,293,368,E380,265,패치 슬롯 0668 | 한글 문자 | 잡,번역 05-293/368 · 잡 / 토큰 89 98 / KANJI E380 / 가나다순 265
871,main,0,D8A5~D8A6,D8A5,D8A6,2,89 EE,0x04465 0x04466,0x04465~0x04466,0x04465,0x04466,false,82 E7,2,0,,hangul,669,혔,05,294,368,E500,351,패치 슬롯 0669 | 한글 문자 | 혔,번역 05-294/368 · 혔 / 토큰 89 EE / KANJI E500 / 가나다순 351
872,main,0,D8A7~D8A8,D8A7,D8A8,2,82 EE,0x04467 0x04468,0x04467~0x04468,0x04467,0x04468,false,82 CE,1,0,,hangul,670,던,05,295,368,3900,80,패치 슬롯 0670 | 한글 문자 | 던,번역 05-295/368 · 던 / 토큰 82 EE / KANJI 3900 / 가나다순 80
873,main,0,D8A9~D8AA,D8A9,D8AA,2,81 40,0x04469 0x0446A,0x04469~0x0446A,0x04469,0x0446A,false,81 41,1,0,,space,671,␠,05,296,368,,,패치 슬롯 0671 | 전각 공백 | ␠,번역 05-296/368 · ␠ / 토큰 81 40 / PC-88 전각 공백 토큰
874,main,0,D8AB~D8AC,D8AB,D8AC,2,89 7C,0x0446B 0x0446C,0x0446B~0x0446C,0x0446B,0x0446C,false,82 E0,2,0,,hangul,672,왕,05,297,368,A3D0,238,패치 슬롯 0672 | 한글 문자 | 왕,번역 05-297/368 · 왕 / 토큰 89 7C / KANJI A3D0 / 가나다순 238
875,main,0,D8AD~D8AE,D8AD,D8AE,2,88 AA,0x0446D 0x0446E,0x0446D~0x0446E,0x0446D,0x0446E,false,82 B5,2,0,,hangul,673,들,05,298,368,60C0,95,패치 슬롯 0673 | 한글 문자 | 들,번역 05-298/368 · 들 / 토큰 88 AA / KANJI 60C0 / 가나다순 95
876,main,0,D8AF~D8B0,D8AF,D8B0,2,82 F1,0x0446F 0x04470,0x0446F~0x04470,0x0446F,0x04470,false,83 81,2,0,,hangul,674,도,05,299,368,3930,83,패치 슬롯 0674 | 한글 문자 | 도,번역 05-299/368 · 도 / 토큰 82 F1 / KANJI 3930 / 가나다순 83
877,main,0,D8B1~D8B2,D8B1,D8B2,2,81 40,0x04471 0x04472,0x04471~0x04472,0x04471,0x04472,false,83 4B,2,0,,space,675,␠,05,300,368,,,패치 슬롯 0675 | 전각 공백 | ␠,번역 05-300/368 · ␠ / 토큰 81 40 / PC-88 전각 공백 토큰
878,main,0,D8B3~D8B4,D8B3,D8B4,2,89 92,0x04473 0x04474,0x04473~0x04474,0x04473,0x04474,false,83 58,2,0,,hangul,676,있,05,301,368,E320,259,패치 슬롯 0676 | 한글 문자 | 있,번역 05-301/368 · 있 / 토큰 89 92 / KANJI E320 / 가나다순 259
879,main,0,D8B5~D8B6,D8B5,D8B6,2,89 6F,0x04475 0x04476,0x04475~0x04476,0x04475,0x04476,false,82 AA,2,0,,hangul,677,었,05,302,368,A300,225,패치 슬롯 0677 | 한글 문자 | 었,번역 05-302/368 · 었 / 토큰 89 6F / KANJI A300 / 가나다순 225
880,main,0,D8B7~D8B8,D8B7,D8B8,2,82 E7,0x04477 0x04478,0x04477~0x04478,0x04477,0x04478,false,95 9C,2,0,,hangul,678,다,05,303,368,3890,73,패치 슬롯 0678 | 한글 문자 | 다,번역 05-303/368 · 다 / 토큰 82 E7 / KANJI 3890 / 가나다순 73
881,main,0,D8B9~D8BA,D8B9,D8BA,2,81 42,0x04479 0x0447A,0x04479~0x0447A,0x04479,0x0447A,false,8A 88,2,0,,punctuation,679,。,05,304,368,,,패치 슬롯 0679 | 문장부호 | 。,번역 05-304/368 · 。 / 토큰 81 42 / PC-88 전각 마침표 토큰
882,main,0,D8BB~D8BC,D8BB,D8BC,2,82 BD,0x0447B 0x0447C,0x0447B~0x0447C,0x0447B,0x0447C,false,82 B7,1,0,,hangul,680,그,05,305,368,19F0,31,패치 슬롯 0680 | 한글 문자 | 그,번역 05-305/368 · 그 / 토큰 82 BD / KANJI 19F0 / 가나다순 31
883,main,0,D8BD~D8BE,D8BD,D8BE,2,82 9F,0x0447D 0x0447E,0x0447D~0x0447E,0x0447D,0x0447E,false,82 EA,1,0,,hangul,681,가,05,306,368,1810,1,패치 슬롯 0681 | 한글 문자 | 가,번역 05-306/368 · 가 / 토큰 82 9F / KANJI 1810 / 가나다순 1
884,main,0,D8BF~D8C0,D8BF,D8C0,2,81 40,0x0447F 0x04480,0x0447F~0x04480,0x0447F,0x04480,false,82 CE,2,0,,space,682,␠,05,307,368,,,패치 슬롯 0682 | 전각 공백 | ␠,번역 05-307/368 · ␠ / 토큰 81 40 / PC-88 전각 공백 토큰
885,main,0,D8C1~D8C2,D8C1,D8C2,2,88 FA,0x04481 0x04482,0x04481~0x04482,0x04481,0x04482,false,81 41,2,0,,hangul,683,부,05,308,368,E1C0,175,패치 슬롯 0683 | 한글 문자 | 부,번역 05-308/368 · 부 / 토큰 88 FA / KANJI E1C0 / 가나다순 175
886,main,0,D8C3~D8C4,D8C3,D8C4,2,89 F3,0x04483 0x04484,0x04483~0x04484,0x04483,0x04484,false,8A 6D,2,0,,hangul,684,활,05,309,368,E550,356,패치 슬롯 0684 | 한글 문자 | 활,번역 05-309/368 · 활 / 토큰 89 F3 / KANJI E550 / 가나다순 356
887,main,0,D8C5~D8C6,D8C5,D8C6,2,89 E2,0x04485 0x04486,0x04485~0x04486,0x04485,0x04486,false,8E C0,2,0,,hangul,685,하,05,310,368,E440,339,패치 슬롯 0685 | 한글 문자 | 하,번역 05-310/368 · 하 / 토큰 89 E2 / KANJI E440 / 가나다순 339
888,main,0,D8C7~D8C8,D8C7,D8C8,2,82 C1,0x04487 0x04488,0x04487~0x04488,0x04487,0x04488,false,82 C9,1,0,,hangul,686,기,05,311,368,2830,35,패치 슬롯 0686 | 한글 문자 | 기,번역 05-311/368 · 기 / 토큰 82 C1 / KANJI 2830 / 가나다순 35
889,main,0,D8C9~D8CA,D8C9,D8CA,2,88 D2,0x04489 0x0448A,0x04489~0x0448A,0x04489,0x0448A,false,83 94,2,0,,hangul,687,만,05,312,368,A140,135,패치 슬롯 0687 | 한글 문자 | 만,번역 05-312/368 · 만 / 토큰 88 D2 / KANJI A140 / 가나다순 135
890,main,0,D8CB~D8CC,D8CB,D8CC,2,81 40,0x0448B 0x0448C,0x0448B~0x0448C,0x0448B,0x0448C,false,83 40,1,0,,space,688,␠,05,313,368,,,패치 슬롯 0688 | 전각 공백 | ␠,번역 05-313/368 · ␠ / 토큰 81 40 / PC-88 전각 공백 토큰
891,main,0,D8CD~D8CE,D8CD,D8CE,2,89 E2,0x0448D 0x0448E,0x0448D~0x0448E,0x0448D,0x0448E,false,83 6A,2,0,,hangul,689,하,05,314,368,E440,339,패치 슬롯 0689 | 한글 문자 | 하,번역 05-314/368 · 하 / 토큰 89 E2 / KANJI E440 / 가나다순 339
892,main,0,D8CF~D8D0,D8CF,D8D0,2,88 DC,0x0448F 0x04490,0x0448F~0x04490,0x0448F,0x04490,false,83 65,2,0,,hangul,690,면,05,315,368,A1E0,145,패치 슬롯 0690 | 한글 문자 | 면,번역 05-315/368 · 면 / 토큰 88 DC / KANJI A1E0 / 가나다순 145
893,main,0,D8D1~D8D2,D8D1,D8D2,2,81 40,0x04491 0x04492,0x04491~0x04492,0x04491,0x04492,false,83 42,2,0,,space,691,␠,05,316,368,,,패치 슬롯 0691 | 전각 공백 | ␠,번역 05-316/368 · ␠ / 토큰 81 40 / PC-88 전각 공백 토큰
894,main,0,D8D3~D8D4,D8D3,D8D4,2,88 E9,0x04493 0x04494,0x04493~0x04494,0x04493,0x04494,false,82 E2,2,0,,hangul,692,바,05,317,368,E0B0,158,패치 슬롯 0692 | 한글 문자 | 바,번역 05-317/368 · 바 / 토큰 88 E9 / KANJI E0B0 / 가나다순 158
895,main,0,D8D5~D8D6,D8D5,D8D6,2,82 E4,0x04495 0x04496,0x04495~0x04496,0x04495,0x04496,false,83 8A,2,0,,hangul,693,니,05,318,368,3860,70,패치 슬롯 0693 | 한글 문자 | 니,번역 05-318/368 · 니 / 토큰 82 E4 / KANJI 3860 / 가나다순 70
896,main,0,D8D7~D8D8,D8D7,D8D8,2,89 D7,0x04497 0x04498,0x04497~0x04498,0x04497,0x04498,false,83 41,2,0,,hangul,694,티,05,319,368,A590,328,패치 슬롯 0694 | 한글 문자 | 티,번역 05-319/368 · 티 / 토큰 89 D7 / KANJI A590 / 가나다순 328
897,main,0,D8D9~D8DA,D8D9,D8DA,2,89 7A,0x04499 0x0449A,0x04499~0x0449A,0x04499,0x0449A,false,83 8A,2,0,,hangul,695,와,05,320,368,A3B0,236,패치 슬롯 0695 | 한글 문자 | 와,번역 05-320/368 · 와 / 토큰 89 7A / KANJI A3B0 / 가나다순 236
898,main,0,D8DB~D8DC,D8DB,D8DC,2,81 40,0x0449B 0x0449C,0x0449B~0x0449C,0x0449B,0x0449C,false,83 65,2,0,,space,696,␠,05,321,368,,,패치 슬롯 0696 | 전각 공백 | ␠,번역 05-321/368 · ␠ / 토큰 81 40 / PC-88 전각 공백 토큰
899,main,0,D8DD~D8DE,D8DD,D8DE,2,88 CC,0x0449D 0x0449E,0x0449D~0x0449E,0x0449D,0x0449E,false,83 42,2,0,,hangul,697,리,05,322,368,A0E0,129,패치 슬롯 0697 | 한글 문자 | 리,번역 05-322/368 · 리 / 토큰 88 CC / KANJI A0E0 / 가나다순 129
900,main,0,D8DF~D8E0,D8DF,D8E0,2,89 6D,0x0449F 0x044A0,0x0449F~0x044A0,0x0449F,0x044A0,false,82 CD,2,0,,hangul,698,얼,05,323,368,A2E0,223,패치 슬롯 0698 | 한글 문자 | 얼,번역 05-323/368 · 얼 / 토큰 89 6D / KANJI A2E0 / 가나다순 223
901,main,0,D8E1~D8E2,D8E1,D8E2,2,88 CC,0x044A1 0x044A2,0x044A1~0x044A2,0x044A1,0x044A2,false,83 94,2,0,,hangul,699,리,05,324,368,A0E0,129,패치 슬롯 0699 | 한글 문자 | 리,번역 05-324/368 · 리 / 토큰 88 CC / KANJI A0E0 / 가나다순 129
902,main,0,D8E3~D8E4,D8E3,D8E4,2,89 D7,0x044A3 0x044A4,0x044A3~0x044A4,0x044A3,0x044A4,false,83 46,2,0,,hangul,700,티,05,325,368,A590,328,패치 슬롯 0700 | 한글 문자 | 티,번역 05-325/368 · 티 / 토큰 89 D7 / KANJI A590 / 가나다순 328
903,main,0,D8E5~D8E6,D8E5,D8E6,2,88 CA,0x044A5 0x044A6,0x044A5~0x044A6,0x044A5,0x044A6,false,83 4A,2,0,,hangul,701,를,05,326,368,A0C0,127,패치 슬롯 0701 | 한글 문자 | 를,번역 05-326/368 · 를 / 토큰 88 CA / KANJI A0C0 / 가나다순 127
904,main,0,D8E7~D8E8,D8E7,D8E8,2,81 40,0x044A7 0x044A8,0x044A7~0x044A8,0x044A7,0x044A8,false,83 93,2,0,,space,702,␠,05,327,368,,,패치 슬롯 0702 | 전각 공백 | ␠,번역 05-327/368 · ␠ / 토큰 81 40 / PC-88 전각 공백 토큰
905,main,0,D8E9~D8EA,D8E9,D8EA,2,89 A0,0x044A9 0x044AA,0x044A9~0x044AA,0x044A9,0x044AA,false,83 65,2,0,,hangul,703,정,05,328,368,6420,273,패치 슬롯 0703 | 한글 문자 | 정,번역 05-328/368 · 정 / 토큰 89 A0 / KANJI 6420 / 가나다순 273
906,main,0,D8EB~D8EC,D8EB,D8EC,2,88 F5,0x044AB 0x044AC,0x044AB~0x044AC,0x044AB,0x044AC,false,83 42,2,0,,hangul,704,복,05,329,368,E170,170,패치 슬롯 0704 | 한글 문자 | 복,번역 05-329/368 · 복 / 토큰 88 F5 / KANJI E170 / 가나다순 170
907,main,0,D8ED~D8EE,D8ED,D8EE,2,89 E5,0x044AD 0x044AE,0x044AD~0x044AE,0x044AD,0x044AE,false,82 CC,2,0,,hangul,705,할,05,330,368,E470,342,패치 슬롯 0705 | 한글 문자 | 할,번역 05-330/368 · 할 / 토큰 89 E5 / KANJI E470 / 가나다순 342
908,main,0,D8EF~D8F0,D8EF,D8F0,2,81 40,0x044AF 0x044B0,0x044AF~0x044B0,0x044AF,0x044B0,false,82 E0,2,0,,space,706,␠,05,331,368,,,패치 슬롯 0706 | 전각 공백 | ␠,번역 05-331/368 · ␠ / 토큰 81 40 / PC-88 전각 공백 토큰
909,main,0,D8F1~D8F2,D8F1,D8F2,2,89 54,0x044B1 0x044B2,0x044B1~0x044B2,0x044B1,0x044B2,false,82 C6,2,0,,hangul,707,수,05,332,368,6350,198,패치 슬롯 0707 | 한글 문자 | 수,번역 05-332/368 · 수 / 토큰 89 54 / KANJI 6350 / 가나다순 198
910,main,0,D8F3~D8F4,D8F3,D8F4,2,81 40,0x044B3 0x044B4,0x044B3~0x044B4,0x044B3,0x044B4,false,82 C9,2,0,,space,708,␠,05,333,368,,,패치 슬롯 0708 | 전각 공백 | ␠,번역 05-333/368 · ␠ / 토큰 81 40 / PC-88 전각 공백 토큰
911,main,0,D8F5~D8F6,D8F5,D8F6,2,89 92,0x044B5 0x044B6,0x044B5~0x044B6,0x044B5,0x044B6,false,90 AA,2,0,,hangul,709,있,05,334,368,E320,259,패치 슬롯 0709 | 한글 문자 | 있,번역 05-334/368 · 있 / 토큰 89 92 / KANJI E320 / 가나다순 259
912,main,0,D8F7~D8F8,D8F7,D8F8,2,82 C1,0x044B7 0x044B8,0x044B7~0x044B8,0x044B7,0x044B8,false,95 9E,2,0,,hangul,710,기,05,335,368,2830,35,패치 슬롯 0710 | 한글 문자 | 기,번역 05-335/368 · 기 / 토큰 82 C1 / KANJI 2830 / 가나다순 35
913,main,0,D8F9~D8FA,D8F9,D8FA,2,81 40,0x044B9 0x044BA,0x044B9~0x044BA,0x044B9,0x044BA,false,82 B3,2,0,,space,711,␠,05,336,368,,,패치 슬롯 0711 | 전각 공백 | ␠,번역 05-336/368 · ␠ / 토큰 81 40 / PC-88 전각 공백 토큰
914,main,0,D8FB~D8FC,D8FB,D8FC,2,88 AD,0x044BB 0x044BC,0x044BB~0x044BC,0x044BB,0x044BC,false,82 EA,2,0,,hangul,712,때,05,337,368,60F0,98,패치 슬롯 0712 | 한글 문자 | 때,번역 05-337/368 · 때 / 토큰 88 AD / KANJI 60F0 / 가나다순 98
915,main,0,D8FD~D8FE,D8FD,D8FE,2,88 E4,0x044BD 0x044BE,0x044BD~0x044BE,0x044BD,0x044BE,false,93 BE,2,0,,hangul,713,문,05,338,368,E060,153,패치 슬롯 0713 | 한글 문자 | 문,번역 05-338/368 · 문 / 토큰 88 E4 / KANJI E060 / 가나다순 153
916,main,0,D8FF~D900,D8FF,D900,2,89 8D,0x044BF 0x044C0,0x044BF~0x044C0,0x044BF,0x044C0,false,82 E9,2,0,,hangul,714,이,05,339,368,E2D0,254,패치 슬롯 0714 | 한글 문자 | 이,번역 05-339/368 · 이 / 토큰 89 8D / KANJI E2D0 / 가나다순 254
917,main,0,D901~D902,D901,D902,2,82 E7,0x044C1 0x044C2,0x044C1~0x044C2,0x044C1,0x044C2,false,82 A9,1,0,,hangul,715,다,05,340,368,3890,73,패치 슬롯 0715 | 한글 문자 | 다,번역 05-340/368 · 다 / 토큰 82 E7 / KANJI 3890 / 가나다순 73
918,main,0,D903~D904,D903,D904,2,81 42,0x044C3 0x044C4,0x044C3~0x044C4,0x044C3,0x044C4,false,82 E7,2,0,,punctuation,716,。,05,341,368,,,패치 슬롯 0716 | 문장부호 | 。,번역 05-341/368 · 。 / 토큰 81 42 / PC-88 전각 마침표 토큰
919,main,0,D905~D906,D905,D906,2,82 BD,0x044C5 0x044C6,0x044C5~0x044C6,0x044C5,0x044C6,false,82 BE,1,0,,hangul,717,그,05,342,368,19F0,31,패치 슬롯 0717 | 한글 문자 | 그,번역 05-342/368 · 그 / 토큰 82 BD / KANJI 19F0 / 가나다순 31
920,main,0,D907~D908,D907,D908,2,88 BE,0x044C7 0x044C8,0x044C7~0x044C8,0x044C7,0x044C8,false,81 42,2,0,,hangul,718,럼,05,343,368,A000,115,패치 슬롯 0718 | 한글 문자 | 럼,번역 05-343/368 · 럼 / 토큰 88 BE / KANJI A000 / 가나다순 115
921,main,0,D909~D90A,D909,D90A,2,89 70,0x044C9 0x044CA,0x044C9~0x044CA,0x044C9,0x044CA,false,82 C9,2,0,,hangul,719,에,05,344,368,A310,226,패치 슬롯 0719 | 한글 문자 | 에,번역 05-344/368 · 에 / 토큰 89 70 / KANJI A310 / 가나다순 226
922,main,0,D90B~D90C,D90B,D90C,2,82 F1,0x044CB 0x044CC,0x044CB~0x044CC,0x044CB,0x044CC,false,82 E0,1,0,,hangul,720,도,05,345,368,3930,83,패치 슬롯 0720 | 한글 문자 | 도,번역 05-345/368 · 도 / 토큰 82 F1 / KANJI 3930 / 가나다순 83
923,main,0,D90D,D90D,D90D,1,42,0x044CD,0x044CD,0x044CD,0x044CD,false,82,1,0,,control,,,,,,,,기존확인 제어 / 42 계열 슬롯 실행,42 계열 슬롯 실행 기존값 재사용; 41~50 계열 슬롯 실행; KANJI 해당 없음
924,main,0,D90E~D90F,D90E,D90F,2,81 40,0x044CE 0x044CF,0x044CE~0x044CF,0x044CE,0x044CF,false,A9 82,2,0,,space,721,␠,05,346,368,,,패치 슬롯 0721 | 전각 공백 | ␠,번역 05-346/368 · ␠ / 토큰 81 40 / PC-88 전각 공백 토큰
925,main,0,D910~D911,D910,D911,2,89 72,0x044D0 0x044D1,0x044D0~0x044D1,0x044D0,0x044D1,false,A9 82,2,0,,hangul,722,여,05,347,368,A330,228,패치 슬롯 0722 | 한글 문자 | 여,번역 05-347/368 · 여 / 토큰 89 72 / KANJI A330 / 가나다순 228
926,main,0,D912~D913,D912,D913,2,89 CF,0x044D2 0x044D3,0x044D2~0x044D3,0x044D2,0x044D3,false,ED 82,2,0,,hangul,723,태,05,348,368,A510,320,패치 슬롯 0723 | 한글 문자 | 태,번역 05-348/368 · 태 / 토큰 89 CF / KANJI A510 / 가나다순 320
927,main,0,D914~D915,D914,D915,2,82 C4,0x044D4 0x044D5,0x044D4~0x044D5,0x044D4,0x044D5,false,E7 82,2,0,,hangul,724,까,05,349,368,2860,38,패치 슬롯 0724 | 한글 문자 | 까,번역 05-349/368 · 까 / 토큰 82 C4 / KANJI 2860 / 가나다순 38
928,main,0,D916~D917,D916,D917,2,89 B3,0x044D6 0x044D7,0x044D6~0x044D7,0x044D6,0x044D7,false,B8 81,2,0,,hangul,725,지,05,350,368,6550,292,패치 슬롯 0725 | 한글 문자 | 지,번역 05-350/368 · 지 / 토큰 89 B3 / KANJI 6550 / 가나다순 292
929,main,0,D918~D919,D918,D919,2,81 40,0x044D8 0x044D9,0x044D8~0x044D9,0x044D8,0x044D9,false,41 42,2,0,,space,726,␠,05,351,368,,,패치 슬롯 0726 | 전각 공백 | ␠,번역 05-351/368 · ␠ / 토큰 81 40 / PC-88 전각 공백 토큰
930,main,0,D91A~D91B,D91A,D91B,2,88 F8,0x044DA 0x044DB,0x044DA~0x044DB,0x044DA,0x044DB,false,82 B1,2,0,,hangul,727,봉,05,352,368,E1A0,173,패치 슬롯 0727 | 한글 문자 | 봉,번역 05-352/368 · 봉 / 토큰 88 F8 / KANJI E1A0 / 가나다순 173
931,main,0,D91C~D91D,D91C,D91D,2,89 8E,0x044DC 0x044DD,0x044DC~0x044DD,0x044DC,0x044DD,false,82 EA,2,0,,hangul,728,인,05,353,368,E2E0,255,패치 슬롯 0728 | 한글 문자 | 인,번역 05-353/368 · 인 / 토큰 89 8E / KANJI E2E0 / 가나다순 255
932,main,0,D91E~D91F,D91E,D91F,2,89 8A,0x044DE 0x044DF,0x044DE~0x044DF,0x044DE,0x044DF,false,82 DC,2,0,,hangul,729,을,05,354,368,E2A0,251,패치 슬롯 0729 | 한글 문자 | 을,번역 05-354/368 · 을 / 토큰 89 8A / KANJI E2A0 / 가나다순 251
933,main,0,D920~D921,D920,D921,2,81 40,0x044E0 0x044E1,0x044E0~0x044E1,0x044E0,0x044E1,false,82 C5,2,0,,space,730,␠,05,355,368,,,패치 슬롯 0730 | 전각 공백 | ␠,번역 05-355/368 · ␠ / 토큰 81 40 / PC-88 전각 공백 토큰
934,main,0,D922~D923,D922,D923,2,89 DE,0x044E2 0x044E3,0x044E2~0x044E3,0x044E2,0x044E3,false,89 BD,1,0,,hangul,731,푼,05,356,368,E400,335,패치 슬롯 0731 | 한글 문자 | 푼,번역 05-356/368 · 푼 / 토큰 89 DE / KANJI E400 / 가나다순 335
935,main,0,D924~D925,D924,D925,2,81 40,0x044E4 0x044E5,0x044E4~0x044E5,0x044E4,0x044E5,false,8E D2,2,0,,space,732,␠,05,357,368,,,패치 슬롯 0732 | 전각 공백 | ␠,번역 05-357/368 · ␠ / 토큰 81 40 / PC-88 전각 공백 토큰
936,main,0,D926~D927,D926,D927,2,89 93,0x044E6 0x044E7,0x044E6~0x044E7,0x044E6,0x044E7,false,82 E0,2,0,,hangul,733,자,05,358,368,E330,260,패치 슬롯 0733 | 한글 문자 | 자,번역 05-358/368 · 자 / 토큰 89 93 / KANJI E330 / 가나다순 260
937,main,0,D928~D929,D928,D929,2,82 E3,0x044E8 0x044E9,0x044E8~0x044E9,0x044E8,0x044E9,false,95 95,2,0,,hangul,734,는,05,359,368,3850,69,패치 슬롯 0734 | 한글 문자 | 는,번역 05-359/368 · 는 / 토큰 82 E3 / KANJI 3850 / 가나다순 69
938,main,0,D92A~D92B,D92A,D92B,2,81 40,0x044EA 0x044EB,0x044EA~0x044EB,0x044EA,0x044EB,false,88 F3,2,0,,space,735,␠,05,360,368,,,패치 슬롯 0735 | 전각 공백 | ␠,번역 05-360/368 · ␠ / 토큰 81 40 / PC-88 전각 공백 토큰
939,main,0,D92C~D92D,D92C,D92D,2,89 60,0x044EC 0x044ED,0x044EC~0x044ED,0x044EC,0x044ED,false,82 F0,2,0,,hangul,736,아,05,361,368,A210,210,패치 슬롯 0736 | 한글 문자 | 아,번역 05-361/368 · 아 / 토큰 89 60 / KANJI A210 / 가나다순 210
940,main,0,D92E~D92F,D92E,D92F,2,88 E3,0x044EE 0x044EF,0x044EE~0x044EF,0x044EE,0x044EF,false,89 F0,2,0,,hangul,737,무,05,362,368,E050,152,패치 슬롯 0737 | 한글 문자 | 무,번역 05-362/368 · 무 / 토큰 88 E3 / KANJI E050 / 가나다순 152
941,main,0,D930~D931,D930,D931,2,82 F1,0x044F0 0x044F1,0x044F0~0x044F1,0x044F0,0x044F1,false,82 AB,1,0,,hangul,738,도,05,363,368,3930,83,패치 슬롯 0738 | 한글 문자 | 도,번역 05-363/368 · 도 / 토큰 82 F1 / KANJI 3930 / 가나다순 83
942,main,0,D932~D933,D932,D933,2,81 40,0x044F2 0x044F3,0x044F2~0x044F3,0x044F2,0x044F3,false,82 CD,2,0,,space,739,␠,05,364,368,,,패치 슬롯 0739 | 전각 공백 | ␠,번역 05-364/368 · ␠ / 토큰 81 40 / PC-88 전각 공백 토큰
943,main,0,D934~D935,D934,D935,2,89 6E,0x044F4 0x044F5,0x044F4~0x044F5,0x044F4,0x044F5,false,82 B5,2,0,,hangul,740,없,05,365,368,A2F0,224,패치 슬롯 0740 | 한글 문자 | 없,번역 05-365/368 · 없 / 토큰 89 6E / KANJI A2F0 / 가나다순 224
944,main,0,D936~D937,D936,D937,2,89 6F,0x044F6 0x044F7,0x044F6~0x044F7,0x044F6,0x044F7,false,82 C8,2,0,,hangul,741,었,05,366,368,A300,225,패치 슬롯 0741 | 한글 문자 | 었,번역 05-366/368 · 었 / 토큰 89 6F / KANJI A300 / 가나다순 225
945,main,0,D938~D939,D938,D939,2,82 E7,0x044F8 0x044F9,0x044F8~0x044F9,0x044F8,0x044F9,false,82 A9,1,0,,hangul,742,다,05,367,368,3890,73,패치 슬롯 0742 | 한글 문자 | 다,번역 05-367/368 · 다 / 토큰 82 E7 / KANJI 3890 / 가나다순 73
946,main,0,D93A~D93B,D93A,D93B,2,81 42,0x044FA 0x044FB,0x044FA~0x044FB,0x044FA,0x044FB,false,82 C1,2,0,,punctuation,743,。,05,368,368,,,패치 슬롯 0743 | 문장부호 | 。,번역 05-368/368 · 。 / 토큰 81 42 / PC-88 전각 마침표 토큰
947,main,0,D93C,D93C,D93C,1,61,0x044FC,0x044FC,0x044FC,0x044FC,false,82,1,0,,control,,,,,,,,기존확인 제어 / 61h 계열 작업슬롯 비활성화,61h 계열 작업슬롯 비활성화 기존값 재사용; 61h 계열 슬롯 비활성화; KANJI 해당 없음
948,main,0,D93D~D93F,D93D,D93F,3,16 7F E6,0x044FD 0x044FE 0x044FF,0x044FD~0x044FF,0x044FD,0x044FF,false,BD 81 42,3,0,,control,,,,,,,,기존확인 제어 / 16h 서브스트림 호출/전환 → E67F,16h 서브스트림 호출/전환 → E67F 기존값 재사용; 서브스트림 → E67F; KANJI 해당 없음
949,substream,1,E67F~E683,E67F,E683,5,0F 03 06 03 0F,0x0526F 0x05270 0x05271 0x05272 0x05273,0x0526F~0x05273,0x0526F,0x05273,false,0F 03 06 03 0F,0,5,447,control,,,,,,,,기존확인 제어 / 0F 계열 081E 호출,0F 계열 081E 호출 기존값 재사용; KANJI 해당 없음
950,substream,1,E684~E686,E684,E686,3,16 95 E7,0x05274 0x05275 0x05276,0x05274~0x05276,0x05274,0x05276,false,16 95 E7,0,3,448,control,,,,,,,,기존확인 제어 / 16h 서브스트림 호출/전환 → E795,16h 서브스트림 호출/전환 → E795 기존값 재사용; 서브스트림 → E795; KANJI 해당 없음
951,substream,2,E795~E797,E795,E797,3,1E 3C 08,0x05385 0x05386 0x05387,0x05385~0x05387,0x05385,0x05387,false,1E 3C 08,0,3,11,control,,,,,,,,기존확인 제어 / 1E 간접 CALL/083C→0F12 계열,1E 간접 CALL / 083C→0F12 계열 기존값 재사용; KANJI 해당 없음
952,substream,2,E798~E79D,E798,E79D,6,05 16 86 3A 9E 00,0x05388 0x05389 0x0538A 0x0538B 0x0538C 0x0538D,0x05388~0x0538D,0x05388,0x0538D,false,05 16 86 3A 9E 00,0,6,12,control,,,,,,,,기존확인 제어 / 05 계열 영역 전개/채움,05 계열 영역 전개/채움 기존값 재사용; KANJI 해당 없음
953,substream,2,E79E~E7A2,E79E,E7A2,5,0E 16 20 24 80,0x0538E 0x0538F 0x05390 0x05391 0x05392,0x0538E~0x05392,0x0538E,0x05392,false,0E 16 20 24 80,0,5,13,control,,,,,,,,기존확인 제어 / 0E 계열 표시/버퍼 설정,0E 계열 표시/버퍼 설정 기존값 재사용; KANJI 해당 없음
954,substream,2,E7A3,E7A3,E7A3,1,17,0x05393,0x05393,0x05393,0x05393,false,17,0,1,14,control,,,,,,,,기존확인 제어 / 17h 서브스트림 복귀,17h 서브스트림 복귀 기존값 재사용; 서브스트림 복귀; KANJI 해당 없음
955,substream,1,E687~E68A,E687,E68A,4,14 00 16 22,0x05277 0x05278 0x05279 0x0527A,0x05277~0x0527A,0x05277,0x0527A,false,14 00 16 22,0,4,453,control,,,,,,,,기존확인 제어 / 14h 계열 버퍼/영역 처리,사용자 런타임/덤프 정정 반영; 14h 계열 버퍼/영역 처리 기존값 재사용; KANJI 해당 없음
956,substream,1,E68B~E68E,E68B,E68E,4,14 01 3B 00,0x0527B 0x0527C 0x0527D 0x0527E,0x0527B~0x0527E,0x0527B,0x0527E,false,14 01 3B 00,0,4,454,control,,,,,,,,기존확인 제어 / 14h 계열 버퍼/영역 처리,사용자 런타임/덤프 정정 반영; 14h 계열 버퍼/영역 처리 기존값 재사용; KANJI 해당 없음
957,substream,1,E68F~E691,E68F,E691,3,16 AB E6,0x0527F 0x05280 0x05281,0x0527F~0x05281,0x0527F,0x05281,false,16 AB E6,0,3,455,control,,,,,,,,기존확인 제어 / 16h 서브스트림 호출/전환 → E6AB,16h 서브스트림 호출/전환 → E6AB 기존값 재사용; 서브스트림 → E6AB; KANJI 해당 없음
958,substream,2,E6AB~E6AE,E6AB,E6AE,4,04 CA E8 41,0x0529B 0x0529C 0x0529D 0x0529E,0x0529B~0x0529E,0x0529B,0x0529E,false,04 CA E8 41,0,4,131,control,,,,,,,,기존확인 제어 / 04h CAA8 슬롯 포인터 설정,04h CAA8 슬롯 포인터 설정 기존값 재사용
959,substream,2,E6AF~E6B2,E6AF,E6B2,4,04 DE E8 43,0x0529F 0x052A0 0x052A1 0x052A2,0x0529F~0x052A2,0x0529F,0x052A2,false,04 DE E8 43,0,4,132,control,,,,,,,,기존확인 제어 / 04h CAA8 슬롯 포인터 설정,04h CAA8 슬롯 포인터 설정 기존값 재사용
960,substream,2,E6B3~E6B6,E6B3,E6B6,4,04 E8 E8 42,0x052A3 0x052A4 0x052A5 0x052A6,0x052A3~0x052A6,0x052A3,0x052A6,false,04 E8 E8 42,0,4,133,control,,,,,,,,기존확인 제어 / 04h CAA8 슬롯 포인터 설정,04h CAA8 슬롯 포인터 설정 기존값 재사용
961,substream,2,E6B7~E6BA,E6B7,E6BA,4,04 F2 E8 44,0x052A7 0x052A8 0x052A9 0x052AA,0x052A7~0x052AA,0x052A7,0x052AA,false,04 F2 E8 44,0,4,134,control,,,,,,,,기존확인 제어 / 04h CAA8 슬롯 포인터 설정,04h CAA8 슬롯 포인터 설정 기존값 재사용
962,substream,2,E6BB~E6BE,E6BB,E6BE,4,04 FC E8 45,0x052AB 0x052AC 0x052AD 0x052AE,0x052AB~0x052AE,0x052AB,0x052AE,false,04 FC E8 45,0,4,135,control,,,,,,,,기존확인 제어 / 04h CAA8 슬롯 포인터 설정,04h CAA8 슬롯 포인터 설정 기존값 재사용
963,substream,2,E6BF~E6C2,E6BF,E6C2,4,04 06 E9 46,0x052AF 0x052B0 0x052B1 0x052B2,0x052AF~0x052B2,0x052AF,0x052B2,false,04 06 E9 46,0,4,136,control,,,,,,,,기존확인 제어 / 04h CAA8 슬롯 포인터 설정,04h CAA8 슬롯 포인터 설정 기존값 재사용
964,substream,2,E6C3~E6C4,E6C3,E6C4,2,06 0E,0x052B3 0x052B4,0x052B3~0x052B4,0x052B3,0x052B4,false,06 0E,0,2,137,control,,,,,,,,기존확인 제어 / 06h 계열 상태 설정,06h 계열 상태 설정 기존값 재사용; KANJI 해당 없음
965,substream,2,E6C5,E6C5,E6C5,1,45,0x052B5,0x052B5,0x052B5,0x052B5,false,45,0,1,138,control,,,,,,,,기존확인 제어 / 45 계열 슬롯 실행,45 계열 슬롯 실행 기존값 재사용; 41~50 계열 슬롯 실행; KANJI 해당 없음
966,substream,2,E6C6,E6C6,E6C6,1,46,0x052B6,0x052B6,0x052B6,0x052B6,false,46,0,1,139,control,,,,,,,,기존확인 제어 / 46 계열 슬롯 실행,46 계열 슬롯 실행 기존값 재사용; 41~50 계열 슬롯 실행; KANJI 해당 없음
967,substream,2,E6C7~E6C8,E6C7,E6C8,2,01 05,0x052B7 0x052B8,0x052B7~0x052B8,0x052B7,0x052B8,false,01 05,0,2,140,control,,,,,,,,기존확인 제어 / 01 계열 하위 제어 래퍼,01 계열 하위 제어 래퍼 기존값 재사용; KANJI 해당 없음
968,substream,2,E6C9~E6CA,E6C9,E6CA,2,25 2B,0x052B9 0x052BA,0x052B9~0x052BA,0x052B9,0x052BA,false,25 2B,0,2,141,control,,,,,,,,기존확인 제어 / CA1D 입 파츠 인덱스 설정,CA1D 입 파츠 인덱스 설정 기존값 재사용; CA1D=2B
969,substream,2,E6CB,E6CB,E6CB,1,17,0x052BB,0x052BB,0x052BB,0x052BB,false,17,0,1,142,control,,,,,,,,기존확인 제어 / 17h 서브스트림 복귀,17h 서브스트림 복귀 기존값 재사용; 서브스트림 복귀; KANJI 해당 없음
970,substream,1,E692,E692,E692,1,43,0x05282,0x05282,0x05282,0x05282,false,43,0,1,468,control,,,,,,,,기존확인 제어 / 43 계열 슬롯 실행,43 계열 슬롯 실행 기존값 재사용; 41~50 계열 슬롯 실행; KANJI 해당 없음
971,substream,1,E693,E693,E693,1,63,0x05283,0x05283,0x05283,0x05283,false,63,0,1,469,control,,,,,,,,기존확인 제어 / 61h 계열 CAA8[2] 작업슬롯 비활성화,사용자 런타임/덤프 정정 반영; 61h 계열 CAA8[2] 작업슬롯 비활성화 기존값 재사용; 61h 계열 슬롯 비활성화; KANJI 해당 없음
972,substream,1,E694~E696,E694,E696,3,13 B4 E7,0x05284 0x05285 0x05286,0x05284~0x05286,0x05284,0x05286,false,13 B4 E7,0,3,470,control,,,,,,,,기존확인 제어 / 13h 계열 제어,사용자 런타임/덤프 정정 반영; 13h 계열 제어토큰 기존값 재사용; KANJI 해당 없음
973,substream,1,E697,E697,E697,1,17,0x05287,0x05287,0x05287,0x05287,false,17,0,1,471,control,,,,,,,,기존확인 제어 / 17h 서브스트림 복귀,17h 서브스트림 복귀 기존값 재사용; 서브스트림 복귀
974,main,0,D940~D941,D940,D941,2,25 30,0x04500 0x04501,0x04500~0x04501,0x04500,0x04501,false,61 16,2,0,,control,,,,,,,,기존확인 제어 / CA1D 입 파츠 인덱스 설정,CA1D 입 파츠 인덱스 설정 기존값 재사용; CA1D=30; KANJI 해당 없음
975,main,0,D942~D943,D942,D943,2,06 12,0x04502 0x04503,0x04502~0x04503,0x04502,0x04503,false,7F E6,2,0,,control,,,,,,,,기존확인 제어 / 06h 계열 상태 설정,06h 계열 상태 설정 기존값 재사용; KANJI 해당 없음
976,main,0,D944~D945,D944,D945,2,89 7E,0x04504 0x04505,0x04504~0x04505,0x04504,0x04505,false,25 30,2,0,,hangul,744,왠,06,1,178,A3F0,240,패치 슬롯 0744 | 한글 문자 | 왠,번역 06-001/178 · 왠 / 토큰 89 7E / KANJI A3F0 / 가나다순 240
977,main,0,D946~D947,D946,D947,2,89 B3,0x04506 0x04507,0x04506~0x04507,0x04506,0x04507,false,06 12,2,0,,hangul,745,지,06,2,178,6550,292,패치 슬롯 0745 | 한글 문자 | 지,번역 06-002/178 · 지 / 토큰 89 B3 / KANJI 6550 / 가나다순 292
978,main,0,D948~D949,D948,D949,2,81 40,0x04508 0x04509,0x04508~0x04509,0x04508,0x04509,false,82 C8,2,0,,space,746,␠,06,3,178,,,패치 슬롯 0746 | 전각 공백 | ␠,번역 06-003/178 · ␠ / 토큰 81 40 / PC-88 전각 공백 토큰
979,main,0,D94A~D94B,D94A,D94B,2,89 60,0x0450A 0x0450B,0x0450A~0x0450B,0x0450A,0x0450B,false,82 BA,2,0,,hangul,747,아,06,4,178,A210,210,패치 슬롯 0747 | 한글 문자 | 아,번역 06-004/178 · 아 / 토큰 89 60 / KANJI A210 / 가나다순 210
980,main,0,D94C~D94D,D94C,D94D,2,82 E2,0x0450C 0x0450D,0x0450C~0x0450D,0x0450C,0x0450D,false,82 BE,1,0,,hangul,748,느,06,5,178,3840,68,패치 슬롯 0748 | 한글 문자 | 느,번역 06-005/178 · 느 / 토큰 82 E2 / KANJI 3840 / 가나다순 68
981,main,0,D94E~D94F,D94E,D94F,2,82 D5,0x0450E 0x0450F,0x0450E~0x0450F,0x0450E,0x0450F,false,82 A9,1,0,,hangul,749,냐,06,6,178,2970,55,패치 슬롯 0749 | 한글 문자 | 냐,번역 06-006/178 · 냐 / 토큰 82 D5 / KANJI 2970 / 가나다순 55
982,main,0,D950~D951,D950,D951,2,81 48,0x04510 0x04511,0x04510~0x04511,0x04510,0x04511,false,95 AA,2,0,,punctuation,750,?,06,7,178,,,패치 슬롯 0750 | 문장부호 | ?,번역 06-007/178 · ? / 토큰 81 48 / ASCII 표기 물음표 → PC-88 전각 물음표 토큰
983,main,0,D952~D953,D952,D953,2,81 40,0x04512 0x04513,0x04512~0x04513,0x04512,0x04513,false,82 E9,2,0,,space,751,␠,06,8,178,,,패치 슬롯 0751 | 전각 공백 | ␠,번역 06-008/178 · ␠ / 토큰 81 40 / PC-88 전각 공백 토큰
984,main,0,D954~D955,D954,D955,2,88 DF,0x04514 0x04515,0x04514~0x04515,0x04514,0x04515,false,82 A9,2,0,,hangul,752,모,06,9,178,E010,148,패치 슬롯 0752 | 한글 문자 | 모,번역 06-009/178 · 모 / 토큰 88 DF / KANJI E010 / 가나다순 148
985,main,0,D956~D957,D956,D957,2,88 C9,0x04516 0x04517,0x04516~0x04517,0x04516,0x04517,false,81 48,2,0,,hangul,753,르,06,10,178,A0B0,126,패치 슬롯 0753 | 한글 문자 | 르,번역 06-010/178 · 르 / 토큰 88 C9 / KANJI A0B0 / 가나다순 126
986,main,0,D958~D959,D958,D959,2,82 AC,0x04518 0x04519,0x04518~0x04519,0x04518,0x04519,false,81 40,2,0,,hangul,754,겠,06,11,178,18E0,14,패치 슬롯 0754 | 한글 문자 | 겠,번역 06-011/178 · 겠 / 토큰 82 AC / KANJI 18E0 / 가나다순 14
987,main,0,D95A~D95B,D95A,D95B,2,89 B3,0x0451A 0x0451B,0x0451A~0x0451B,0x0451A,0x0451B,false,95 AA,2,0,,hangul,755,지,06,12,178,6550,292,패치 슬롯 0755 | 한글 문자 | 지,번역 06-012/178 · 지 / 토큰 89 B3 / KANJI 6550 / 가나다순 292
988,main,0,D95C~D95D,D95C,D95D,2,81 41,0x0451C 0x0451D,0x0451C~0x0451D,0x0451C,0x0451D,false,82 E9,2,0,,punctuation,756,、,06,13,178,,,패치 슬롯 0756 | 문장부호 | 、,번역 06-013/178 · 、 / 토큰 81 41 / PC-88 전각 쉼표 토큰
989,main,0,D95E~D95F,D95E,D95F,2,88 DA,0x0451E 0x0451F,0x0451E~0x0451F,0x0451E,0x0451F,false,82 DC,2,0,,hangul,757,메,06,14,178,A1C0,143,패치 슬롯 0757 | 한글 문자 | 메,번역 06-014/178 · 메 / 토큰 88 DA / KANJI A1C0 / 가나다순 143
990,main,0,D960~D961,D960,D961,2,82 9F,0x04520 0x04521,0x04520~0x04521,0x04520,0x04521,false,82 A2,1,0,,hangul,758,가,06,15,178,1810,1,패치 슬롯 0758 | 한글 문자 | 가,번역 06-015/178 · 가 / 토큰 82 9F / KANJI 1810 / 가나다순 1
991,main,0,D962~D963,D962,D963,2,89 56,0x04522 0x04523,0x04522~0x04523,0x04522,0x04523,false,81 41,2,0,,hangul,759,스,06,16,178,6370,200,패치 슬롯 0759 | 한글 문자 | 스,번역 06-016/178 · 스 / 토큰 89 56 / KANJI 6370 / 가나다순 200
992,main,0,D964~D965,D964,D965,2,88 B6,0x04524 0x04525,0x04524~0x04525,0x04524,0x04525,false,83 81,2,0,,hangul,760,라,06,17,178,6180,107,패치 슬롯 0760 | 한글 문자 | 라,번역 06-017/178 · 라 / 토큰 88 B6 / KANJI 6180 / 가나다순 107
993,main,0,D966~D967,D966,D967,2,82 E3,0x04526 0x04527,0x04526~0x04527,0x04526,0x04527,false,83 4B,2,0,,hangul,761,는,06,18,178,3850,69,패치 슬롯 0761 | 한글 문자 | 는,번역 06-018/178 · 는 / 토큰 82 E3 / KANJI 3850 / 가나다순 69
994,main,0,D968,D968,D968,1,43,0x04528,0x04528,0x04528,0x04528,false,83,1,0,,control,,,,,,,,기존확인 제어 / 43 계열 슬롯 실행,43 계열 슬롯 실행 기존값 재사용; 41~50 계열 슬롯 실행; KANJI 해당 없음
995,main,0,D969~D96A,D969,D96A,2,89 9A,0x04529 0x0452A,0x04529~0x0452A,0x04529,0x0452A,false,58 82,2,0,,hangul,762,재,06,19,178,E3A0,267,패치 슬롯 0762 | 한글 문자 | 재,번역 06-019/178 · 재 / 토큰 89 9A / KANJI E3A0 / 가나다순 267
996,main,0,D96B~D96C,D96B,D96C,2,89 69,0x0452B 0x0452C,0x0452B~0x0452C,0x0452B,0x0452C,false,CC 43,2,0,,hangul,763,앙,06,20,178,A2A0,219,패치 슬롯 0763 | 한글 문자 | 앙,번역 06-020/178 · 앙 / 토큰 89 69 / KANJI A2A0 / 가나다순 219
997,main,0,D96D~D96E,D96D,D96E,2,89 8A,0x0452D 0x0452E,0x0452D~0x0452E,0x0452D,0x0452E,false,8B C1,2,0,,hangul,764,을,06,21,178,E2A0,251,패치 슬롯 0764 | 한글 문자 | 을,번역 06-021/178 · 을 / 토큰 89 8A / KANJI E2A0 / 가나다순 251
998,main,0,D96F~D970,D96F,D970,2,81 40,0x0452F 0x04530,0x0452F~0x04530,0x0452F,0x04530,false,88 D9,2,0,,space,765,␠,06,22,178,,,패치 슬롯 0765 | 전각 공백 | ␠,번역 06-022/178 · ␠ / 토큰 81 40 / PC-88 전각 공백 토큰
999,main,0,D971~D972,D971,D972,2,82 AD,0x04531 0x04532,0x04531~0x04532,0x04531,0x04532,false,82 F0,1,0,,hangul,766,겪,06,23,178,18F0,15,패치 슬롯 0766 | 한글 문자 | 겪,번역 06-023/178 · 겪 / 토큰 82 AD / KANJI 18F0 / 가나다순 15
1000,main,0,D973~D974,D973,D974,2,89 6C,0x04533 0x04534,0x04533~0x04534,0x04533,0x04534,false,82 B6,2,0,,hangul,767,어,06,24,178,A2D0,222,패치 슬롯 0767 | 한글 문자 | 어,번역 06-024/178 · 어 / 토큰 89 6C / KANJI A2D0 / 가나다순 222
1001,main,0,D975~D976,D975,D976,2,88 F6,0x04535 0x04536,0x04535~0x04536,0x04535,0x04536,false,82 A9,2,0,,hangul,768,본,06,25,178,E180,171,패치 슬롯 0768 | 한글 문자 | 본,번역 06-025/178 · 본 / 토큰 88 F6 / KANJI E180 / 가나다순 171
1002,main,0,D977~D978,D977,D978,2,81 40,0x04537 0x04538,0x04537~0x04538,0x04537,0x04538,false,82 C9,2,0,,space,769,␠,06,26,178,,,패치 슬롯 0769 | 전각 공백 | ␠,번역 06-026/178 · ␠ / 토큰 81 40 / PC-88 전각 공백 토큰
1003,main,0,D979~D97A,D979,D97A,2,89 9C,0x04539 0x0453A,0x04539~0x0453A,0x04539,0x0453A,false,8A B4,2,0,,hangul,770,적,06,27,178,E3C0,269,패치 슬롯 0770 | 한글 문자 | 적,번역 06-027/178 · 적 / 토큰 89 9C / KANJI E3C0 / 가나다순 269
1004,main,0,D97B~D97C,D97B,D97C,2,81 40,0x0453B 0x0453C,0x0453B~0x0453C,0x0453B,0x0453C,false,82 B6,2,0,,space,771,␠,06,28,178,,,패치 슬롯 0771 | 전각 공백 | ␠,번역 06-028/178 · ␠ / 토큰 81 40 / PC-88 전각 공백 토큰
1005,main,0,D97D~D97E,D97D,D97E,2,89 6E,0x0453D 0x0453E,0x0453D~0x0453E,0x0453D,0x0453E,false,82 BD,2,0,,hangul,772,없,06,29,178,A2F0,224,패치 슬롯 0772 | 한글 문자 | 없,번역 06-029/178 · 없 / 토큰 89 6E / KANJI A2F0 / 가나다순 224
1006,main,0,D97F~D980,D97F,D980,2,82 E3,0x0453F 0x04540,0x0453F~0x04540,0x0453F,0x04540,false,82 B1,1,0,,hangul,773,는,06,30,178,3850,69,패치 슬롯 0773 | 한글 문자 | 는,번역 06-030/178 · 는 / 토큰 82 E3 / KANJI 3850 / 가나다순 69
1007,main,0,D981~D982,D981,D982,2,81 40,0x04541 0x04542,0x04541~0x04542,0x04541,0x04542,false,82 C6,2,0,,space,774,␠,06,31,178,,,패치 슬롯 0774 | 전각 공백 | ␠,번역 06-031/178 · ␠ / 토큰 81 40 / PC-88 전각 공백 토큰
1008,main,0,D983~D984,D983,D984,2,82 D9,0x04543 0x04544,0x04543~0x04544,0x04543,0x04544,false,82 CC,1,0,,hangul,775,네,06,32,178,29B0,59,패치 슬롯 0775 | 한글 문자 | 네,번역 06-032/178 · 네 / 토큰 82 D9 / KANJI 29B0 / 가나다순 59
1009,main,0,D985~D986,D985,D986,2,82 9F,0x04545 0x04546,0x04545~0x04546,0x04545,0x04546,false,82 C8,1,0,,hangul,776,가,06,33,178,1810,1,패치 슬롯 0776 | 한글 문자 | 가,번역 06-033/178 · 가 / 토큰 82 9F / KANJI 1810 / 가나다순 1
1010,main,0,D987~D988,D987,D988,2,81 40,0x04547 0x04548,0x04547~0x04548,0x04547,0x04548,false,82 A2,2,0,,space,777,␠,06,34,178,,,패치 슬롯 0777 | 전각 공백 | ␠,번역 06-034/178 · ␠ / 토큰 81 40 / PC-88 전각 공백 토큰
1011,main,0,D989~D98A,D989,D98A,2,89 65,0x04549 0x0454A,0x04549~0x0454A,0x04549,0x0454A,false,82 A8,2,0,,hangul,778,알,06,35,178,A260,215,패치 슬롯 0778 | 한글 문자 | 알,번역 06-035/178 · 알 / 토큰 89 65 / KANJI A260 / 가나다순 215
1012,main,0,D98B~D98C,D98B,D98C,2,81 40,0x0454B 0x0454C,0x0454B~0x0454C,0x0454B,0x0454C,false,82 DC,2,0,,space,779,␠,06,36,178,,,패치 슬롯 0779 | 전각 공백 | ␠,번역 06-036/178 · ␠ / 토큰 81 40 / PC-88 전각 공백 토큰
1013,main,0,D98D~D98E,D98D,D98E,2,88 CC,0x0454D 0x0454E,0x0454D~0x0454E,0x0454D,0x0454E,false,82 A6,2,0,,hangul,780,리,06,37,178,A0E0,129,패치 슬롯 0780 | 한글 문자 | 리,번역 06-037/178 · 리 / 토큰 88 CC / KANJI A0E0 / 가나다순 129
1014,main,0,D98F~D990,D98F,D990,2,82 9F,0x0454F 0x04550,0x0454F~0x04550,0x0454F,0x04550,false,82 C9,1,0,,hangul,781,가,06,38,178,1810,1,패치 슬롯 0781 | 한글 문자 | 가,번역 06-038/178 · 가 / 토큰 82 9F / KANJI 1810 / 가나다순 1
1015,main,0,D991~D992,D991,D992,2,81 40,0x04551 0x04552,0x04551~0x04552,0x04551,0x04552,false,82 CD,2,0,,space,782,␠,06,39,178,,,패치 슬롯 0782 | 전각 공백 | ␠,번역 06-039/178 · ␠ / 토큰 81 40 / PC-88 전각 공백 토큰
1016,main,0,D993~D994,D993,D994,2,89 6E,0x04553 0x04554,0x04553~0x04554,0x04553,0x04554,false,95 AA,2,0,,hangul,783,없,06,40,178,A2F0,224,패치 슬롯 0783 | 한글 문자 | 없,번역 06-040/178 · 없 / 토큰 89 6E / KANJI A2F0 / 가나다순 224
1017,main,0,D995~D996,D995,D996,2,82 AC,0x04555 0x04556,0x04555~0x04556,0x04555,0x04556,false,82 E9,1,0,,hangul,784,겠,06,41,178,18E0,14,패치 슬롯 0784 | 한글 문자 | 겠,번역 06-041/178 · 겠 / 토큰 82 AC / KANJI 18E0 / 가나다순 14
1018,main,0,D997~D998,D997,D998,2,89 B3,0x04557 0x04558,0x04557~0x04558,0x04557,0x04558,false,82 DC,2,0,,hangul,785,지,06,42,178,6550,292,패치 슬롯 0785 | 한글 문자 | 지,번역 06-042/178 · 지 / 토큰 89 B3 / KANJI 6550 / 가나다순 292
1019,main,0,D999~D99A,D999,D99A,2,81 49,0x04559 0x0455A,0x04559~0x0455A,0x04559,0x0455A,false,82 A2,2,0,,punctuation,786,！,06,43,178,,,패치 슬롯 0786 | 문장부호 | ！,번역 06-043/178 · ！ / 토큰 81 49 / PC-88 전각 느낌표 토큰
1020,main,0,D99B~D99C,D99B,D99C,2,81 40,0x0455B 0x0455C,0x0455B~0x0455C,0x0455B,0x0455C,false,81 49,1,0,,space,787,␠,06,44,178,,,패치 슬롯 0787 | 전각 공백 | ␠,번역 06-044/178 · ␠ / 토큰 81 40 / PC-88 전각 공백 토큰
1021,main,0,D99D~D99E,D99D,D99E,2,82 DF,0x0455D 0x0455E,0x0455D~0x0455E,0x0455D,0x0455E,false,81 40,2,0,,hangul,788,누,06,45,178,3810,65,패치 슬롯 0788 | 한글 문자 | 누,번역 06-045/178 · 누 / 토큰 82 DF / KANJI 3810 / 가나다순 65
1022,main,0,D99F,D99F,D99F,1,43,0x0455F,0x0455F,0x0455F,0x0455F,false,43,0,0,,control,,,,,,,,기존확인 제어 / 43 계열 슬롯 실행,43 계열 슬롯 실행 기존값 재사용; 41~50 계열 슬롯 실행; KANJI 해당 없음
1023,main,0,D9A0~D9A1,D9A0,D9A1,2,82 B7,0x04560 0x04561,0x04560~0x04561,0x04560,0x04561,false,89 BD,2,0,,hangul,789,구,06,46,178,1990,25,패치 슬롯 0789 | 한글 문자 | 구,번역 06-046/178 · 구 / 토큰 82 B7 / KANJI 1990 / 가나다순 25
1024,main,0,D9A2~D9A3,D9A2,D9A3,2,82 F1,0x04562 0x04563,0x04562~0x04563,0x04562,0x04563,false,8E D2,2,0,,hangul,790,도,06,47,178,3930,83,패치 슬롯 0790 | 한글 문자 | 도,번역 06-047/178 · 도 / 토큰 82 F1 / KANJI 3930 / 가나다순 83
1025,main,0,D9A4~D9A5,D9A4,D9A5,2,81 40,0x04564 0x04565,0x04564~0x04565,0x04564,0x04565,false,82 E0,2,0,,space,791,␠,06,48,178,,,패치 슬롯 0791 | 전각 공백 | ␠,번역 06-048/178 · ␠ / 토큰 81 40 / PC-88 전각 공백 토큰
1026,main,0,D9A6~D9A7,D9A6,D9A7,2,89 F2,0x04566 0x04567,0x04566~0x04567,0x04566,0x04567,false,8A 6D,2,0,,hangul,792,확,06,49,178,E540,355,패치 슬롯 0792 | 한글 문자 | 확,번역 06-049/178 · 확 / 토큰 89 F2 / KANJI E540 / 가나다순 355
1027,main,0,D9A8~D9A9,D9A8,D9A9,2,89 5B,0x04568 0x04569,0x04568~0x04569,0x04568,0x04569,false,90 4D,2,0,,hangul,793,신,06,50,178,63C0,205,패치 슬롯 0793 | 한글 문자 | 신,번역 06-050/178 · 신 / 토큰 89 5B / KANJI 63C0 / 가나다순 205
1028,main,0,D9AA~D9AB,D9AA,D9AB,2,89 E5,0x0456A 0x0456B,0x0456A~0x0456B,0x0456A,0x0456B,false,82 F0,2,0,,hangul,794,할,06,51,178,E470,342,패치 슬롯 0794 | 한글 문자 | 할,번역 06-051/178 · 할 / 토큰 89 E5 / KANJI E470 / 가나다순 342
1029,main,0,D9AC~D9AD,D9AC,D9AD,2,81 40,0x0456C 0x0456D,0x0456C~0x0456D,0x0456C,0x0456D,false,8E 9D,2,0,,space,795,␠,06,52,178,,,패치 슬롯 0795 | 전각 공백 | ␠,번역 06-052/178 · ␠ / 토큰 81 40 / PC-88 전각 공백 토큰
1030,main,0,D9AE~D9AF,D9AE,D9AF,2,89 54,0x0456E 0x0456F,0x0456E~0x0456F,0x0456E,0x0456F,false,82 C4,2,0,,hangul,796,수,06,53,178,6350,198,패치 슬롯 0796 | 한글 문자 | 수,번역 06-053/178 · 수 / 토큰 89 54 / KANJI 6350 / 가나다순 198
1031,main,0,D9B0~D9B1,D9B0,D9B1,2,81 40,0x04570 0x04571,0x04570~0x04571,0x04570,0x04571,false,82 C8,2,0,,space,797,␠,06,54,178,,,패치 슬롯 0797 | 전각 공백 | ␠,번역 06-054/178 · ␠ / 토큰 81 40 / PC-88 전각 공백 토큰
1032,main,0,D9B2~D9B3,D9B2,D9B3,2,89 6E,0x04572 0x04573,0x04572~0x04573,0x04572,0x04573,false,82 A9,2,0,,hangul,798,없,06,55,178,A2F0,224,패치 슬롯 0798 | 한글 문자 | 없,번역 06-055/178 · 없 / 토큰 89 6E / KANJI A2F0 / 가나다순 224
1033,main,0,D9B4~D9B5,D9B4,D9B5,2,89 6F,0x04574 0x04575,0x04574~0x04575,0x04574,0x04575,false,82 C1,2,0,,hangul,799,었,06,56,178,A300,225,패치 슬롯 0799 | 한글 문자 | 었,번역 06-056/178 · 었 / 토큰 89 6F / KANJI A300 / 가나다순 225
1034,main,0,D9B6~D9B7,D9B6,D9B7,2,82 EE,0x04576 0x04577,0x04576~0x04577,0x04576,0x04577,false,82 BD,1,0,,hangul,800,던,06,57,178,3900,80,패치 슬롯 0800 | 한글 문자 | 던,번역 06-057/178 · 던 / 토큰 82 EE / KANJI 3900 / 가나다순 80
1035,main,0,D9B8~D9B9,D9B8,D9B9,2,81 40,0x04578 0x04579,0x04578~0x04579,0x04578,0x04579,false,82 CC,2,0,,space,801,␠,06,58,178,,,패치 슬롯 0801 | 전각 공백 | ␠,번역 06-058/178 · ␠ / 토큰 81 40 / PC-88 전각 공백 토큰
1036,main,0,D9BA~D9BB,D9BA,D9BB,2,82 A6,0x0457A 0x0457B,0x0457A~0x0457B,0x0457A,0x0457B,false,82 BE,1,0,,hangul,802,거,06,59,178,1880,8,패치 슬롯 0802 | 한글 문자 | 거,번역 06-059/178 · 거 / 토큰 82 A6 / KANJI 1880 / 가나다순 8
1037,main,0,D9BC~D9BD,D9BC,D9BD,2,82 E7,0x0457C 0x0457D,0x0457C~0x0457D,0x0457C,0x0457D,false,81 49,2,0,,hangul,803,다,06,60,178,3890,73,패치 슬롯 0803 | 한글 문자 | 다,번역 06-060/178 · 다 / 토큰 82 E7 / KANJI 3890 / 가나다순 73
1038,main,0,D9BE~D9BF,D9BE,D9BF,2,81 49,0x0457E 0x0457F,0x0457E~0x0457F,0x0457E,0x0457F,false,81 40,1,0,,punctuation,804,！,06,61,178,,,패치 슬롯 0804 | 문장부호 | ！,번역 06-061/178 · ！ / 토큰 81 49 / PC-88 전각 느낌표 토큰
1039,main,0,D9C0~D9C1,D9C0,D9C1,2,81 40,0x04580 0x04581,0x04580~0x04581,0x04580,0x04581,false,83 81,2,0,,space,805,␠,06,62,178,,,패치 슬롯 0805 | 전각 공백 | ␠,번역 06-062/178 · ␠ / 토큰 81 40 / PC-88 전각 공백 토큰
1040,main,0,D9C2~D9C3,D9C2,D9C3,2,82 BD,0x04582 0x04583,0x04582~0x04583,0x04582,0x04583,false,83 4B,2,0,,hangul,806,그,06,63,178,19F0,31,패치 슬롯 0806 | 한글 문자 | 그,번역 06-063/178 · 그 / 토큰 82 BD / KANJI 19F0 / 가나다순 31
1041,main,0,D9C4~D9C5,D9C4,D9C5,2,82 9F,0x04584 0x04585,0x04584~0x04585,0x04584,0x04585,false,83 58,2,0,,hangul,807,가,06,64,178,1810,1,패치 슬롯 0807 | 한글 문자 | 가,번역 06-064/178 · 가 / 토큰 82 9F / KANJI 1810 / 가나다순 1
1042,main,0,D9C6~D9C7,D9C6,D9C7,2,81 40,0x04586 0x04587,0x04586~0x04587,0x04586,0x04587,false,95 9C,2,0,,space,808,␠,06,65,178,,,패치 슬롯 0808 | 전각 공백 | ␠,번역 06-065/178 · ␠ / 토큰 81 40 / PC-88 전각 공백 토큰
1043,main,0,D9C8~D9C9,D9C8,D9C9,2,88 FA,0x04588 0x04589,0x04588~0x04589,0x04588,0x04589,false,8A 88,2,0,,hangul,809,부,06,66,178,E1C0,175,패치 슬롯 0809 | 한글 문자 | 부,번역 06-066/178 · 부 / 토큰 88 FA / KANJI E1C0 / 가나다순 175
1044,main,0,D9CA~D9CB,D9CA,D9CB,2,89 F3,0x0458A 0x0458B,0x0458A~0x0458B,0x0458A,0x0458B,false,82 CC,2,0,,hangul,810,활,06,67,178,E550,356,패치 슬롯 0810 | 한글 문자 | 활,번역 06-067/178 · 활 / 토큰 89 F3 / KANJI E550 / 가나다순 356
1045,main,0,D9CC~D9CD,D9CC,D9CD,2,89 E4,0x0458C 0x0458D,0x0458C~0x0458D,0x0458C,0x0458D,false,8C E3,2,0,,hangul,811,한,06,68,178,E460,341,패치 슬롯 0811 | 한글 문자 | 한,번역 06-068/178 · 한 / 토큰 89 E4 / KANJI E460 / 가나다순 341
1046,main,0,D9CE~D9CF,D9CE,D9CF,2,81 40,0x0458E 0x0458F,0x0458E~0x0458F,0x0458E,0x0458F,false,82 C9,2,0,,space,812,␠,06,69,178,,,패치 슬롯 0812 | 전각 공백 | ␠,번역 06-069/178 · ␠ / 토큰 81 40 / PC-88 전각 공백 토큰
1047,main,0,D9D0~D9D1,D9D0,D9D1,2,88 A7,0x04590 0x04591,0x04590~0x04591,0x04590,0x04591,false,82 E0,2,0,,hangul,813,뒤,06,70,178,6090,92,패치 슬롯 0813 | 한글 문자 | 뒤,번역 06-070/178 · 뒤 / 토큰 88 A7 / KANJI 6090 / 가나다순 92
1048,main,0,D9D2~D9D3,D9D2,D9D3,2,89 70,0x04592 0x04593,0x04592~0x04593,0x04592,0x04593,false,81 41,2,0,,hangul,814,에,06,71,178,A310,226,패치 슬롯 0814 | 한글 문자 | 에,번역 06-071/178 · 에 / 토큰 89 70 / KANJI A310 / 가나다순 226
1049,main,0,D9D4~D9D5,D9D4,D9D5,2,82 F1,0x04594 0x04595,0x04594~0x04595,0x04594,0x04595,false,89 CA,2,0,,hangul,815,도,06,72,178,3930,83,패치 슬롯 0815 | 한글 문자 | 도,번역 06-072/178 · 도 / 토큰 82 F1 / KANJI 3930 / 가나다순 83
1050,main,0,D9D6~D9D7,D9D6,D9D7,2,88 F2,0x04596 0x04597,0x04596~0x04597,0x04596,0x04597,false,82 BD,2,0,,hangul,816,베,06,73,178,E140,167,패치 슬롯 0816 | 한글 문자 | 베,번역 06-073/178 · 베 / 토큰 88 F2 / KANJI E140 / 가나다순 167
1051,main,0,D9D8~D9D9,D9D8,D9D9,2,89 C2,0x04598 0x04599,0x04598~0x04599,0x04598,0x04599,false,82 B5,2,0,,hangul,817,칸,06,74,178,A440,307,패치 슬롯 0817 | 한글 문자 | 칸,번역 06-074/178 · 칸 / 토큰 89 C2 / KANJI A440 / 가나다순 307
1052,main,0,D9DA~D9DB,D9DA,D9DB,2,89 D7,0x0459A 0x0459B,0x0459A~0x0459B,0x0459A,0x0459B,false,82 C4,2,0,,hangul,818,티,06,75,178,A590,328,패치 슬롯 0818 | 한글 문자 | 티,번역 06-075/178 · 티 / 토큰 89 D7 / KANJI A590 / 가나다순 328
1053,main,0,D9DC~D9DD,D9DC,D9DD,2,82 9F,0x0459C 0x0459D,0x0459C~0x0459D,0x0459C,0x0459D,false,82 B1,1,0,,hangul,819,가,06,76,178,1810,1,패치 슬롯 0819 | 한글 문자 | 가,번역 06-076/178 · 가 / 토큰 82 9F / KANJI 1810 / 가나다순 1
1054,main,0,D9DE~D9DF,D9DE,D9DF,2,81 40,0x0459E 0x0459F,0x0459E~0x0459F,0x0459E,0x0459F,false,82 CC,2,0,,space,820,␠,06,77,178,,,패치 슬롯 0820 | 전각 공백 | ␠,번역 06-077/178 · ␠ / 토큰 81 40 / PC-88 전각 공백 토큰
1055,main,0,D9E0~D9E1,D9E0,D9E1,2,89 A5,0x045A0 0x045A1,0x045A0~0x045A1,0x045A0,0x045A1,false,83 94,2,0,,hangul,821,존,06,78,178,6470,278,패치 슬롯 0821 | 한글 문자 | 존,번역 06-078/178 · 존 / 토큰 89 A5 / KANJI 6470 / 가나다순 278
1056,main,0,D9E2~D9E3,D9E2,D9E3,2,89 51,0x045A2 0x045A3,0x045A2~0x045A3,0x045A2,0x045A3,false,83 46,2,0,,hangul,822,속,06,79,178,6320,195,패치 슬롯 0822 | 한글 문자 | 속,번역 06-079/178 · 속 / 토큰 89 51 / KANJI 6320 / 가나다순 195
1057,main,0,D9E4~D9E5,D9E4,D9E5,2,89 E5,0x045A4 0x045A5,0x045A4~0x045A5,0x045A4,0x045A5,false,83 4A,2,0,,hangul,823,할,06,80,178,E470,342,패치 슬롯 0823 | 한글 문자 | 할,번역 06-080/178 · 할 / 토큰 89 E5 / KANJI E470 / 가나다순 342
1058,main,0,D9E6~D9E7,D9E6,D9E7,2,81 40,0x045A6 0x045A7,0x045A6~0x045A7,0x045A6,0x045A7,false,83 93,2,0,,space,824,␠,06,81,178,,,패치 슬롯 0824 | 전각 공백 | ␠,번역 06-081/178 · ␠ / 토큰 81 40 / PC-88 전각 공백 토큰
1059,main,0,D9E8~D9E9,D9E8,D9E9,2,89 54,0x045A8 0x045A9,0x045A8~0x045A9,0x045A8,0x045A9,false,83 65,2,0,,hangul,825,수,06,82,178,6350,198,패치 슬롯 0825 | 한글 문자 | 수,번역 06-082/178 · 수 / 토큰 89 54 / KANJI 6350 / 가나다순 198
1060,main,0,D9EA~D9EB,D9EA,D9EB,2,81 40,0x045AA 0x045AB,0x045AA~0x045AB,0x045AA,0x045AB,false,83 42,2,0,,space,826,␠,06,83,178,,,패치 슬롯 0826 | 전각 공백 | ␠,번역 06-083/178 · ␠ / 토큰 81 40 / PC-88 전각 공백 토큰
1061,main,0,D9EC~D9ED,D9EC,D9ED,2,89 92,0x045AC 0x045AD,0x045AC~0x045AD,0x045AC,0x045AD,false,82 AA,2,0,,hangul,827,있,06,84,178,E320,259,패치 슬롯 0827 | 한글 문자 | 있,번역 06-084/178 · 있 / 토큰 89 92 / KANJI E320 / 가나다순 259
1062,main,0,D9EE~D9EF,D9EE,D9EF,2,89 8A,0x045AE 0x045AF,0x045AE~0x045AF,0x045AE,0x045AF,false,8D DD,2,0,,hangul,828,을,06,85,178,E2A0,251,패치 슬롯 0828 | 한글 문자 | 을,번역 06-085/178 · 을 / 토큰 89 8A / KANJI E2A0 / 가나다순 251
1063,main,0,D9F0~D9F1,D9F0,D9F1,2,82 C4,0x045B0 0x045B1,0x045B0~0x045B1,0x045B0,0x045B1,false,82 E8,1,0,,hangul,829,까,06,86,178,2860,38,패치 슬롯 0829 | 한글 문자 | 까,번역 06-086/178 · 까 / 토큰 82 C4 / KANJI 2860 / 가나다순 38
1064,main,0,D9F2~D9F3,D9F2,D9F3,2,81 49,0x045B2 0x045B3,0x045B2~0x045B3,0x045B2,0x045B3,false,93 BE,2,0,,punctuation,830,！,06,87,178,,,패치 슬롯 0830 | 문장부호 | ！,번역 06-087/178 · ！ / 토큰 81 49 / PC-88 전각 느낌표 토큰
1065,main,0,D9F4~D9F5,D9F4,D9F5,2,81 40,0x045B4 0x045B5,0x045B4~0x045B5,0x045B4,0x045B5,false,82 E9,2,0,,space,831,␠,06,88,178,,,패치 슬롯 0831 | 전각 공백 | ␠,번역 06-088/178 · ␠ / 토큰 81 40 / PC-88 전각 공백 토큰
1066,main,0,D9F6,D9F6,D9F6,1,43,0x045B6,0x045B6,0x045B6,0x045B6,false,82,1,0,,control,,,,,,,,기존확인 제어 / 41~50 계열 CAA8[2] 슬롯 실행,41~50 계열 CAA8[2] 슬롯 실행 기존값 재사용; 41~50 계열 슬롯 실행; KANJI 해당 없음
1067,main,0,D9F7~D9F8,D9F7,D9F8,2,82 BD,0x045B7 0x045B8,0x045B7~0x045B8,0x045B7,0x045B8,false,CC 82,2,0,,hangul,832,그,06,89,178,19F0,31,패치 슬롯 0832 | 한글 문자 | 그,번역 06-089/178 · 그 / 토큰 82 BD / KANJI 19F0 / 가나다순 31
1068,main,0,D9F9~D9FA,D9F9,D9FA,2,89 8C,0x045B9 0x045BA,0x045B9~0x045BA,0x045B9,0x045BA,false,A9 82,2,0,,hangul,833,의,06,90,178,E2C0,253,패치 슬롯 0833 | 한글 문자 | 의,번역 06-090/178 · 의 / 토큰 89 8C / KANJI E2C0 / 가나다순 253
1069,main,0,D9FB~D9FC,D9FB,D9FC,2,82 B5,0x045BB 0x045BC,0x045BB~0x045BC,0x045BB,0x045BC,false,C7 82,2,0,,hangul,834,광,06,91,178,1970,23,패치 슬롯 0834 | 한글 문자 | 광,번역 06-091/178 · 광 / 토큰 82 B5 / KANJI 1970 / 가나다순 23
1070,main,0,D9FD~D9FE,D9FD,D9FE,2,82 C1,0x045BD 0x045BE,0x045BD~0x045BE,0x045BD,0x045BE,false,A4 82,2,0,,hangul,835,기,06,92,178,2830,35,패치 슬롯 0835 | 한글 문자 | 기,번역 06-092/178 · 기 / 토큰 82 C1 / KANJI 2830 / 가나다순 35
1071,main,0,D9FF~DA00,D9FF,DA00,2,82 9F,0x045BF 0x045C0,0x045BF~0x045C0,0x045BF,0x045C0,false,A9 81,2,0,,hangul,836,가,06,93,178,1810,1,패치 슬롯 0836 | 한글 문자 | 가,번역 06-093/178 · 가 / 토큰 82 9F / KANJI 1810 / 가나다순 1
1072,main,0,DA01~DA02,DA01,DA02,2,81 40,0x045C1 0x045C2,0x045C1~0x045C2,0x045C1,0x045C2,false,49 81,2,0,,space,837,␠,06,94,178,,,패치 슬롯 0837 | 전각 공백 | ␠,번역 06-094/178 · ␠ / 토큰 81 40 / PC-88 전각 공백 토큰
1073,main,0,DA03~DA04,DA03,DA04,2,88 E9,0x045C3 0x045C4,0x045C3~0x045C4,0x045C3,0x045C4,false,40 43,2,0,,hangul,838,바,06,95,178,E0B0,158,패치 슬롯 0838 | 한글 문자 | 바,번역 06-095/178 · 바 / 토큰 88 E9 / KANJI E0B0 / 가나다순 158
1074,main,0,DA05~DA06,DA05,DA06,2,82 E4,0x045C5 0x045C6,0x045C5~0x045C6,0x045C5,0x045C6,false,83 81,2,0,,hangul,839,니,06,96,178,3860,70,패치 슬롯 0839 | 한글 문자 | 니,번역 06-096/178 · 니 / 토큰 82 E4 / KANJI 3860 / 가나다순 70
1075,main,0,DA07~DA08,DA07,DA08,2,89 D7,0x045C7 0x045C8,0x045C7~0x045C8,0x045C7,0x045C8,false,83 4B,2,0,,hangul,840,티,06,97,178,A590,328,패치 슬롯 0840 | 한글 문자 | 티,번역 06-097/178 · 티 / 토큰 89 D7 / KANJI A590 / 가나다순 328
1076,main,0,DA09~DA0A,DA09,DA0A,2,89 7A,0x045C9 0x045CA,0x045C9~0x045CA,0x045C9,0x045CA,false,83 58,2,0,,hangul,841,와,06,98,178,A3B0,236,패치 슬롯 0841 | 한글 문자 | 와,번역 06-098/178 · 와 / 토큰 89 7A / KANJI A3B0 / 가나다순 236
1077,main,0,DA0B~DA0C,DA0B,DA0C,2,81 40,0x045CB 0x045CC,0x045CB~0x045CC,0x045CB,0x045CC,false,82 CC,2,0,,space,842,␠,06,99,178,,,패치 슬롯 0842 | 전각 공백 | ␠,번역 06-099/178 · ␠ / 토큰 81 40 / PC-88 전각 공백 토큰
1078,main,0,DA0D~DA0E,DA0D,DA0E,2,88 CC,0x045CD 0x045CE,0x045CD~0x045CE,0x045CD,0x045CE,false,8B B6,2,0,,hangul,843,리,06,100,178,A0E0,129,패치 슬롯 0843 | 한글 문자 | 리,번역 06-100/178 · 리 / 토큰 88 CC / KANJI A0E0 / 가나다순 129
1079,main,0,DA0F~DA10,DA0F,DA10,2,89 6D,0x045CF 0x045D0,0x045CF~0x045D0,0x045CF,0x045D0,false,8B 43,2,0,,hangul,844,얼,06,101,178,A2E0,223,패치 슬롯 0844 | 한글 문자 | 얼,번역 06-101/178 · 얼 / 토큰 89 6D / KANJI A2E0 / 가나다순 223
1080,main,0,DA11~DA12,DA11,DA12,2,88 CC,0x045D1 0x045D2,0x045D1~0x045D2,0x045D1,0x045D2,false,82 CD,2,0,,hangul,845,리,06,102,178,A0E0,129,패치 슬롯 0845 | 한글 문자 | 리,번역 06-102/178 · 리 / 토큰 88 CC / KANJI A0E0 / 가나다순 129
1081,main,0,DA13~DA14,DA13,DA14,2,89 D7,0x045D3 0x045D4,0x045D3~0x045D4,0x045D3,0x045D4,false,81 41,2,0,,hangul,846,티,06,103,178,A590,328,패치 슬롯 0846 | 한글 문자 | 티,번역 06-103/178 · 티 / 토큰 89 D7 / KANJI A590 / 가나다순 328
1082,main,0,DA15~DA16,DA15,DA16,2,89 42,0x045D5 0x045D6,0x045D5~0x045D6,0x045D5,0x045D6,false,83 94,2,0,,hangul,847,뿐,06,104,178,6230,180,패치 슬롯 0847 | 한글 문자 | 뿐,번역 06-104/178 · 뿐 / 토큰 89 42 / KANJI 6230 / 가나다순 180
1083,main,0,DA17~DA18,DA17,DA18,2,88 D2,0x045D7 0x045D8,0x045D7~0x045D8,0x045D7,0x045D8,false,83 40,2,0,,hangul,848,만,06,105,178,A140,135,패치 슬롯 0848 | 한글 문자 | 만,번역 06-105/178 · 만 / 토큰 88 D2 / KANJI A140 / 가나다순 135
1084,main,0,DA19~DA1A,DA19,DA1A,2,81 40,0x045D9 0x045DA,0x045D9~0x045DA,0x045D9,0x045DA,false,83 6A,2,0,,space,849,␠,06,106,178,,,패치 슬롯 0849 | 전각 공백 | ␠,번역 06-106/178 · ␠ / 토큰 81 40 / PC-88 전각 공백 토큰
1085,main,0,DA1B~DA1C,DA1B,DA1C,2,89 60,0x045DB 0x045DC,0x045DB~0x045DC,0x045DB,0x045DC,false,83 65,2,0,,hangul,850,아,06,107,178,A210,210,패치 슬롯 0850 | 한글 문자 | 아,번역 06-107/178 · 아 / 토큰 89 60 / KANJI A210 / 가나다순 210
1086,main,0,DA1D~DA1E,DA1D,DA1E,2,82 E4,0x045DD 0x045DE,0x045DD~0x045DE,0x045DD,0x045DE,false,83 42,2,0,,hangul,851,니,06,108,178,3860,70,패치 슬롯 0851 | 한글 문자 | 니,번역 06-108/178 · 니 / 토큰 82 E4 / KANJI 3860 / 가나다순 70
1087,main,0,DA1F~DA20,DA1F,DA20,2,88 B6,0x045DF 0x045E0,0x045DF~0x045E0,0x045DF,0x045E0,false,82 E2,2,0,,hangul,852,라,06,109,178,6180,107,패치 슬롯 0852 | 한글 문자 | 라,번역 06-109/178 · 라 / 토큰 88 B6 / KANJI 6180 / 가나다순 107
1088,main,0,DA21~DA22,DA21,DA22,2,81 41,0x045E1 0x045E2,0x045E1~0x045E2,0x045E1,0x045E2,false,83 8A,2,0,,punctuation,853,、,06,110,178,,,패치 슬롯 0853 | 문장부호 | 、,번역 06-110/178 · 、 / 토큰 81 41 / PC-88 전각 쉼표 토큰
1089,main,0,DA23~DA24,DA23,DA24,2,88 F2,0x045E3 0x045E4,0x045E3~0x045E4,0x045E3,0x045E4,false,83 41,2,0,,hangul,854,베,06,111,178,E140,167,패치 슬롯 0854 | 한글 문자 | 베,번역 06-111/178 · 베 / 토큰 88 F2 / KANJI E140 / 가나다순 167
1090,main,0,DA25~DA26,DA25,DA26,2,89 C2,0x045E5 0x045E6,0x045E5~0x045E6,0x045E5,0x045E6,false,83 8A,2,0,,hangul,855,칸,06,112,178,A440,307,패치 슬롯 0855 | 한글 문자 | 칸,번역 06-112/178 · 칸 / 토큰 89 C2 / KANJI A440 / 가나다순 307
1091,main,0,DA27~DA28,DA27,DA28,2,89 D7,0x045E7 0x045E8,0x045E7~0x045E8,0x045E7,0x045E8,false,83 65,2,0,,hangul,856,티,06,113,178,A590,328,패치 슬롯 0856 | 한글 문자 | 티,번역 06-113/178 · 티 / 토큰 89 D7 / KANJI A590 / 가나다순 328
1092,main,0,DA29~DA2A,DA29,DA2A,2,88 D1,0x045E9 0x045EA,0x045E9~0x045EA,0x045E9,0x045EA,false,83 42,2,0,,hangul,857,마,06,114,178,A130,134,패치 슬롯 0857 | 한글 문자 | 마,번역 06-114/178 · 마 / 토큰 88 D1 / KANJI A130 / 가나다순 134
1093,main,0,DA2B~DA2C,DA2B,DA2C,2,89 9B,0x045EB 0x045EC,0x045EB~0x045EC,0x045EB,0x045EC,false,82 CD,2,0,,hangul,858,저,06,115,178,E3B0,268,패치 슬롯 0858 | 한글 문자 | 저,번역 06-115/178 · 저 / 토큰 89 9B / KANJI E3B0 / 가나다순 268
1094,main,0,DA2D,DA2D,DA2D,1,43,0x045ED,0x045ED,0x045ED,0x045ED,false,82,1,0,,control,,,,,,,,기존확인 제어 / 41~50 계열 CAA8[2] 슬롯 실행,41~50 계열 CAA8[2] 슬롯 실행 기존값 재사용; 41~50 계열 슬롯 실행; KANJI 해당 없음
1095,main,0,DA2E~DA2F,DA2E,DA2F,2,81 40,0x045EE 0x045EF,0x045EE~0x045EF,0x045EE,0x045EF,false,A8 82,2,0,,space,859,␠,06,116,178,,,패치 슬롯 0859 | 전각 공백 | ␠,번역 06-116/178 · ␠ / 토큰 81 40 / PC-88 전각 공백 토큰
1096,main,0,DA30~DA31,DA30,DA31,2,89 D8,0x045F0 0x045F1,0x045F0~0x045F1,0x045F0,0x045F1,false,EB 82,2,0,,hangul,860,파,06,117,178,A5A0,329,패치 슬롯 0860 | 한글 문자 | 파,번역 06-117/178 · 파 / 토큰 89 D8 / KANJI A5A0 / 가나다순 329
1097,main,0,DA32~DA33,DA32,DA33,2,88 DD,0x045F2 0x045F3,0x045F2~0x045F3,0x045F2,0x045F3,false,A9 81,2,0,,hangul,861,멸,06,118,178,A1F0,146,패치 슬롯 0861 | 한글 문자 | 멸,번역 06-118/178 · 멸 / 토큰 88 DD / KANJI A1F0 / 가나다순 146
1098,main,0,DA34~DA35,DA34,DA35,2,89 5A,0x045F4 0x045F5,0x045F4~0x045F5,0x045F4,0x045F5,false,41 82,2,0,,hangul,862,시,06,119,178,63B0,204,패치 슬롯 0862 | 한글 문자 | 시,번역 06-119/178 · 시 / 토큰 89 5A / KANJI 63B0 / 가나다순 204
1099,main,0,DA36~DA37,DA36,DA37,2,89 C9,0x045F6 0x045F7,0x045F6~0x045F7,0x045F6,0x045F7,false,B1 82,2,0,,hangul,863,키,06,120,178,A4B0,314,패치 슬롯 0863 | 한글 문자 | 키,번역 06-120/178 · 키 / 토큰 89 C9 / KANJI A4B0 / 가나다순 314
1100,main,0,DA38~DA39,DA38,DA39,2,89 B3,0x045F8 0x045F9,0x045F8~0x045F9,0x045F8,0x045F9,false,CC 83,2,0,,hangul,864,지,06,121,178,6550,292,패치 슬롯 0864 | 한글 문자 | 지,번역 06-121/178 · 지 / 토큰 89 B3 / KANJI 6550 / 가나다순 292
1101,main,0,DA3A~DA3B,DA3A,DA3B,2,81 40,0x045FA 0x045FB,0x045FA~0x045FB,0x045FA,0x045FB,false,94 83,2,0,,space,865,␠,06,122,178,,,패치 슬롯 0865 | 전각 공백 | ␠,번역 06-122/178 · ␠ / 토큰 81 40 / PC-88 전각 공백 토큰
1102,main,0,DA3C~DA3D,DA3C,DA3D,2,89 64,0x045FC 0x045FD,0x045FC~0x045FD,0x045FC,0x045FD,false,46 83,2,0,,hangul,866,않,06,123,178,A250,214,패치 슬롯 0866 | 한글 문자 | 않,번역 06-123/178 · 않 / 토큰 89 64 / KANJI A250 / 가나다순 214
1103,main,0,DA3E~DA3F,DA3E,DA3F,2,89 8A,0x045FE 0x045FF,0x045FE~0x045FF,0x045FE,0x045FF,false,4A 83,2,0,,hangul,867,을,06,124,178,E2A0,251,패치 슬롯 0867 | 한글 문자 | 을,번역 06-124/178 · 을 / 토큰 89 8A / KANJI E2A0 / 가나다순 251
1104,main,0,DA40~DA41,DA40,DA41,2,82 C4,0x04600 0x04601,0x04600~0x04601,0x04600,0x04601,false,93 83,2,0,,hangul,868,까,06,125,178,2860,38,패치 슬롯 0868 | 한글 문자 | 까,번역 06-125/178 · 까 / 토큰 82 C4 / KANJI 2860 / 가나다순 38
1105,main,0,DA42~DA43,DA42,DA43,2,81 49,0x04602 0x04603,0x04602~0x04603,0x04602,0x04603,false,65 83,2,0,,punctuation,869,！,06,126,178,,,패치 슬롯 0869 | 문장부호 | ！,번역 06-126/178 · ！ / 토큰 81 49 / PC-88 전각 느낌표 토큰
1106,main,0,DA44~DA45,DA44,DA45,2,82 BD,0x04604 0x04605,0x04604~0x04605,0x04604,0x04605,false,42 82,2,0,,hangul,870,그,06,127,178,19F0,31,패치 슬롯 0870 | 한글 문자 | 그,번역 06-127/178 · 그 / 토큰 82 BD / KANJI 19F0 / 가나다순 31
1107,main,0,DA46~DA47,DA46,DA47,2,89 8C,0x04606 0x04607,0x04606~0x04607,0x04606,0x04607,false,B3 82,2,0,,hangul,871,의,06,128,178,E2C0,253,패치 슬롯 0871 | 한글 문자 | 의,번역 06-128/178 · 의 / 토큰 89 8C / KANJI E2C0 / 가나다순 253
1108,main,0,DA48~DA49,DA48,DA49,2,81 40,0x04608 0x04609,0x04608~0x04609,0x04608,0x04609,false,A6 43,2,0,,space,872,␠,06,129,178,,,패치 슬롯 0872 | 전각 공백 | ␠,번역 06-129/178 · ␠ / 토큰 81 40 / PC-88 전각 공백 토큰
1109,main,0,DA4A~DA4B,DA4A,DA4B,2,88 FA,0x0460A 0x0460B,0x0460A~0x0460B,0x0460A,0x0460B,false,94 6A,2,0,,hangul,873,부,06,130,178,E1C0,175,패치 슬롯 0873 | 한글 문자 | 부,번역 06-130/178 · 부 / 토큰 88 FA / KANJI E1C0 / 가나다순 175
1110,main,0,DA4C~DA4D,DA4C,DA4D,2,89 F3,0x0460C 0x0460D,0x0460C~0x0460D,0x0460C,0x0460D,false,89 F3,0,0,,hangul,874,활,06,131,178,E550,356,패치 슬롯 0874 | 한글 문자 | 활,번역 06-131/178 · 활 / 토큰 89 F3 / KANJI E550 / 가나다순 356
1111,main,0,DA4E~DA4F,DA4E,DA4F,2,89 8D,0x0460E 0x0460F,0x0460E~0x0460F,0x0460E,0x0460F,false,82 B5,2,0,,hangul,875,이,06,132,178,E2D0,254,패치 슬롯 0875 | 한글 문자 | 이,번역 06-132/178 · 이 / 토큰 89 8D / KANJI E2D0 / 가나다순 254
1112,main,0,DA50~DA51,DA50,DA51,2,81 40,0x04610 0x04611,0x04610~0x04611,0x04610,0x04611,false,90 73,2,0,,space,876,␠,06,133,178,,,패치 슬롯 0876 | 전각 공백 | ␠,번역 06-133/178 · ␠ / 토큰 81 40 / PC-88 전각 공백 토큰
1113,main,0,DA52~DA53,DA52,DA53,2,88 F2,0x04612 0x04613,0x04612~0x04613,0x04612,0x04613,false,82 AD,2,0,,hangul,877,베,06,134,178,E140,167,패치 슬롯 0877 | 한글 문자 | 베,번역 06-134/178 · 베 / 토큰 88 F2 / KANJI E140 / 가나다순 167
1114,main,0,DA54~DA55,DA54,DA55,2,89 C2,0x04614 0x04615,0x04614~0x04615,0x04614,0x04615,false,82 B5,2,0,,hangul,878,칸,06,135,178,A440,307,패치 슬롯 0878 | 한글 문자 | 칸,번역 06-135/178 · 칸 / 토큰 89 C2 / KANJI A440 / 가나다순 307
1115,main,0,DA56~DA57,DA56,DA57,2,89 D7,0x04616 0x04617,0x04616~0x04617,0x04616,0x04617,false,82 CD,2,0,,hangul,879,티,06,136,178,A590,328,패치 슬롯 0879 | 한글 문자 | 티,번역 06-136/178 · 티 / 토큰 89 D7 / KANJI A590 / 가나다순 328
1116,main,0,DA58~DA59,DA58,DA59,2,89 8C,0x04618 0x04619,0x04618~0x04619,0x04618,0x04619,false,82 B5,2,0,,hangul,880,의,06,137,178,E2C0,253,패치 슬롯 0880 | 한글 문자 | 의,번역 06-137/178 · 의 / 토큰 89 8C / KANJI E2C0 / 가나다순 253
1117,main,0,DA5A~DA5B,DA5A,DA5B,2,81 40,0x0461A 0x0461B,0x0461A~0x0461B,0x0461A,0x0461B,false,82 DC,2,0,,space,881,␠,06,138,178,,,패치 슬롯 0881 | 전각 공백 | ␠,번역 06-138/178 · ␠ / 토큰 81 40 / PC-88 전각 공백 토큰
1118,main,0,DA5C,DA5C,DA5C,1,43,0x0461C,0x0461C,0x0461C,0x0461C,false,82,1,0,,control,,,,,,,,기존확인 제어 / 41~50 계열 CAA8[2] 슬롯 실행,41~50 계열 CAA8[2] 슬롯 실행 기존값 재사용; 41~50 계열 슬롯 실행; KANJI 해당 없음
1119,main,0,DA5D~DA5E,DA5D,DA5E,2,89 A6,0x0461D 0x0461E,0x0461D~0x0461E,0x0461D,0x0461E,false,A2 82,2,0,,hangul,882,종,06,139,178,6480,279,패치 슬롯 0882 | 한글 문자 | 종,번역 06-139/178 · 종 / 토큰 89 A6 / KANJI 6480 / 가나다순 279
1120,main,0,DA5F~DA60,DA5F,DA60,2,88 D3,0x0461F 0x04620,0x0461F~0x04620,0x0461F,0x04620,false,A9 81,2,0,,hangul,883,말,06,140,178,A150,136,패치 슬롯 0883 | 한글 문자 | 말,번역 06-140/178 · 말 / 토큰 88 D3 / KANJI A150 / 가나다순 136
1121,main,0,DA61~DA62,DA61,DA62,2,89 8A,0x04621 0x04622,0x04621~0x04622,0x04621,0x04622,false,49 81,2,0,,hangul,884,을,06,141,178,E2A0,251,패치 슬롯 0884 | 한글 문자 | 을,번역 06-141/178 · 을 / 토큰 89 8A / KANJI E2A0 / 가나다순 251
1122,main,0,DA63~DA64,DA63,DA64,2,81 40,0x04623 0x04624,0x04623~0x04624,0x04623,0x04624,false,40 83,2,0,,space,885,␠,06,142,178,,,패치 슬롯 0885 | 전각 공백 | ␠,번역 06-142/178 · ␠ / 토큰 81 40 / PC-88 전각 공백 토큰
1123,main,0,DA65~DA66,DA65,DA66,2,89 8C,0x04625 0x04626,0x04625~0x04626,0x04625,0x04626,false,81 83,2,0,,hangul,886,의,06,143,178,E2C0,253,패치 슬롯 0886 | 한글 문자 | 의,번역 06-143/178 · 의 / 토큰 89 8C / KANJI E2C0 / 가나다순 253
1124,main,0,DA67~DA68,DA67,DA68,2,88 E7,0x04627 0x04628,0x04627~0x04628,0x04627,0x04628,false,4B 83,2,0,,hangul,887,미,06,144,178,E090,156,패치 슬롯 0887 | 한글 문자 | 미,번역 06-144/178 · 미 / 토큰 88 E7 / KANJI E090 / 가나다순 156
1125,main,0,DA69~DA6A,DA69,DA6A,2,89 E2,0x04629 0x0462A,0x04629~0x0462A,0x04629,0x0462A,false,58 95,2,0,,hangul,888,하,06,145,178,E440,339,패치 슬롯 0888 | 한글 문자 | 하,번역 06-145/178 · 하 / 토큰 89 E2 / KANJI E440 / 가나다순 339
1126,main,0,DA6B~DA6C,DA6B,DA6C,2,82 E3,0x0462B 0x0462C,0x0462B~0x0462C,0x0462B,0x0462C,false,9C 8A,2,0,,hangul,889,는,06,146,178,3850,69,패치 슬롯 0889 | 한글 문자 | 는,번역 06-146/178 · 는 / 토큰 82 E3 / KANJI 3850 / 가나다순 69
1127,main,0,DA6D~DA6E,DA6D,DA6E,2,81 40,0x0462D 0x0462E,0x0462D~0x0462E,0x0462D,0x0462E,false,88 82,2,0,,space,890,␠,06,147,178,,,패치 슬롯 0890 | 전각 공백 | ␠,번역 06-147/178 · ␠ / 토큰 81 40 / PC-88 전각 공백 토큰
1128,main,0,DA6F~DA70,DA6F,DA70,2,82 AB,0x0462F 0x04630,0x0462F~0x04630,0x0462F,0x04630,false,CD 83,2,0,,hangul,891,게,06,148,178,18D0,13,패치 슬롯 0891 | 한글 문자 | 게,번역 06-148/178 · 게 / 토큰 82 AB / KANJI 18D0 / 가나다순 13
1129,main,0,DA71~DA72,DA71,DA72,2,81 40,0x04631 0x04632,0x04631~0x04632,0x04631,0x04632,false,94 83,2,0,,space,892,␠,06,149,178,,,패치 슬롯 0892 | 전각 공백 | ␠,번역 06-149/178 · ␠ / 토큰 81 40 / PC-88 전각 공백 토큰
1130,main,0,DA73~DA74,DA73,DA74,2,89 60,0x04633 0x04634,0x04633~0x04634,0x04633,0x04634,false,46 83,2,0,,hangul,893,아,06,150,178,A210,210,패치 슬롯 0893 | 한글 문자 | 아,번역 06-150/178 · 아 / 토큰 89 60 / KANJI A210 / 가나다순 210
1131,main,0,DA75~DA76,DA75,DA76,2,82 E5,0x04635 0x04636,0x04635~0x04636,0x04635,0x04636,false,4A 83,2,0,,hangul,894,닐,06,151,178,3870,71,패치 슬롯 0894 | 한글 문자 | 닐,번역 06-151/178 · 닐 / 토큰 82 E5 / KANJI 3870 / 가나다순 71
1132,main,0,DA77~DA78,DA77,DA78,2,82 C4,0x04637 0x04638,0x04637~0x04638,0x04637,0x04638,false,93 83,2,0,,hangul,895,까,06,152,178,2860,38,패치 슬롯 0895 | 한글 문자 | 까,번역 06-152/178 · 까 / 토큰 82 C4 / KANJI 2860 / 가나다순 38
1133,main,0,DA79~DA7A,DA79,DA7A,2,81 49,0x04639 0x0463A,0x04639~0x0463A,0x04639,0x0463A,false,65 83,2,0,,punctuation,896,！,06,153,178,,,패치 슬롯 0896 | 문장부호 | ！,번역 06-153/178 · ！ / 토큰 81 49 / PC-88 전각 느낌표 토큰
1134,main,0,DA7B~DA7C,DA7B,DA7C,2,81 40,0x0463B 0x0463C,0x0463B~0x0463C,0x0463B,0x0463C,false,42 82,2,0,,space,897,␠,06,154,178,,,패치 슬롯 0897 | 전각 공백 | ␠,번역 06-154/178 · ␠ / 토큰 81 40 / PC-88 전각 공백 토큰
1135,main,0,DA7D~DA7E,DA7D,DA7E,2,82 DF,0x0463D 0x0463E,0x0463D~0x0463E,0x0463D,0x0463E,false,CC 43,2,0,,hangul,898,누,06,155,178,3810,65,패치 슬롯 0898 | 한글 문자 | 누,번역 06-155/178 · 누 / 토큰 82 DF / KANJI 3810 / 가나다순 65
1136,main,0,DA7F~DA80,DA7F,DA80,2,82 B7,0x0463F 0x04640,0x0463F~0x04640,0x0463F,0x04640,false,8E 80,2,0,,hangul,899,구,06,156,178,1990,25,패치 슬롯 0899 | 한글 문자 | 구,번역 06-156/178 · 구 / 토큰 82 B7 / KANJI 1990 / 가나다순 25
1137,main,0,DA81~DA82,DA81,DA82,2,82 F1,0x04641 0x04642,0x04641~0x04642,0x04641,0x04642,false,82 F0,1,0,,hangul,900,도,06,157,178,3930,83,패치 슬롯 0900 | 한글 문자 | 도,번역 06-157/178 · 도 / 토큰 82 F1 / KANJI 3930 / 가나다순 83
1138,main,0,DA83~DA84,DA83,DA84,2,81 40,0x04643 0x04644,0x04643~0x04644,0x04643,0x04644,false,88 D3,2,0,,space,901,␠,06,158,178,,,패치 슬롯 0901 | 전각 공백 | ␠,번역 06-158/178 · ␠ / 토큰 81 40 / PC-88 전각 공백 토큰
1139,main,0,DA85~DA86,DA85,DA86,2,89 8D,0x04645 0x04646,0x04645~0x04646,0x04645,0x04646,false,96 A1,2,0,,hangul,902,이,06,159,178,E2D0,254,패치 슬롯 0902 | 한글 문자 | 이,번역 06-159/178 · 이 / 토큰 89 8D / KANJI E2D0 / 가나다순 254
1140,main,0,DA87,DA87,DA87,1,43,0x04647,0x04647,0x04647,0x04647,false,82,1,0,,control,,,,,,,,기존확인 제어 / 41~50 계열 CAA8[2] 슬롯 실행,사용자 런타임/덤프 정정 반영; 41~50 계열 CAA8[2] 슬롯 실행 기존값 재사용; 41~50 계열 슬롯 실행; KANJI 해당 없음
1141,main,0,DA88~DA89,DA88,DA89,2,81 40,0x04648 0x04649,0x04648~0x04649,0x04648,0x04649,false,B5 82,2,0,,space,903,␠,06,160,178,,,패치 슬롯 0903 | 전각 공백 | ␠,번역 06-160/178 · ␠ / 토큰 81 40 / PC-88 전각 공백 토큰
1142,main,0,DA8A~DA8B,DA8A,DA8B,2,89 8C,0x0464A 0x0464B,0x0464A~0x0464B,0x0464A,0x0464B,false,CD 82,2,0,,hangul,904,의,06,161,178,E2C0,253,패치 슬롯 0904 | 한글 문자 | 의,번역 06-161/178 · 의 / 토큰 89 8C / KANJI E2C0 / 가나다순 253
1143,main,0,DA8C~DA8D,DA8C,DA8D,2,88 E4,0x0464C 0x0464D,0x0464C~0x0464D,0x0464C,0x0464D,false,B5 82,2,0,,hangul,905,문,06,162,178,E060,153,패치 슬롯 0905 | 한글 문자 | 문,번역 06-162/178 · 문 / 토큰 88 E4 / KANJI E060 / 가나다순 153
1144,main,0,DA8E~DA8F,DA8E,DA8F,2,89 8A,0x0464E 0x0464F,0x0464E~0x0464F,0x0464E,0x0464F,false,DC 82,2,0,,hangul,906,을,06,163,178,E2A0,251,패치 슬롯 0906 | 한글 문자 | 을,번역 06-163/178 · 을 / 토큰 89 8A / KANJI E2A0 / 가나다순 251
1145,main,0,DA90~DA91,DA90,DA91,2,81 40,0x04650 0x04651,0x04650~0x04651,0x04650,0x04651,false,A2 82,2,0,,space,907,␠,06,164,178,,,패치 슬롯 0907 | 전각 공백 | ␠,번역 06-164/178 · ␠ / 토큰 81 40 / PC-88 전각 공백 토큰
1146,main,0,DA92~DA93,DA92,DA93,2,88 FA,0x04652 0x04653,0x04652~0x04653,0x04652,0x04653,false,A9 81,2,0,,hangul,908,부,06,165,178,E1C0,175,패치 슬롯 0908 | 한글 문자 | 부,번역 06-165/178 · 부 / 토큰 88 FA / KANJI E1C0 / 가나다순 175
1147,main,0,DA94~DA95,DA94,DA95,2,89 A0,0x04654 0x04655,0x04654~0x04655,0x04654,0x04655,false,49 81,2,0,,hangul,909,정,06,166,178,6420,273,패치 슬롯 0909 | 한글 문자 | 정,번역 06-166/178 · 정 / 토큰 89 A0 / KANJI 6420 / 가나다순 273
1148,main,0,DA96~DA97,DA96,DA97,2,89 E5,0x04656 0x04657,0x04656~0x04657,0x04656,0x04657,false,40 89,2,0,,hangul,910,할,06,167,178,E470,342,패치 슬롯 0910 | 한글 문자 | 할,번역 06-167/178 · 할 / 토큰 89 E5 / KANJI E470 / 가나다순 342
1149,main,0,DA98~DA99,DA98,DA99,2,81 40,0x04658 0x04659,0x04658~0x04659,0x04658,0x04659,false,BD 8E,2,0,,space,911,␠,06,168,178,,,패치 슬롯 0911 | 전각 공백 | ␠,번역 06-168/178 · ␠ / 토큰 81 40 / PC-88 전각 공백 토큰
1150,main,0,DA9A~DA9B,DA9A,DA9B,2,89 54,0x0465A 0x0465B,0x0465A~0x0465B,0x0465A,0x0465B,false,D2 82,2,0,,hangul,912,수,06,169,178,6350,198,패치 슬롯 0912 | 한글 문자 | 수,번역 06-169/178 · 수 / 토큰 89 54 / KANJI 6350 / 가나다순 198
1151,main,0,DA9C~DA9D,DA9C,DA9D,2,81 40,0x0465C 0x0465D,0x0465C~0x0465D,0x0465C,0x0465D,false,E0 82,2,0,,space,913,␠,06,170,178,,,패치 슬롯 0913 | 전각 공백 | ␠,번역 06-170/178 · ␠ / 토큰 81 40 / PC-88 전각 공백 토큰
1152,main,0,DA9E~DA9F,DA9E,DA9F,2,89 6E,0x0465E 0x0465F,0x0465E~0x0465F,0x0465E,0x0465F,false,B1 82,2,0,,hangul,914,없,06,171,178,A2F0,224,패치 슬롯 0914 | 한글 문자 | 없,번역 06-171/178 · 없 / 토큰 89 6E / KANJI A2F0 / 가나다순 224
1153,main,0,DAA0~DAA1,DAA0,DAA1,2,89 6F,0x04660 0x04661,0x04660~0x04661,0x04660,0x04661,false,EA 82,2,0,,hangul,915,었,06,172,178,A300,225,패치 슬롯 0915 | 한글 문자 | 었,번역 06-172/178 · 었 / 토큰 89 6F / KANJI A300 / 가나다순 225
1154,main,0,DAA2~DAA3,DAA2,DAA3,2,82 EE,0x04662 0x04663,0x04662~0x04663,0x04662,0x04663,false,E7 82,2,0,,hangul,916,던,06,173,178,3900,80,패치 슬롯 0916 | 한글 문자 | 던,번역 06-173/178 · 던 / 토큰 82 EE / KANJI 3900 / 가나다순 80
1155,main,0,DAA4~DAA5,DAA4,DAA5,2,81 40,0x04664 0x04665,0x04664~0x04665,0x04664,0x04665,false,CC 43,2,0,,space,917,␠,06,174,178,,,패치 슬롯 0917 | 전각 공백 | ␠,번역 06-174/178 · ␠ / 토큰 81 40 / PC-88 전각 공백 토큰
1156,main,0,DAA6~DAA7,DAA6,DAA7,2,82 AA,0x04666 0x04667,0x04666~0x04667,0x04666,0x04667,false,8B 5E,2,0,,hangul,918,것,06,175,178,18C0,12,패치 슬롯 0918 | 한글 문자 | 것,번역 06-175/178 · 것 / 토큰 82 AA / KANJI 18C0 / 가나다순 12
1157,main,0,DAA8~DAA9,DAA8,DAA9,2,89 8D,0x04668 0x04669,0x04668~0x04669,0x04668,0x04669,false,96 E2,2,0,,hangul,919,이,06,176,178,E2D0,254,패치 슬롯 0919 | 한글 문자 | 이,번역 06-176/178 · 이 / 토큰 89 8D / KANJI E2D0 / 가나다순 254
1158,main,0,DAAA~DAAB,DAAA,DAAB,2,82 E7,0x0466A 0x0466B,0x0466A~0x0466B,0x0466A,0x0466B,false,82 F0,1,0,,hangul,920,다,06,177,178,3890,73,패치 슬롯 0920 | 한글 문자 | 다,번역 06-177/178 · 다 / 토큰 82 E7 / KANJI 3890 / 가나다순 73
1159,main,0,DAAC~DAAD,DAAC,DAAD,2,81 49,0x0466C 0x0466D,0x0466C~0x0466D,0x0466C,0x0466D,false,94 DB,2,0,,punctuation,921,！,06,178,178,,,패치 슬롯 0921 | 문장부호 | ！,번역 06-178/178 · ！ / 토큰 81 49 / PC-88 전각 느낌표 토큰
1160,main,0,DAAE,DAAE,DAAE,1,65,0x0466E,0x0466E,0x0466E,0x0466E,false,92,1,0,,control,,,,,,,,기존확인 제어 / 61~70 계열 CAA8[4] 작업슬롯 비활성화,61~70 계열 CAA8[4] 작업슬롯 비활성화 기존값 재사용; 61h 계열 슬롯 비활성화; KANJI 해당 없음
1161,main,0,DAAF,DAAF,DAAF,1,66,0x0466F,0x0466F,0x0466F,0x0466F,false,E8,1,0,,control,,,,,,,,기존확인 제어 / 61~70 계열 CAA8[5] 작업슬롯 비활성화,61~70 계열 CAA8[5] 작업슬롯 비활성화 기존값 재사용; 61h 계열 슬롯 비활성화; KANJI 해당 없음
1162,main,0,DAB0~DAB2,DAB0,DAB2,3,16 CC E6,0x04670 0x04671 0x04672,0x04670~0x04672,0x04670,0x04672,false,82 B5 93,3,0,,control,,,,,,,,기존확인 제어 / 16h 서브스트림 호출/전환 → E6CC,16h 서브스트림 호출/전환 → E6CC 기존값 재사용; 서브스트림 → E6CC; KANJI 해당 없음
1163,substream,1,E6CC~E6D0,E6CC,E6D0,5,0F 03 11 03 0A,0x052BC 0x052BD 0x052BE 0x052BF 0x052C0,0x052BC~0x052C0,0x052BC,0x052C0,false,0F 03 11 03 0A,0,0,,control,,,,,,,,기존확인 제어 / 0F 계열 5바이트 제어,0F 계열 5바이트 제어토큰 기존값 재사용; KANJI 해당 없음
1164,substream,1,E6D1~E6D6,E6D1,E6D6,6,05 0F 86 41 9E 00,0x052C1 0x052C2 0x052C3 0x052C4 0x052C5 0x052C6,0x052C1~0x052C6,0x052C1,0x052C6,false,05 0F 86 41 9E 00,0,0,,control,,,,,,,,기존확인 제어 / 05 계열 영역 전개/채움,05 계열 영역 전개/채움 기존값 재사용; KANJI 해당 없음
1165,substream,1,E6D7~E6DB,E6D7,E6DB,5,0E 0F 20 32 80,0x052C7 0x052C8 0x052C9 0x052CA 0x052CB,0x052C7~0x052CB,0x052C7,0x052CB,false,0E 0F 20 32 80,0,0,,control,,,,,,,,기존확인 제어 / 0E 계열 표시/버퍼 설정,0E 계열 표시/버퍼 설정 기존값 재사용; KANJI 해당 없음
1166,substream,1,E6DC~E6DE,E6DC,E6DE,3,13 E4 E7,0x052CC 0x052CD 0x052CE,0x052CC~0x052CE,0x052CC,0x052CE,false,13 E4 E7,0,0,,control,,,,,,,,기존확인 제어 / 13h 계열 3바이트 제어,13h 계열 3바이트 제어토큰 기존값 재사용; KANJI 해당 없음
1167,substream,1,E6DF~E6E1,E6DF,E6E1,3,10 0F 22,0x052CF 0x052D0 0x052D1,0x052CF~0x052D1,0x052CF,0x052D1,false,10 0F 22,0,0,,control,,,,,,,,기존확인 제어 / 10h 계열 3바이트 제어,10h 계열 3바이트 제어토큰 기존값 재사용; KANJI 해당 없음
1168,substream,1,E6E2,E6E2,E6E2,1,17,0x052D2,0x052D2,0x052D2,0x052D2,false,17,0,0,,control,,,,,,,,기존확인 제어 / 17h 서브스트림 복귀,17h 서브스트림 복귀 기존값 재사용; 서브스트림 복귀; KANJI 해당 없음
1169,main,0,DAB3~DAB4,DAB3,DAB4,2,82 BD,0x04673 0x04674,0x04673~0x04674,0x04673,0x04674,false,BE 82,2,0,,hangul,922,그,07,1,56,19F0,31,패치 슬롯 0922 | 한글 문자 | 그,번역 07-001/056 · 그 / 토큰 82 BD / KANJI 19F0 / 가나다순 31
1170,main,0,DAB5~DAB6,DAB5,DAB6,2,88 BC,0x04675 0x04676,0x04675~0x04676,0x04675,0x04676,false,C8 82,2,0,,hangul,923,런,07,2,56,61E0,113,패치 슬롯 0923 | 한글 문자 | 런,번역 07-002/056 · 런 / 토큰 88 BC / KANJI 61E0 / 가나다순 113
1171,main,0,DAB7~DAB8,DAB7,DAB8,2,82 F0,0x04677 0x04678,0x04677~0x04678,0x04677,0x04678,false,A9 82,2,0,,hangul,924,데,07,3,56,3920,82,패치 슬롯 0924 | 한글 문자 | 데,번역 07-003/056 · 데 / 토큰 82 F0 / KANJI 3920 / 가나다순 82
1172,main,0,DAB9~DABA,DAB9,DABA,2,82 F1,0x04679 0x0467A,0x04679~0x0467A,0x04679,0x0467A,false,C1 82,2,0,,hangul,925,도,07,4,56,3930,83,패치 슬롯 0925 | 한글 문자 | 도,번역 07-004/056 · 도 / 토큰 82 F1 / KANJI 3930 / 가나다순 83
1173,main,0,DABB~DABC,DABB,DABC,2,01 01,0x0467B 0x0467C,0x0467B~0x0467C,0x0467B,0x0467C,false,BD 82,2,0,,control,,,,,,,,기존확인 제어 / 01h 계열 하위 제어 래퍼/하위코드 01,01h 계열 하위 제어 래퍼 / 하위코드 01 기존값 재사용; KANJI 해당 없음
1174,main,0,DABD~DABE,DABD,DABE,2,81 40,0x0467D 0x0467E,0x0467D~0x0467E,0x0467D,0x0467E,false,CC 82,2,0,,space,926,␠,07,5,56,,,패치 슬롯 0926 | 전각 공백 | ␠,번역 07-005/056 · ␠ / 토큰 81 40 / PC-88 전각 공백 토큰
1175,main,0,DABF~DAC0,DABF,DAC0,2,82 DD,0x0467F 0x04680,0x0467F~0x04680,0x0467F,0x04680,false,BE 81,2,0,,hangul,927,놈,07,6,56,29F0,63,패치 슬롯 0927 | 한글 문자 | 놈,번역 07-006/056 · 놈 / 토큰 82 DD / KANJI 29F0 / 가나다순 63
1176,main,0,DAC1~DAC2,DAC1,DAC2,2,88 AA,0x04681 0x04682,0x04681~0x04682,0x04681,0x04682,false,49 65,2,0,,hangul,928,들,07,7,56,60C0,95,패치 슬롯 0928 | 한글 문자 | 들,번역 07-007/056 · 들 / 토큰 88 AA / KANJI 60C0 / 가나다순 95
1177,main,0,DAC3~DAC4,DAC3,DAC4,2,89 89,0x04683 0x04684,0x04683~0x04684,0x04683,0x04684,false,66 16,2,0,,hangul,929,은,07,8,56,E290,250,패치 슬롯 0929 | 한글 문자 | 은,번역 07-008/056 · 은 / 토큰 89 89 / KANJI E290 / 가나다순 250
1178,main,0,DAC5~DAC6,DAC5,DAC6,2,81 40,0x04685 0x04686,0x04685~0x04686,0x04685,0x04686,false,CC E6,2,0,,space,930,␠,07,9,56,,,패치 슬롯 0930 | 전각 공백 | ␠,번역 07-009/056 · ␠ / 토큰 81 40 / PC-88 전각 공백 토큰
1179,main,0,DAC7~DAC8,DAC7,DAC8,2,88 EA,0x04687 0x04688,0x04687~0x04688,0x04687,0x04688,false,82 A0,2,0,,hangul,931,반,07,10,56,E0C0,159,패치 슬롯 0931 | 한글 문자 | 반,번역 07-010/056 · 반 / 토큰 88 EA / KANJI E0C0 / 가나다순 159
1180,main,0,DAC9~DACA,DAC9,DACA,2,88 B7,0x04689 0x0468A,0x04689~0x0468A,0x04689,0x0468A,false,82 A0,2,0,,hangul,932,란,07,11,56,6190,108,패치 슬롯 0932 | 한글 문자 | 란,번역 07-011/056 · 란 / 토큰 88 B7 / KANJI 6190 / 가나다순 108
1181,main,0,DACB~DACC,DACB,DACC,2,89 8D,0x0468B 0x0468C,0x0468B~0x0468C,0x0468B,0x0468C,false,81 41,2,0,,hangul,933,이,07,12,56,E2D0,254,패치 슬롯 0933 | 한글 문자 | 이,번역 07-012/056 · 이 / 토큰 89 8D / KANJI E2D0 / 가나다순 254
1182,main,0,DACD~DACE,DACD,DACE,2,81 40,0x0468D 0x0468E,0x0468D~0x0468E,0x0468D,0x0468E,false,82 BB,2,0,,space,934,␠,07,13,56,,,패치 슬롯 0934 | 전각 공백 | ␠,번역 07-013/056 · ␠ / 토큰 81 40 / PC-88 전각 공백 토큰
1183,main,0,DACF~DAD0,DACF,DAD0,2,89 5C,0x0468F 0x04690,0x0468F~0x04690,0x0468F,0x04690,false,82 EA,2,0,,hangul,935,실,07,14,56,63D0,206,패치 슬롯 0935 | 한글 문자 | 실,번역 07-014/056 · 실 / 토큰 89 5C / KANJI 63D0 / 가나다순 206
1184,main,0,DAD1~DAD2,DAD1,DAD2,2,89 DA,0x04691 0x04692,0x04691~0x04692,0x04691,0x04692,false,82 BE,2,0,,hangul,936,패,07,15,56,A5C0,331,패치 슬롯 0936 | 한글 문자 | 패,번역 07-015/056 · 패 / 토큰 89 DA / KANJI A5C0 / 가나다순 331
1185,main,0,DAD3~DAD4,DAD3,DAD4,2,89 E2,0x04693 0x04694,0x04693~0x04694,0x04693,0x04694,false,82 CC,2,0,,hangul,937,하,07,16,56,E440,339,패치 슬롯 0937 | 한글 문자 | 하,번역 07-016/056 · 하 / 토큰 89 E2 / KANJI E440 / 가나다순 339
1186,main,0,DAD5~DAD6,DAD5,DAD6,2,82 B1,0x04695 0x04696,0x04695~0x04696,0x04695,0x04696,false,82 C9,1,0,,hangul,938,고,07,17,56,1930,19,패치 슬롯 0938 | 한글 문자 | 고,번역 07-017/056 · 고 / 토큰 82 B1 / KANJI 1930 / 가나다순 19
1187,main,0,DAD7~DAD8,DAD7,DAD8,2,81 40,0x04697 0x04698,0x04697~0x04698,0x04697,0x04698,false,01 01,2,0,,space,939,␠,07,18,56,,,패치 슬롯 0939 | 전각 공백 | ␠,번역 07-018/056 · ␠ / 토큰 81 40 / PC-88 전각 공백 토큰
1188,main,0,DAD9~DADA,DAD9,DADA,2,89 93,0x04699 0x0469A,0x04699~0x0469A,0x04699,0x0469A,false,81 41,2,0,,hangul,940,자,07,19,56,E330,260,패치 슬롯 0940 | 한글 문자 | 자,번역 07-019/056 · 자 / 토큰 89 93 / KANJI E330 / 가나다순 260
1189,main,0,DADB~DADC,DADB,DADC,2,89 5B,0x0469B 0x0469C,0x0469B~0x0469C,0x0469B,0x0469C,false,93 7A,2,0,,hangul,941,신,07,20,56,63C0,205,패치 슬롯 0941 | 한글 문자 | 신,번역 07-020/056 · 신 / 토큰 89 5B / KANJI 63C0 / 가나다순 205
1190,main,0,DADD~DADE,DADD,DADE,2,88 AA,0x0469D 0x0469E,0x0469D~0x0469E,0x0469D,0x0469E,false,82 E7,2,0,,hangul,942,들,07,21,56,60C0,95,패치 슬롯 0942 | 한글 문자 | 들,번역 07-021/056 · 들 / 토큰 88 AA / KANJI 60C0 / 가나다순 95
1191,main,0,DADF~DAE0,DADF,DAE0,2,89 8C,0x0469F 0x046A0,0x0469F~0x046A0,0x0469F,0x046A0,false,82 CD,2,0,,hangul,943,의,07,22,56,E2C0,253,패치 슬롯 0943 | 한글 문자 | 의,번역 07-022/056 · 의 / 토큰 89 8C / KANJI E2C0 / 가나다순 253
1192,main,0,DAE1~DAE2,DAE1,DAE2,2,81 40,0x046A1 0x046A2,0x046A1~0x046A2,0x046A1,0x046A2,false,81 41,1,0,,space,944,␠,07,23,56,,,패치 슬롯 0944 | 전각 공백 | ␠,번역 07-023/056 · ␠ / 토큰 81 40 / PC-88 전각 공백 토큰
1193,main,0,DAE3~DAE4,DAE3,DAE4,2,89 AB,0x046A3 0x046A4,0x046A3~0x046A4,0x046A3,0x046A4,false,89 E4,1,0,,hangul,945,죽,07,24,56,64D0,284,패치 슬롯 0945 | 한글 문자 | 죽,번역 07-024/056 · 죽 / 토큰 89 AB / KANJI 64D0 / 가나다순 284
1194,main,0,DAE5~DAE6,DAE5,DAE6,2,89 8B,0x046A5 0x046A6,0x046A5~0x046A6,0x046A5,0x046A6,false,82 E7,2,0,,hangul,946,음,07,25,56,E2B0,252,패치 슬롯 0946 | 한글 문자 | 음,번역 07-025/056 · 음 / 토큰 89 8B / KANJI E2B0 / 가나다순 252
1195,main,0,DAE7~DAE8,DAE7,DAE8,2,89 8D,0x046A7 0x046A8,0x046A7~0x046A8,0x046A7,0x046A8,false,82 D6,2,0,,hangul,947,이,07,26,56,E2D0,254,패치 슬롯 0947 | 한글 문자 | 이,번역 07-026/056 · 이 / 토큰 89 8D / KANJI E2D0 / 가나다순 254
1196,main,0,DAE9~DAEA,DAE9,DAEA,2,81 40,0x046A9 0x046AA,0x046A9~0x046AA,0x046A9,0x046AA,false,82 CC,2,0,,space,948,␠,07,27,56,,,패치 슬롯 0948 | 전각 공백 | ␠,번역 07-027/056 · ␠ / 토큰 81 40 / PC-88 전각 공백 토큰
1197,main,0,DAEB~DAEC,DAEB,DAEC,2,89 F2,0x046AB 0x046AC,0x046AB~0x046AC,0x046AB,0x046AC,false,94 BD,2,0,,hangul,949,확,07,28,56,E540,355,패치 슬롯 0949 | 한글 문자 | 확,번역 07-028/056 · 확 / 토큰 89 F2 / KANJI E540 / 가나다순 355
1198,main,0,DAED~DAEE,DAED,DAEE,2,89 5C,0x046AD 0x046AE,0x046AD~0x046AE,0x046AD,0x046AE,false,8B 74,2,0,,hangul,950,실,07,29,56,63D0,206,패치 슬롯 0950 | 한글 문자 | 실,번역 07-029/056 · 실 / 토큰 89 5C / KANJI 63D0 / 가나다순 206
1199,main,0,DAEF~DAF0,DAEF,DAF0,2,89 E8,0x046AF 0x046B0,0x046AF~0x046B0,0x046AF,0x046B0,false,82 AA,2,0,,hangul,951,해,07,30,56,E4A0,345,패치 슬롯 0951 | 한글 문자 | 해,번역 07-030/056 · 해 / 토큰 89 E8 / KANJI E4A0 / 가나다순 345
1200,main,0,DAF1~DAF2,DAF1,DAF2,2,89 B3,0x046B1 0x046B2,0x046B1~0x046B2,0x046B1,0x046B2,false,8E B8,2,0,,hangul,952,지,07,31,56,6550,292,패치 슬롯 0952 | 한글 문자 | 지,번역 07-031/056 · 지 / 토큰 89 B3 / KANJI 6550 / 가나다순 292
1201,main,0,DAF3~DAF4,DAF3,DAF4,2,89 93,0x046B3 0x046B4,0x046B3~0x046B4,0x046B3,0x046B4,false,94 73,2,0,,hangul,953,자,07,32,56,E330,260,패치 슬롯 0953 | 한글 문자 | 자,번역 07-032/056 · 자 / 토큰 89 93 / KANJI E330 / 가나다순 260
1202,main,0,DAF5~DAF6,DAF5,DAF6,2,81 41,0x046B5 0x046B6,0x046B5~0x046B6,0x046B5,0x046B6,false,82 B5,2,0,,punctuation,954,、,07,33,56,,,패치 슬롯 0954 | 문장부호 | 、,번역 07-033/056 · 、 / 토큰 81 41 / PC-88 전각 쉼표 토큰
1203,main,0,DAF7~DAF8,DAF7,DAF8,2,82 B5,0x046B7 0x046B8,0x046B7~0x046B8,0x046B7,0x046B8,false,81 41,2,0,,hangul,955,광,07,34,56,1970,23,패치 슬롯 0955 | 한글 문자 | 광,번역 07-034/056 · 광 / 토큰 82 B5 / KANJI 1970 / 가나다순 23
1204,main,0,DAF9~DAFA,DAF9,DAFA,2,82 C1,0x046B9 0x046BA,0x046B9~0x046BA,0x046B9,0x046BA,false,8C C8,2,0,,hangul,956,기,07,35,56,2830,35,패치 슬롯 0956 | 한글 문자 | 기,번역 07-035/056 · 기 / 토큰 82 C1 / KANJI 2830 / 가나다순 35
1205,main,0,DAFB~DAFC,DAFB,DAFC,2,89 70,0x046BB 0x046BC,0x046BB~0x046BC,0x046BB,0x046BC,false,82 EA,2,0,,hangul,957,에,07,36,56,A310,226,패치 슬롯 0957 | 한글 문자 | 에,번역 07-036/056 · 에 / 토큰 89 70 / KANJI A310 / 가나다순 226
1206,main,0,DAFD~DAFE,DAFD,DAFE,2,81 40,0x046BD 0x046BE,0x046BD~0x046BE,0x046BD,0x046BE,false,82 CC,2,0,,space,958,␠,07,37,56,,,패치 슬롯 0958 | 전각 공백 | ␠,번역 07-037/056 · ␠ / 토큰 81 40 / PC-88 전각 공백 토큰
1207,main,0,DAFF~DB00,DAFF,DB00,2,89 43,0x046BF 0x046C0,0x046BF~0x046C0,0x046BF,0x046C0,false,8E 80,2,0,,hangul,959,사,07,38,56,6240,181,패치 슬롯 0959 | 한글 문자 | 사,번역 07-038/056 · 사 / 토큰 89 43 / KANJI 6240 / 가나다순 181
1208,main,0,DB01~DB02,DB01,DB02,2,88 C5,0x046C1 0x046C2,0x046C1~0x046C2,0x046C1,0x046C2,false,82 AA,2,0,,hangul,960,로,07,39,56,A070,122,패치 슬롯 0960 | 한글 문자 | 로,번역 07-039/056 · 로 / 토큰 88 C5 / KANJI A070 / 가나다순 122
1209,main,0,DB03~DB04,DB03,DB04,2,89 98,0x046C3 0x046C4,0x046C3~0x046C4,0x046C3,0x046C4,false,8A 6D,2,0,,hangul,961,잡,07,40,56,E380,265,패치 슬롯 0961 | 한글 문자 | 잡,번역 07-040/056 · 잡 / 토큰 89 98 / KANJI E380 / 가나다순 265
1210,main,0,DB05~DB06,DB05,DB06,2,89 EB,0x046C5 0x046C6,0x046C5~0x046C6,0x046C5,0x046C6,false,8E C0,2,0,,hangul,962,혀,07,41,56,E4D0,348,패치 슬롯 0962 | 한글 문자 | 혀,번역 07-041/056 · 혀 / 토큰 89 EB / KANJI E4D0 / 가나다순 348
1211,main,0,DB07~DB08,DB07,DB08,2,01 02,0x046C7 0x046C8,0x046C7~0x046C8,0x046C7,0x046C8,false,82 C9,2,0,,control,,,,,,,,기존확인 제어 / 01h 계열 하위 제어 래퍼/하위코드 02,01h 계열 하위 제어 래퍼 / 하위코드 02 기존값 재사용; KANJI 해당 없음
1212,main,0,DB09~DB0A,DB09,DB0A,2,81 40,0x046C9 0x046CA,0x046C9~0x046CA,0x046C9,0x046CA,false,82 C8,2,0,,space,963,␠,07,42,56,,,패치 슬롯 0963 | 전각 공백 | ␠,번역 07-042/056 · ␠ / 토큰 81 40 / PC-88 전각 공백 토큰
1213,main,0,DB0B~DB0C,DB0B,DB0C,2,82 BF,0x046CB 0x046CC,0x046CB~0x046CC,0x046CB,0x046CC,false,82 E9,1,0,,hangul,964,금,07,43,56,2810,33,패치 슬롯 0964 | 한글 문자 | 금,번역 07-043/056 · 금 / 토큰 82 BF / KANJI 2810 / 가나다순 33
1214,main,0,DB0D~DB0E,DB0D,DB0E,2,82 E9,0x046CD 0x046CE,0x046CD~0x046CE,0x046CD,0x046CE,false,82 C6,1,0,,hangul,965,단,07,44,56,38B0,75,패치 슬롯 0965 | 한글 문자 | 단,번역 07-044/056 · 단 / 토큰 82 E9 / KANJI 38B0 / 가나다순 75
1215,main,0,DB0F~DB10,DB0F,DB10,2,89 8C,0x046CF 0x046D0,0x046CF~0x046D0,0x046CF,0x046D0,false,81 41,2,0,,hangul,966,의,07,45,56,E2C0,253,패치 슬롯 0966 | 한글 문자 | 의,번역 07-045/056 · 의 / 토큰 89 8C / KANJI E2C0 / 가나다순 253
1216,main,0,DB11~DB12,DB11,DB12,2,81 40,0x046D1 0x046D2,0x046D1~0x046D2,0x046D1,0x046D2,false,89 BD,2,0,,space,967,␠,07,46,56,,,패치 슬롯 0967 | 전각 공백 | ␠,번역 07-046/056 · ␠ / 토큰 81 40 / PC-88 전각 공백 토큰
1217,main,0,DB13~DB14,DB13,DB14,2,88 E4,0x046D3 0x046D4,0x046D3~0x046D4,0x046D3,0x046D4,false,82 F0,2,0,,hangul,968,문,07,47,56,E060,153,패치 슬롯 0968 | 한글 문자 | 문,번역 07-047/056 · 문 / 토큰 88 E4 / KANJI E060 / 가나다순 153
1218,main,0,DB15~DB16,DB15,DB16,2,89 8A,0x046D5 0x046D6,0x046D5~0x046D6,0x046D5,0x046D6,false,8C 8C,2,0,,hangul,969,을,07,48,56,E2A0,251,패치 슬롯 0969 | 한글 문자 | 을,번역 07-048/056 · 을 / 토큰 89 8A / KANJI E2A0 / 가나다순 251
1219,main,0,DB17~DB18,DB17,DB18,2,81 40,0x046D7 0x046D8,0x046D7~0x046D8,0x046D7,0x046D8,false,96 C0,2,0,,space,970,␠,07,49,56,,,패치 슬롯 0970 | 전각 공백 | ␠,번역 07-049/056 · ␠ / 토큰 81 40 / PC-88 전각 공백 토큰
1220,main,0,DB19~DB1A,DB19,DB1A,2,89 74,0x046D9 0x046DA,0x046D9~0x046DA,0x046D9,0x046DA,false,82 A4,2,0,,hangul,971,열,07,50,56,A350,230,패치 슬롯 0971 | 한글 문자 | 열,번역 07-050/056 · 열 / 토큰 89 74 / KANJI A350 / 가나다순 230
1221,main,0,DB1B~DB1C,DB1B,DB1C,2,89 6C,0x046DB 0x046DC,0x046DB~0x046DC,0x046DB,0x046DC,false,82 BD,2,0,,hangul,972,어,07,51,56,A2D0,222,패치 슬롯 0972 | 한글 문자 | 어,번역 07-051/056 · 어 / 토큰 89 6C / KANJI A2D0 / 가나다순 222
1222,main,0,DB1D~DB1E,DB1D,DB1E,2,88 F0,0x046DD 0x046DE,0x046DD~0x046DE,0x046DD,0x046DE,false,82 A9,2,0,,hangul,973,버,07,52,56,E120,165,패치 슬롯 0973 | 한글 문자 | 버,번역 07-052/056 · 버 / 토큰 88 F0 / KANJI E120 / 가나다순 165
1223,main,0,DB1F~DB20,DB1F,DB20,2,88 C2,0x046DF 0x046E0,0x046DF~0x046E0,0x046DF,0x046E0,false,81 41,2,0,,hangul,974,렸,07,53,56,A040,119,패치 슬롯 0974 | 한글 문자 | 렸,번역 07-053/056 · 렸 / 토큰 88 C2 / KANJI A040 / 가나다순 119
1224,main,0,DB21~DB22,DB21,DB22,2,82 E7,0x046E1 0x046E2,0x046E1~0x046E2,0x046E1,0x046E2,false,01 02,2,0,,hangul,975,다,07,54,56,3890,73,패치 슬롯 0975 | 한글 문자 | 다,번역 07-054/056 · 다 / 토큰 82 E7 / KANJI 3890 / 가나다순 73
1225,main,0,DB23~DB24,DB23,DB24,2,81 49,0x046E3 0x046E4,0x046E3~0x046E4,0x046E3,0x046E4,false,95 95,2,0,,punctuation,976,！,07,55,56,,,패치 슬롯 0976 | 문장부호 | ！,번역 07-055/056 · ！ / 토큰 81 49 / PC-88 전각 느낌표 토큰
1226,main,0,DB25~DB26,DB25,DB26,2,81 40,0x046E5 0x046E6,0x046E5~0x046E6,0x046E5,0x046E6,false,88 F3,2,0,,space,977,␠,07,56,56,,,패치 슬롯 0977 | 전각 공백 | ␠,번역 07-056/056 · ␠ / 토큰 81 40 / PC-88 전각 공백 토큰
1227,main,0,DB27~DB29,DB27,DB29,3,16 E3 E6,0x046E7 0x046E8 0x046E9,0x046E7~0x046E9,0x046E7,0x046E9,false,82 F0 81,3,0,,control,,,,,,,,기존확인 제어 / 16h 서브스트림 호출/전환 → E6E3,16h 서브스트림 호출/전환 → E6E3 기존값 재사용; 서브스트림 → E6E3; KANJI 해당 없음
1228,substream,1,E6E3~E6E7,E6E3,E6E7,5,0F 03 17 03 03,0x052D3 0x052D4 0x052D5 0x052D6 0x052D7,0x052D3~0x052D7,0x052D3,0x052D7,false,0F 03 17 03 03,0,0,,control,,,,,,,,기존확인 제어 / 0F 계열 5바이트 제어,0F 계열 5바이트 제어 기존값 재사용; KANJI 해당 없음
1229,substream,1,E6E8~E6EA,E6E8,E6EA,3,16 95 E7,0x052D8 0x052D9 0x052DA,0x052D8~0x052DA,0x052D8,0x052DA,false,16 95 E7,0,0,,control,,,,,,,,기존확인 제어 / 16h 하위 서브스트림 호출/전환 → E795,16h 하위 서브스트림 호출/전환 → E795 기존값 재사용; 서브스트림 → E795; KANJI 해당 없음
1230,substream,2,E795~E797,E795,E797,3,1E 3C 08,0x05385 0x05386 0x05387,0x05385~0x05387,0x05385,0x05387,false,1E 3C 08,0,3,11,control,,,,,,,,기존확인 제어 / 1E 간접 CALL/083C→0F12 계열,1E 간접 CALL / 083C→0F12 계열 기존값 재사용; KANJI 해당 없음
1231,substream,2,E798~E79D,E798,E79D,6,05 16 86 3A 9E 00,0x05388 0x05389 0x0538A 0x0538B 0x0538C 0x0538D,0x05388~0x0538D,0x05388,0x0538D,false,05 16 86 3A 9E 00,0,6,12,control,,,,,,,,기존확인 제어 / 05 계열 영역 전개/채움,05 계열 영역 전개/채움 기존값 재사용; KANJI 해당 없음
1232,substream,2,E79E~E7A2,E79E,E7A2,5,0E 16 20 24 80,0x0538E 0x0538F 0x05390 0x05391 0x05392,0x0538E~0x05392,0x0538E,0x05392,false,0E 16 20 24 80,0,5,13,control,,,,,,,,기존확인 제어 / 0E 계열 표시/버퍼 설정,0E 계열 표시/버퍼 설정 기존값 재사용; KANJI 해당 없음
1233,substream,2,E7A3,E7A3,E7A3,1,17,0x05393,0x05393,0x05393,0x05393,false,17,0,1,14,control,,,,,,,,기존확인 제어 / 17h 하위 서브스트림 복귀,17h 하위 서브스트림 복귀 기존값 재사용; 서브스트림 복귀; KANJI 해당 없음
1234,substream,1,E6EB~E6ED,E6EB,E6ED,3,1E 0C E6,0x052DB 0x052DC 0x052DD,0x052DB~0x052DD,0x052DB,0x052DD,false,1E 0C E6,0,0,,control,,,,,,,,기존확인 제어 / 1E 간접 CALL형 3바이트 제어/E60C 계열,1E 간접 CALL형 3바이트 제어 / E60C 계열 기존값 재사용; KANJI 해당 없음
1235,substream,1,E6EE~E6F0,E6EE,E6F0,3,13 14 E8,0x052DE 0x052DF 0x052E0,0x052DE~0x052E0,0x052DE,0x052E0,false,13 14 E8,0,0,,control,,,,,,,,기존확인 제어 / 13h 계열 3바이트 제어,13h 계열 3바이트 제어 기존값 재사용; KANJI 해당 없음
1236,substream,1,E6F1~E6F3,E6F1,E6F3,3,10 3A 00,0x052E1 0x052E2 0x052E3,0x052E1~0x052E3,0x052E1,0x052E3,false,10 3A 00,0,0,,control,,,,,,,,기존확인 제어 / 10h 계열 3바이트 제어,10h 계열 3바이트 제어 기존값 재사용; KANJI 해당 없음
1237,substream,1,E6F4~E6F7,E6F4,E6F7,4,04 10 E9 41,0x052E4 0x052E5 0x052E6 0x052E7,0x052E4~0x052E7,0x052E4,0x052E7,false,04 10 E9 41,0,0,,control,,,,,,,,기존확인 제어 / 04h CAA8 슬롯 포인터 설정,04h CAA8 슬롯 포인터 설정 기존값 재사용; KANJI 해당 없음
1238,substream,1,E6F8~E6FB,E6F8,E6FB,4,04 1A E9 42,0x052E8 0x052E9 0x052EA 0x052EB,0x052E8~0x052EB,0x052E8,0x052EB,false,04 1A E9 42,0,0,,control,,,,,,,,기존확인 제어 / 04h CAA8 슬롯 포인터 설정,04h CAA8 슬롯 포인터 설정 기존값 재사용; KANJI 해당 없음
1239,substream,1,E6FC~E6FD,E6FC,E6FD,2,06 12,0x052EC 0x052ED,0x052EC~0x052ED,0x052EC,0x052ED,false,06 12,0,0,,control,,,,,,,,기존확인 제어 / 06h 계열 상태 설정,06h 계열 상태 설정 기존값 재사용; KANJI 해당 없음
1240,substream,1,E6FE,E6FE,E6FE,1,17,0x052EE,0x052EE,0x052EE,0x052EE,false,17,0,0,,control,,,,,,,,기존확인 제어 / 17h 서브스트림 복귀,17h 서브스트림 복귀 기존값 재사용; 서브스트림 복귀; KANJI 해당 없음
1241,main,0,DB2A,DB2A,DB2A,1,41,0x046EA,0x046EA,0x046EA,0x046EA,false,41,0,0,,control,,,,,,,,기존확인 제어 / 41~50 계열 CAA8[0] 슬롯 실행,41~50 계열 CAA8[0] 슬롯 실행 기존값 재사용; 41~50 계열 슬롯 실행; KANJI 해당 없음
1242,main,0,DB2B~DB2C,DB2B,DB2C,2,88 DA,0x046EB 0x046EC,0x046EB~0x046EC,0x046EB,0x046EC,false,8B D6,2,0,,hangul,978,메,08,1,28,A1C0,143,패치 슬롯 0978 | 한글 문자 | 메,번역 08-001/028 · 메 / 토큰 88 DA / KANJI A1C0 / 가나다순 143
1243,main,0,DB2D~DB2E,DB2D,DB2E,2,82 9F,0x046ED 0x046EE,0x046ED~0x046EE,0x046ED,0x046EE,false,92 66,2,0,,hangul,979,가,08,2,28,1810,1,패치 슬롯 0979 | 한글 문자 | 가,번역 08-002/028 · 가 / 토큰 82 9F / KANJI 1810 / 가나다순 1
1244,main,0,DB2F~DB30,DB2F,DB30,2,89 56,0x046EF 0x046F0,0x046EF~0x046F0,0x046EF,0x046F0,false,82 CC,2,0,,hangul,980,스,08,3,28,6370,200,패치 슬롯 0980 | 한글 문자 | 스,번역 08-003/028 · 스 / 토큰 89 56 / KANJI 6370 / 가나다순 200
1245,main,0,DB31~DB32,DB31,DB32,2,82 9F,0x046F1 0x046F2,0x046F1~0x046F2,0x046F1,0x046F2,false,94 E0,2,0,,hangul,981,가,08,4,28,1810,1,패치 슬롯 0981 | 한글 문자 | 가,번역 08-004/028 · 가 / 토큰 82 9F / KANJI 1810 / 가나다순 1
1246,main,0,DB33~DB34,DB33,DB34,2,81 40,0x046F3 0x046F4,0x046F3~0x046F4,0x046F3,0x046F4,false,82 F0,2,0,,space,982,␠,08,5,28,,,패치 슬롯 0982 | 전각 공백 | ␠,번역 08-005/028 · ␠ / 토큰 81 40 / PC-88 전각 공백 토큰
1247,main,0,DB35~DB36,DB35,DB36,2,88 FA,0x046F5 0x046F6,0x046F5~0x046F6,0x046F5,0x046F6,false,8A 4A,2,0,,hangul,983,부,08,6,28,E1C0,175,패치 슬롯 0983 | 한글 문자 | 부,번역 08-006/028 · 부 / 토큰 88 FA / KANJI E1C0 / 가나다순 175
1248,main,0,DB37~DB38,DB37,DB38,2,89 F3,0x046F7 0x046F8,0x046F7~0x046F8,0x046F7,0x046F8,false,82 AF,2,0,,hangul,984,활,08,7,28,E550,356,패치 슬롯 0984 | 한글 문자 | 활,번역 08-007/028 · 활 / 토큰 89 F3 / KANJI E550 / 가나다순 356
1249,main,0,DB39~DB3A,DB39,DB3A,2,89 E9,0x046F9 0x046FA,0x046F9~0x046FA,0x046F9,0x046FA,false,82 C4,2,0,,hangul,985,했,08,8,28,E4B0,346,패치 슬롯 0985 | 한글 문자 | 했,번역 08-008/028 · 했 / 토큰 89 E9 / KANJI E4B0 / 가나다순 346
1250,main,0,DB3B~DB3C,DB3B,DB3C,2,82 E7,0x046FB 0x046FC,0x046FB~0x046FC,0x046FB,0x046FC,false,82 B5,1,0,,hangul,986,다,08,9,28,3890,73,패치 슬롯 0986 | 한글 문자 | 다,번역 08-009/028 · 다 / 토큰 82 E7 / KANJI 3890 / 가나다순 73
1251,main,0,DB3D~DB3E,DB3D,DB3E,2,81 42,0x046FD 0x046FE,0x046FD~0x046FE,0x046FD,0x046FE,false,82 DC,2,0,,punctuation,987,。,08,10,28,,,패치 슬롯 0987 | 문장부호 | 。,번역 08-010/028 · 。 / 토큰 81 42 / PC-88 전각 마침표 토큰
1252,main,0,DB3F~DB40,DB3F,DB40,2,22 0C,0x046FF 0x04700,0x046FF~0x04700,0x046FF,0x04700,false,82 C1,2,0,,control,,,,,,,,기존확인 제어 / 22h A420 직접 호출형 2바이트 제어,22h A420 직접 호출형 2바이트 제어토큰 기존값 재사용; KANJI 해당 없음
1253,main,0,DB41,DB41,DB41,1,42,0x04701,0x04701,0x04701,0x04701,false,82,1,0,,control,,,,,,,,기존확인 제어 / 41~50 계열 CAA8[1] 슬롯 실행,41~50 계열 CAA8[1] 슬롯 실행 기존값 재사용; 41~50 계열 슬롯 실행; KANJI 해당 없음
1254,main,0,DB42~DB43,DB42,DB43,2,88 DA,0x04702 0x04703,0x04702~0x04703,0x04702,0x04703,false,BD 82,2,0,,hangul,988,메,08,11,28,A1C0,143,패치 슬롯 0988 | 한글 문자 | 메,번역 08-011/028 · 메 / 토큰 88 DA / KANJI A1C0 / 가나다순 143
1255,main,0,DB44~DB45,DB44,DB45,2,82 9F,0x04704 0x04705,0x04704~0x04705,0x04704,0x04705,false,CC 82,2,0,,hangul,989,가,08,12,28,1810,1,패치 슬롯 0989 | 한글 문자 | 가,번역 08-012/028 · 가 / 토큰 82 9F / KANJI 1810 / 가나다순 1
1256,main,0,DB46~DB47,DB46,DB47,2,89 56,0x04706 0x04707,0x04706~0x04707,0x04706,0x04707,false,BE 81,2,0,,hangul,990,스,08,13,28,6370,200,패치 슬롯 0990 | 한글 문자 | 스,번역 08-013/028 · 스 / 토큰 89 56 / KANJI 6370 / 가나다순 200
1257,main,0,DB48~DB49,DB48,DB49,2,89 8C,0x04708 0x04709,0x04708~0x04709,0x04708,0x04709,false,49 16,2,0,,hangul,991,의,08,14,28,E2C0,253,패치 슬롯 0991 | 한글 문자 | 의,번역 08-014/028 · 의 / 토큰 89 8C / KANJI E2C0 / 가나다순 253
1258,main,0,DB4A~DB4B,DB4A,DB4B,2,81 40,0x0470A 0x0470B,0x0470A~0x0470B,0x0470A,0x0470B,false,E3 E6,2,0,,space,992,␠,08,15,28,,,패치 슬롯 0992 | 전각 공백 | ␠,번역 08-015/028 · ␠ / 토큰 81 40 / PC-88 전각 공백 토큰
1259,main,0,DB4C~DB4D,DB4C,DB4D,2,89 9D,0x0470C 0x0470D,0x0470C~0x0470D,0x0470C,0x0470D,false,41 83,2,0,,hangul,993,전,08,16,28,E3D0,270,패치 슬롯 0993 | 한글 문자 | 전,번역 08-016/028 · 전 / 토큰 89 9D / KANJI E3D0 / 가나다순 270
1260,main,0,DB4E~DB4F,DB4E,DB4F,2,89 4C,0x0470E 0x0470F,0x0470E~0x0470F,0x0470E,0x0470F,false,81 83,2,0,,hangul,994,설,08,17,28,62D0,190,패치 슬롯 0994 | 한글 문자 | 설,번역 08-017/028 · 설 / 토큰 89 4C / KANJI 62D0 / 가나다순 190
1261,main,0,DB50~DB51,DB50,DB51,2,89 8D,0x04710 0x04711,0x04710~0x04711,0x04710,0x04711,false,4B 83,2,0,,hangul,995,이,08,18,28,E2D0,254,패치 슬롯 0995 | 한글 문자 | 이,번역 08-018/028 · 이 / 토큰 89 8D / KANJI E2D0 / 가나다순 254
1262,main,0,DB52~DB53,DB52,DB53,2,89 EC,0x04712 0x04713,0x04712~0x04713,0x04712,0x04713,false,58 82,2,0,,hangul,996,현,08,19,28,E4E0,349,패치 슬롯 0996 | 한글 문자 | 현,번역 08-019/028 · 현 / 토큰 89 EC / KANJI E4E0 / 가나다순 349
1263,main,0,DB54~DB55,DB54,DB55,2,89 5C,0x04714 0x04715,0x04714~0x04715,0x04714,0x04715,false,CD 91,2,0,,hangul,997,실,08,20,28,63D0,206,패치 슬롯 0997 | 한글 문자 | 실,번역 08-020/028 · 실 / 토큰 89 5C / KANJI 63D0 / 가나다순 206
1264,main,0,DB56~DB57,DB56,DB57,2,89 8D,0x04716 0x04717,0x04716~0x04717,0x04716,0x04717,false,68 82,2,0,,hangul,998,이,08,21,28,E2D0,254,패치 슬롯 0998 | 한글 문자 | 이,번역 08-021/028 · 이 / 토큰 89 8D / KANJI E2D0 / 가나다순 254
1265,main,0,DB58~DB59,DB58,DB59,2,81 40,0x04718 0x04719,0x04718~0x04719,0x04718,0x04719,false,C1 82,2,0,,space,999,␠,08,22,28,,,패치 슬롯 0999 | 전각 공백 | ␠,번역 08-022/028 · ␠ / 토큰 81 40 / PC-88 전각 공백 토큰
1266,main,0,DB5A~DB5B,DB5A,DB5B,2,88 A3,0x0471A 0x0471B,0x0471A~0x0471B,0x0471A,0x0471B,false,BD 81,2,0,,hangul,1000,된,08,23,28,6050,88,패치 슬롯 1000 | 한글 문자 | 된,번역 08-023/028 · 된 / 토큰 88 A3 / KANJI 6050 / 가나다순 88
1267,main,0,DB5C~DB5D,DB5C,DB5D,2,81 40,0x0471C 0x0471D,0x0471C~0x0471D,0x0471C,0x0471D,false,42 22,2,0,,space,1001,␠,08,24,28,,,패치 슬롯 1001 | 전각 공백 | ␠,번역 08-024/028 · ␠ / 토큰 81 40 / PC-88 전각 공백 토큰
1268,main,0,DB5E~DB5F,DB5E,DB5F,2,82 AA,0x0471E 0x0471F,0x0471E~0x0471F,0x0471E,0x0471F,false,0C 42,2,0,,hangul,1002,것,08,25,28,18C0,12,패치 슬롯 1002 | 한글 문자 | 것,번역 08-025/028 · 것 / 토큰 82 AA / KANJI 18C0 / 가나다순 12
1269,main,0,DB60~DB61,DB60,DB61,2,89 8D,0x04720 0x04721,0x04720~0x04721,0x04720,0x04721,false,83 81,2,0,,hangul,1003,이,08,26,28,E2D0,254,패치 슬롯 1003 | 한글 문자 | 이,번역 08-026/028 · 이 / 토큰 89 8D / KANJI E2D0 / 가나다순 254
1270,main,0,DB62~DB63,DB62,DB63,2,82 E7,0x04722 0x04723,0x04722~0x04723,0x04722,0x04723,false,83 4B,2,0,,hangul,1004,다,08,27,28,3890,73,패치 슬롯 1004 | 한글 문자 | 다,번역 08-027/028 · 다 / 토큰 82 E7 / KANJI 3890 / 가나다순 73
1271,main,0,DB64~DB65,DB64,DB65,2,81 49,0x04724 0x04725,0x04724~0x04725,0x04724,0x04725,false,83 58,2,0,,punctuation,1005,！,08,28,28,,,패치 슬롯 1005 | 문장부호 | ！,번역 08-028/028 · ！ / 토큰 81 49 / PC-88 전각 느낌표 토큰
1272,main,0,DB66~DB68,DB66,DB68,3,16 7F E6,0x04726 0x04727 0x04728,0x04726~0x04728,0x04726,0x04728,false,82 CC 93,3,0,,control,,,,,,,,기존확인 제어 / 16h 서브스트림 호출/전환 → E67F,16h 서브스트림 호출/전환 → E67F 기존값 재사용; 서브스트림 → E67F; KANJI 해당 없음
1273,substream,1,E67F~E683,E67F,E683,5,0F 03 06 03 0F,0x0526F 0x05270 0x05271 0x05272 0x05273,0x0526F~0x05273,0x0526F,0x05273,false,0F 03 06 03 0F,0,5,447,control,,,,,,,,기존확인 제어 / 0F 계열 5바이트 제어,0F 계열 5바이트 제어토큰 기존값 재사용; KANJI 해당 없음
1274,substream,1,E684~E686,E684,E686,3,16 95 E7,0x05274 0x05275 0x05276,0x05274~0x05276,0x05274,0x05276,false,16 95 E7,0,3,448,control,,,,,,,,기존확인 제어 / 16h 하위 서브스트림 호출/전환 → E795,16h 하위 서브스트림 호출/전환 → E795 기존값 재사용; 서브스트림 → E795; KANJI 해당 없음
1275,substream,2,E795~E797,E795,E797,3,1E 3C 08,0x05385 0x05386 0x05387,0x05385~0x05387,0x05385,0x05387,false,1E 3C 08,0,3,11,control,,,,,,,,기존확인 제어 / 1E 간접 CALL/083C→0F12 계열,1E 간접 CALL / 083C→0F12 계열 기존값 재사용
1276,substream,2,E798~E79D,E798,E79D,6,05 16 86 3A 9E 00,0x05388 0x05389 0x0538A 0x0538B 0x0538C 0x0538D,0x05388~0x0538D,0x05388,0x0538D,false,05 16 86 3A 9E 00,0,6,12,control,,,,,,,,기존확인 제어 / 05 계열 영역 전개/채움,05 계열 영역 전개/채움 기존값 재사용; KANJI 해당 없음
1277,substream,2,E79E~E7A2,E79E,E7A2,5,0E 16 20 24 80,0x0538E 0x0538F 0x05390 0x05391 0x05392,0x0538E~0x05392,0x0538E,0x05392,false,0E 16 20 24 80,0,5,13,control,,,,,,,,기존확인 제어 / 0E 계열 표시/버퍼 설정,0E 계열 표시/버퍼 설정 기존값 재사용; KANJI 해당 없음
1278,substream,2,E7A3,E7A3,E7A3,1,17,0x05393,0x05393,0x05393,0x05393,false,17,0,1,14,control,,,,,,,,기존확인 제어 / 17h 하위 서브스트림 복귀,17h 하위 서브스트림 복귀 기존값 재사용; 서브스트림 복귀
1279,substream,1,E687~E68A,E687,E68A,4,14 00 16 22,0x05277 0x05278 0x05279 0x0527A,0x05277~0x0527A,0x05277,0x0527A,false,14 00 16 22,0,4,453,control,,,,,,,,기존확인 제어 / 14h 계열 4바이트 제어,14h 계열 4바이트 제어토큰 기존값 재사용; KANJI 해당 없음
1280,substream,1,E68B~E68E,E68B,E68E,4,14 01 3B 00,0x0527B 0x0527C 0x0527D 0x0527E,0x0527B~0x0527E,0x0527B,0x0527E,false,14 01 3B 00,0,4,454,control,,,,,,,,기존확인 제어 / 14h 계열 4바이트 제어,14h 계열 4바이트 제어토큰 기존값 재사용; KANJI 해당 없음
1281,substream,1,E68F~E691,E68F,E691,3,16 AB E6,0x0527F 0x05280 0x05281,0x0527F~0x05281,0x0527F,0x05281,false,16 AB E6,0,3,455,control,,,,,,,,기존확인 제어 / 16h 하위 서브스트림 호출/전환 → E6AB,16h 하위 서브스트림 호출/전환 → E6AB 기존값 재사용; 서브스트림 → E6AB; KANJI 해당 없음
1282,substream,2,E6AB~E6AE,E6AB,E6AE,4,04 CA E8 41,0x0529B 0x0529C 0x0529D 0x0529E,0x0529B~0x0529E,0x0529B,0x0529E,false,04 CA E8 41,0,4,131,control,,,,,,,,기존확인 제어 / 04h CAA8 슬롯 포인터 설정,04h CAA8 슬롯 포인터 설정 기존값 재사용; KANJI 해당 없음
1283,substream,2,E6AF~E6B2,E6AF,E6B2,4,04 DE E8 43,0x0529F 0x052A0 0x052A1 0x052A2,0x0529F~0x052A2,0x0529F,0x052A2,false,04 DE E8 43,0,4,132,control,,,,,,,,기존확인 제어 / 04h CAA8 슬롯 포인터 설정,04h CAA8 슬롯 포인터 설정 기존값 재사용; KANJI 해당 없음
1284,substream,2,E6B3~E6B6,E6B3,E6B6,4,04 E8 E8 42,0x052A3 0x052A4 0x052A5 0x052A6,0x052A3~0x052A6,0x052A3,0x052A6,false,04 E8 E8 42,0,4,133,control,,,,,,,,기존확인 제어 / 04h CAA8 슬롯 포인터 설정,04h CAA8 슬롯 포인터 설정 기존값 재사용; KANJI 해당 없음
1285,substream,2,E6B7~E6BA,E6B7,E6BA,4,04 F2 E8 44,0x052A7 0x052A8 0x052A9 0x052AA,0x052A7~0x052AA,0x052A7,0x052AA,false,04 F2 E8 44,0,4,134,control,,,,,,,,기존확인 제어 / 04h CAA8 슬롯 포인터 설정,04h CAA8 슬롯 포인터 설정 기존값 재사용; KANJI 해당 없음
1286,substream,2,E6BB~E6BE,E6BB,E6BE,4,04 FC E8 45,0x052AB 0x052AC 0x052AD 0x052AE,0x052AB~0x052AE,0x052AB,0x052AE,false,04 FC E8 45,0,4,135,control,,,,,,,,기존확인 제어 / 04h CAA8 슬롯 포인터 설정,04h CAA8 슬롯 포인터 설정 기존값 재사용; KANJI 해당 없음
1287,substream,2,E6BF~E6C2,E6BF,E6C2,4,04 06 E9 46,0x052AF 0x052B0 0x052B1 0x052B2,0x052AF~0x052B2,0x052AF,0x052B2,false,04 06 E9 46,0,4,136,control,,,,,,,,기존확인 제어 / 04h CAA8 슬롯 포인터 설정,04h CAA8 슬롯 포인터 설정 기존값 재사용; KANJI 해당 없음
1288,substream,2,E6C3~E6C4,E6C3,E6C4,2,06 0E,0x052B3 0x052B4,0x052B3~0x052B4,0x052B3,0x052B4,false,06 0E,0,2,137,control,,,,,,,,기존확인 제어 / 06h 계열 상태 설정,06h 계열 상태 설정 기존값 재사용; KANJI 해당 없음
1289,substream,2,E6C5,E6C5,E6C5,1,45,0x052B5,0x052B5,0x052B5,0x052B5,false,45,0,1,138,control,,,,,,,,기존확인 제어 / 41~50 계열 슬롯 45 실행,41~50 계열 슬롯 45 실행 기존값 재사용; 41~50 계열 슬롯 실행; KANJI 해당 없음
1290,substream,2,E6C6,E6C6,E6C6,1,46,0x052B6,0x052B6,0x052B6,0x052B6,false,46,0,1,139,control,,,,,,,,기존확인 제어 / 41~50 계열 슬롯 46 실행,41~50 계열 슬롯 46 실행 기존값 재사용; 41~50 계열 슬롯 실행; KANJI 해당 없음
1291,substream,2,E6C7~E6C8,E6C7,E6C8,2,01 05,0x052B7 0x052B8,0x052B7~0x052B8,0x052B7,0x052B8,false,01 05,0,2,140,control,,,,,,,,기존확인 제어 / 01h 계열 하위 제어 래퍼/하위코드 05,01h 계열 하위 제어 래퍼 / 하위코드 05 기존값 재사용; KANJI 해당 없음
1292,substream,2,E6C9~E6CA,E6C9,E6CA,2,25 2B,0x052B9 0x052BA,0x052B9~0x052BA,0x052B9,0x052BA,false,25 2B,0,2,141,control,,,,,,,,기존확인 제어 / 25h CA1D 입 파츠 인덱스 설정,25h CA1D 입 파츠 인덱스 설정 기존값 재사용; CA1D=2B
1293,substream,2,E6CB,E6CB,E6CB,1,17,0x052BB,0x052BB,0x052BB,0x052BB,false,17,0,1,142,control,,,,,,,,기존확인 제어 / 17h 하위 서브스트림 복귀,17h 하위 서브스트림 복귀 기존값 재사용; 서브스트림 복귀
1294,substream,1,E692,E692,E692,1,43,0x05282,0x05282,0x05282,0x05282,false,43,0,1,468,control,,,,,,,,기존확인 제어 / 41~50 계열 슬롯 43 실행,41~50 계열 슬롯 43 실행 기존값 재사용; 41~50 계열 슬롯 실행; KANJI 해당 없음
1295,substream,1,E693,E693,E693,1,63,0x05283,0x05283,0x05283,0x05283,false,63,0,1,469,control,,,,,,,,기존확인 제어 / 61~70 계열 CAA8[2] 작업슬롯 비활성화,61~70 계열 CAA8[2] 작업슬롯 비활성화 기존값 재사용; 61h 계열 슬롯 비활성화; KANJI 해당 없음
1296,substream,1,E694~E696,E694,E696,3,13 B4 E7,0x05284 0x05285 0x05286,0x05284~0x05286,0x05284,0x05286,false,13 B4 E7,0,3,470,control,,,,,,,,기존확인 제어 / 13h 계열 3바이트 제어,13h 계열 3바이트 제어토큰 기존값 재사용; KANJI 해당 없음
1297,substream,1,E697,E697,E697,1,17,0x05287,0x05287,0x05287,0x05287,false,17,0,1,471,control,,,,,,,,기존확인 제어 / 17h 서브스트림 복귀,17h 서브스트림 복귀 기존값 재사용; 서브스트림 복귀; KANJI 해당 없음
1298,main,0,DB69~DB6A,DB69,DB6A,2,25 30,0x04729 0x0472A,0x04729~0x0472A,0x04729,0x0472A,false,60 90,2,0,,control,,,,,,,,기존확인 제어 / 25h CA1D 입 파츠 인덱스 설정,25h CA1D 입 파츠 인덱스 설정 기존값 재사용; CA1D=30; KANJI 해당 없음
1299,main,0,DB6B~DB6C,DB6B,DB6C,2,06 12,0x0472B 0x0472C,0x0472B~0x0472C,0x0472B,0x0472C,false,E0 82,2,0,,control,,,,,,,,기존확인 제어 / 06h 계열 상태 설정,06h 계열 상태 설정 기존값 재사용; KANJI 해당 없음
1300,main,0,DB6D,DB6D,DB6D,1,44,0x0472D,0x0472D,0x0472D,0x0472D,false,CD,1,0,,control,,,,,,,,기존확인 제어 / 41~50 계열 슬롯 44 실행,41~50 계열 슬롯 44 실행 기존값 재사용; 41~50 계열 슬롯 실행; KANJI 해당 없음
1301,main,0,DB6E,DB6E,DB6E,1,64,0x0472E,0x0472E,0x0472E,0x0472E,false,8C,1,0,,control,,,,,,,,기존확인 제어 / 61~70 계열 CAA8[3] 작업슬롯 비활성화,61~70 계열 CAA8[3] 작업슬롯 비활성화 기존값 재사용; 61h 계열 슬롯 비활성화; KANJI 해당 없음
1302,main,0,DB6F~DB70,DB6F,DB70,2,88 DA,0x0472F 0x04730,0x0472F~0x04730,0x0472F,0x04730,false,BB 8E,2,0,,hangul,1006,메,09,1,284,A1C0,143,패치 슬롯 1006 | 한글 문자 | 메,번역 09-001/284 · 메 / 토큰 88 DA / KANJI A1C0 / 가나다순 143
1303,main,0,DB71~DB72,DB71,DB72,2,82 9F,0x04731 0x04732,0x04731~0x04732,0x04731,0x04732,false,C0 82,2,0,,hangul,1007,가,09,2,284,1810,1,패치 슬롯 1007 | 한글 문자 | 가,번역 09-002/284 · 가 / 토큰 82 9F / KANJI 1810 / 가나다순 1
1304,main,0,DB73~DB74,DB73,DB74,2,89 56,0x04733 0x04734,0x04733~0x04734,0x04733,0x04734,false,C6 89,2,0,,hangul,1008,스,09,3,284,6370,200,패치 슬롯 1008 | 한글 문자 | 스,번역 09-003/284 · 스 / 토큰 89 56 / KANJI 6370 / 가나다순 200
1305,main,0,DB75~DB76,DB75,DB76,2,89 8C,0x04735 0x04736,0x04735~0x04736,0x04735,0x04736,false,BB 82,2,0,,hangul,1009,의,09,4,284,E2C0,253,패치 슬롯 1009 | 한글 문자 | 의,번역 09-004/284 · 의 / 토큰 89 8C / KANJI E2C0 / 가나다순 253
1306,main,0,DB77~DB78,DB77,DB78,2,81 40,0x04737 0x04738,0x04737~0x04738,0x04737,0x04738,false,B5 82,2,0,,space,1010,␠,09,5,284,,,패치 슬롯 1010 | 전각 공백 | ␠,번역 09-005/284 · ␠ / 토큰 81 40 / PC-88 전각 공백 토큰
1307,main,0,DB79~DB7A,DB79,DB7A,2,89 E3,0x04739 0x0473A,0x04739~0x0473A,0x04739,0x0473A,false,BD 82,2,0,,hangul,1011,학,09,6,284,E450,340,패치 슬롯 1011 | 한글 문자 | 학,번역 09-006/284 · 학 / 토큰 89 E3 / KANJI E450 / 가나다순 340
1308,main,0,DB7B~DB7C,DB7B,DB7C,2,89 45,0x0473B 0x0473C,0x0473B~0x0473C,0x0473B,0x0473C,false,CC 82,2,0,,hangul,1012,살,09,7,284,6260,183,패치 슬롯 1012 | 한글 문자 | 살,번역 09-007/284 · 살 / 토큰 89 45 / KANJI 6260 / 가나다순 183
1309,main,0,DB7D~DB7E,DB7D,DB7E,2,89 8D,0x0473D 0x0473E,0x0473D~0x0473E,0x0473D,0x0473E,false,BE 81,2,0,,hangul,1013,이,09,8,284,E2D0,254,패치 슬롯 1013 | 한글 문자 | 이,번역 09-008/284 · 이 / 토큰 89 8D / KANJI E2D0 / 가나다순 254
1310,main,0,DB7F,DB7F,DB7F,1,44,0x0473F,0x0473F,0x0473F,0x0473F,false,49,1,0,,control,,,,,,,,기존확인 제어 / 41~50 계열 슬롯 44 실행,41~50 계열 슬롯 44 실행 기존값 재사용; 41~50 계열 슬롯 실행; KANJI 해당 없음
1311,main,0,DB80~DB81,DB80,DB81,2,81 40,0x04740 0x04741,0x04740~0x04741,0x04740,0x04741,false,16 7F,2,0,,space,1014,␠,09,9,284,,,패치 슬롯 1014 | 전각 공백 | ␠,번역 09-009/284 · ␠ / 토큰 81 40 / PC-88 전각 공백 토큰
1312,main,0,DB82~DB83,DB82,DB83,2,89 5A,0x04742 0x04743,0x04742~0x04743,0x04742,0x04743,false,E6 25,2,0,,hangul,1015,시,09,10,284,63B0,204,패치 슬롯 1015 | 한글 문자 | 시,번역 09-010/284 · 시 / 토큰 89 5A / KANJI 63B0 / 가나다순 204
1313,main,0,DB84~DB85,DB84,DB85,2,89 94,0x04744 0x04745,0x04744~0x04745,0x04744,0x04745,false,30 06,2,0,,hangul,1016,작,09,11,284,E340,261,패치 슬롯 1016 | 한글 문자 | 작,번역 09-011/284 · 작 / 토큰 89 94 / KANJI E340 / 가나다순 261
1314,main,0,DB86~DB87,DB86,DB87,2,88 A2,0x04746 0x04747,0x04746~0x04747,0x04746,0x04747,false,12 44,2,0,,hangul,1017,되,09,12,284,6040,87,패치 슬롯 1017 | 한글 문자 | 되,번역 09-012/284 · 되 / 토큰 88 A2 / KANJI 6040 / 가나다순 87
1315,main,0,DB88~DB89,DB88,DB89,2,89 6F,0x04748 0x04749,0x04748~0x04749,0x04748,0x04749,false,64 83,2,0,,hangul,1018,었,09,13,284,A300,225,패치 슬롯 1018 | 한글 문자 | 었,번역 09-013/284 · 었 / 토큰 89 6F / KANJI A300 / 가나다순 225
1316,main,0,DB8A~DB8B,DB8A,DB8B,2,82 E7,0x0474A 0x0474B,0x0474A~0x0474B,0x0474A,0x0474B,false,81 83,2,0,,hangul,1019,다,09,14,284,3890,73,패치 슬롯 1019 | 한글 문자 | 다,번역 09-014/284 · 다 / 토큰 82 E7 / KANJI 3890 / 가나다순 73
1317,main,0,DB8C~DB8D,DB8C,DB8D,2,81 42,0x0474C 0x0474D,0x0474C~0x0474D,0x0474C,0x0474D,false,4B 83,2,0,,punctuation,1020,。,09,15,284,,,패치 슬롯 1020 | 문장부호 | 。,번역 09-015/284 · 。 / 토큰 81 42 / PC-88 전각 마침표 토큰
1318,main,0,DB8E~DB8F,DB8E,DB8F,2,88 F2,0x0474E 0x0474F,0x0474E~0x0474F,0x0474E,0x0474F,false,58 82,2,0,,hangul,1021,베,09,16,284,E140,167,패치 슬롯 1021 | 한글 문자 | 베,번역 09-016/284 · 베 / 토큰 88 F2 / KANJI E140 / 가나다순 167
1319,main,0,DB90~DB91,DB90,DB91,2,89 C2,0x04750 0x04751,0x04750~0x04751,0x04750,0x04751,false,CC 8E,2,0,,hangul,1022,칸,09,17,284,A440,307,패치 슬롯 1022 | 한글 문자 | 칸,번역 09-017/284 · 칸 / 토큰 89 C2 / KANJI A440 / 가나다순 307
1320,main,0,DB92~DB93,DB92,DB93,2,89 D7,0x04752 0x04753,0x04752~0x04753,0x04752,0x04753,false,45 82,2,0,,hangul,1023,티,09,18,284,A590,328,패치 슬롯 1023 | 한글 문자 | 티,번역 09-018/284 · 티 / 토큰 89 D7 / KANJI A590 / 가나다순 328
1321,main,0,DB94~DB95,DB94,DB95,2,82 E3,0x04754 0x04755,0x04754~0x04755,0x04754,0x04755,false,E8 82,2,0,,hangul,1024,는,09,19,284,3850,69,패치 슬롯 1024 | 한글 문자 | 는,번역 09-019/284 · 는 / 토큰 82 E3 / KANJI 3850 / 가나다순 69
1322,main,0,DB96~DB97,DB96,DB97,2,81 40,0x04756 0x04757,0x04756~0x04757,0x04756,0x04757,false,AD 82,2,0,,space,1025,␠,09,20,284,,,패치 슬롯 1025 | 전각 공백 | ␠,번역 09-020/284 · ␠ / 토큰 81 40 / PC-88 전각 공백 토큰
1323,main,0,DB98~DB99,DB98,DB99,2,89 B3,0x04758 0x04759,0x04758~0x04759,0x04758,0x04759,false,AA 44,2,0,,hangul,1026,지,09,21,284,6550,292,패치 슬롯 1026 | 한글 문자 | 지,번역 09-021/284 · 지 / 토큰 89 B3 / KANJI 6550 / 가나다순 292
1324,main,0,DB9A~DB9B,DB9A,DB9B,2,89 77,0x0475A 0x0475B,0x0475A~0x0475B,0x0475A,0x0475B,false,8E 6E,2,0,,hangul,1027,옥,09,22,284,A380,233,패치 슬롯 1027 | 한글 문자 | 옥,번역 09-022/284 · 옥 / 토큰 89 77 / KANJI A380 / 가나다순 233
1325,main,0,DB9C~DB9D,DB9C,DB9D,2,89 88,0x0475C 0x0475D,0x0475C~0x0475D,0x0475C,0x0475D,false,82 DC,2,0,,hangul,1028,으,09,23,284,E280,249,패치 슬롯 1028 | 한글 문자 | 으,번역 09-023/284 · 으 / 토큰 89 88 / KANJI E280 / 가나다순 249
1326,main,0,DB9E~DB9F,DB9E,DB9F,2,88 C5,0x0475E 0x0475F,0x0475E~0x0475F,0x0475E,0x0475F,false,82 C1,2,0,,hangul,1029,로,09,24,284,A070,122,패치 슬롯 1029 | 한글 문자 | 로,번역 09-024/284 · 로 / 토큰 88 C5 / KANJI A070 / 가나다순 122
1327,main,0,DBA0~DBA1,DBA0,DBA1,2,81 40,0x04760 0x04761,0x04760~0x04761,0x04760,0x04761,false,82 BD,2,0,,space,1030,␠,09,25,284,,,패치 슬롯 1030 | 전각 공백 | ␠,번역 09-025/284 · ␠ / 토큰 81 40 / PC-88 전각 공백 토큰
1328,main,0,DBA2~DBA3,DBA2,DBA3,2,88 F3,0x04762 0x04763,0x04762~0x04763,0x04762,0x04763,false,81 42,2,0,,hangul,1031,변,09,26,284,E150,168,패치 슬롯 1031 | 한글 문자 | 변,번역 09-026/284 · 변 / 토큰 88 F3 / KANJI E150 / 가나다순 168
1329,main,0,DBA4~DBA5,DBA4,DBA5,2,89 E9,0x04764 0x04765,0x04764~0x04765,0x04764,0x04765,false,83 94,2,0,,hangul,1032,했,09,27,284,E4B0,346,패치 슬롯 1032 | 한글 문자 | 했,번역 09-027/284 · 했 / 토큰 89 E9 / KANJI E4B0 / 가나다순 346
1330,main,0,DBA6~DBA7,DBA6,DBA7,2,82 B1,0x04766 0x04767,0x04766~0x04767,0x04766,0x04767,false,83 46,2,0,,hangul,1033,고,09,28,284,1930,19,패치 슬롯 1033 | 한글 문자 | 고,번역 09-028/284 · 고 / 토큰 82 B1 / KANJI 1930 / 가나다순 19
1331,main,0,DBA8~DBA9,DBA8,DBA9,2,81 41,0x04768 0x04769,0x04768~0x04769,0x04768,0x04769,false,83 4A,2,0,,punctuation,1034,、,09,29,284,,,패치 슬롯 1034 | 문장부호 | 、,번역 09-029/284 · 、 / 토큰 81 41 / PC-88 전각 쉼표 토큰
1332,main,0,DBAA~DBAB,DBAA,DBAB,2,82 BD,0x0476A 0x0476B,0x0476A~0x0476B,0x0476A,0x0476B,false,83 93,2,0,,hangul,1035,그,09,30,284,19F0,31,패치 슬롯 1035 | 한글 문자 | 그,번역 09-030/284 · 그 / 토큰 82 BD / KANJI 19F0 / 가나다순 31
1333,main,0,DBAC~DBAD,DBAC,DBAD,2,82 9F,0x0476C 0x0476D,0x0476C~0x0476D,0x0476C,0x0476D,false,83 65,2,0,,hangul,1036,가,09,31,284,1810,1,패치 슬롯 1036 | 한글 문자 | 가,번역 09-031/284 · 가 / 토큰 82 9F / KANJI 1810 / 가나다순 1
1334,main,0,DBAE~DBAF,DBAE,DBAF,2,81 40,0x0476E 0x0476F,0x0476E~0x0476F,0x0476E,0x0476F,false,83 42,2,0,,space,1037,␠,09,32,284,,,패치 슬롯 1037 | 전각 공백 | ␠,번역 09-032/284 · ␠ / 토큰 81 40 / PC-88 전각 공백 토큰
1335,main,0,DBB0~DBB1,DBB0,DBB1,2,88 F2,0x04770 0x04771,0x04770~0x04771,0x04770,0x04771,false,82 CD,2,0,,hangul,1038,베,09,33,284,E140,167,패치 슬롯 1038 | 한글 문자 | 베,번역 09-033/284 · 베 / 토큰 88 F2 / KANJI E140 / 가나다순 167
1336,main,0,DBB2~DBB3,DBB2,DBB3,2,89 C2,0x04772 0x04773,0x04772~0x04773,0x04772,0x04773,false,92 6E,2,0,,hangul,1039,칸,09,34,284,A440,307,패치 슬롯 1039 | 한글 문자 | 칸,번역 09-034/284 · 칸 / 토큰 89 C2 / KANJI A440 / 가나다순 307
1337,main,0,DBB4~DBB5,DBB4,DBB5,2,89 D7,0x04774 0x04775,0x04774~0x04775,0x04774,0x04775,false,8D 96,2,0,,hangul,1040,티,09,35,284,A590,328,패치 슬롯 1040 | 한글 문자 | 티,번역 09-035/284 · 티 / 토큰 89 D7 / KANJI A590 / 가나다순 328
1338,main,0,DBB6~DBB7,DBB6,DBB7,2,88 CA,0x04776 0x04777,0x04776~0x04777,0x04776,0x04777,false,82 C6,2,0,,hangul,1041,를,09,36,284,A0C0,127,패치 슬롯 1041 | 한글 문자 | 를,번역 09-036/284 · 를 / 토큰 88 CA / KANJI A0C0 / 가나다순 127
1339,main,0,DBB8~DBB9,DBB8,DBB9,2,89 99,0x04778 0x04779,0x04778~0x04779,0x04778,0x04779,false,89 BB,1,0,,hangul,1042,장,09,37,284,E390,266,패치 슬롯 1042 | 한글 문자 | 장,번역 09-037/284 · 장 / 토큰 89 99 / KANJI E390 / 가나다순 266
1340,main,0,DBBA~DBBB,DBBA,DBBB,2,89 61,0x0477A 0x0477B,0x0477A~0x0477B,0x0477A,0x0477B,false,82 B5,2,0,,hangul,1043,악,09,38,284,A220,211,패치 슬롯 1043 | 한글 문자 | 악,번역 09-038/284 · 악 / 토큰 89 61 / KANJI A220 / 가나다순 211
1341,main,0,DBBC~DBBD,DBBC,DBBD,2,89 E2,0x0477C 0x0477D,0x0477C~0x0477D,0x0477C,0x0477D,false,82 BD,2,0,,hangul,1044,하,09,39,284,E440,339,패치 슬롯 1044 | 한글 문자 | 하,번역 09-039/284 · 하 / 토큰 89 E2 / KANJI E440 / 가나다순 339
1342,main,0,DBBE~DBBF,DBBE,DBBF,2,82 E3,0x0477E 0x0477F,0x0477E~0x0477F,0x0477E,0x0477F,false,81 42,2,0,,hangul,1045,는,09,40,284,3850,69,패치 슬롯 1045 | 한글 문자 | 는,번역 09-040/284 · 는 / 토큰 82 E3 / KANJI 3850 / 가나다순 69
1343,main,0,DBC0~DBC1,DBC0,DBC1,2,82 F0,0x04780 0x04781,0x04780~0x04781,0x04780,0x04781,false,83 81,2,0,,hangul,1046,데,09,41,284,3920,82,패치 슬롯 1046 | 한글 문자 | 데,번역 09-041/284 · 데 / 토큰 82 F0 / KANJI 3920 / 가나다순 82
1344,main,0,DBC2,DBC2,DBC2,1,44,0x04782,0x04782,0x04782,0x04782,false,83,1,0,,control,,,,,,,,기존확인 제어 / 41~50 계열 슬롯 44 실행,41~50 계열 슬롯 44 실행 기존값 재사용; 41~50 계열 슬롯 실행; KANJI 해당 없음
1345,main,0,DBC3~DBC4,DBC3,DBC4,2,81 40,0x04783 0x04784,0x04783~0x04784,0x04783,0x04784,false,4B 83,2,0,,space,1047,␠,09,42,284,,,패치 슬롯 1047 | 전각 공백 | ␠,번역 09-042/284 · ␠ / 토큰 81 40 / PC-88 전각 공백 토큰
1346,main,0,DBC5~DBC6,DBC5,DBC6,2,89 E2,0x04785 0x04786,0x04785~0x04786,0x04785,0x04786,false,58 82,2,0,,hangul,1048,하,09,43,284,E440,339,패치 슬롯 1048 | 한글 문자 | 하,번역 09-043/284 · 하 / 토큰 89 E2 / KANJI E440 / 가나다순 339
1347,main,0,DBC7~DBC8,DBC7,DBC8,2,88 C8,0x04787 0x04788,0x04787~0x04788,0x04787,0x04788,false,AA 83,2,0,,hangul,1049,룻,09,44,284,A0A0,125,패치 슬롯 1049 | 한글 문자 | 룻,번역 09-044/284 · 룻 / 토큰 88 C8 / KANJI A0A0 / 가나다순 125
1348,main,0,DBC9~DBCA,DBC9,DBCA,2,88 ED,0x04789 0x0478A,0x04789~0x0478A,0x04789,0x0478A,false,94 83,2,0,,hangul,1050,밤,09,45,284,E0F0,162,패치 슬롯 1050 | 한글 문자 | 밤,번역 09-045/284 · 밤 / 토큰 88 ED / KANJI E0F0 / 가나다순 162
1349,main,0,DBCB~DBCC,DBCB,DBCC,2,82 F1,0x0478B 0x0478C,0x0478B~0x0478C,0x0478B,0x0478C,false,46 83,2,0,,hangul,1051,도,09,46,284,3930,83,패치 슬롯 1051 | 한글 문자 | 도,번역 09-046/284 · 도 / 토큰 82 F1 / KANJI 3930 / 가나다순 83
1350,main,0,DBCD~DBCE,DBCD,DBCE,2,81 40,0x0478D 0x0478E,0x0478D~0x0478E,0x0478D,0x0478E,false,4A 83,2,0,,space,1052,␠,09,47,284,,,패치 슬롯 1052 | 전각 공백 | ␠,번역 09-047/284 · ␠ / 토큰 81 40 / PC-88 전각 공백 토큰
1351,main,0,DBCF~DBD0,DBCF,DBD0,2,82 A8,0x0478F 0x04790,0x0478F~0x04790,0x0478F,0x04790,false,93 83,2,0,,hangul,1053,걸,09,48,284,18A0,10,패치 슬롯 1053 | 한글 문자 | 걸,번역 09-048/284 · 걸 / 토큰 82 A8 / KANJI 18A0 / 가나다순 10
1352,main,0,DBD1~DBD2,DBD1,DBD2,2,88 CC,0x04791 0x04792,0x04791~0x04792,0x04791,0x04792,false,65 83,2,0,,hangul,1054,리,09,49,284,A0E0,129,패치 슬롯 1054 | 한글 문자 | 리,번역 09-049/284 · 리 / 토큰 88 CC / KANJI A0E0 / 가나다순 129
1353,main,0,DBD3~DBD4,DBD3,DBD4,2,89 B3,0x04793 0x04794,0x04793~0x04794,0x04793,0x04794,false,42 82,2,0,,hangul,1055,지,09,50,284,6550,292,패치 슬롯 1055 | 한글 문자 | 지,번역 09-050/284 · 지 / 토큰 89 B3 / KANJI 6550 / 가나다순 292
1354,main,0,DBD5~DBD6,DBD5,DBD6,2,82 9F,0x04795 0x04796,0x04795~0x04796,0x04795,0x04796,false,F0 93,2,0,,hangul,1056,가,09,51,284,1810,1,패치 슬롯 1056 | 한글 문자 | 가,번역 09-051/284 · 가 / 토큰 82 9F / KANJI 1810 / 가나다순 1
1355,main,0,DBD7~DBD8,DBD7,DBD8,2,81 40,0x04797 0x04798,0x04797~0x04798,0x04797,0x04798,false,9D 8E,2,0,,space,1057,␠,09,52,284,,,패치 슬롯 1057 | 전각 공백 | ␠,번역 09-052/284 · ␠ / 토큰 81 40 / PC-88 전각 공백 토큰
1356,main,0,DBD9~DBDA,DBD9,DBDA,2,89 64,0x04799 0x0479A,0x04799~0x0479A,0x04799,0x0479A,false,A1 82,2,0,,hangul,1058,않,09,53,284,A250,214,패치 슬롯 1058 | 한글 문자 | 않,번역 09-053/284 · 않 / 토큰 89 64 / KANJI A250 / 가나다순 214
1357,main,0,DBDB~DBDC,DBDB,DBDC,2,89 68,0x0479B 0x0479C,0x0479B~0x0479C,0x0479B,0x0479C,false,B7 82,2,0,,hangul,1059,았,09,54,284,A290,218,패치 슬롯 1059 | 한글 문자 | 았,번역 09-054/284 · 았 / 토큰 89 68 / KANJI A290 / 가나다순 218
1358,main,0,DBDD~DBDE,DBDD,DBDE,2,82 E7,0x0479D 0x0479E,0x0479D~0x0479E,0x0479D,0x0479E,false,E9 82,2,0,,hangul,1060,다,09,55,284,3890,73,패치 슬롯 1060 | 한글 문자 | 다,번역 09-055/284 · 다 / 토큰 82 E7 / KANJI 3890 / 가나다순 73
1359,main,0,DBDF~DBE0,DBDF,DBE0,2,81 42,0x0479F 0x047A0,0x0479F~0x047A0,0x0479F,0x047A0,false,CC 82,2,0,,punctuation,1061,。,09,56,284,,,패치 슬롯 1061 | 문장부호 | 。,번역 09-056/284 · 。 / 토큰 81 42 / PC-88 전각 마침표 토큰
1360,main,0,DBE1~DBE2,DBE1,DBE2,2,89 E2,0x047A1 0x047A2,0x047A1~0x047A2,0x047A1,0x047A2,false,C9 44,2,0,,hangul,1062,하,09,57,284,E440,339,패치 슬롯 1062 | 한글 문자 | 하,번역 09-057/284 · 하 / 토큰 89 E2 / KANJI E440 / 가나다순 339
1361,main,0,DBE3~DBE4,DBE3,DBE4,2,89 B3,0x047A3 0x047A4,0x047A3~0x047A4,0x047A3,0x047A4,false,88 EA,2,0,,hangul,1063,지,09,58,284,6550,292,패치 슬롯 1063 | 한글 문자 | 지,번역 09-058/284 · 지 / 토큰 89 B3 / KANJI 6550 / 가나다순 292
1362,main,0,DBE5~DBE6,DBE5,DBE6,2,88 D2,0x047A5 0x047A6,0x047A5~0x047A6,0x047A5,0x047A6,false,96 E9,2,0,,hangul,1064,만,09,59,284,A140,135,패치 슬롯 1064 | 한글 문자 | 만,번역 09-059/284 · 만 / 토큰 88 D2 / KANJI A140 / 가나다순 135
1363,main,0,DBE7~DBE8,DBE7,DBE8,2,81 40,0x047A7 0x047A8,0x047A7~0x047A8,0x047A7,0x047A8,false,82 C6,2,0,,space,1065,␠,09,60,284,,,패치 슬롯 1065 | 전각 공백 | ␠,번역 09-060/284 · ␠ / 토큰 81 40 / PC-88 전각 공백 토큰
1364,main,0,DBE9~DBEA,DBE9,DBEA,2,89 81,0x047A9 0x047AA,0x047A9~0x047AA,0x047A9,0x047AA,false,82 A9,2,0,,hangul,1066,우,09,61,284,E210,242,패치 슬롯 1066 | 한글 문자 | 우,번역 09-061/284 · 우 / 토큰 89 81 / KANJI E210 / 가나다순 242
1365,main,0,DBEB~DBEC,DBEB,DBEC,2,88 CC,0x047AB 0x047AC,0x047AB~0x047AC,0x047AB,0x047AC,false,82 A9,2,0,,hangul,1067,리,09,62,284,A0E0,129,패치 슬롯 1067 | 한글 문자 | 리,번역 09-062/284 · 리 / 토큰 88 CC / KANJI A0E0 / 가나다순 129
1366,main,0,DBED~DBEE,DBED,DBEE,2,81 40,0x047AD 0x047AE,0x047AD~0x047AE,0x047AD,0x047AE,false,82 E7,2,0,,space,1068,␠,09,63,284,,,패치 슬롯 1068 | 전각 공백 | ␠,번역 09-063/284 · ␠ / 토큰 81 40 / PC-88 전각 공백 토큰
1367,main,0,DBEF~DBF0,DBEF,DBF0,2,88 C5,0x047AF 0x047B0,0x047AF~0x047B0,0x047AF,0x047B0,false,82 C8,2,0,,hangul,1069,로,09,64,284,A070,122,패치 슬롯 1069 | 한글 문자 | 로,번역 09-064/284 · 로 / 토큰 88 C5 / KANJI A070 / 가나다순 122
1368,main,0,DBF1~DBF2,DBF1,DBF2,2,82 BD,0x047B1 0x047B2,0x047B1~0x047B2,0x047B1,0x047B2,false,82 A9,1,0,,hangul,1070,그,09,65,284,19F0,31,패치 슬롯 1070 | 한글 문자 | 그,번역 09-065/284 · 그 / 토큰 82 BD / KANJI 19F0 / 가나다순 31
1369,main,0,DBF3~DBF4,DBF3,DBF4,2,88 C0,0x047B3 0x047B4,0x047B3~0x047B4,0x047B3,0x047B4,false,82 C1,2,0,,hangul,1071,레,09,66,284,A020,117,패치 슬롯 1071 | 한글 문자 | 레,번역 09-066/284 · 레 / 토큰 88 C0 / KANJI A020 / 가나다순 117
1370,main,0,DBF5~DBF6,DBF5,DBF6,2,89 56,0x047B5 0x047B6,0x047B5~0x047B6,0x047B5,0x047B6,false,82 BD,2,0,,hangul,1072,스,09,67,284,6370,200,패치 슬롯 1072 | 한글 문자 | 스,번역 09-067/284 · 스 / 토큰 89 56 / KANJI 6370 / 가나다순 200
1371,main,0,DBF7~DBF8,DBF7,DBF8,2,89 A4,0x047B7 0x047B8,0x047B7~0x047B8,0x047B7,0x047B8,false,81 42,2,0,,hangul,1073,족,09,68,284,6460,277,패치 슬롯 1073 | 한글 문자 | 족,번역 09-068/284 · 족 / 토큰 89 A4 / KANJI 6460 / 가나다순 277
1372,main,0,DBF9~DBFA,DBF9,DBFA,2,89 89,0x047B9 0x047BA,0x047B9~0x047BA,0x047B9,0x047BA,false,82 BE,2,0,,hangul,1074,은,09,69,284,E290,250,패치 슬롯 1074 | 한글 문자 | 은,번역 09-069/284 · 은 / 토큰 89 89 / KANJI E290 / 가나다순 250
1373,main,0,DBFB,DBFB,DBFB,1,44,0x047BB,0x047BB,0x047BB,0x047BB,false,82,1,0,,control,,,,,,,,기존확인 제어 / 41~50 계열 CAA8[3] 슬롯 실행,41~50 계열 CAA8[3] 슬롯 실행 기존값 재사용; 41~50 계열 슬롯 실행; KANJI 해당 없음
1374,main,0,DBFC~DBFD,DBFC,DBFD,2,81 40,0x047BC 0x047BD,0x047BC~0x047BD,0x047BC,0x047BD,false,AA 81,2,0,,space,1075,␠,09,70,284,,,패치 슬롯 1075 | 전각 공백 | ␠,번역 09-070/284 · ␠ / 토큰 81 40 / PC-88 전각 공백 토큰
1375,main,0,DBFE~DBFF,DBFE,DBFF,2,82 CC,0x047BE 0x047BF,0x047BE~0x047BF,0x047BE,0x047BF,false,41 89,2,0,,hangul,1076,끝,09,71,284,28E0,46,패치 슬롯 1076 | 한글 문자 | 끝,번역 09-071/284 · 끝 / 토큰 82 CC / KANJI 28E0 / 가나다순 46
1376,main,0,DC00~DC01,DC00,DC01,2,82 C4,0x047D0 0x047D1,0x047D0~0x047D1,0x047D0,0x047D1,false,E4 82,2,0,,hangul,1077,까,09,72,284,2860,38,패치 슬롯 1077 | 한글 문자 | 까,번역 09-072/284 · 까 / 토큰 82 C4 / KANJI 2860 / 가나다순 38
1377,main,0,DC02~DC03,DC02,DC03,2,89 B3,0x047D2 0x047D3,0x047D2~0x047D3,0x047D2,0x047D3,false,E7 83,2,0,,hangul,1078,지,09,73,284,6550,292,패치 슬롯 1078 | 한글 문자 | 지,번역 09-073/284 · 지 / 토큰 89 B3 / KANJI 6550 / 가나다순 292
1378,main,0,DC04~DC05,DC04,DC05,2,81 40,0x047D4 0x047D5,0x047D4~0x047D5,0x047D4,0x047D5,false,8D 83,2,0,,space,1079,␠,09,74,284,,,패치 슬롯 1079 | 전각 공백 | ␠,번역 09-074/284 · ␠ / 토큰 81 40 / PC-88 전각 공백 토큰
1379,main,0,DC06~DC07,DC06,DC07,2,89 9B,0x047D6 0x047D7,0x047D6~0x047D7,0x047D6,0x047D7,false,4F 83,2,0,,hangul,1080,저,09,75,284,E3B0,268,패치 슬롯 1080 | 한글 문자 | 저,번역 09-075/284 · 저 / 토큰 89 9B / KANJI E3B0 / 가나다순 268
1380,main,0,DC08~DC09,DC08,DC09,2,89 E7,0x047D8 0x047D9,0x047D8~0x047D9,0x047D8,0x047D9,false,8C 83,2,0,,hangul,1081,항,09,76,284,E490,344,패치 슬롯 1081 | 한글 문자 | 항,번역 09-076/284 · 항 / 토큰 89 E7 / KANJI E490 / 가나다순 344
1381,main,0,DC0A~DC0B,DC0A,DC0B,2,89 E9,0x047DA 0x047DB,0x047DA~0x047DB,0x047DA,0x047DB,false,58 91,2,0,,hangul,1082,했,09,77,284,E4B0,346,패치 슬롯 1082 | 한글 문자 | 했,번역 09-077/284 · 했 / 토큰 89 E9 / KANJI E4B0 / 가나다순 346
1382,main,0,DC0C~DC0D,DC0C,DC0D,2,82 E7,0x047DC 0x047DD,0x047DC~0x047DD,0x047DC,0x047DD,false,B0 82,2,0,,hangul,1083,다,09,78,284,3890,73,패치 슬롯 1083 | 한글 문자 | 다,번역 09-078/284 · 다 / 토큰 82 E7 / KANJI 3890 / 가나다순 73
1383,main,0,DC0E~DC0F,DC0E,DC0F,2,81 42,0x047DE 0x047DF,0x047DE~0x047DF,0x047DE,0x047DF,false,CD 81,2,0,,punctuation,1084,。,09,79,284,,,패치 슬롯 1084 | 문장부호 | 。,번역 09-079/284 · 。 / 토큰 81 42 / PC-88 전각 마침표 토큰
1384,main,0,DC10~DC11,DC10,DC11,2,82 BD,0x047E0 0x047E1,0x047E0~0x047E1,0x047E0,0x047E1,false,41 44,2,0,,hangul,1085,그,09,80,284,19F0,31,패치 슬롯 1085 | 한글 문자 | 그,번역 09-080/284 · 그 / 토큰 82 BD / KANJI 19F0 / 가나다순 31
1385,main,0,DC12~DC13,DC12,DC13,2,82 E3,0x047E2 0x047E3,0x047E2~0x047E3,0x047E2,0x047E3,false,82 A0,1,0,,hangul,1086,는,09,81,284,3850,69,패치 슬롯 1086 | 한글 문자 | 는,번역 09-081/284 · 는 / 토큰 82 E3 / KANJI 3850 / 가나다순 69
1386,main,0,DC14~DC15,DC14,DC15,2,81 40,0x047E4 0x047E5,0x047E4~0x047E5,0x047E4,0x047E5,false,82 AD,2,0,,space,1087,␠,09,82,284,,,패치 슬롯 1087 | 전각 공백 | ␠,번역 09-082/284 · ␠ / 토큰 81 40 / PC-88 전각 공백 토큰
1387,main,0,DC16~DC17,DC16,DC17,2,89 81,0x047E6 0x047E7,0x047E6~0x047E7,0x047E6,0x047E7,false,82 DC,2,0,,hangul,1088,우,09,83,284,E210,242,패치 슬롯 1088 | 한글 문자 | 우,번역 09-083/284 · 우 / 토큰 89 81 / KANJI E210 / 가나다순 242
1388,main,0,DC18~DC19,DC18,DC19,2,88 CC,0x047E8 0x047E9,0x047E8~0x047E9,0x047E8,0x047E9,false,82 C5,2,0,,hangul,1089,리,09,84,284,A0E0,129,패치 슬롯 1089 | 한글 문자 | 리,번역 09-084/284 · 리 / 토큰 88 CC / KANJI A0E0 / 가나다순 129
1389,main,0,DC1A~DC1B,DC1A,DC1B,2,88 CA,0x047EA 0x047EB,0x047EA~0x047EB,0x047EA,0x047EB,false,82 E0,2,0,,hangul,1090,를,09,85,284,A0C0,127,패치 슬롯 1090 | 한글 문자 | 를,번역 09-085/284 · 를 / 토큰 88 CA / KANJI A0C0 / 가나다순 127
1390,main,0,DC1C,DC1C,DC1C,1,44,0x047EC,0x047EC,0x047EC,0x047EC,false,94,1,0,,control,,,,,,,,기존확인 제어 / 41~50 계열 CAA8[3] 슬롯 실행,41~50 계열 CAA8[3] 슬롯 실행 기존값 재사용; 41~50 계열 슬롯 실행; KANJI 해당 없음
1391,main,0,DC1D~DC1E,DC1D,DC1E,2,81 40,0x047ED 0x047EE,0x047ED~0x047EE,0x047ED,0x047EE,false,BD 8D,2,0,,space,1091,␠,09,86,284,,,패치 슬롯 1091 | 전각 공백 | ␠,번역 09-086/284 · ␠ / 토큰 81 40 / PC-88 전각 공백 토큰
1392,main,0,DC1F~DC20,DC1F,DC20,2,88 E1,0x047EF 0x047F0,0x047EF~0x047F0,0x047EF,0x047F0,false,52 82,2,0,,hangul,1092,몰,09,87,284,E030,150,패치 슬롯 1092 | 한글 문자 | 몰,번역 09-087/284 · 몰 / 토큰 88 E1 / KANJI E030 / 가나다순 150
1393,main,0,DC21~DC22,DC21,DC22,2,89 45,0x047F1 0x047F2,0x047F1~0x047F2,0x047F1,0x047F2,false,B5 82,2,0,,hangul,1093,살,09,88,284,6260,183,패치 슬롯 1093 | 한글 문자 | 살,번역 09-088/284 · 살 / 토큰 89 45 / KANJI 6260 / 가나다순 183
1394,main,0,DC23~DC24,DC23,DC24,2,89 5A,0x047F3 0x047F4,0x047F3~0x047F4,0x047F3,0x047F4,false,BD 82,2,0,,hangul,1094,시,09,89,284,63B0,204,패치 슬롯 1094 | 한글 문자 | 시,번역 09-089/284 · 시 / 토큰 89 5A / KANJI 63B0 / 가나다순 204
1395,main,0,DC25~DC26,DC25,DC26,2,89 C9,0x047F5 0x047F6,0x047F5~0x047F6,0x047F5,0x047F6,false,CC 82,2,0,,hangul,1095,키,09,90,284,A4B0,314,패치 슬롯 1095 | 한글 문자 | 키,번역 09-090/284 · 키 / 토큰 89 C9 / KANJI A4B0 / 가나다순 314
1396,main,0,DC27~DC28,DC27,DC28,2,88 B6,0x047F7 0x047F8,0x047F7~0x047F8,0x047F7,0x047F8,false,BE 81,2,0,,hangul,1096,라,09,91,284,6180,107,패치 슬롯 1096 | 한글 문자 | 라,번역 09-091/284 · 라 / 토큰 88 B6 / KANJI 6180 / 가나다순 107
1397,main,0,DC29~DC2A,DC29,DC2A,2,82 B1,0x047F9 0x047FA,0x047F9~0x047FA,0x047F9,0x047FA,false,42 83,2,0,,hangul,1097,고,09,92,284,1930,19,패치 슬롯 1097 | 한글 문자 | 고,번역 09-092/284 · 고 / 토큰 82 B1 / KANJI 1930 / 가나다순 19
1398,main,0,DC2B~DC2C,DC2B,DC2C,2,81 40,0x047FB 0x047FC,0x047FB~0x047FC,0x047FB,0x047FC,false,81 83,1,0,,space,1098,␠,09,93,284,,,패치 슬롯 1098 | 전각 공백 | ␠,번역 09-093/284 · ␠ / 토큰 81 40 / PC-88 전각 공백 토큰
1399,main,0,DC2D~DC2E,DC2D,DC2E,2,88 DE,0x047FD 0x047FE,0x047FD~0x047FE,0x047FD,0x047FE,false,4B 83,2,0,,hangul,1099,명,09,94,284,E000,147,패치 슬롯 1099 | 한글 문자 | 명,번역 09-094/284 · 명 / 토큰 88 DE / KANJI E000 / 가나다순 147
1400,main,0,DC2F~DC30,DC2F,DC30,2,88 C3,0x047FF 0x04800,0x047FF~0x04800,0x047FF,0x04800,false,58 82,2,0,,hangul,1100,령,09,95,284,A050,120,패치 슬롯 1100 | 한글 문자 | 령,번역 09-095/284 · 령 / 토큰 88 C3 / KANJI A050 / 가나다순 120
1401,main,0,DC31~DC32,DC31,DC32,2,89 E9,0x04801 0x04802,0x04801~0x04802,0x04801,0x04802,false,CD 83,2,0,,hangul,1101,했,09,96,284,E4B0,346,패치 슬롯 1101 | 한글 문자 | 했,번역 09-096/284 · 했 / 토큰 89 E9 / KANJI E4B0 / 가나다순 346
1402,main,0,DC33~DC34,DC33,DC34,2,82 B1,0x04803 0x04804,0x04803~0x04804,0x04803,0x04804,false,8D 83,2,0,,hangul,1102,고,09,97,284,1930,19,패치 슬롯 1102 | 한글 문자 | 고,번역 09-097/284 · 고 / 토큰 82 B1 / KANJI 1930 / 가나다순 19
1403,main,0,DC35~DC36,DC35,DC36,2,81 41,0x04805 0x04806,0x04805~0x04806,0x04805,0x04806,false,4F 83,2,0,,punctuation,1103,、,09,98,284,,,패치 슬롯 1103 | 문장부호 | 、,번역 09-098/284 · 、 / 토큰 81 41 / PC-88 전각 쉼표 토큰
1404,main,0,DC37~DC38,DC37,DC38,2,88 A0,0x04807 0x04808,0x04807~0x04808,0x04807,0x04808,false,8C 83,2,0,,hangul,1104,동,09,99,284,6020,85,패치 슬롯 1104 | 한글 문자 | 동,번역 09-099/284 · 동 / 토큰 88 A0 / KANJI 6020 / 가나다순 85
1405,main,0,DC39~DC3A,DC39,DC3A,2,88 C6,0x04809 0x0480A,0x04809~0x0480A,0x04809,0x0480A,false,58 91,2,0,,hangul,1105,료,09,100,284,A080,123,패치 슬롯 1105 | 한글 문자 | 료,번역 09-100/284 · 료 / 토큰 88 C6 / KANJI A080 / 가나다순 123
1406,main,0,DC3B~DC3C,DC3B,DC3C,2,88 AA,0x0480B 0x0480C,0x0480B~0x0480C,0x0480B,0x0480C,false,B0 44,2,0,,hangul,1106,들,09,101,284,60C0,95,패치 슬롯 1106 | 한글 문자 | 들,번역 09-101/284 · 들 / 토큰 88 AA / KANJI 60C0 / 가나다순 95
1407,main,0,DC3D~DC3E,DC3D,DC3E,2,89 89,0x0480D 0x0480E,0x0480D~0x0480E,0x0480D,0x0480E,false,8A 46,2,0,,hangul,1107,은,09,102,284,E290,250,패치 슬롯 1107 | 한글 문자 | 은,번역 09-102/284 · 은 / 토큰 89 89 / KANJI E290 / 가나다순 250
1408,main,0,DC3F~DC40,DC3F,DC40,2,81 40,0x0480F 0x04810,0x0480F~0x04810,0x0480F,0x04810,false,8E 45,2,0,,space,1108,␠,09,103,284,,,패치 슬롯 1108 | 전각 공백 | ␠,번역 09-103/284 · ␠ / 토큰 81 40 / PC-88 전각 공백 토큰
1409,main,0,DC41~DC42,DC41,DC42,2,89 E2,0x04811 0x04812,0x04811~0x04812,0x04811,0x04812,false,82 B5,2,0,,hangul,1109,하,09,104,284,E440,339,패치 슬롯 1109 | 한글 문자 | 하,번역 09-104/284 · 하 / 토큰 89 E2 / KANJI E440 / 가나다순 339
1410,main,0,DC43~DC44,DC43,DC44,2,82 CE,0x04813 0x04814,0x04813~0x04814,0x04813,0x04814,false,82 F0,1,0,,hangul,1110,나,09,105,284,2900,48,패치 슬롯 1110 | 한글 문자 | 나,번역 09-105/284 · 나 / 토큰 82 CE / KANJI 2900 / 가나다순 48
1411,main,0,DC45~DC46,DC45,DC46,2,88 A6,0x04815 0x04816,0x04815~0x04816,0x04815,0x04816,false,96 BD,2,0,,hangul,1111,둘,09,106,284,6080,91,패치 슬롯 1111 | 한글 문자 | 둘,번역 09-106/284 · 둘 / 토큰 88 A6 / KANJI 6080 / 가나다순 91
1412,main,0,DC47~DC48,DC47,DC48,2,81 40,0x04817 0x04818,0x04817~0x04818,0x04817,0x04818,false,82 B6,2,0,,space,1112,␠,09,107,284,,,패치 슬롯 1112 | 전각 공백 | ␠,번역 09-107/284 · ␠ / 토큰 81 40 / PC-88 전각 공백 토큰
1413,main,0,DC49~DC4A,DC49,DC4A,2,89 40,0x04819 0x0481A,0x04819~0x0481A,0x04819,0x0481A,false,81 41,2,0,,hangul,1113,붙,09,108,284,6210,178,패치 슬롯 1113 | 한글 문자 | 붙,번역 09-108/284 · 붙 / 토큰 89 40 / KANJI 6210 / 가나다순 178
1414,main,0,DC4B~DC4C,DC4B,DC4C,2,89 98,0x0481B 0x0481C,0x0481B~0x0481C,0x0481B,0x0481C,false,92 87,2,0,,hangul,1114,잡,09,109,284,E380,265,패치 슬롯 1114 | 한글 문자 | 잡,번역 09-109/284 · 잡 / 토큰 89 98 / KANJI E380 / 가나다순 265
1415,main,0,DC4D~DC4E,DC4D,DC4E,2,89 EB,0x0481D 0x0481E,0x0481D~0x0481E,0x0481D,0x0481E,false,8A D4,2,0,,hangul,1115,혀,09,110,284,E4D0,348,패치 슬롯 1115 | 한글 문자 | 혀,번역 09-110/284 · 혀 / 토큰 89 EB / KANJI E4D0 / 가나다순 348
1416,main,0,DC4F~DC50,DC4F,DC50,2,81 40,0x0481F 0x04820,0x0481F~0x04820,0x0481F,0x04820,false,82 AA,2,0,,space,1116,␠,09,111,284,,,패치 슬롯 1116 | 전각 공백 | ␠,번역 09-111/284 · ␠ / 토큰 81 40 / PC-88 전각 공백 토큰
1417,main,0,DC51~DC52,DC51,DC52,2,88 F6,0x04821 0x04822,0x04821~0x04822,0x04821,0x04822,false,8E 9F,2,0,,hangul,1117,본,09,112,284,E180,171,패치 슬롯 1117 | 한글 문자 | 본,번역 09-112/284 · 본 / 토큰 88 F6 / KANJI E180 / 가나다순 171
1418,main,0,DC53~DC54,DC53,DC54,2,88 F4,0x04823 0x04824,0x04823~0x04824,0x04823,0x04824,false,81 58,2,0,,hangul,1118,보,09,113,284,E160,169,패치 슬롯 1118 | 한글 문자 | 보,번역 09-113/284 · 보 / 토큰 88 F4 / KANJI E160 / 가나다순 169
1419,main,0,DC55~DC56,DC55,DC56,2,82 C1,0x04825 0x04826,0x04825~0x04826,0x04825,0x04826,false,82 C6,1,0,,hangul,1119,기,09,114,284,2830,35,패치 슬롯 1119 | 한글 문자 | 기,번역 09-114/284 · 기 / 토큰 82 C1 / KANJI 2830 / 가나다순 35
1420,main,0,DC57~DC58,DC57,DC58,2,88 C5,0x04827 0x04828,0x04827~0x04828,0x04827,0x04828,false,95 DF,2,0,,hangul,1120,로,09,115,284,A070,122,패치 슬롯 1120 | 한글 문자 | 로,번역 09-115/284 · 로 / 토큰 88 C5 / KANJI A070 / 가나다순 122
1421,main,0,DC59~DC5A,DC59,DC5A,2,89 49,0x04829 0x0482A,0x04829~0x0482A,0x04829,0x0482A,false,82 A6,2,0,,hangul,1121,서,09,116,284,62A0,187,패치 슬롯 1121 | 한글 문자 | 서,번역 09-116/284 · 서 / 토큰 89 49 / KANJI 62A0 / 가나다순 187
1422,main,0,DC5B~DC5C,DC5B,DC5C,2,81 40,0x0482B 0x0482C,0x0482B~0x0482C,0x0482B,0x0482C,false,82 E7,2,0,,space,1122,␠,09,117,284,,,패치 슬롯 1122 | 전각 공백 | ␠,번역 09-117/284 · ␠ / 토큰 81 40 / PC-88 전각 공백 토큰
1423,main,0,DC5D~DC5E,DC5D,DC5E,2,82 9F,0x0482D 0x0482E,0x0482D~0x0482E,0x0482D,0x0482E,false,82 EA,1,0,,hangul,1123,가,09,118,284,1810,1,패치 슬롯 1123 | 한글 문자 | 가,번역 09-118/284 · 가 / 토큰 82 9F / KANJI 1810 / 가나다순 1
1424,main,0,DC5F~DC60,DC5F,DC60,2,89 99,0x0482F 0x04830,0x0482F~0x04830,0x0482F,0x04830,false,81 41,2,0,,hangul,1124,장,09,119,284,E390,266,패치 슬롯 1124 | 한글 문자 | 장,번역 09-119/284 · 장 / 토큰 89 99 / KANJI E390 / 가나다순 266
1425,main,0,DC61~DC62,DC61,DC62,2,81 40,0x04831 0x04832,0x04831~0x04832,0x04831,0x04832,false,8C A9,2,0,,space,1125,␠,09,120,284,,,패치 슬롯 1125 | 전각 공백 | ␠,번역 09-120/284 · ␠ / 토큰 81 40 / PC-88 전각 공백 토큰
1426,main,0,DC63~DC64,DC63,DC64,2,89 95,0x04833 0x04834,0x04833~0x04834,0x04833,0x04834,false,82 B9,2,0,,hangul,1126,잔,09,121,284,E350,262,패치 슬롯 1126 | 한글 문자 | 잔,번역 09-121/284 · 잔 / 토큰 89 95 / KANJI E350 / 가나다순 262
1427,main,0,DC65~DC66,DC65,DC66,2,89 F1,0x04835 0x04836,0x04835~0x04836,0x04835,0x04836,false,82 B5,2,0,,hangul,1127,혹,09,122,284,E530,354,패치 슬롯 1127 | 한글 문자 | 혹,번역 09-122/284 · 혹 / 토큰 89 F1 / KANJI E530 / 가나다순 354
1428,main,0,DC67~DC68,DC67,DC68,2,89 E2,0x04837 0x04838,0x04837~0x04838,0x04837,0x04838,false,82 DF,2,0,,hangul,1128,하,09,123,284,E440,339,패치 슬롯 1128 | 한글 문자 | 하,번역 09-123/284 · 하 / 토큰 89 E2 / KANJI E440 / 가나다순 339
1429,main,0,DC69~DC6A,DC69,DC6A,2,82 AB,0x04839 0x0483A,0x04839~0x0483A,0x04839,0x0483A,false,82 CC,1,0,,hangul,1129,게,09,124,284,18D0,13,패치 슬롯 1129 | 한글 문자 | 게,번역 09-124/284 · 게 / 토큰 82 AB / KANJI 18D0 / 가나다순 13
1430,main,0,DC6B,DC6B,DC6B,1,44,0x0483B,0x0483B,0x0483B,0x0483B,false,82,1,0,,control,,,,,,,,기존확인 제어 / 41~50 계열 CAA8[3] 슬롯 실행,41~50 계열 CAA8[3] 슬롯 실행 기존값 재사용; 41~50 계열 슬롯 실행; KANJI 해당 없음
1431,main,0,DC6C~DC6D,DC6C,DC6D,2,81 40,0x0483C 0x0483D,0x0483C~0x0483D,0x0483C,0x0483D,false,BD 82,2,0,,space,1130,␠,09,125,284,,,패치 슬롯 1130 | 전각 공백 | ␠,번역 09-125/284 · ␠ / 토큰 81 40 / PC-88 전각 공백 토큰
1432,main,0,DC6E~DC6F,DC6E,DC6F,2,89 BA,0x0483E 0x0483F,0x0483E~0x0483F,0x0483E,0x0483F,false,DF 81,2,0,,hangul,1131,처,09,126,284,65C0,299,패치 슬롯 1131 | 한글 문자 | 처,번역 09-126/284 · 처 / 토큰 89 BA / KANJI 65C0 / 가나다순 299
1433,main,0,DC70~DC71,DC70,DC71,2,89 EF,0x04840 0x04841,0x04840~0x04841,0x04840,0x04841,false,41 8D,2,0,,hangul,1132,형,09,127,284,E510,352,패치 슬롯 1132 | 한글 문자 | 형,번역 09-127/284 · 형 / 토큰 89 EF / KANJI E510 / 가나다순 352
1434,main,0,DC72~DC73,DC72,DC73,2,82 EB,0x04842 0x04843,0x04842~0x04843,0x04842,0x04843,false,C5 82,2,0,,hangul,1133,당,09,128,284,38D0,77,패치 슬롯 1133 | 한글 문자 | 당,번역 09-128/284 · 당 / 토큰 82 EB / KANJI 38D0 / 가나다순 77
1435,main,0,DC74~DC75,DC74,DC75,2,89 E9,0x04844 0x04845,0x04844~0x04845,0x04844,0x04845,false,E0 8E,2,0,,hangul,1134,했,09,129,284,E4B0,346,패치 슬롯 1134 | 한글 문자 | 했,번역 09-129/284 · 했 / 토큰 89 E9 / KANJI E4B0 / 가나다순 346
1436,main,0,DC76~DC77,DC76,DC77,2,82 E7,0x04846 0x04847,0x04846~0x04847,0x04846,0x04847,false,63 94,2,0,,hangul,1135,다,09,130,284,3890,73,패치 슬롯 1135 | 한글 문자 | 다,번역 09-130/284 · 다 / 토큰 82 E7 / KANJI 3890 / 가나다순 73
1437,main,0,DC78~DC79,DC78,DC79,2,81 42,0x04848 0x04849,0x04848~0x04849,0x04848,0x04849,false,45 82,2,0,,punctuation,1136,。,09,131,284,,,패치 슬롯 1136 | 문장부호 | 。,번역 09-131/284 · 。 / 토큰 81 42 / PC-88 전각 마침표 토큰
1438,main,0,DC7A,DC7A,DC7A,1,65,0x0484A,0x0484A,0x0484A,0x0484A,false,C8,1,0,,control,,,,,,,,기존확인 제어 / 61h 계열 CAA8[4] 작업슬롯 비활성화,61h 계열 CAA8[4] 작업슬롯 비활성화 기존값 재사용; 61h 계열 슬롯 비활성화; KANJI 해당 없음
1439,main,0,DC7B,DC7B,DC7B,1,66,0x0484B,0x0484B,0x0484B,0x0484B,false,82,1,0,,control,,,,,,,,기존확인 제어 / 61h 계열 CAA8[5] 작업슬롯 비활성화,61h 계열 CAA8[5] 작업슬롯 비활성화 기존값 재사용; 61h 계열 슬롯 비활성화; KANJI 해당 없음
1440,main,0,DC7C~DC7E,DC7C,DC7E,3,16 3C E6,0x0484C 0x0484D 0x0484E,0x0484C~0x0484E,0x0484C,0x0484E,false,E2 82 E8,3,0,,control,,,,,,,,신규확인 제어 / 16h 서브스트림 호출/전환 → E63C,16h 서브스트림 호출/전환 → E63C 신규 확인; 서브스트림 → E63C; KANJI 해당 없음
1441,substream,1,E63C,E63C,E63C,1,65,0x0522C,0x0522C,0x0522C,0x0522C,false,65,0,1,7,control,,,,,,,,기존확인 제어 / 61h 계열 CAA8[4] 작업슬롯 비활성화,61h 계열 CAA8[4] 작업슬롯 비활성화 기존값 재사용; 61h 계열 슬롯 비활성화; KANJI 해당 없음
1442,substream,1,E63D,E63D,E63D,1,66,0x0522D,0x0522D,0x0522D,0x0522D,false,66,0,1,8,control,,,,,,,,기존확인 제어 / 61h 계열 CAA8[5] 작업슬롯 비활성화,61h 계열 CAA8[5] 작업슬롯 비활성화 기존값 재사용; 61h 계열 슬롯 비활성화; KANJI 해당 없음
1443,substream,1,E63E~E642,E63E,E642,5,0F 04 0D 03 08,0x0522E 0x0522F 0x05230 0x05231 0x05232,0x0522E~0x05232,0x0522E,0x05232,false,0F 04 0D 03 08,0,5,9,control,,,,,,,,기존확인 제어 / 0F 계열 제어,0F 계열 제어토큰 기존값 재사용; KANJI 해당 없음
1444,substream,1,E643~E645,E643,E645,3,16 95 E7,0x05233 0x05234 0x05235,0x05233~0x05235,0x05233,0x05235,false,16 95 E7,0,3,10,control,,,,,,,,기존확인 제어 / 16h 서브스트림 호출/전환 → E795,16h 서브스트림 호출/전환 → E795 기존값 재사용; 서브스트림 → E795; KANJI 해당 없음
1445,substream,2,E795~E797,E795,E797,3,1E 3C 08,0x05385 0x05386 0x05387,0x05385~0x05387,0x05385,0x05387,false,1E 3C 08,0,3,11,control,,,,,,,,기존확인 제어 / 1E 간접 CALL/083C→0F12 계열,1E 간접 CALL / 083C→0F12 계열 기존값 재사용; KANJI 해당 없음
1446,substream,2,E798~E79D,E798,E79D,6,05 16 86 3A 9E 00,0x05388 0x05389 0x0538A 0x0538B 0x0538C 0x0538D,0x05388~0x0538D,0x05388,0x0538D,false,05 16 86 3A 9E 00,0,6,12,control,,,,,,,,기존확인 제어 / 05 계열 영역 전개/채움,05 계열 영역 전개/채움 기존값 재사용; KANJI 해당 없음
1447,substream,2,E79E~E7A2,E79E,E7A2,5,0E 16 20 24 80,0x0538E 0x0538F 0x05390 0x05391 0x05392,0x0538E~0x05392,0x0538E,0x05392,false,0E 16 20 24 80,0,5,13,control,,,,,,,,기존확인 제어 / 0E 계열 표시/버퍼 설정,0E 계열 표시/버퍼 설정 기존값 재사용; KANJI 해당 없음
1448,substream,2,E7A3,E7A3,E7A3,1,17,0x05393,0x05393,0x05393,0x05393,false,17,0,1,14,control,,,,,,,,기존확인 제어 / 17h 서브스트림 복귀,17h 서브스트림 복귀 기존값 재사용; 서브스트림 복귀; KANJI 해당 없음
1449,substream,1,E646~E648,E646,E648,3,13 A4 E7,0x05236 0x05237 0x05238,0x05236~0x05238,0x05236,0x05238,false,13 A4 E7,0,3,15,control,,,,,,,,기존확인 제어 / 13h 계열 제어,13h 계열 제어토큰 기존값 재사용; KANJI 해당 없음
1450,substream,1,E649~E64C,E649,E64C,4,14 00 16 22,0x05239 0x0523A 0x0523B 0x0523C,0x05239~0x0523C,0x05239,0x0523C,false,14 00 16 22,0,4,16,control,,,,,,,,기존확인 제어 / 14h 계열 버퍼/영역 처리,14h 계열 버퍼/영역 처리 기존값 재사용; KANJI 해당 없음
1451,substream,1,E64D~E650,E64D,E650,4,14 01 3B 00,0x0523D 0x0523E 0x0523F 0x05240,0x0523D~0x05240,0x0523D,0x05240,false,14 01 3B 00,0,4,17,control,,,,,,,,기존확인 제어 / 14h 계열 버퍼/영역 처리,14h 계열 버퍼/영역 처리 기존값 재사용; KANJI 해당 없음
1452,substream,1,E651~E654,E651,E654,4,04 AC E8 41,0x05241 0x05242 0x05243 0x05244,0x05241~0x05244,0x05241,0x05244,false,04 AC E8 41,0,4,18,control,,,,,,,,기존확인 제어 / 04h 계열 CAA8 슬롯 포인터 설정,04h 계열 CAA8 슬롯 포인터 설정 기존값 재사용; KANJI 해당 없음
1453,substream,1,E655~E658,E655,E658,4,04 B6 E8 42,0x05245 0x05246 0x05247 0x05248,0x05245~0x05248,0x05245,0x05248,false,04 B6 E8 42,0,4,19,control,,,,,,,,기존확인 제어 / 04h 계열 CAA8 슬롯 포인터 설정,04h 계열 CAA8 슬롯 포인터 설정 기존값 재사용; KANJI 해당 없음
1454,substream,1,E659~E65C,E659,E65C,4,04 C0 E8 43,0x05249 0x0524A 0x0524B 0x0524C,0x05249~0x0524C,0x05249,0x0524C,false,04 C0 E8 43,0,4,20,control,,,,,,,,기존확인 제어 / 04h 계열 CAA8 슬롯 포인터 설정,04h 계열 CAA8 슬롯 포인터 설정 기존값 재사용; KANJI 해당 없음
1455,substream,1,E65D~E65E,E65D,E65E,2,06 12,0x0524D 0x0524E,0x0524D~0x0524E,0x0524D,0x0524E,false,06 12,0,2,21,control,,,,,,,,기존확인 제어 / 06h 계열 상태 설정,06h 계열 상태 설정 기존값 재사용; KANJI 해당 없음
1456,substream,1,E65F~E660,E65F,E660,2,25 30,0x0524F 0x05250,0x0524F~0x05250,0x0524F,0x05250,false,25 30,0,2,22,control,,,,,,,,기존확인 제어 / 25h 계열 CA1D 입 파츠 인덱스 설정,25h 계열 CA1D 입 파츠 인덱스 설정 기존값 재사용; CA1D=30; KANJI 해당 없음
1457,substream,1,E661,E661,E661,1,17,0x05251,0x05251,0x05251,0x05251,false,17,0,1,23,control,,,,,,,,신규확인 제어 / 17h 서브스트림 복귀,17h 서브스트림 복귀 신규 확인; 서브스트림 복귀; KANJI 해당 없음
1458,main,0,DC7F,DC7F,DC7F,1,41,0x0484F,0x0484F,0x0484F,0x0484F,false,95,1,0,,control,,,,,,,,기존확인 제어 / 41~50 계열 CAA8[0] 슬롯 실행,41~50 계열 CAA8[0] 슬롯 실행 기존값 재사용; 41~50 계열 슬롯 실행; KANJI 해당 없음
1459,main,0,DC80~DC81,DC80,DC81,2,89 8D,0x04850 0x04851,0x04850~0x04851,0x04850,0x04851,false,FB 82,2,0,,hangul,1137,이,09,132,284,E2D0,254,패치 슬롯 1137 | 한글 문자 | 이,번역 09-132/284 · 이 / 토큰 89 8D / KANJI E2D0 / 가나다순 254
1460,main,0,DC82~DC83,DC82,DC83,2,81 40,0x04852 0x04853,0x04852~0x04853,0x04852,0x04853,false,C5 44,2,0,,space,1138,␠,09,133,284,,,패치 슬롯 1138 | 전각 공백 | ␠,번역 09-133/284 · ␠ / 토큰 81 40 / PC-88 전각 공백 토큰
1461,main,0,DC84~DC85,DC84,DC85,2,88 DF,0x04854 0x04855,0x04854~0x04855,0x04854,0x04855,false,8F 88,2,0,,hangul,1139,모,09,134,284,E010,148,패치 슬롯 1139 | 한글 문자 | 모,번역 09-134/284 · 모 / 토큰 88 DF / KANJI E010 / 가나다순 148
1462,main,0,DC86~DC87,DC86,DC87,2,88 A9,0x04856 0x04857,0x04856~0x04857,0x04856,0x04857,false,8C 59,2,0,,hangul,1140,든,09,135,284,60B0,94,패치 슬롯 1140 | 한글 문자 | 든,번역 09-135/284 · 든 / 토큰 88 A9 / KANJI 60B0 / 가나다순 94
1463,main,0,DC88~DC89,DC88,DC89,2,81 40,0x04858 0x04859,0x04858~0x04859,0x04858,0x04859,false,82 B3,2,0,,space,1141,␠,09,136,284,,,패치 슬롯 1141 | 전각 공백 | ␠,번역 09-136/284 · ␠ / 토큰 81 40 / PC-88 전각 공백 토큰
1464,main,0,DC8A~DC8B,DC8A,DC8B,2,89 41,0x0485A 0x0485B,0x0485A~0x0485B,0x0485A,0x0485B,false,82 EA,2,0,,hangul,1142,비,09,137,284,6220,179,패치 슬롯 1142 | 한글 문자 | 비,번역 09-137/284 · 비 / 토큰 89 41 / KANJI 6220 / 가나다순 179
1465,main,0,DC8C~DC8D,DC8C,DC8D,2,82 BE,0x0485C 0x0485D,0x0485C~0x0485D,0x0485C,0x0485D,false,82 C4,1,0,,hangul,1143,극,09,138,284,2800,32,패치 슬롯 1143 | 한글 문자 | 극,번역 09-138/284 · 극 / 토큰 82 BE / KANJI 2800 / 가나다순 32
1466,main,0,DC8E~DC8F,DC8E,DC8F,2,89 8C,0x0485E 0x0485F,0x0485E~0x0485F,0x0485E,0x0485F,false,82 A2,2,0,,hangul,1144,의,09,139,284,E2C0,253,패치 슬롯 1144 | 한글 문자 | 의,번역 09-139/284 · 의 / 토큰 89 8C / KANJI E2C0 / 가나다순 253
1467,main,0,DC90~DC91,DC90,DC91,2,81 40,0x04860 0x04861,0x04860~0x04861,0x04860,0x04861,false,82 C1,2,0,,space,1145,␠,09,140,284,,,패치 슬롯 1145 | 전각 공백 | ␠,번역 09-140/284 · ␠ / 토큰 81 40 / PC-88 전각 공백 토큰
1468,main,0,DC92~DC93,DC92,DC93,2,89 84,0x04862 0x04863,0x04862~0x04863,0x04862,0x04863,false,82 BD,2,0,,hangul,1146,원,09,141,284,E240,245,패치 슬롯 1146 | 한글 문자 | 원,번역 09-141/284 · 원 / 토큰 89 84 / KANJI E240 / 가나다순 245
1469,main,0,DC94~DC95,DC94,DC95,2,89 8E,0x04864 0x04865,0x04864~0x04865,0x04864,0x04865,false,81 42,2,0,,hangul,1147,인,09,142,284,E2E0,255,패치 슬롯 1147 | 한글 문자 | 인,번역 09-142/284 · 인 / 토큰 89 8E / KANJI E2E0 / 가나다순 255
1470,main,0,DC96~DC97,DC96,DC97,2,89 89,0x04866 0x04867,0x04866~0x04867,0x04866,0x04867,false,65 66,2,0,,hangul,1148,은,09,143,284,E290,250,패치 슬롯 1148 | 한글 문자 | 은,번역 09-143/284 · 은 / 토큰 89 89 / KANJI E290 / 가나다순 250
1471,main,0,DC98,DC98,DC98,1,42,0x04868,0x04868,0x04868,0x04868,false,16,1,0,,control,,,,,,,,기존확인 제어 / 41~50 계열 CAA8[1] 슬롯 실행,41~50 계열 CAA8[1] 슬롯 실행 기존값 재사용; 41~50 계열 슬롯 실행; KANJI 해당 없음
1472,main,0,DC99~DC9A,DC99,DC9A,2,81 40,0x04869 0x0486A,0x04869~0x0486A,0x04869,0x0486A,false,3C E6,2,0,,space,1149,␠,09,144,284,,,패치 슬롯 1149 | 전각 공백 | ␠,번역 09-144/284 · ␠ / 토큰 81 40 / PC-88 전각 공백 토큰
1473,main,0,DC9B~DC9C,DC9B,DC9C,2,82 AE,0x0486B 0x0486C,0x0486B~0x0486C,0x0486B,0x0486C,false,41 82,2,0,,hangul,1150,결,09,145,284,1900,16,패치 슬롯 1150 | 한글 문자 | 결,번역 09-145/284 · 결 / 토큰 82 AE / KANJI 1900 / 가나다순 16
1474,main,0,DC9D~DC9E,DC9D,DC9E,2,82 B8,0x0486D 0x0486E,0x0486D~0x0486E,0x0486D,0x0486E,false,BB 82,2,0,,hangul,1151,국,09,146,284,19A0,26,패치 슬롯 1151 | 한글 문자 | 국,번역 09-146/284 · 국 / 토큰 82 B8 / KANJI 19A0 / 가나다순 26
1475,main,0,DC9F~DCA0,DC9F,DCA0,2,81 40,0x0486F 0x04870,0x0486F~0x04870,0x0486F,0x04870,false,EA 82,2,0,,space,1152,␠,09,147,284,,,패치 슬롯 1152 | 전각 공백 | ␠,번역 09-147/284 · ␠ / 토큰 81 40 / PC-88 전각 공백 토큰
1476,main,0,DCA1~DCA2,DCA1,DCA2,2,88 C5,0x04871 0x04872,0x04871~0x04872,0x04871,0x04872,false,E0 82,2,0,,hangul,1153,로,09,148,284,A070,122,패치 슬롯 1153 | 한글 문자 | 로,번역 09-148/284 · 로 / 토큰 88 C5 / KANJI A070 / 가나다순 122
1477,main,0,DCA3~DCA4,DCA3,DCA4,2,82 BD,0x04873 0x04874,0x04873~0x04874,0x04873,0x04874,false,B1 82,2,0,,hangul,1154,그,09,149,284,19F0,31,패치 슬롯 1154 | 한글 문자 | 그,번역 09-149/284 · 그 / 토큰 82 BD / KANJI 19F0 / 가나다순 31
1478,main,0,DCA5~DCA6,DCA5,DCA6,2,88 C0,0x04875 0x04876,0x04875~0x04876,0x04875,0x04876,false,EA 82,2,0,,hangul,1155,레,09,150,284,A020,117,패치 슬롯 1155 | 한글 문자 | 레,번역 09-150/284 · 레 / 토큰 88 C0 / KANJI A020 / 가나다순 117
1479,main,0,DCA7~DCA8,DCA7,DCA8,2,89 56,0x04877 0x04878,0x04877~0x04878,0x04877,0x04878,false,E0 8C,2,0,,hangul,1156,스,09,151,284,6370,200,패치 슬롯 1156 | 한글 문자 | 스,번역 09-151/284 · 스 / 토큰 89 56 / KANJI 6370 / 가나다순 200
1480,main,0,DCA9~DCAA,DCA9,DCAA,2,82 E6,0x04879 0x0487A,0x04879~0x0487A,0x04879,0x0487A,false,B3 82,2,0,,hangul,1157,님,09,152,284,3880,72,패치 슬롯 1157 | 한글 문자 | 님,번역 09-152/284 · 님 / 토큰 82 E6 / KANJI 3880 / 가나다순 72
1481,main,0,DCAB~DCAC,DCAB,DCAC,2,89 8A,0x0487B 0x0487C,0x0487B~0x0487C,0x0487B,0x0487C,false,CD 82,2,0,,hangul,1158,을,09,153,284,E2A0,251,패치 슬롯 1158 | 한글 문자 | 을,번역 09-153/284 · 을 / 토큰 89 8A / KANJI E2A0 / 가나다순 251
1482,main,0,DCAD~DCAE,DCAD,DCAE,2,81 40,0x0487D 0x0487E,0x0487D~0x0487E,0x0487D,0x0487E,false,C6 82,2,0,,space,1159,␠,09,154,284,,,패치 슬롯 1159 | 전각 공백 | ␠,번역 09-154/284 · ␠ / 토큰 81 40 / PC-88 전각 공백 토큰
1483,main,0,DCAF~DCB0,DCAF,DCB0,2,89 AB,0x0487F 0x04880,0x0487F~0x04880,0x0487F,0x04880,false,A2 82,2,0,,hangul,1160,죽,09,155,284,64D0,284,패치 슬롯 1160 | 한글 문자 | 죽,번역 09-155/284 · 죽 / 토큰 89 AB / KANJI 64D0 / 가나다순 284
1484,main,0,DCB1~DCB2,DCB1,DCB2,2,89 8E,0x04881 0x04882,0x04881~0x04882,0x04881,0x04882,false,A6 82,2,0,,hangul,1161,인,09,156,284,E2E0,255,패치 슬롯 1161 | 한글 문자 | 인,번역 09-156/284 · 인 / 토큰 89 8E / KANJI E2E0 / 가나다순 255
1485,main,0,DCB3~DCB4,DCB3,DCB4,2,81 40,0x04883 0x04884,0x04883~0x04884,0x04883,0x04884,false,CE 81,2,0,,space,1162,␠,09,157,284,,,패치 슬롯 1162 | 전각 공백 | ␠,번역 09-157/284 · ␠ / 토큰 81 40 / PC-88 전각 공백 토큰
1486,main,0,DCB5~DCB6,DCB5,DCB6,2,82 D6,0x04885 0x04886,0x04885~0x04886,0x04885,0x04886,false,41 42,2,0,,hangul,1163,너,09,158,284,2980,56,패치 슬롯 1163 | 한글 문자 | 너,번역 09-158/284 · 너 / 토큰 82 D6 / KANJI 2980 / 가나다순 56
1487,main,0,DCB7~DCB8,DCB7,DCB8,2,81 40,0x04887 0x04888,0x04887~0x04888,0x04887,0x04888,false,82 B7,2,0,,space,1164,␠,09,159,284,,,패치 슬롯 1164 | 전각 공백 | ␠,번역 09-159/284 · ␠ / 토큰 81 40 / PC-88 전각 공백 토큰
1488,main,0,DCB9~DCBA,DCB9,DCBA,2,88 AD,0x04889 0x0488A,0x04889~0x0488A,0x04889,0x0488A,false,82 D7,2,0,,hangul,1165,때,09,160,284,60F0,98,패치 슬롯 1165 | 한글 문자 | 때,번역 09-160/284 · 때 / 토큰 88 AD / KANJI 60F0 / 가나다순 98
1489,main,0,DCBB~DCBC,DCBB,DCBC,2,88 E4,0x0488B 0x0488C,0x0488B~0x0488C,0x0488B,0x0488C,false,82 C4,2,0,,hangul,1166,문,09,161,284,E060,153,패치 슬롯 1166 | 한글 문자 | 문,번역 09-161/284 · 문 / 토큰 88 E4 / KANJI E060 / 가나다순 153
1490,main,0,DCBD~DCBE,DCBD,DCBE,2,89 8D,0x0488D 0x0488E,0x0488D~0x0488E,0x0488D,0x0488E,false,83 8D,1,0,,hangul,1167,이,09,162,284,E2D0,254,패치 슬롯 1167 | 한글 문자 | 이,번역 09-162/284 · 이 / 토큰 89 8D / KANJI E2D0 / 가나다순 254
1491,main,0,DCBF~DCC0,DCBF,DCC0,2,82 E7,0x0488F 0x04890,0x0488F~0x04890,0x0488F,0x04890,false,83 4F,2,0,,hangul,1168,다,09,163,284,3890,73,패치 슬롯 1168 | 한글 문자 | 다,번역 09-163/284 · 다 / 토큰 82 E7 / KANJI 3890 / 가나다순 73
1492,main,0,DCC1~DCC2,DCC1,DCC2,2,81 42,0x04891 0x04892,0x04891~0x04892,0x04891,0x04892,false,83 8C,2,0,,punctuation,1169,。,09,164,284,,,패치 슬롯 1169 | 문장부호 | 。,번역 09-164/284 · 。 / 토큰 81 42 / PC-88 전각 마침표 토큰
1493,main,0,DCC3~DCC4,DCC3,DCC4,2,89 45,0x04893 0x04894,0x04893~0x04894,0x04893,0x04894,false,83 58,2,0,,hangul,1170,살,09,165,284,6260,183,패치 슬롯 1170 | 한글 문자 | 살,번역 09-165/284 · 살 / 토큰 89 45 / KANJI 6260 / 가나다순 183
1494,main,0,DCC5~DCC6,DCC5,DCC6,2,89 60,0x04895 0x04896,0x04895~0x04896,0x04895,0x04896,false,97 6C,2,0,,hangul,1171,아,09,166,284,A210,210,패치 슬롯 1171 | 한글 문자 | 아,번역 09-166/284 · 아 / 토큰 89 60 / KANJI A210 / 가나다순 210
1495,main,0,DCC7~DCC8,DCC7,DCC8,2,82 D1,0x04897 0x04898,0x04897~0x04898,0x04897,0x04898,false,82 F0,1,0,,hangul,1172,남,09,167,284,2930,51,패치 슬롯 1172 | 한글 문자 | 남,번역 09-167/284 · 남 / 토큰 82 D1 / KANJI 2930 / 가나다순 51
1496,main,0,DCC9~DCCA,DCC9,DCCA,2,89 89,0x04899 0x0489A,0x04899~0x0489A,0x04899,0x0489A,false,96 53,2,0,,hangul,1173,은,09,168,284,E290,250,패치 슬롯 1173 | 한글 문자 | 은,번역 09-168/284 · 은 / 토큰 89 89 / KANJI E290 / 가나다순 250
1497,main,0,DCCB~DCCC,DCCB,DCCC,2,81 40,0x0489B 0x0489C,0x0489B~0x0489C,0x0489B,0x0489C,false,82 AB,2,0,,space,1174,␠,09,169,284,,,패치 슬롯 1174 | 전각 공백 | ␠,번역 09-169/284 · ␠ / 토큰 81 40 / PC-88 전각 공백 토큰
1498,main,0,DCCD~DCCE,DCCD,DCCE,2,89 81,0x0489D 0x0489E,0x0489D~0x0489E,0x0489D,0x0489E,false,8E D2,2,0,,hangul,1175,우,09,170,284,E210,242,패치 슬롯 1175 | 한글 문자 | 우,번역 09-170/284 · 우 / 토큰 89 81 / KANJI E210 / 가나다순 242
1499,main,0,DCCF~DCD0,DCCF,DCD0,2,88 CC,0x0489F 0x048A0,0x0489F~0x048A0,0x0489F,0x048A0,false,82 C9,2,0,,hangul,1176,리,09,171,284,A0E0,129,패치 슬롯 1176 | 한글 문자 | 리,번역 09-171/284 · 리 / 토큰 88 CC / KANJI A0E0 / 가나다순 129
1500,main,0,DCD1~DCD2,DCD1,DCD2,2,82 9F,0x048A1 0x048A2,0x048A1~0x048A2,0x048A1,0x048A2,false,82 B5,1,0,,hangul,1177,가,09,172,284,1810,1,패치 슬롯 1177 | 한글 문자 | 가,번역 09-172/284 · 가 / 토큰 82 9F / KANJI 1810 / 가나다순 1
1501,main,0,DCD3~DCD4,DCD3,DCD4,2,81 40,0x048A3 0x048A4,0x048A3~0x048A4,0x048A3,0x048A4,false,82 BD,2,0,,space,1178,␠,09,173,284,,,패치 슬롯 1178 | 전각 공백 | ␠,번역 09-173/284 · ␠ / 토큰 81 40 / PC-88 전각 공백 토큰
1502,main,0,DCD5~DCD6,DCD5,DCD6,2,89 E5,0x048A5 0x048A6,0x048A5~0x048A6,0x048A5,0x048A6,false,82 A8,2,0,,hangul,1179,할,09,174,284,E470,342,패치 슬롯 1179 | 한글 문자 | 할,번역 09-174/284 · 할 / 토큰 89 E5 / KANJI E470 / 가나다순 342
1503,main,0,DCD7~DCD8,DCD7,DCD8,2,81 40,0x048A7 0x048A8,0x048A7~0x048A8,0x048A7,0x048A8,false,82 DC,2,0,,space,1180,␠,09,175,284,,,패치 슬롯 1180 | 전각 공백 | ␠,번역 09-175/284 · ␠ / 토큰 81 40 / PC-88 전각 공백 토큰
1504,main,0,DCD9~DCDA,DCD9,DCDA,2,89 54,0x048A9 0x048AA,0x048A9~0x048AA,0x048A9,0x048AA,false,82 A6,2,0,,hangul,1181,수,09,176,284,6350,198,패치 슬롯 1181 | 한글 문자 | 수,번역 09-176/284 · 수 / 토큰 89 54 / KANJI 6350 / 가나다순 198
1505,main,0,DCDB~DCDC,DCDB,DCDC,2,81 40,0x048AB 0x048AC,0x048AB~0x048AC,0x048AB,0x048AC,false,82 CC,2,0,,space,1182,␠,09,177,284,,,패치 슬롯 1182 | 전각 공백 | ␠,번역 09-177/284 · ␠ / 토큰 81 40 / PC-88 전각 공백 토큰
1506,main,0,DCDD~DCDE,DCDD,DCDE,2,89 92,0x048AD 0x048AE,0x048AD~0x048AE,0x048AD,0x048AE,false,8E 64,2,0,,hangul,1183,있,09,178,284,E320,259,패치 슬롯 1183 | 한글 문자 | 있,번역 09-178/284 · 있 / 토큰 89 92 / KANJI E320 / 가나다순 259
1507,main,0,DCDF~DCE0,DCDF,DCE0,2,82 E3,0x048AF 0x048B0,0x048AF~0x048B0,0x048AF,0x048B0,false,8B C6,2,0,,hangul,1184,는,09,179,284,3850,69,패치 슬롯 1184 | 한글 문자 | 는,번역 09-179/284 · 는 / 토큰 82 E3 / KANJI 3850 / 가나다순 69
1508,main,0,DCE1~DCE2,DCE1,DCE2,2,81 40,0x048B1 0x048B2,0x048B1~0x048B2,0x048B1,0x048B2,false,81 41,1,0,,space,1185,␠,09,180,284,,,패치 슬롯 1185 | 전각 공백 | ␠,번역 09-180/284 · ␠ / 토큰 81 40 / PC-88 전각 공백 토큰
1509,main,0,DCE3~DCE4,DCE3,DCE4,2,82 A7,0x048B3 0x048B4,0x048B3~0x048B4,0x048B3,0x048B4,false,8E 63,2,0,,hangul,1186,건,09,181,284,1890,9,패치 슬롯 1186 | 한글 문자 | 건,번역 09-181/284 · 건 / 토큰 82 A7 / KANJI 1890 / 가나다순 9
1510,main,0,DCE5~DCE6,DCE5,DCE6,2,81 40,0x048B5 0x048B6,0x048B5~0x048B6,0x048B5,0x048B6,false,82 B3,2,0,,space,1187,␠,09,182,284,,,패치 슬롯 1187 | 전각 공백 | ␠,번역 09-182/284 · ␠ / 토큰 81 40 / PC-88 전각 공백 토큰
1511,main,0,DCE7~DCE8,DCE7,DCE8,2,89 86,0x048B7 0x048B8,0x048B7~0x048B8,0x048B7,0x048B8,false,82 EA,2,0,,hangul,1188,유,09,183,284,E260,247,패치 슬롯 1188 | 한글 문자 | 유,번역 09-183/284 · 유 / 토큰 89 86 / KANJI E260 / 가나다순 247
1512,main,0,DCE9~DCEA,DCE9,DCEA,2,89 C5,0x048B9 0x048BA,0x048B9~0x048BA,0x048B9,0x048BA,false,82 BD,2,0,,hangul,1189,코,09,184,284,A470,310,패치 슬롯 1189 | 한글 문자 | 코,번역 09-184/284 · 코 / 토큰 89 C5 / KANJI A470 / 가나다순 310
1513,main,0,DCEB~DCEC,DCEB,DCEC,2,81 41,0x048BB 0x048BC,0x048BB~0x048BC,0x048BB,0x048BC,false,89 E4,2,0,,punctuation,1190,、,09,185,284,,,패치 슬롯 1190 | 문장부호 | 、,번역 09-185/284 · 、 / 토큰 81 41 / PC-88 전각 쉼표 토큰
1514,main,0,DCED~DCEE,DCED,DCEE,2,82 D7,0x048BD 0x048BE,0x048BD~0x048BE,0x048BD,0x048BE,false,82 E7,1,0,,hangul,1191,널,09,186,284,2990,57,패치 슬롯 1191 | 한글 문자 | 널,번역 09-186/284 · 널 / 토큰 82 D7 / KANJI 2990 / 가나다순 57
1515,main,0,DCEF~DCF0,DCEF,DCF0,2,81 40,0x048BF 0x048C0,0x048BF~0x048C0,0x048BF,0x048C0,false,82 C9,2,0,,space,1192,␠,09,187,284,,,패치 슬롯 1192 | 전각 공백 | ␠,번역 09-187/284 · ␠ / 토큰 81 40 / PC-88 전각 공백 토큰
1516,main,0,DCF1~DCF2,DCF1,DCF2,2,89 AB,0x048C1 0x048C2,0x048C1~0x048C2,0x048C1,0x048C2,false,82 C5,2,0,,hangul,1193,죽,09,188,284,64D0,284,패치 슬롯 1193 | 한글 문자 | 죽,번역 09-188/284 · 죽 / 토큰 89 AB / KANJI 64D0 / 가나다순 284
1517,main,0,DCF3~DCF4,DCF3,DCF4,2,89 8D,0x048C3 0x048C4,0x048C3~0x048C4,0x048C3,0x048C4,false,82 AB,2,0,,hangul,1194,이,09,189,284,E2D0,254,패치 슬롯 1194 | 한글 문자 | 이,번역 09-189/284 · 이 / 토큰 89 8D / KANJI E2D0 / 가나다순 254
1518,main,0,DCF5~DCF6,DCF5,DCF6,2,82 E3,0x048C5 0x048C6,0x048C5~0x048C6,0x048C5,0x048C6,false,82 E9,1,0,,hangul,1195,는,09,190,284,3850,69,패치 슬롯 1195 | 한글 문자 | 는,번역 09-190/284 · 는 / 토큰 82 E3 / KANJI 3850 / 가나다순 69
1519,main,0,DCF7~DCF8,DCF7,DCF8,2,81 40,0x048C7 0x048C8,0x048C7~0x048C8,0x048C7,0x048C8,false,82 B1,2,0,,space,1196,␠,09,191,284,,,패치 슬롯 1196 | 전각 공백 | ␠,번역 09-191/284 · ␠ / 토큰 81 40 / PC-88 전각 공백 토큰
1520,main,0,DCF9~DCFA,DCF9,DCFA,2,88 F5,0x048C9 0x048CA,0x048C9~0x048CA,0x048C9,0x048CA,false,82 C6,2,0,,hangul,1197,복,09,192,284,E170,170,패치 슬롯 1197 | 한글 문자 | 복,번역 09-192/284 · 복 / 토큰 88 F5 / KANJI E170 / 가나다순 170
1521,main,0,DCFB~DCFC,DCFB,DCFC,2,89 54,0x048CB 0x048CC,0x048CB~0x048CC,0x048CB,0x048CC,false,82 CD,2,0,,hangul,1198,수,09,193,284,6350,198,패치 슬롯 1198 | 한글 문자 | 수,번역 09-193/284 · 수 / 토큰 89 54 / KANJI 6350 / 가나다순 198
1522,main,0,DCFD~DCFE,DCFD,DCFE,2,89 42,0x048CD 0x048CE,0x048CD~0x048CE,0x048CD,0x048CE,false,81 41,2,0,,hangul,1199,뿐,09,194,284,6230,180,패치 슬롯 1199 | 한글 문자 | 뿐,번역 09-194/284 · 뿐 / 토큰 89 42 / KANJI 6230 / 가나다순 180
1523,main,0,DCFF~DD00,DCFF,DD00,2,89 8D,0x048CF 0x048D0,0x048CF~0x048D0,0x048CF,0x048D0,false,97 44,2,0,,hangul,1200,이,09,195,284,E2D0,254,패치 슬롯 1200 | 한글 문자 | 이,번역 09-195/284 · 이 / 토큰 89 8D / KANJI E2D0 / 가나다순 254
1524,main,0,DD01~DD02,DD01,DD02,2,82 E7,0x048D1 0x048D2,0x048D1~0x048D2,0x048D1,0x048D2,false,8E 71,2,0,,hangul,1201,다,09,196,284,3890,73,패치 슬롯 1201 | 한글 문자 | 다,번역 09-196/284 · 다 / 토큰 82 E7 / KANJI 3890 / 가나다순 73
1525,main,0,DD03~DD04,DD03,DD04,2,81 49,0x048D3 0x048D4,0x048D3~0x048D4,0x048D3,0x048D4,false,81 41,1,0,,punctuation,1202,！,09,197,284,,,패치 슬롯 1202 | 문장부호 | ！,번역 09-197/284 · ！ / 토큰 81 49 / PC-88 전각 느낌표 토큰
1526,main,0,DD05~DD06,DD05,DD06,2,81 40,0x048D5 0x048D6,0x048D5~0x048D6,0x048D5,0x048D6,false,82 A8,2,0,,space,1203,␠,09,198,284,,,패치 슬롯 1203 | 전각 공백 | ␠,번역 09-198/284 · ␠ / 토큰 81 40 / PC-88 전각 공백 토큰
1527,main,0,DD07,DD07,DD07,1,42,0x048D7,0x048D7,0x048D7,0x048D7,false,82,1,0,,control,,,,,,,,기존확인 제어 / 42 계열 CAA8[1] 슬롯 실행,42 계열 CAA8[1] 슬롯 실행 기존값 재사용; 41~50 계열 슬롯 실행; KANJI 해당 없음
1528,main,0,DD08~DD09,DD08,DD09,2,82 BD,0x048D8 0x048D9,0x048D8~0x048D9,0x048D8,0x048D9,false,DC 82,2,0,,hangul,1204,그,09,199,284,19F0,31,패치 슬롯 1204 | 한글 문자 | 그,번역 09-199/284 · 그 / 토큰 82 BD / KANJI 19F0 / 가나다순 31
1529,main,0,DD0A~DD0B,DD0A,DD0B,2,88 FB,0x048DA 0x048DB,0x048DA~0x048DB,0x048DA,0x048DB,false,A6 82,2,0,,hangul,1205,분,09,200,284,E1D0,176,패치 슬롯 1205 | 한글 문자 | 분,번역 09-200/284 · 분 / 토큰 88 FB / KANJI E1D0 / 가나다순 176
1530,main,0,DD0C~DD0D,DD0C,DD0D,2,89 8C,0x048DC 0x048DD,0x048DC~0x048DD,0x048DC,0x048DD,false,D6 82,2,0,,hangul,1206,의,09,201,284,E2C0,253,패치 슬롯 1206 | 한글 문자 | 의,번역 09-201/284 · 의 / 토큰 89 8C / KANJI E2C0 / 가나다순 253
1531,main,0,DD0E~DD0F,DD0E,DD0F,2,81 40,0x048DE 0x048DF,0x048DE~0x048DF,0x048DE,0x048DF,false,CC 95,2,0,,space,1207,␠,09,202,284,,,패치 슬롯 1207 | 전각 공백 | ␠,번역 09-202/284 · ␠ / 토큰 81 40 / PC-88 전각 공백 토큰
1532,main,0,DD10~DD11,DD10,DD11,2,89 84,0x048E0 0x048E1,0x048E0~0x048E1,0x048E0,0x048E1,false,9C 8F,2,0,,hangul,1208,원,09,203,284,E240,245,패치 슬롯 1208 | 한글 문자 | 원,번역 09-203/284 · 원 / 토큰 89 84 / KANJI E240 / 가나다순 245
1533,main,0,DD12~DD13,DD12,DD13,2,89 54,0x048E2 0x048E3,0x048E2~0x048E3,0x048E2,0x048E3,false,51 82,2,0,,hangul,1209,수,09,204,284,6350,198,패치 슬롯 1209 | 한글 문자 | 수,번역 09-204/284 · 수 / 토큰 89 54 / KANJI 6350 / 가나다순 198
1534,main,0,DD14~DD15,DD14,DD15,2,88 CA,0x048E4 0x048E5,0x048E4~0x048E5,0x048E4,0x048E5,false,BE 82,2,0,,hangul,1210,를,09,205,284,A0C0,127,패치 슬롯 1210 | 한글 문자 | 를,번역 09-205/284 · 를 / 토큰 88 CA / KANJI A0C0 / 가나다순 127
1535,main,0,DD16~DD17,DD16,DD17,2,81 40,0x048E6 0x048E7,0x048E6~0x048E7,0x048E6,0x048E7,false,AF 82,2,0,,space,1211,␠,09,206,284,,,패치 슬롯 1211 | 전각 공백 | ␠,번역 09-206/284 · ␠ / 토큰 81 40 / PC-88 전각 공백 토큰
1536,main,0,DD18~DD19,DD18,DD19,2,82 A5,0x048E8 0x048E9,0x048E8~0x048E9,0x048E8,0x048E9,false,BE 81,2,0,,hangul,1212,갚,09,207,284,1870,7,패치 슬롯 1212 | 한글 문자 | 갚,번역 09-207/284 · 갚 / 토큰 82 A5 / KANJI 1870 / 가나다순 7
1537,main,0,DD1A~DD1B,DD1A,DD1B,2,89 B3,0x048EA 0x048EB,0x048EA~0x048EB,0x048EA,0x048EB,false,49 81,2,0,,hangul,1213,지,09,208,284,6550,292,패치 슬롯 1213 | 한글 문자 | 지,번역 09-208/284 · 지 / 토큰 89 B3 / KANJI 6550 / 가나다순 292
1538,main,0,DD1C~DD1D,DD1C,DD1D,2,81 40,0x048EC 0x048ED,0x048EC~0x048ED,0x048EC,0x048ED,false,40 42,2,0,,space,1214,␠,09,209,284,,,패치 슬롯 1214 | 전각 공백 | ␠,번역 09-209/284 · ␠ / 토큰 81 40 / PC-88 전각 공백 토큰
1539,main,0,DD1E~DD1F,DD1E,DD1F,2,88 E2,0x048EE 0x048EF,0x048EE~0x048EF,0x048EE,0x048EF,false,82 B9,2,0,,hangul,1215,못,09,210,284,E040,151,패치 슬롯 1215 | 한글 문자 | 못,번역 09-210/284 · 못 / 토큰 88 E2 / KANJI E040 / 가나다순 151
1540,main,0,DD20~DD21,DD20,DD21,2,89 E2,0x048F0 0x048F1,0x048F0~0x048F1,0x048F0,0x048F1,false,82 DF,2,0,,hangul,1216,하,09,211,284,E440,339,패치 슬롯 1216 | 한글 문자 | 하,번역 09-211/284 · 하 / 토큰 89 E2 / KANJI E440 / 가나다순 339
1541,main,0,DD22~DD23,DD22,DD23,2,88 DC,0x048F2 0x048F3,0x048F2~0x048F3,0x048F2,0x048F3,false,82 C4,2,0,,hangul,1217,면,09,212,284,A1E0,145,패치 슬롯 1217 | 한글 문자 | 면,번역 09-212/284 · 면 / 토큰 88 DC / KANJI A1E0 / 가나다순 145
1542,main,0,DD24~DD25,DD24,DD25,2,81 40,0x048F4 0x048F5,0x048F4~0x048F5,0x048F4,0x048F5,false,83 8D,2,0,,space,1218,␠,09,213,284,,,패치 슬롯 1218 | 전각 공백 | ␠,번역 09-213/284 · ␠ / 토큰 81 40 / PC-88 전각 공백 토큰
1543,main,0,DD26~DD27,DD26,DD27,2,89 AB,0x048F6 0x048F7,0x048F6~0x048F7,0x048F6,0x048F7,false,83 4F,2,0,,hangul,1219,죽,09,214,284,64D0,284,패치 슬롯 1219 | 한글 문자 | 죽,번역 09-214/284 · 죽 / 토큰 89 AB / KANJI 64D0 / 가나다순 284
1544,main,0,DD28~DD29,DD28,DD29,2,89 6C,0x048F8 0x048F9,0x048F8~0x048F9,0x048F8,0x048F9,false,83 8C,2,0,,hangul,1220,어,09,215,284,A2D0,222,패치 슬롯 1220 | 한글 문자 | 어,번역 09-215/284 · 어 / 토큰 89 6C / KANJI A2D0 / 가나다순 222
1545,main,0,DD2A~DD2B,DD2A,DD2B,2,82 F1,0x048FA 0x048FB,0x048FA~0x048FB,0x048FA,0x048FB,false,83 58,2,0,,hangul,1221,도,09,216,284,3930,83,패치 슬롯 1221 | 한글 문자 | 도,번역 09-216/284 · 도 / 토큰 82 F1 / KANJI 3930 / 가나다순 83
1546,main,0,DD2C~DD2D,DD2C,DD2D,2,81 40,0x048FC 0x048FD,0x048FC~0x048FD,0x048FC,0x048FD,false,97 6C,2,0,,space,1222,␠,09,217,284,,,패치 슬롯 1222 | 전각 공백 | ␠,번역 09-217/284 · ␠ / 토큰 81 40 / PC-88 전각 공백 토큰
1547,main,0,DD2E~DD2F,DD2E,DD2F,2,82 E0,0x048FE 0x048FF,0x048FE~0x048FF,0x048FE,0x048FF,false,82 CC,1,0,,hangul,1223,눈,09,218,284,3820,66,패치 슬롯 1223 | 한글 문자 | 눈,번역 09-218/284 · 눈 / 토큰 82 E0 / KANJI 3820 / 가나다순 66
1548,main,0,DD30~DD31,DD30,DD31,2,89 8A,0x04900 0x04901,0x04900~0x04901,0x04900,0x04901,false,82 A9,2,0,,hangul,1224,을,09,219,284,E2A0,251,패치 슬롯 1224 | 한글 문자 | 을,번역 09-219/284 · 을 / 토큰 89 8A / KANJI E2A0 / 가나다순 251
1549,main,0,DD32~DD33,DD32,DD33,2,81 40,0x04902 0x04903,0x04902~0x04903,0x04902,0x04903,false,82 BD,2,0,,space,1225,␠,09,220,284,,,패치 슬롯 1225 | 전각 공백 | ␠,번역 09-220/284 · ␠ / 토큰 81 40 / PC-88 전각 공백 토큰
1550,main,0,DD34~DD35,DD34,DD35,2,82 A3,0x04904 0x04905,0x04904~0x04905,0x04904,0x04905,false,82 AB,1,0,,hangul,1226,감,09,221,284,1850,5,패치 슬롯 1226 | 한글 문자 | 감,번역 09-221/284 · 감 / 토큰 82 A3 / KANJI 1850 / 가나다순 5
1551,main,0,DD36~DD37,DD36,DD37,2,89 B3,0x04906 0x04907,0x04906~0x04907,0x04906,0x04907,false,82 F0,2,0,,hangul,1227,지,09,222,284,6550,292,패치 슬롯 1227 | 한글 문자 | 지,번역 09-222/284 · 지 / 토큰 89 B3 / KANJI 6550 / 가나다순 292
1552,main,0,DD38~DD39,DD38,DD39,2,81 40,0x04908 0x04909,0x04908~0x04909,0x04908,0x04909,false,91 C5,2,0,,space,1228,␠,09,223,284,,,패치 슬롯 1228 | 전각 공백 | ␠,번역 09-223/284 · ␠ / 토큰 81 40 / PC-88 전각 공백 토큰
1553,main,0,DD3A~DD3B,DD3A,DD3B,2,88 E2,0x0490A 0x0490B,0x0490A~0x0490B,0x0490A,0x0490B,false,82 BD,2,0,,hangul,1229,못,09,224,284,E040,151,패치 슬롯 1229 | 한글 문자 | 못,번역 09-224/284 · 못 / 토큰 88 E2 / KANJI E040 / 가나다순 151
1554,main,0,DD3C~DD3D,DD3C,DD3D,2,89 E4,0x0490C 0x0490D,0x0490C~0x0490D,0x0490C,0x0490D,false,82 CB,2,0,,hangul,1230,한,09,225,284,E460,341,패치 슬롯 1230 | 한글 문자 | 한,번역 09-225/284 · 한 / 토큰 89 E4 / KANJI E460 / 가나다순 341
1555,main,0,DD3E~DD3F,DD3E,DD3F,2,82 E7,0x0490E 0x0490F,0x0490E~0x0490F,0x0490E,0x0490F,false,82 CE,1,0,,hangul,1231,다,09,226,284,3890,73,패치 슬롯 1231 | 한글 문자 | 다,번역 09-226/284 · 다 / 토큰 82 E7 / KANJI 3890 / 가나다순 73
1556,main,0,DD40~DD41,DD40,DD41,2,81 49,0x04910 0x04911,0x04910~0x04911,0x04910,0x04911,false,81 41,1,0,,punctuation,1232,！,09,227,284,,,패치 슬롯 1232 | 문장부호 | ！,번역 09-227/284 · ！ / 토큰 81 49 / PC-88 전각 느낌표 토큰
1557,main,0,DD42~DD43,DD42,DD43,2,81 49,0x04912 0x04913,0x04912~0x04913,0x04912,0x04913,false,8E 80,2,0,,punctuation,1233,！,09,228,284,,,패치 슬롯 1233 | 문장부호 | ！,번역 09-228/284 · ！ / 토큰 81 49 / PC-88 전각 느낌표 토큰
1558,main,0,DD44~DD45,DD44,DD45,2,81 40,0x04914 0x04915,0x04914~0x04915,0x04914,0x04915,false,82 F1,2,0,,space,1234,␠,09,229,284,,,패치 슬롯 1234 | 전각 공백 | ␠,번역 09-229/284 · ␠ / 토큰 81 40 / PC-88 전각 공백 토큰
1559,main,0,DD46,DD46,DD46,1,42,0x04916,0x04916,0x04916,0x04916,false,82,1,0,,control,,,,,,,,기존확인 제어 / 42 계열 CAA8[1] 슬롯 실행,42 계열 CAA8[1] 슬롯 실행 기존값 재사용; 41~50 계열 슬롯 실행; KANJI 해당 없음
1560,main,0,DD47~DD48,DD47,DD48,2,88 E9,0x04917 0x04918,0x04917~0x04918,0x04917,0x04918,false,C5 82,2,0,,hangul,1235,바,09,230,284,E0B0,158,패치 슬롯 1235 | 한글 문자 | 바,번역 09-230/284 · 바 / 토큰 88 E9 / KANJI E0B0 / 가나다순 158
1561,main,0,DD49~DD4A,DD49,DD4A,2,88 CC,0x04919 0x0491A,0x04919~0x0491A,0x04919,0x0491A,false,E0 8E,2,0,,hangul,1236,리,09,231,284,A0E0,129,패치 슬롯 1236 | 한글 문자 | 리,번역 09-231/284 · 리 / 토큰 88 CC / KANJI A0E0 / 가나다순 129
1562,main,0,DD4B~DD4C,DD4B,DD4C,2,89 56,0x0491B 0x0491C,0x0491B~0x0491C,0x0491B,0x0491C,false,80 82,2,0,,hangul,1237,스,09,232,284,6370,200,패치 슬롯 1237 | 한글 문자 | 스,번역 09-232/284 · 스 / 토큰 89 56 / KANJI 6370 / 가나다순 200
1563,main,0,DD4D~DD4E,DD4D,DD4E,2,89 8C,0x0491D 0x0491E,0x0491D~0x0491E,0x0491D,0x0491E,false,C9 90,2,0,,hangul,1238,의,09,233,284,E2C0,253,패치 슬롯 1238 | 한글 문자 | 의,번역 09-233/284 · 의 / 토큰 89 8C / KANJI E2C0 / 가나다순 253
1564,main,0,DD4F~DD50,DD4F,DD50,2,81 40,0x0491F 0x04920,0x0491F~0x04920,0x0491F,0x04920,false,D8 82,2,0,,space,1239,␠,09,234,284,,,패치 슬롯 1239 | 전각 공백 | ␠,번역 09-234/284 · ␠ / 토큰 81 40 / PC-88 전각 공백 토큰
1565,main,0,DD51~DD52,DD51,DD52,2,89 9D,0x04921 0x04922,0x04921~0x04922,0x04921,0x04922,false,EA 82,2,0,,hangul,1240,전,09,235,284,E3D0,270,패치 슬롯 1240 | 한글 문자 | 전,번역 09-235/284 · 전 / 토큰 89 9D / KANJI E3D0 / 가나다순 270
1566,main,0,DD53~DD54,DD53,DD54,2,89 43,0x04923 0x04924,0x04923~0x04924,0x04923,0x04924,false,F1 81,2,0,,hangul,1241,사,09,236,284,6240,181,패치 슬롯 1241 | 한글 문자 | 사,번역 09-236/284 · 사 / 토큰 89 43 / KANJI 6240 / 가나다순 181
1567,main,0,DD55~DD56,DD55,DD56,2,89 72,0x04925 0x04926,0x04925~0x04926,0x04925,0x04926,false,49 81,2,0,,hangul,1242,여,09,237,284,A330,228,패치 슬롯 1242 | 한글 문자 | 여,번역 09-237/284 · 여 / 토큰 89 72 / KANJI A330 / 가나다순 228
1568,main,0,DD57~DD58,DD57,DD58,2,81 41,0x04927 0x04928,0x04927~0x04928,0x04927,0x04928,false,49 81,2,0,,punctuation,1243,、,09,238,284,,,패치 슬롯 1243 | 문장부호 | 、,번역 09-238/284 · 、 / 토큰 81 41 / PC-88 전각 쉼표 토큰
1569,main,0,DD59~DD5A,DD59,DD5A,2,89 8D,0x04929 0x0492A,0x04929~0x0492A,0x04929,0x0492A,false,40 42,2,0,,hangul,1244,이,09,239,284,E2D0,254,패치 슬롯 1244 | 한글 문자 | 이,번역 09-239/284 · 이 / 토큰 89 8D / KANJI E2D0 / 가나다순 254
1570,main,0,DD5B~DD5C,DD5B,DD5C,2,88 F1,0x0492B 0x0492C,0x0492B~0x0492C,0x0492B,0x0492C,false,82 B3,2,0,,hangul,1245,번,09,240,284,E130,166,패치 슬롯 1245 | 한글 문자 | 번,번역 09-240/284 · 번 / 토큰 88 F1 / KANJI E130 / 가나다순 166
1571,main,0,DD5D~DD5E,DD5D,DD5E,2,89 71,0x0492D 0x0492E,0x0492D~0x0492E,0x0492D,0x0492E,false,82 A0,2,0,,hangul,1246,엔,09,241,284,A320,227,패치 슬롯 1246 | 한글 문자 | 엔,번역 09-241/284 · 엔 / 토큰 89 71 / KANJI A320 / 가나다순 227
1572,main,0,DD5F~DD60,DD5F,DD60,2,81 40,0x0492F 0x04930,0x0492F~0x04930,0x0492F,0x04930,false,83 94,2,0,,space,1247,␠,09,242,284,,,패치 슬롯 1247 | 전각 공백 | ␠,번역 09-242/284 · ␠ / 토큰 81 40 / PC-88 전각 공백 토큰
1573,main,0,DD61~DD62,DD61,DD62,2,82 D9,0x04931 0x04932,0x04931~0x04932,0x04931,0x04932,false,83 40,2,0,,hangul,1248,네,09,243,284,29B0,59,패치 슬롯 1248 | 한글 문자 | 네,번역 09-243/284 · 네 / 토큰 82 D9 / KANJI 29B0 / 가나다순 59
1574,main,0,DD63~DD64,DD63,DD64,2,82 9F,0x04933 0x04934,0x04933~0x04934,0x04933,0x04934,false,83 8A,2,0,,hangul,1249,가,09,244,284,1810,1,패치 슬롯 1249 | 한글 문자 | 가,번역 09-244/284 · 가 / 토큰 82 9F / KANJI 1810 / 가나다순 1
1575,main,0,DD65~DD66,DD65,DD66,2,81 40,0x04935 0x04936,0x04935~0x04936,0x04935,0x04936,false,83 58,2,0,,space,1250,␠,09,245,284,,,패치 슬롯 1250 | 전각 공백 | ␠,번역 09-245/284 · ␠ / 토큰 81 40 / PC-88 전각 공백 토큰
1576,main,0,DD67~DD68,DD67,DD68,2,89 B3,0x04937 0x04938,0x04937~0x04938,0x04937,0x04938,false,82 CC,2,0,,hangul,1251,지,09,246,284,6550,292,패치 슬롯 1251 | 한글 문자 | 지,번역 09-246/284 · 지 / 토큰 89 B3 / KANJI 6550 / 가나다순 292
1577,main,0,DD69~DD6A,DD69,DD6A,2,89 77,0x04939 0x0493A,0x04939~0x0493A,0x04939,0x0493A,false,90 ED,2,0,,hangul,1252,옥,09,247,284,A380,233,패치 슬롯 1252 | 한글 문자 | 옥,번역 09-247/284 · 옥 / 토큰 89 77 / KANJI A380 / 가나다순 233
1578,main,0,DD6B~DD6C,DD6B,DD6C,2,89 8A,0x0493B 0x0493C,0x0493B~0x0493C,0x0493B,0x0493C,false,8E 6D,2,0,,hangul,1253,을,09,248,284,E2A0,251,패치 슬롯 1253 | 한글 문자 | 을,번역 09-248/284 · 을 / 토큰 89 8A / KANJI E2A0 / 가나다순 251
1579,main,0,DD6D~DD6E,DD6D,DD6E,2,81 40,0x0493D 0x0493E,0x0493D~0x0493E,0x0493D,0x0493E,false,82 E6,2,0,,space,1254,␠,09,249,284,,,패치 슬롯 1254 | 전각 공백 | ␠,번역 09-249/284 · ␠ / 토큰 81 40 / PC-88 전각 공백 토큰
1580,main,0,DD6F~DD70,DD6F,DD70,2,88 D5,0x0493F 0x04940,0x0493F~0x04940,0x0493F,0x04940,false,81 41,2,0,,hangul,1255,맛,09,250,284,A170,138,패치 슬롯 1255 | 한글 문자 | 맛,번역 09-250/284 · 맛 / 토큰 88 D5 / KANJI A170 / 가나다순 138
1581,main,0,DD71~DD72,DD71,DD72,2,88 F7,0x04941 0x04942,0x04941~0x04942,0x04941,0x04942,false,8D A1,2,0,,hangul,1256,볼,09,251,284,E190,172,패치 슬롯 1256 | 한글 문자 | 볼,번역 09-251/284 · 볼 / 토큰 88 F7 / KANJI E190 / 가나다순 172
1582,main,0,DD73~DD74,DD73,DD74,2,81 40,0x04943 0x04944,0x04943~0x04944,0x04943,0x04944,false,93 78,2,0,,space,1257,␠,09,252,284,,,패치 슬롯 1257 | 전각 공백 | ␠,번역 09-252/284 · ␠ / 토큰 81 40 / PC-88 전각 공백 토큰
1583,main,0,DD75~DD76,DD75,DD76,2,89 B7,0x04945 0x04946,0x04945~0x04946,0x04945,0x04946,false,82 CD,2,0,,hangul,1258,차,09,253,284,6590,296,패치 슬롯 1258 | 한글 문자 | 차,번역 09-253/284 · 차 / 토큰 89 B7 / KANJI 6590 / 가나다순 296
1584,main,0,DD77~DD78,DD77,DD78,2,88 C4,0x04947 0x04948,0x04947~0x04948,0x04947,0x04948,false,82 A8,2,0,,hangul,1259,례,09,254,284,A060,121,패치 슬롯 1259 | 한글 문자 | 례,번역 09-254/284 · 례 / 토큰 88 C4 / KANJI A060 / 가나다순 121
1585,main,0,DD79~DD7A,DD79,DD7A,2,82 E7,0x04949 0x0494A,0x04949~0x0494A,0x04949,0x0494A,false,82 DC,1,0,,hangul,1260,다,09,255,284,3890,73,패치 슬롯 1260 | 한글 문자 | 다,번역 09-255/284 · 다 / 토큰 82 E7 / KANJI 3890 / 가나다순 73
1586,main,0,DD7B~DD7C,DD7B,DD7C,2,81 49,0x0494B 0x0494C,0x0494B~0x0494C,0x0494B,0x0494C,false,82 A6,2,0,,punctuation,1261,！,09,256,284,,,패치 슬롯 1261 | 문장부호 | ！,번역 09-256/284 · ！ / 토큰 81 49 / PC-88 전각 느낌표 토큰
1587,main,0,DD7D~DD7E,DD7D,DD7E,2,81 40,0x0494D 0x0494E,0x0494D~0x0494E,0x0494D,0x0494E,false,82 AA,2,0,,space,1262,␠,09,257,284,,,패치 슬롯 1262 | 전각 공백 | ␠,번역 09-257/284 · ␠ / 토큰 81 40 / PC-88 전각 공백 토큰
1588,main,0,DD7F~DD80,DD7F,DD80,2,82 BD,0x0494F 0x04950,0x0494F~0x04950,0x0494F,0x04950,false,92 6E,2,0,,hangul,1263,그,09,258,284,19F0,31,패치 슬롯 1263 | 한글 문자 | 그,번역 09-258/284 · 그 / 토큰 82 BD / KANJI 19F0 / 가나다순 31
1589,main,0,DD81~DD82,DD81,DD82,2,88 CC,0x04951 0x04952,0x04951~0x04952,0x04951,0x04952,false,8D 96,2,0,,hangul,1264,리,09,259,284,A0E0,129,패치 슬롯 1264 | 한글 문자 | 리,번역 09-259/284 · 리 / 토큰 88 CC / KANJI A0E0 / 가나다순 129
1590,main,0,DD83~DD84,DD83,DD84,2,82 B1,0x04953 0x04954,0x04953~0x04954,0x04953,0x04954,false,82 F0,1,0,,hangul,1265,고,09,260,284,1930,19,패치 슬롯 1265 | 한글 문자 | 고,번역 09-260/284 · 고 / 토큰 82 B1 / KANJI 1930 / 가나다순 19
1591,main,0,DD85,DD85,DD85,1,42,0x04955,0x04955,0x04955,0x04955,false,8C,1,0,,control,,,,,,,,기존확인 제어 / 42 계열 CAA8[1] 슬롯 실행,42 계열 CAA8[1] 슬롯 실행 기존값 재사용; 41~50 계열 슬롯 실행; KANJI 해당 없음
1592,main,0,DD86~DD87,DD86,DD87,2,81 40,0x04956 0x04957,0x04956~0x04957,0x04956,0x04957,false,A9 82,2,0,,space,1266,␠,09,261,284,,,패치 슬롯 1266 | 전각 공백 | ␠,번역 09-261/284 · ␠ / 토큰 81 40 / PC-88 전각 공백 토큰
1593,main,0,DD88~DD89,DD88,DD89,2,88 E9,0x04958 0x04959,0x04958~0x04959,0x04958,0x04959,false,E9 94,2,0,,hangul,1267,바,09,262,284,E0B0,158,패치 슬롯 1267 | 한글 문자 | 바,번역 09-262/284 · 바 / 토큰 88 E9 / KANJI E0B0 / 가나다순 158
1594,main,0,DD8A~DD8B,DD8A,DD8B,2,82 E4,0x0495A 0x0495B,0x0495A~0x0495B,0x0495A,0x0495B,false,D4 82,2,0,,hangul,1268,니,09,263,284,3860,70,패치 슬롯 1268 | 한글 문자 | 니,번역 09-263/284 · 니 / 토큰 82 E4 / KANJI 3860 / 가나다순 70
1595,main,0,DD8C~DD8D,DD8C,DD8D,2,89 D7,0x0495C 0x0495D,0x0495C~0x0495D,0x0495C,0x0495D,false,BE 81,2,0,,hangul,1269,티,09,264,284,A590,328,패치 슬롯 1269 | 한글 문자 | 티,번역 09-264/284 · 티 / 토큰 89 D7 / KANJI A590 / 가나다순 328
1596,main,0,DD8E~DD8F,DD8E,DD8F,2,89 7A,0x0495E 0x0495F,0x0495E~0x0495F,0x0495E,0x0495F,false,49 81,2,0,,hangul,1270,와,09,265,284,A3B0,236,패치 슬롯 1270 | 한글 문자 | 와,번역 09-265/284 · 와 / 토큰 89 7A / KANJI A3B0 / 가나다순 236
1597,main,0,DD90~DD92,DD90,DD92,3,1E 40 A4,0x04960 0x04961 0x04962,0x04960~0x04962,0x04960,0x04962,false,40 82 BB,3,0,,control,,,,,,,,기존확인 제어 / 1E 계열 간접 CALL/A440 호출,1E 계열 간접 CALL / A440 호출 기존값 재사용
1598,main,0,DD93~DD94,DD93,DD94,2,81 40,0x04963 0x04964,0x04963~0x04964,0x04963,0x04964,false,82 B5,2,0,,space,1271,␠,09,266,284,,,패치 슬롯 1271 | 전각 공백 | ␠,번역 09-266/284 · ␠ / 토큰 81 40 / PC-88 전각 공백 토큰
1599,main,0,DD95~DD96,DD95,DD96,2,88 CC,0x04965 0x04966,0x04965~0x04966,0x04965,0x04966,false,82 C4,2,0,,hangul,1272,리,09,267,284,A0E0,129,패치 슬롯 1272 | 한글 문자 | 리,번역 09-267/284 · 리 / 토큰 88 CC / KANJI A0E0 / 가나다순 129
1600,main,0,DD97~DD98,DD97,DD98,2,89 6D,0x04967 0x04968,0x04967~0x04968,0x04967,0x04968,false,42 83,2,0,,hangul,1273,얼,09,268,284,A2E0,223,패치 슬롯 1273 | 한글 문자 | 얼,번역 09-268/284 · 얼 / 토큰 89 6D / KANJI A2E0 / 가나다순 223
1601,main,0,DD99~DD9A,DD99,DD9A,2,88 CC,0x04969 0x0496A,0x04969~0x0496A,0x04969,0x0496A,false,94 83,2,0,,hangul,1274,리,09,269,284,A0E0,129,패치 슬롯 1274 | 한글 문자 | 리,번역 09-269/284 · 리 / 토큰 88 CC / KANJI A0E0 / 가나다순 129
1602,main,0,DD9B~DD9C,DD9B,DD9C,2,89 D7,0x0496B 0x0496C,0x0496B~0x0496C,0x0496B,0x0496C,false,40 83,2,0,,hangul,1275,티,09,270,284,A590,328,패치 슬롯 1275 | 한글 문자 | 티,번역 09-270/284 · 티 / 토큰 89 D7 / KANJI A590 / 가나다순 328
1603,main,0,DD9D~DD9E,DD9D,DD9E,2,82 F1,0x0496D 0x0496E,0x0496D~0x0496E,0x0496D,0x0496E,false,6A 83,2,0,,hangul,1276,도,09,271,284,3930,83,패치 슬롯 1276 | 한글 문자 | 도,번역 09-271/284 · 도 / 토큰 82 F1 / KANJI 3930 / 가나다순 83
1604,main,0,DD9F~DDA0,DD9F,DDA0,2,81 40,0x0496F 0x04970,0x0496F~0x04970,0x0496F,0x04970,false,65 83,2,0,,space,1277,␠,09,272,284,,,패치 슬롯 1277 | 전각 공백 | ␠,번역 09-272/284 · ␠ / 토큰 81 40 / PC-88 전각 공백 토큰
1605,main,0,DDA1~DDA2,DDA1,DDA2,2,89 E6,0x04971 0x04972,0x04971~0x04972,0x04971,0x04972,false,42 82,2,0,,hangul,1278,함,09,273,284,E480,343,패치 슬롯 1278 | 한글 문자 | 함,번역 09-273/284 · 함 / 토큰 89 E6 / KANJI E480 / 가나다순 343
1606,main,0,DDA3~DDA4,DDA3,DDA4,2,82 C9,0x04973 0x04974,0x04973~0x04974,0x04973,0x04974,false,E0 1E,2,0,,hangul,1279,께,09,274,284,28B0,43,패치 슬롯 1279 | 한글 문자 | 께,번역 09-274/284 · 께 / 토큰 82 C9 / KANJI 28B0 / 가나다순 43
1607,main,0,DDA5~DDA6,DDA5,DDA6,2,81 40,0x04975 0x04976,0x04975~0x04976,0x04975,0x04976,false,40 A4,2,0,,space,1280,␠,09,275,284,,,패치 슬롯 1280 | 전각 공백 | ␠,번역 09-275/284 · ␠ / 토큰 81 40 / PC-88 전각 공백 토큰
1608,main,0,DDA7~DDA8,DDA7,DDA8,2,88 DD,0x04977 0x04978,0x04977~0x04978,0x04977,0x04978,false,83 8A,2,0,,hangul,1281,멸,09,276,284,A1F0,146,패치 슬롯 1281 | 한글 문자 | 멸,번역 09-276/284 · 멸 / 토큰 88 DD / KANJI A1F0 / 가나다순 146
1609,main,0,DDA9~DDAA,DDA9,DDAA,2,88 D6,0x04979 0x0497A,0x04979~0x0497A,0x04979,0x0497A,false,83 41,2,0,,hangul,1282,망,09,277,284,A180,139,패치 슬롯 1282 | 한글 문자 | 망,번역 09-277/284 · 망 / 토큰 88 D6 / KANJI A180 / 가나다순 139
1610,main,0,DDAB,DDAB,DDAB,1,43,0x0497B,0x0497B,0x0497B,0x0497B,false,83,1,0,,control,,,,,,,,기존확인 제어 / 43 계열 CAA8[2] 슬롯 실행,43 계열 CAA8[2] 슬롯 실행 기존값 재사용; 41~50 계열 슬롯 실행; KANJI 해당 없음
1611,main,0,DDAC~DDAD,DDAC,DDAD,2,89 E5,0x0497C 0x0497D,0x0497C~0x0497D,0x0497C,0x0497D,false,8A 83,2,0,,hangul,1283,할,09,278,284,E470,342,패치 슬롯 1283 | 한글 문자 | 할,번역 09-278/284 · 할 / 토큰 89 E5 / KANJI E470 / 가나다순 342
1612,main,0,DDAE~DDAF,DDAE,DDAF,2,81 40,0x0497E 0x0497F,0x0497E~0x0497F,0x0497E,0x0497F,false,65 83,2,0,,space,1284,␠,09,279,284,,,패치 슬롯 1284 | 전각 공백 | ␠,번역 09-279/284 · ␠ / 토큰 81 40 / PC-88 전각 공백 토큰
1613,main,0,DDB0~DDB1,DDB0,DDB1,2,82 AA,0x04980 0x04981,0x04980~0x04981,0x04980,0x04981,false,42 82,2,0,,hangul,1285,것,09,280,284,18C0,12,패치 슬롯 1285 | 한글 문자 | 것,번역 09-280/284 · 것 / 토큰 82 AA / KANJI 18C0 / 가나다순 12
1614,main,0,DDB2~DDB3,DDB2,DDB3,2,89 8D,0x04982 0x04983,0x04982~0x04983,0x04982,0x04983,false,E0 96,2,0,,hangul,1286,이,09,281,284,E2D0,254,패치 슬롯 1286 | 한글 문자 | 이,번역 09-281/284 · 이 / 토큰 89 8D / KANJI E2D0 / 가나다순 254
1615,main,0,DDB4~DDB5,DDB4,DDB5,2,82 E7,0x04984 0x04985,0x04984~0x04985,0x04984,0x04985,false,C5 82,2,0,,hangul,1287,다,09,282,284,3890,73,패치 슬롯 1287 | 한글 문자 | 다,번역 09-282/284 · 다 / 토큰 82 E7 / KANJI 3890 / 가나다순 73
1616,main,0,DDB6~DDB7,DDB6,DDB7,2,81 49,0x04986 0x04987,0x04986~0x04987,0x04986,0x04987,false,D1 43,2,0,,punctuation,1288,！,09,283,284,,,패치 슬롯 1288 | 문장부호 | ！,번역 09-283/284 · ！ / 토큰 81 49 / PC-88 전각 느낌표 토큰
1617,main,0,DDB8~DDB9,DDB8,DDB9,2,81 49,0x04988 0x04989,0x04988~0x04989,0x04988,0x04989,false,90 E2,2,0,,punctuation,1289,！,09,284,284,,,패치 슬롯 1289 | 문장부호 | ！,번역 09-284/284 · ！ / 토큰 81 49 / PC-88 전각 느낌표 토큰
1618,main,0,DDBA,DDBA,DDBA,1,61,0x0498A,0x0498A,0x0498A,0x0498A,false,82,1,0,,control,,,,,,,,기존확인 제어 / 61h 계열 CAA8[0] 작업슬롯 비활성화,61h 계열 CAA8[0] 작업슬롯 비활성화 기존값 재사용; 61h 계열 슬롯 비활성화; KANJI 해당 없음
1619,main,0,DDBB~DDBC,DDBB,DDBC,2,15 64,0x0498B 0x0498C,0x0498B~0x0498C,0x0498B,0x0498C,false,A6 82,2,0,,control,,,,,,,,기존확인 제어 / 15h 계열 1바이트 인자 제어,15h 계열 1바이트 인자 제어 기존값 재사용; KANJI 해당 없음
1620,main,0,DDBD~DDBF,DDBD,DDBF,3,16 62 E6,0x0498D 0x0498E 0x0498F,0x0498D~0x0498F,0x0498D,0x0498F,false,E9 82 CC,3,0,,control,,,,,,,,기존확인 제어 / 16h 서브스트림 호출/전환 → E662,16h 서브스트림 호출/전환 → E662 기존값 재사용; 서브스트림 → E662
1621,substream,1,E662~E666,E662,E666,5,0F 03 06 03 0F,0x05252 0x05253 0x05254 0x05255 0x05256,0x05252~0x05256,0x05252,0x05256,false,0F 03 06 03 0F,0,0,,control,,,,,,,,기존확인 제어 / 0F 계열 5바이트 제어,0F 계열 5바이트 제어토큰 기존값 재사용; KANJI 해당 없음
1622,substream,1,E667~E669,E667,E669,3,16 95 E7,0x05257 0x05258 0x05259,0x05257~0x05259,0x05257,0x05259,false,16 95 E7,0,0,,control,,,,,,,,기존확인 제어 / 16h 서브스트림 호출/전환 → E795,16h 서브스트림 호출/전환 → E795 기존값 재사용; 서브스트림 → E795; KANJI 해당 없음
1623,substream,2,E795~E797,E795,E797,3,1E 3C 08,0x05385 0x05386 0x05387,0x05385~0x05387,0x05385,0x05387,false,1E 3C 08,0,3,11,control,,,,,,,,기존확인 제어 / 1E 계열 간접 CALL/083C→0F12 계열,1E 계열 간접 CALL / 083C→0F12 계열 기존값 재사용; KANJI 해당 없음
1624,substream,2,E798~E79D,E798,E79D,6,05 16 86 3A 9E 00,0x05388 0x05389 0x0538A 0x0538B 0x0538C 0x0538D,0x05388~0x0538D,0x05388,0x0538D,false,05 16 86 3A 9E 00,0,6,12,control,,,,,,,,기존확인 제어 / 05 계열 영역 전개/채움,05 계열 영역 전개/채움 기존값 재사용; KANJI 해당 없음
1625,substream,2,E79E~E7A2,E79E,E7A2,5,0E 16 20 24 80,0x0538E 0x0538F 0x05390 0x05391 0x05392,0x0538E~0x05392,0x0538E,0x05392,false,0E 16 20 24 80,0,5,13,control,,,,,,,,기존확인 제어 / 0E 계열 표시/버퍼 설정,0E 계열 표시/버퍼 설정 기존값 재사용; KANJI 해당 없음
1626,substream,2,E7A3,E7A3,E7A3,1,17,0x05393,0x05393,0x05393,0x05393,false,17,0,1,14,control,,,,,,,,기존확인 제어 / 17h 서브스트림 복귀,17h 서브스트림 복귀 기존값 재사용; 서브스트림 복귀; KANJI 해당 없음
1627,substream,1,E66A~E66D,E66A,E66D,4,14 00 16 22,0x0525A 0x0525B 0x0525C 0x0525D,0x0525A~0x0525D,0x0525A,0x0525D,false,14 00 16 22,0,0,,control,,,,,,,,기존확인 제어 / 14h 계열 4바이트 제어,14h 계열 4바이트 제어토큰 기존값 재사용; KANJI 해당 없음
1628,substream,1,E66E~E671,E66E,E671,4,14 01 3B 00,0x0525E 0x0525F 0x05260 0x05261,0x0525E~0x05261,0x0525E,0x05261,false,14 01 3B 00,0,0,,control,,,,,,,,기존확인 제어 / 14h 계열 4바이트 제어,14h 계열 4바이트 제어토큰 기존값 재사용; KANJI 해당 없음
1629,substream,1,E672~E675,E672,E675,4,04 D4 E8 41,0x05262 0x05263 0x05264 0x05265,0x05262~0x05265,0x05262,0x05265,false,04 D4 E8 41,0,0,,control,,,,,,,,기존확인 제어 / 04h 계열 CAA8 슬롯 포인터 설정,04h 계열 CAA8 슬롯 포인터 설정 기존값 재사용; KANJI 해당 없음
1630,substream,1,E676,E676,E676,1,41,0x05266,0x05266,0x05266,0x05266,false,41,0,0,,control,,,,,,,,기존확인 제어 / 41~50 계열 CAA8[0] 슬롯 실행,41~50 계열 CAA8[0] 슬롯 실행 기존값 재사용; 41~50 계열 슬롯 실행; KANJI 해당 없음
1631,substream,1,E677~E679,E677,E679,3,13 B4 E7,0x05267 0x05268 0x05269,0x05267~0x05269,0x05267,0x05269,false,13 B4 E7,0,0,,control,,,,,,,,기존확인 제어 / 13h 계열 3바이트 제어,13h 계열 3바이트 제어토큰 기존값 재사용; KANJI 해당 없음
1632,substream,1,E67A~E67B,E67A,E67B,2,06 0E,0x0526A 0x0526B,0x0526A~0x0526B,0x0526A,0x0526B,false,06 0E,0,0,,control,,,,,,,,기존확인 제어 / 06h 계열 상태 설정,06h 계열 상태 설정 기존값 재사용; KANJI 해당 없음
1633,substream,1,E67C~E67E,E67C,E67E,3,09 AB E6,0x0526C 0x0526D 0x0526E,0x0526C~0x0526E,0x0526C,0x0526E,false,09 AB E6,0,0,,control,,,,,,,,기존확인 제어 / 09h 계열 분기/이동 제어,09h 계열 분기/이동 제어토큰 기존값 재사용; KANJI 해당 없음
1634,substream,1,E6AB~E6AE,E6AB,E6AE,4,04 CA E8 41,0x0529B 0x0529C 0x0529D 0x0529E,0x0529B~0x0529E,0x0529B,0x0529E,false,04 CA E8 41,0,4,131,control,,,,,,,,기존확인 제어 / 04h 계열 CAA8 슬롯 포인터 설정,04h 계열 CAA8 슬롯 포인터 설정 기존값 재사용; KANJI 해당 없음
1635,substream,1,E6AF~E6B2,E6AF,E6B2,4,04 DE E8 43,0x0529F 0x052A0 0x052A1 0x052A2,0x0529F~0x052A2,0x0529F,0x052A2,false,04 DE E8 43,0,4,132,control,,,,,,,,기존확인 제어 / 04h 계열 CAA8 슬롯 포인터 설정,04h 계열 CAA8 슬롯 포인터 설정 기존값 재사용; KANJI 해당 없음
1636,substream,1,E6B3~E6B6,E6B3,E6B6,4,04 E8 E8 42,0x052A3 0x052A4 0x052A5 0x052A6,0x052A3~0x052A6,0x052A3,0x052A6,false,04 E8 E8 42,0,4,133,control,,,,,,,,기존확인 제어 / 04h 계열 CAA8 슬롯 포인터 설정,04h 계열 CAA8 슬롯 포인터 설정 기존값 재사용; KANJI 해당 없음
1637,substream,1,E6B7~E6BA,E6B7,E6BA,4,04 F2 E8 44,0x052A7 0x052A8 0x052A9 0x052AA,0x052A7~0x052AA,0x052A7,0x052AA,false,04 F2 E8 44,0,4,134,control,,,,,,,,기존확인 제어 / 04h 계열 CAA8 슬롯 포인터 설정,04h 계열 CAA8 슬롯 포인터 설정 기존값 재사용; KANJI 해당 없음
1638,substream,1,E6BB~E6BE,E6BB,E6BE,4,04 FC E8 45,0x052AB 0x052AC 0x052AD 0x052AE,0x052AB~0x052AE,0x052AB,0x052AE,false,04 FC E8 45,0,4,135,control,,,,,,,,기존확인 제어 / 04h 계열 CAA8 슬롯 포인터 설정,04h 계열 CAA8 슬롯 포인터 설정 기존값 재사용; KANJI 해당 없음
1639,substream,1,E6BF~E6C2,E6BF,E6C2,4,04 06 E9 46,0x052AF 0x052B0 0x052B1 0x052B2,0x052AF~0x052B2,0x052AF,0x052B2,false,04 06 E9 46,0,4,136,control,,,,,,,,기존확인 제어 / 04h 계열 CAA8 슬롯 포인터 설정,04h 계열 CAA8 슬롯 포인터 설정 기존값 재사용; KANJI 해당 없음
1640,substream,1,E6C3~E6C4,E6C3,E6C4,2,06 0E,0x052B3 0x052B4,0x052B3~0x052B4,0x052B3,0x052B4,false,06 0E,0,2,137,control,,,,,,,,기존확인 제어 / 06h 계열 상태 설정,06h 계열 상태 설정 기존값 재사용; KANJI 해당 없음
1641,substream,1,E6C5,E6C5,E6C5,1,45,0x052B5,0x052B5,0x052B5,0x052B5,false,45,0,1,138,control,,,,,,,,기존확인 제어 / 41~50 계열 CAA8[4] 슬롯 실행,41~50 계열 CAA8[4] 슬롯 실행 기존값 재사용; 41~50 계열 슬롯 실행; KANJI 해당 없음
1642,substream,1,E6C6,E6C6,E6C6,1,46,0x052B6,0x052B6,0x052B6,0x052B6,false,46,0,1,139,control,,,,,,,,기존확인 제어 / 41~50 계열 CAA8[5] 슬롯 실행,41~50 계열 CAA8[5] 슬롯 실행 기존값 재사용; 41~50 계열 슬롯 실행; KANJI 해당 없음
1643,substream,1,E6C7~E6C8,E6C7,E6C8,2,01 05,0x052B7 0x052B8,0x052B7~0x052B8,0x052B7,0x052B8,false,01 05,0,2,140,control,,,,,,,,기존확인 제어 / 01h 계열 하위 제어 래퍼,01h 계열 하위 제어 래퍼 기존값 재사용; KANJI 해당 없음
1644,substream,1,E6C9~E6CA,E6C9,E6CA,2,25 2B,0x052B9 0x052BA,0x052B9~0x052BA,0x052B9,0x052BA,false,25 2B,0,2,141,control,,,,,,,,기존확인 제어 / 25h 계열 CA1D 입 파츠 인덱스 설정,25h 계열 CA1D 입 파츠 인덱스 설정 기존값 재사용; CA1D=2B; KANJI 해당 없음
1645,substream,1,E6CB,E6CB,E6CB,1,17,0x052BB,0x052BB,0x052BB,0x052BB,false,17,0,1,142,control,,,,,,,,기존확인 제어 / 17h 서브스트림 복귀,17h 서브스트림 복귀 기존값 재사용; 서브스트림 복귀; KANJI 해당 없음
1646,main,0,DDC0,DDC0,DDC0,1,41,0x04990,0x04990,0x04990,0x04990,false,82,1,0,,control,,,,,,,,기존확인 제어 / 41~50 계열 CAA8[0] 슬롯 실행,41~50 계열 CAA8[0] 슬롯 실행 기존값 재사용; 41~50 계열 슬롯 실행; KANJI 해당 없음
1647,main,0,DDC1~DDC2,DDC1,DDC2,2,88 D4,0x04991 0x04992,0x04991~0x04992,0x04991,0x04992,false,BE 81,2,0,,hangul,1290,맙,10,1,99,A160,137,패치 슬롯 1290 | 한글 문자 | 맙,번역 10-001/099 · 맙 / 토큰 88 D4 / KANJI A160 / 가나다순 137
1648,main,0,DDC3~DDC4,DDC3,DDC4,2,89 50,0x04993 0x04994,0x04993~0x04994,0x04993,0x04994,false,49 81,2,0,,hangul,1291,소,10,2,99,6310,194,패치 슬롯 1291 | 한글 문자 | 소,번역 10-002/099 · 소 / 토큰 89 50 / KANJI 6310 / 가나다순 194
1649,main,0,DDC5~DDC6,DDC5,DDC6,2,89 43,0x04995 0x04996,0x04995~0x04996,0x04995,0x04996,false,49 61,2,0,,hangul,1292,사,10,3,99,6240,181,패치 슬롯 1292 | 한글 문자 | 사,번역 10-003/099 · 사 / 토큰 89 43 / KANJI 6240 / 가나다순 181
1650,main,0,DDC7~DDC8,DDC7,DDC8,2,81 49,0x04997 0x04998,0x04997~0x04998,0x04997,0x04998,false,15 64,2,0,,punctuation,1293,！,10,4,99,,,패치 슬롯 1293 | 문장부호 | ！,번역 10-004/099 · ！ / 토큰 81 49 / PC-88 전각 느낌표 토큰
1651,main,0,DDC9,DDC9,DDC9,1,42,0x04999,0x04999,0x04999,0x04999,false,16,1,0,,control,,,,,,,,기존확인 제어 / 42 계열 CAA8[1] 슬롯 실행,42 계열 CAA8[1] 슬롯 실행 기존값 재사용; 41~50 계열 슬롯 실행; KANJI 해당 없음
1652,main,0,DDCA~DDCB,DDCA,DDCB,2,81 40,0x0499A 0x0499B,0x0499A~0x0499B,0x0499A,0x0499B,false,62 E6,2,0,,space,1294,␠,10,5,99,,,패치 슬롯 1294 | 전각 공백 | ␠,번역 10-005/099 · ␠ / 토큰 81 40 / PC-88 전각 공백 토큰
1653,main,0,DDCC~DDCD,DDCC,DDCD,2,88 C5,0x0499C 0x0499D,0x0499C~0x0499D,0x0499C,0x0499D,false,41 82,2,0,,hangul,1295,로,10,6,99,A070,122,패치 슬롯 1295 | 한글 문자 | 로,번역 10-006/099 · 로 / 토큰 88 C5 / KANJI A070 / 가나다순 122
1654,main,0,DDCE~DDCF,DDCE,DDCF,2,82 BD,0x0499E 0x0499F,0x0499E~0x0499F,0x0499E,0x0499F,false,C8 82,2,0,,hangul,1296,그,10,7,99,19F0,31,패치 슬롯 1296 | 한글 문자 | 그,번역 10-007/099 · 그 / 토큰 82 BD / KANJI 19F0 / 가나다순 31
1655,main,0,DDD0~DDD1,DDD0,DDD1,2,88 C0,0x049A0 0x049A1,0x049A0~0x049A1,0x049A0,0x049A1,false,F1 82,2,0,,hangul,1297,레,10,8,99,A020,117,패치 슬롯 1297 | 한글 문자 | 레,번역 10-008/099 · 레 / 토큰 88 C0 / KANJI A020 / 가나다순 117
1656,main,0,DDD2~DDD3,DDD2,DDD3,2,89 56,0x049A2 0x049A3,0x049A2~0x049A3,0x049A2,0x049A3,false,C4 82,2,0,,hangul,1298,스,10,9,99,6370,200,패치 슬롯 1298 | 한글 문자 | 스,번역 10-009/099 · 스 / 토큰 89 56 / KANJI 6370 / 가나다순 200
1657,main,0,DDD4~DDD5,DDD4,DDD5,2,88 CA,0x049A4 0x049A5,0x049A4~0x049A5,0x049A4,0x049A5,false,A2 82,2,0,,hangul,1299,를,10,10,99,A0C0,127,패치 슬롯 1299 | 한글 문자 | 를,번역 10-010/099 · 를 / 토큰 88 CA / KANJI A0C0 / 가나다순 127
1658,main,0,DDD6~DDD7,DDD6,DDD7,2,81 40,0x049A6 0x049A7,0x049A6~0x049A7,0x049A6,0x049A7,false,A4 82,2,0,,space,1300,␠,10,11,99,,,패치 슬롯 1300 | 전각 공백 | ␠,번역 10-011/099 · ␠ / 토큰 81 40 / PC-88 전각 공백 토큰
1659,main,0,DDD8~DDD9,DDD8,DDD9,2,89 5F,0x049A8 0x049A9,0x049A8~0x049A9,0x049A8,0x049A9,false,B1 82,2,0,,hangul,1301,쓰,10,12,99,A200,209,패치 슬롯 1301 | 한글 문자 | 쓰,번역 10-012/099 · 쓰 / 토큰 89 5F / KANJI A200 / 가나다순 209
1660,main,0,DDDA~DDDB,DDDA,DDDB,2,88 BB,0x049AA 0x049AB,0x049AA~0x049AB,0x049AA,0x049AB,false,C6 42,2,0,,hangul,1302,러,10,13,99,61D0,112,패치 슬롯 1302 | 한글 문자 | 러,번역 10-013/099 · 러 / 토큰 88 BB / KANJI 61D0 / 가나다순 112
1661,main,0,DDDC~DDDD,DDDC,DDDD,2,88 B3,0x049AC 0x049AD,0x049AC~0x049AD,0x049AC,0x049AD,false,81 49,2,0,,hangul,1303,뜨,10,14,99,6150,104,패치 슬롯 1303 | 한글 문자 | 뜨,번역 10-014/099 · 뜨 / 토큰 88 B3 / KANJI 6150 / 가나다순 104
1662,main,0,DDDE~DDDF,DDDE,DDDF,2,88 CD,0x049AE 0x049AF,0x049AE~0x049AF,0x049AE,0x049AF,false,81 40,2,0,,hangul,1304,린,10,15,99,A0F0,130,패치 슬롯 1304 | 한글 문자 | 린,번역 10-015/099 · 린 / 토큰 88 CD / KANJI A0F0 / 가나다순 130
1663,main,0,DDE0~DDE1,DDE0,DDE1,2,81 40,0x049B0 0x049B1,0x049B0~0x049B1,0x049B0,0x049B1,false,83 8D,2,0,,space,1305,␠,10,16,99,,,패치 슬롯 1305 | 전각 공백 | ␠,번역 10-016/099 · ␠ / 토큰 81 40 / PC-88 전각 공백 토큰
1664,main,0,DDE2~DDE3,DDE2,DDE3,2,89 CE,0x049B2 0x049B3,0x049B2~0x049B3,0x049B2,0x049B3,false,83 4F,2,0,,hangul,1306,탓,10,17,99,A500,319,패치 슬롯 1306 | 한글 문자 | 탓,번역 10-017/099 · 탓 / 토큰 89 CE / KANJI A500 / 가나다순 319
1665,main,0,DDE4~DDE5,DDE4,DDE5,2,89 70,0x049B4 0x049B5,0x049B4~0x049B5,0x049B4,0x049B5,false,83 8C,2,0,,hangul,1307,에,10,18,99,A310,226,패치 슬롯 1307 | 한글 문자 | 에,번역 10-018/099 · 에 / 토큰 89 70 / KANJI A310 / 가나다순 226
1666,main,0,DDE6,DDE6,DDE6,1,42,0x049B6,0x049B6,0x049B6,0x049B6,false,83,1,0,,control,,,,,,,,기존확인 제어 / 42 계열 CAA8[1] 슬롯 실행,42 계열 CAA8[1] 슬롯 실행 기존값 재사용; 41~50 계열 슬롯 실행; KANJI 해당 없음
1667,main,0,DDE7~DDE8,DDE7,DDE8,2,82 ED,0x049B7 0x049B8,0x049B7~0x049B8,0x049B7,0x049B8,false,58 82,2,0,,hangul,1308,더,10,19,99,38F0,79,패치 슬롯 1308 | 한글 문자 | 더,번역 10-019/099 · 더 / 토큰 82 ED / KANJI 38F0 / 가나다순 79
1668,main,0,DDE9~DDEA,DDE9,DDEA,2,81 40,0x049B9 0x049BA,0x049B9~0x049BA,0x049B9,0x049BA,false,F0 93,2,0,,space,1309,␠,10,20,99,,,패치 슬롯 1309 | 전각 공백 | ␠,번역 10-020/099 · ␠ / 토큰 81 40 / PC-88 전각 공백 토큰
1669,main,0,DDEB~DDEC,DDEB,DDEC,2,89 95,0x049BB 0x049BC,0x049BB~0x049BC,0x049BB,0x049BC,false,7C 82,2,0,,hangul,1310,잔,10,21,99,E350,262,패치 슬롯 1310 | 한글 문자 | 잔,번역 10-021/099 · 잔 / 토큰 89 95 / KANJI E350 / 가나다순 262
1670,main,0,DDED~DDEE,DDED,DDEE,2,89 F1,0x049BD 0x049BE,0x049BD~0x049BE,0x049BD,0x049BE,false,B5 82,2,0,,hangul,1311,혹,10,22,99,E530,354,패치 슬롯 1311 | 한글 문자 | 혹,번역 10-022/099 · 혹 / 토큰 89 F1 / KANJI E530 / 가나다순 354
1671,main,0,DDEF~DDF0,DDEF,DDF0,2,89 E4,0x049BF 0x049C0,0x049BF~0x049C0,0x049BF,0x049C0,false,BD 82,2,0,,hangul,1312,한,10,23,99,E460,341,패치 슬롯 1312 | 한글 문자 | 한,번역 10-023/099 · 한 / 토큰 89 E4 / KANJI E460 / 가나다순 341
1672,main,0,DDF1~DDF2,DDF1,DDF2,2,81 40,0x049C1 0x049C2,0x049C1~0x049C2,0x049C1,0x049C2,false,CE 82,2,0,,space,1313,␠,10,24,99,,,패치 슬롯 1313 | 전각 공백 | ␠,번역 10-024/099 · ␠ / 토큰 81 40 / PC-88 전각 공백 토큰
1673,main,0,DDF3~DDF4,DDF3,DDF4,2,89 7C,0x049C3 0x049C4,0x049C3~0x049C4,0x049C3,0x049C4,false,A9 82,2,0,,hangul,1314,왕,10,25,99,A3D0,238,패치 슬롯 1314 | 한글 문자 | 왕,번역 10-025/099 · 왕 / 토큰 89 7C / KANJI A3D0 / 가나다순 238
1674,main,0,DDF5~DDF6,DDF5,DDF6,2,89 8D,0x049C5 0x049C6,0x049C5~0x049C6,0x049C5,0x049C6,false,E8 82,2,0,,hangul,1315,이,10,26,99,E2D0,254,패치 슬롯 1315 | 한글 문자 | 이,번역 10-026/099 · 이 / 토큰 89 8D / KANJI E2D0 / 가나다순 254
1675,main,0,DDF7~DDF8,DDF7,DDF8,2,81 40,0x049C7 0x049C8,0x049C7~0x049C8,0x049C7,0x049C8,false,C9 81,2,0,,space,1316,␠,10,27,99,,,패치 슬롯 1316 | 전각 공백 | ␠,번역 10-027/099 · ␠ / 토큰 81 40 / PC-88 전각 공백 토큰
1676,main,0,DDF9~DDFA,DDF9,DDFA,2,88 FA,0x049C9 0x049CA,0x049C9~0x049CA,0x049C9,0x049CA,false,41 42,2,0,,hangul,1317,부,10,28,99,E1C0,175,패치 슬롯 1317 | 한글 문자 | 부,번역 10-028/099 · 부 / 토큰 88 FA / KANJI E1C0 / 가나다순 175
1677,main,0,DDFB~DDFC,DDFB,DDFC,2,89 F3,0x049CB 0x049CC,0x049CB~0x049CC,0x049CB,0x049CC,false,82 E0,2,0,,hangul,1318,활,10,29,99,E550,356,패치 슬롯 1318 | 한글 문자 | 활,번역 10-029/099 · 활 / 토큰 89 F3 / KANJI E550 / 가나다순 356
1678,main,0,DDFD~DDFE,DDFD,DDFE,2,89 E9,0x049CD 0x049CE,0x049CD~0x049CE,0x049CD,0x049CE,false,82 C1,2,0,,hangul,1319,했,10,30,99,E4B0,346,패치 슬롯 1319 | 한글 문자 | 했,번역 10-030/099 · 했 / 토큰 89 E9 / KANJI E4B0 / 가나다순 346
1679,main,0,DDFF~DE00,DDFF,DE00,2,82 E7,0x049CF 0x049D0,0x049CF~0x049D0,0x049CF,0x049D0,false,82 C6,1,0,,hangul,1320,다,10,31,99,3890,73,패치 슬롯 1320 | 한글 문자 | 다,번역 10-031/099 · 다 / 토큰 82 E7 / KANJI 3890 / 가나다순 73
1680,main,0,DE01~DE02,DE01,DE02,2,82 E4,0x049D1 0x049D2,0x049D1~0x049D2,0x049D1,0x049D2,false,8E 63,2,0,,hangul,1321,니,10,32,99,3860,70,패치 슬롯 1321 | 한글 문자 | 니,번역 10-032/099 · 니 / 토큰 82 E4 / KANJI 3860 / 가나다순 70
1681,main,0,DE03~DE04,DE03,DE04,2,81 49,0x049D3 0x049D4,0x049D3~0x049D4,0x049D3,0x049D4,false,94 45,2,0,,punctuation,1322,！,10,33,99,,,패치 슬롯 1322 | 문장부호 | ！,번역 10-033/099 · ！ / 토큰 81 49 / PC-88 전각 느낌표 토큰
1682,main,0,DE05~DE06,DE05,DE06,2,81 40,0x049D5 0x049D6,0x049D5~0x049D6,0x049D5,0x049D6,false,82 C8,2,0,,space,1323,␠,10,34,99,,,패치 슬롯 1323 | 전각 공백 | ␠,번역 10-034/099 · ␠ / 토큰 81 40 / PC-88 전각 공백 토큰
1683,main,0,DE07~DE08,DE07,DE08,2,89 8D,0x049D7 0x049D8,0x049D7~0x049D8,0x049D7,0x049D8,false,89 A4,1,0,,hangul,1324,이,10,35,99,E2D0,254,패치 슬롯 1324 | 한글 문자 | 이,번역 10-035/099 · 이 / 토큰 89 8D / KANJI E2D0 / 가나다순 254
1684,main,0,DE09~DE0A,DE09,DE0A,2,89 A1,0x049D9 0x049DA,0x049D9~0x049DA,0x049D9,0x049DA,false,82 F0,2,0,,hangul,1325,제,10,36,99,6430,274,패치 슬롯 1325 | 한글 문자 | 제,번역 10-036/099 · 제 / 토큰 89 A1 / KANJI 6430 / 가나다순 274
1685,main,0,DE0B~DE0C,DE0B,DE0C,2,89 6C,0x049DB 0x049DC,0x049DB~0x049DC,0x049DB,0x049DC,false,95 9C,2,0,,hangul,1326,어,10,37,99,A2D0,222,패치 슬롯 1326 | 한글 문자 | 어,번역 10-037/099 · 어 / 토큰 89 6C / KANJI A2D0 / 가나다순 222
1686,main,0,DE0D~DE0E,DE0D,DE0E,2,88 B0,0x049DD 0x049DE,0x049DD~0x049DE,0x049DD,0x049DE,false,8A 88,2,0,,hangul,1327,떻,10,38,99,6120,101,패치 슬롯 1327 | 한글 문자 | 떻,번역 10-038/099 · 떻 / 토큰 88 B0 / KANJI 6120 / 가나다순 101
1687,main,0,DE0F~DE10,DE0F,DE10,2,82 AB,0x049DF 0x049E0,0x049DF~0x049E0,0x049DF,0x049E0,false,82 B3,1,0,,hangul,1328,게,10,39,99,18D0,13,패치 슬롯 1328 | 한글 문자 | 게,번역 10-039/099 · 게 / 토큰 82 AB / KANJI 18D0 / 가나다순 13
1688,main,0,DE11~DE12,DE11,DE12,2,81 40,0x049E1 0x049E2,0x049E1~0x049E2,0x049E1,0x049E2,false,82 B9,2,0,,space,1329,␠,10,40,99,,,패치 슬롯 1329 | 전각 공백 | ␠,번역 10-040/099 · ␠ / 토큰 81 40 / PC-88 전각 공백 토큰
1689,main,0,DE13~DE14,DE13,DE14,2,89 E8,0x049E3 0x049E4,0x049E3~0x049E4,0x049E3,0x049E4,false,82 C4,2,0,,hangul,1330,해,10,41,99,E4A0,345,패치 슬롯 1330 | 한글 문자 | 해,번역 10-041/099 · 해 / 토큰 89 E8 / KANJI E4A0 / 가나다순 345
1690,main,0,DE15~DE16,DE15,DE16,2,89 6B,0x049E5 0x049E6,0x049E5~0x049E6,0x049E5,0x049E6,false,82 B5,2,0,,hangul,1331,야,10,42,99,A2C0,221,패치 슬롯 1331 | 한글 문자 | 야,번역 10-042/099 · 야 / 토큰 89 6B / KANJI A2C0 / 가나다순 221
1691,main,0,DE17~DE18,DE17,DE18,2,81 40,0x049E7 0x049E8,0x049E7~0x049E8,0x049E7,0x049E8,false,82 DC,2,0,,space,1332,␠,10,43,99,,,패치 슬롯 1332 | 전각 공백 | ␠,번역 10-043/099 · ␠ / 토큰 81 40 / PC-88 전각 공백 토큰
1692,main,0,DE19~DE1A,DE19,DE1A,2,89 E2,0x049E9 0x049EA,0x049E9~0x049EA,0x049E9,0x049EA,false,82 C1,2,0,,hangul,1333,하,10,44,99,E440,339,패치 슬롯 1333 | 한글 문자 | 하,번역 10-044/099 · 하 / 토큰 89 E2 / KANJI E440 / 가나다순 339
1693,main,0,DE1B~DE1C,DE1B,DE1C,2,89 B3,0x049EB 0x049EC,0x049EB~0x049EC,0x049EB,0x049EC,false,82 BD,2,0,,hangul,1334,지,10,45,99,6550,292,패치 슬롯 1334 | 한글 문자 | 지,번역 10-045/099 · 지 / 토큰 89 B3 / KANJI 6550 / 가나다순 292
1694,main,0,DE1D~DE1E,DE1D,DE1E,2,81 49,0x049ED 0x049EE,0x049ED~0x049EE,0x049ED,0x049EE,false,82 C6,2,0,,punctuation,1335,！,10,46,99,,,패치 슬롯 1335 | 문장부호 | ！,번역 10-046/099 · ！ / 토큰 81 49 / PC-88 전각 느낌표 토큰
1695,main,0,DE1F~DE20,DE1F,DE20,2,81 48,0x049EF 0x049F0,0x049EF~0x049F0,0x049EF,0x049F0,false,82 A2,2,0,,punctuation,1336,？,10,47,99,,,패치 슬롯 1336 | 문장부호 | ？,번역 10-047/099 · ？ / 토큰 81 48 / PC-88 전각 물음표 토큰
1696,main,0,DE21~DE22,DE21,DE22,2,81 40,0x049F1 0x049F2,0x049F1~0x049F2,0x049F1,0x049F2,false,82 A4,2,0,,space,1337,␠,10,48,99,,,패치 슬롯 1337 | 전각 공백 | ␠,번역 10-048/099 · ␠ / 토큰 81 40 / PC-88 전각 공백 토큰
1697,main,0,DE23,DE23,DE23,1,42,0x049F3,0x049F3,0x049F3,0x049F3,false,82,1,0,,control,,,,,,,,기존확인 제어 | 42 계열 CAA8[1] 슬롯 실행,기존 확인값 재사용; 41~50 계열 슬롯 실행; KANJI 해당 없음
1698,main,0,DE24~DE25,DE24,DE25,2,89 A0,0x049F4 0x049F5,0x049F4~0x049F5,0x049F4,0x049F5,false,CC 81,2,0,,hangul,1338,정,10,49,99,6420,273,패치 슬롯 1338 | 한글 문자 | 정,번역 10-049/099 · 정 / 토큰 89 A0 / KANJI 6420 / 가나다순 273
1699,main,0,DE26~DE27,DE26,DE27,2,88 D3,0x049F6 0x049F7,0x049F6~0x049F7,0x049F6,0x049F7,false,49 81,2,0,,hangul,1339,말,10,50,99,A150,136,패치 슬롯 1339 | 한글 문자 | 말,번역 10-050/099 · 말 / 토큰 88 D3 / KANJI A150 / 가나다순 136
1700,main,0,DE28~DE29,DE28,DE29,2,81 40,0x049F8 0x049F9,0x049F8~0x049F9,0x049F8,0x049F9,false,40 82,2,0,,space,1340,␠,10,51,99,,,패치 슬롯 1340 | 전각 공백 | ␠,번역 10-051/099 · ␠ / 토큰 81 40 / PC-88 전각 공백 토큰
1701,main,0,DE2A~DE2B,DE2A,DE2B,2,88 DA,0x049FA 0x049FB,0x049FA~0x049FB,0x049FA,0x049FB,false,A0 82,2,0,,hangul,1341,메,10,52,99,A1C0,143,패치 슬롯 1341 | 한글 문자 | 메,번역 10-052/099 · 메 / 토큰 88 DA / KANJI A1C0 / 가나다순 143
1702,main,0,DE2C~DE2D,DE2C,DE2D,2,82 9F,0x049FC 0x049FD,0x049FC~0x049FD,0x049FC,0x049FD,false,A0 81,2,0,,hangul,1342,가,10,53,99,1810,1,패치 슬롯 1342 | 한글 문자 | 가,번역 10-053/099 · 가 / 토큰 82 9F / KANJI 1810 / 가나다순 1
1703,main,0,DE2E~DE2F,DE2E,DE2F,2,89 56,0x049FE 0x049FF,0x049FE~0x049FF,0x049FE,0x049FF,false,41 83,2,0,,hangul,1343,스,10,54,99,6370,200,패치 슬롯 1343 | 한글 문자 | 스,번역 10-054/099 · 스 / 토큰 89 56 / KANJI 6370 / 가나다순 200
1704,main,0,DE30~DE31,DE30,DE31,2,89 7A,0x04A00 0x04A01,0x04A00~0x04A01,0x04A00,0x04A01,false,8F 83,2,0,,hangul,1344,와,10,55,99,A3B0,236,패치 슬롯 1344 | 한글 문자 | 와,번역 10-055/099 · 와 / 토큰 89 7A / KANJI A3B0 / 가나다순 236
1705,main,0,DE32~DE33,DE32,DE33,2,81 40,0x04A02 0x04A03,0x04A02~0x04A03,0x04A02,0x04A03,false,5E 83,2,0,,space,1345,␠,10,56,99,,,패치 슬롯 1345 | 전각 공백 | ␠,번역 10-056/099 · ␠ / 토큰 81 40 / PC-88 전각 공백 토큰
1706,main,0,DE34~DE35,DE34,DE35,2,89 5E,0x04A04 0x04A05,0x04A04~0x04A05,0x04A04,0x04A05,false,56 82,2,0,,hangul,1346,싸,10,57,99,63F0,208,패치 슬롯 1346 | 한글 문자 | 싸,번역 10-057/099 · 싸 / 토큰 89 5E / KANJI 63F0 / 가나다순 208
1707,main,0,DE36~DE37,DE36,DE37,2,89 83,0x04A06 0x04A07,0x04A06~0x04A07,0x04A06,0x04A07,false,CD 82,2,0,,hangul,1347,워,10,58,99,E230,244,패치 슬롯 1347 | 한글 문자 | 워,번역 10-058/099 · 워 / 토큰 89 83 / KANJI E230 / 가나다순 244
1708,main,0,DE38~DE39,DE38,DE39,2,89 6B,0x04A08 0x04A09,0x04A08~0x04A09,0x04A08,0x04A09,false,C7 82,2,0,,hangul,1348,야,10,59,99,A2C0,221,패치 슬롯 1348 | 한글 문자 | 야,번역 10-059/099 · 야 / 토큰 89 6B / KANJI A2C0 / 가나다순 221
1709,main,0,DE3A~DE3B,DE3A,DE3B,2,81 40,0x04A0A 0x04A0B,0x04A0A~0x04A0B,0x04A0A,0x04A0B,false,A4 82,2,0,,space,1349,␠,10,60,99,,,패치 슬롯 1349 | 전각 공백 | ␠,번역 10-060/099 · ␠ / 토큰 81 40 / PC-88 전각 공백 토큰
1710,main,0,DE3C~DE3D,DE3C,DE3D,2,89 E2,0x04A0C 0x04A0D,0x04A0C~0x04A0D,0x04A0C,0x04A0D,false,B7 82,2,0,,hangul,1350,하,10,61,99,E440,339,패치 슬롯 1350 | 한글 문자 | 하,번역 10-061/099 · 하 / 토큰 89 E2 / KANJI E440 / 가나다순 339
1711,main,0,DE3E~DE3F,DE3E,DE3F,2,82 CE,0x04A0E 0x04A0F,0x04A0E~0x04A0F,0x04A0E,0x04A0F,false,EA 82,2,0,,hangul,1351,나,10,62,99,2900,48,패치 슬롯 1351 | 한글 문자 | 나,번역 10-062/099 · 나 / 토큰 82 CE / KANJI 2900 / 가나다순 48
1712,main,0,DE40~DE41,DE40,DE41,2,81 48,0x04A10 0x04A11,0x04A10~0x04A11,0x04A10,0x04A11,false,CE 82,2,0,,punctuation,1352,？,10,63,99,,,패치 슬롯 1352 | 문장부호 | ？,번역 10-063/099 · ？ / 토큰 81 48 / PC-88 전각 물음표 토큰
1713,main,0,DE42~DE43,DE42,DE43,2,81 40,0x04A12 0x04A13,0x04A12~0x04A13,0x04A12,0x04A13,false,A2 82,2,0,,space,1353,␠,10,64,99,,,패치 슬롯 1353 | 전각 공백 | ␠,번역 10-064/099 · ␠ / 토큰 81 40 / PC-88 전각 공백 토큰
1714,main,0,DE44~DE45,DE44,DE45,2,82 D3,0x04A14 0x04A15,0x04A14~0x04A15,0x04A14,0x04A15,false,A2 82,2,0,,hangul,1354,내,10,65,99,2950,53,패치 슬롯 1354 | 한글 문자 | 내,번역 10-065/099 · 내 / 토큰 82 D3 / KANJI 2950 / 가나다순 53
1715,main,0,DE46~DE47,DE46,DE47,2,82 9F,0x04A16 0x04A17,0x04A16~0x04A17,0x04A16,0x04A17,false,CC 81,2,0,,hangul,1355,가,10,66,99,1810,1,패치 슬롯 1355 | 한글 문자 | 가,번역 10-066/099 · 가 / 토큰 82 9F / KANJI 1810 / 가나다순 1
1716,main,0,DE48~DE49,DE48,DE49,2,81 40,0x04A18 0x04A19,0x04A18~0x04A19,0x04A18,0x04A19,false,49 81,2,0,,space,1356,␠,10,67,99,,,패치 슬롯 1356 | 전각 공백 | ␠,번역 10-067/099 · ␠ / 토큰 81 40 / PC-88 전각 공백 토큰
1717,main,0,DE4A~DE4B,DE4A,DE4B,2,88 DA,0x04A1A 0x04A1B,0x04A1A~0x04A1B,0x04A1A,0x04A1B,false,48 81,2,0,,hangul,1357,메,10,68,99,A1C0,143,패치 슬롯 1357 | 한글 문자 | 메,번역 10-068/099 · 메 / 토큰 88 DA / KANJI A1C0 / 가나다순 143
1718,main,0,DE4C~DE4D,DE4C,DE4D,2,82 9F,0x04A1C 0x04A1D,0x04A1C~0x04A1D,0x04A1C,0x04A1D,false,40 42,2,0,,hangul,1358,가,10,69,99,1810,1,패치 슬롯 1358 | 한글 문자 | 가,번역 10-069/099 · 가 / 토큰 82 9F / KANJI 1810 / 가나다순 1
1719,main,0,DE4E~DE4F,DE4E,DE4F,2,89 56,0x04A1E 0x04A1F,0x04A1E~0x04A1F,0x04A1E,0x04A1F,false,83 8F,2,0,,hangul,1359,스,10,70,99,6370,200,패치 슬롯 1359 | 한글 문자 | 스,번역 10-070/099 · 스 / 토큰 89 56 / KANJI 6370 / 가나다순 200
1720,main,0,DE50~DE51,DE50,DE51,2,88 CA,0x04A20 0x04A21,0x04A20~0x04A21,0x04A20,0x04A21,false,83 5E,2,0,,hangul,1360,를,10,71,99,A0C0,127,패치 슬롯 1360 | 한글 문자 | 를,번역 10-071/099 · 를 / 토큰 88 CA / KANJI A0C0 / 가나다순 127
1721,main,0,DE52~DE53,DE52,DE53,2,81 40,0x04A22 0x04A23,0x04A22~0x04A23,0x04A22,0x04A23,false,83 56,2,0,,space,1361,␠,10,72,99,,,패치 슬롯 1361 | 전각 공백 | ␠,번역 10-072/099 · ␠ / 토큰 81 40 / PC-88 전각 공백 토큰
1722,main,0,DE54~DE55,DE54,DE55,2,89 5F,0x04A24 0x04A25,0x04A24~0x04A25,0x04A24,0x04A25,false,82 C9,2,0,,hangul,1362,쓰,10,73,99,A200,209,패치 슬롯 1362 | 한글 문자 | 쓰,번역 10-073/099 · 쓰 / 토큰 89 5F / KANJI A200 / 가나다순 209
1723,main,0,DE56~DE57,DE56,DE57,2,88 BB,0x04A26 0x04A27,0x04A26~0x04A27,0x04A26,0x04A27,false,83 81,2,0,,hangul,1363,러,10,74,99,61D0,112,패치 슬롯 1363 | 한글 문자 | 러,번역 10-074/099 · 러 / 토큰 88 BB / KANJI 61D0 / 가나다순 112
1724,main,0,DE58~DE59,DE58,DE59,2,88 B3,0x04A28 0x04A29,0x04A28~0x04A29,0x04A28,0x04A29,false,83 4B,2,0,,hangul,1364,뜨,10,75,99,6150,104,패치 슬롯 1364 | 한글 문자 | 뜨,번역 10-075/099 · 뜨 / 토큰 88 B3 / KANJI 6150 / 가나다순 104
1725,main,0,DE5A~DE5B,DE5A,DE5B,2,88 CE,0x04A2A 0x04A2B,0x04A2A~0x04A2B,0x04A2A,0x04A2B,false,83 58,2,0,,hangul,1365,릴,10,76,99,A100,131,패치 슬롯 1365 | 한글 문자 | 릴,번역 10-076/099 · 릴 / 토큰 88 CE / KANJI A100 / 가나다순 131
1726,main,0,DE5C~DE5D,DE5C,DE5D,2,81 40,0x04A2C 0x04A2D,0x04A2C~0x04A2D,0x04A2C,0x04A2D,false,82 C6,2,0,,space,1366,␠,10,77,99,,,패치 슬롯 1366 | 전각 공백 | ␠,번역 10-077/099 · ␠ / 토큰 81 40 / PC-88 전각 공백 토큰
1727,main,0,DE5E~DE5F,DE5E,DE5F,2,89 54,0x04A2E 0x04A2F,0x04A2E~0x04A2F,0x04A2E,0x04A2F,false,90 ED,2,0,,hangul,1367,수,10,78,99,6350,198,패치 슬롯 1367 | 한글 문자 | 수,번역 10-078/099 · 수 / 토큰 89 54 / KANJI 6350 / 가나다순 198
1728,main,0,DE60~DE61,DE60,DE61,2,81 40,0x04A30 0x04A31,0x04A30~0x04A31,0x04A30,0x04A31,false,82 A6,2,0,,space,1368,␠,10,79,99,,,패치 슬롯 1368 | 전각 공백 | ␠,번역 10-079/099 · ␠ / 토큰 81 40 / PC-88 전각 공백 토큰
1729,main,0,DE62~DE63,DE62,DE63,2,89 92,0x04A32 0x04A33,0x04A32~0x04A33,0x04A32,0x04A33,false,82 C6,2,0,,hangul,1369,있,10,80,99,E320,259,패치 슬롯 1369 | 한글 문자 | 있,번역 10-080/099 · 있 / 토큰 89 92 / KANJI E320 / 가나다순 259
1730,main,0,DE64~DE65,DE64,DE65,2,89 8A,0x04A34 0x04A35,0x04A34~0x04A35,0x04A34,0x04A35,false,82 A2,2,0,,hangul,1370,을,10,81,99,E2A0,251,패치 슬롯 1370 | 한글 문자 | 을,번역 10-081/099 · 을 / 토큰 89 8A / KANJI E2A0 / 가나다순 251
1731,main,0,DE66~DE67,DE66,DE67,2,82 C4,0x04A36 0x04A37,0x04A36~0x04A37,0x04A36,0x04A37,false,82 A4,1,0,,hangul,1371,까,10,82,99,2860,38,패치 슬롯 1371 | 한글 문자 | 까,번역 10-082/099 · 까 / 토큰 82 C4 / KANJI 2860 / 가나다순 38
1732,main,0,DE68~DE69,DE68,DE69,2,81 49,0x04A38 0x04A39,0x04A38~0x04A39,0x04A38,0x04A39,false,82 CC,2,0,,punctuation,1372,！,10,83,99,,,패치 슬롯 1372 | 문장부호 | ！,번역 10-083/099 · ！ / 토큰 81 49 / PC-88 전각 느낌표 토큰
1733,main,0,DE6A~DE6B,DE6A,DE6B,2,81 48,0x04A3A 0x04A3B,0x04A3A~0x04A3B,0x04A3A,0x04A3B,false,81 49,1,0,,punctuation,1373,？,10,84,99,,,패치 슬롯 1373 | 문장부호 | ？,번역 10-084/099 · ？ / 토큰 81 48 / PC-88 전각 물음표 토큰
1734,main,0,DE6C~DE6D,DE6C,DE6D,2,81 40,0x04A3C 0x04A3D,0x04A3C~0x04A3D,0x04A3C,0x04A3D,false,81 48,1,0,,space,1374,␠,10,85,99,,,패치 슬롯 1374 | 전각 공백 | ␠,번역 10-085/099 · ␠ / 토큰 81 40 / PC-88 전각 공백 토큰
1735,main,0,DE6E,DE6E,DE6E,1,42,0x04A3E,0x04A3E,0x04A3E,0x04A3E,false,81,1,0,,control,,,,,,,,기존확인 제어 | 42 계열 CAA8[1] 슬롯 실행,기존 확인값 재사용; 41~50 계열 슬롯 실행; KANJI 해당 없음
1736,main,0,DE6F~DE70,DE6F,DE70,2,88 E3,0x04A3F 0x04A40,0x04A3F~0x04A40,0x04A3F,0x04A40,false,40 83,2,0,,hangul,1375,무,10,86,99,E050,152,패치 슬롯 1375 | 한글 문자 | 무,번역 10-086/099 · 무 / 토큰 88 E3 / KANJI E050 / 가나다순 152
1737,main,0,DE71~DE72,DE71,DE72,2,89 49,0x04A41 0x04A42,0x04A41~0x04A42,0x04A41,0x04A42,false,8F 83,2,0,,hangul,1376,서,10,87,99,62A0,187,패치 슬롯 1376 | 한글 문자 | 서,번역 10-087/099 · 서 / 토큰 89 49 / KANJI 62A0 / 가나다순 187
1738,main,0,DE73~DE74,DE73,DE74,2,89 83,0x04A43 0x04A44,0x04A43~0x04A44,0x04A43,0x04A44,false,5E 83,1,0,,hangul,1377,워,10,88,99,E230,244,패치 슬롯 1377 | 한글 문자 | 워,번역 10-088/099 · 워 / 토큰 89 83 / KANJI E230 / 가나다순 244
1739,main,0,DE75~DE76,DE75,DE76,2,81 45,0x04A45 0x04A46,0x04A45~0x04A46,0x04A45,0x04A46,false,56 82,2,0,,punctuation,1378,・,10,89,99,,,패치 슬롯 1378 | 문장부호 | ・,번역 10-089/099 · ・ / 토큰 81 45 / PC-88 가운데점 토큰
1740,main,0,DE77~DE78,DE77,DE78,2,81 45,0x04A47 0x04A48,0x04A47~0x04A48,0x04A47,0x04A48,false,CD 83,2,0,,punctuation,1379,・,10,90,99,,,패치 슬롯 1379 | 문장부호 | ・,번역 10-090/099 · ・ / 토큰 81 45 / PC-88 가운데점 토큰
1741,main,0,DE79~DE7A,DE79,DE7A,2,81 45,0x04A49 0x04A4A,0x04A49~0x04A4A,0x04A49,0x04A4A,false,81 83,1,0,,punctuation,1380,・,10,91,99,,,패치 슬롯 1380 | 문장부호 | ・,번역 10-091/099 · ・ / 토큰 81 45 / PC-88 가운데점 토큰
1742,main,0,DE7B,DE7B,DE7B,1,42,0x04A4B,0x04A4B,0x04A4B,0x04A4B,false,4B,1,0,,control,,,,,,,,기존확인 제어 | 42 계열 CAA8[1] 슬롯 실행,기존 확인값 재사용; 41~50 계열 슬롯 실행; KANJI 해당 없음
1743,main,0,DE7C~DE7D,DE7C,DE7D,2,81 40,0x04A4C 0x04A4D,0x04A4C~0x04A4D,0x04A4C,0x04A4D,false,83 58,2,0,,space,1381,␠,10,92,99,,,패치 슬롯 1381 | 전각 공백 | ␠,번역 10-092/099 · ␠ / 토큰 81 40 / PC-88 전각 공백 토큰
1744,main,0,DE7E~DE7F,DE7E,DE7F,2,82 D6,0x04A4E 0x04A4F,0x04A4E~0x04A4F,0x04A4E,0x04A4F,false,82 F0,1,0,,hangul,1382,너,10,93,99,2980,56,패치 슬롯 1382 | 한글 문자 | 너,번역 10-093/099 · 너 / 토큰 82 D6 / KANJI 2980 / 가나다순 56
1745,main,0,DE80~DE81,DE80,DE81,2,88 E3,0x04A50 0x04A51,0x04A50~0x04A51,0x04A50,0x04A51,false,93 7C,2,0,,hangul,1383,무,10,94,99,E050,152,패치 슬롯 1383 | 한글 문자 | 무,번역 10-094/099 · 무 / 토큰 88 E3 / KANJI E050 / 가나다순 152
1746,main,0,DE82~DE83,DE82,DE83,2,81 40,0x04A52 0x04A53,0x04A52~0x04A53,0x04A52,0x04A53,false,82 B7,2,0,,space,1384,␠,10,95,99,,,패치 슬롯 1384 | 전각 공백 | ␠,번역 10-095/099 · ␠ / 토큰 81 40 / PC-88 전각 공백 토큰
1747,main,0,DE84~DE85,DE84,DE85,2,88 E3,0x04A54 0x04A55,0x04A54~0x04A55,0x04A54,0x04A55,false,82 B1,2,0,,hangul,1385,무,10,96,99,E050,152,패치 슬롯 1385 | 한글 문자 | 무,번역 10-096/099 · 무 / 토큰 88 E3 / KANJI E050 / 가나다순 152
1748,main,0,DE86~DE87,DE86,DE87,2,89 49,0x04A56 0x04A57,0x04A56~0x04A57,0x04A56,0x04A57,false,82 C6,2,0,,hangul,1386,서,10,97,99,62A0,187,패치 슬롯 1386 | 한글 문자 | 서,번역 10-097/099 · 서 / 토큰 89 49 / KANJI 62A0 / 가나다순 187
1749,main,0,DE88~DE89,DE88,DE89,2,89 83,0x04A58 0x04A59,0x04A58~0x04A59,0x04A58,0x04A59,false,82 AA,2,0,,hangul,1387,워,10,98,99,E230,244,패치 슬롯 1387 | 한글 문자 | 워,번역 10-098/099 · 워 / 토큰 89 83 / KANJI E230 / 가나다순 244
1750,main,0,DE8A~DE8B,DE8A,DE8B,2,81 42,0x04A5A 0x04A5B,0x04A5A~0x04A5B,0x04A5A,0x04A5B,false,82 C5,2,0,,punctuation,1388,。,10,99,99,,,패치 슬롯 1388 | 문장부호 | 。,번역 10-099/099 · 。 / 토큰 81 42 / PC-88 전각 마침표 토큰
1751,main,0,DE8C,DE8C,DE8C,1,61,0x04A5C,0x04A5C,0x04A5C,0x04A5C,false,82,1,0,,control,,,,,,,,기존확인 제어 | 61h 계열 CAA8[0] 작업슬롯 비활성화,기존 확인값 재사용; 61h 계열 슬롯 비활성화; KANJI 해당 없음
1752,main,0,DE8D~DE97,DE8D,DE97,11,1F 02 00 03 02 04 00 03 02 00 88,0x04A5D 0x04A5E 0x04A5F 0x04A60 0x04A61 0x04A62 0x04A63 0x04A64 0x04A65 0x04A66 0x04A67,0x04A5D~0x04A67,0x04A5D,0x04A67,false,AB 82 E9 82 CC 81 49 81 48 81 40,11,0,,control,,,,,,,,기존확인 1F 계열 | 그래픽/전송 제어,기존 확인값 재사용; KANJI 해당 없음
1753,main,0,DE98~DE99,DE98,DE99,2,15 3C,0x04A68 0x04A69,0x04A68~0x04A69,0x04A68,0x04A69,false,42 82,2,0,,control,,,,,,,,기존확인 15h 계열 | 대기/딜레이 제어,기존 확인값 재사용; KANJI 해당 없음
1754,main,0,DE9A~DE9F,DE9A,DE9F,6,05 16 86 3B 9E 00,0x04A6A 0x04A6B 0x04A6C 0x04A6D 0x04A6E 0x04A6F,0x04A6A~0x04A6F,0x04A6A,0x04A6F,false,A0 82 A0 81 41 95,6,0,,control,,,,,,,,기존확인 05h 계열 | 영역/좌표 상태 설정·전개,기존 확인값 재사용; KANJI 해당 없음
1755,main,0,DEA0~DEA1,DEA0,DEA1,2,19 03,0x04A70 0x04A71,0x04A70~0x04A71,0x04A70,0x04A71,false,7C 82,2,0,,control,,,,,,,,기존확인 19h 계열 | 영역 전개·텍스트 삭제 계열 제어,기존 확인값 재사용; KANJI 해당 없음
1756,main,0,DEA2~DEA4,DEA2,DEA4,3,1E 16 A4,0x04A72 0x04A73 0x04A74,0x04A72~0x04A74,0x04A72,0x04A74,false,A2 81 45,3,0,,control,,,,,,,,기존확인 1E 계열 | 간접 CALL/A416 호출,기존 확인값 재사용; KANJI 해당 없음
1757,main,0,DEA5~DEA6,DEA5,DEA6,2,25 2E,0x04A75 0x04A76,0x04A75~0x04A76,0x04A75,0x04A76,false,81 45,2,0,,control,,,,,,,,기존확인 25h 계열 | CA1D 입 파츠 인덱스 2E 설정,기존 확인값 재사용; CA1D=2E; KANJI 해당 없음
1758,main,0,DEA7~DEA8,DEA7,DEA8,2,89 86,0x04A77 0x04A78,0x04A77~0x04A78,0x04A77,0x04A78,false,81 45,2,0,,hangul,1389,유,11,1,32,E260,247,패치 슬롯 1389 | 한글 문자 | 유,번역 11-001/032 · 유 / 토큰 89 86 / KANJI E260 / 가나다순 247
1759,main,0,DEA9~DEAA,DEA9,DEAA,2,89 C5,0x04A79 0x04A7A,0x04A79~0x04A7A,0x04A79,0x04A7A,false,42 82,2,0,,hangul,1390,코,11,2,32,A470,310,패치 슬롯 1390 | 한글 문자 | 코,번역 11-002/032 · 코 / 토큰 89 C5 / KANJI A470 / 가나다순 310
1760,main,0,DEAB~DEAC,DEAB,DEAC,2,81 41,0x04A7B 0x04A7C,0x04A7B~0x04A7C,0x04A7B,0x04A7C,false,C7 82,2,0,,punctuation,1391,、,11,3,32,,,패치 슬롯 1391 | 문장부호 | 、,번역 11-003/032 · 、 / 토큰 81 41 / PC-88 전각 쉼표 토큰
1761,main,0,DEAD~DEAE,DEAD,DEAE,2,89 86,0x04A7D 0x04A7E,0x04A7D~0x04A7E,0x04A7D,0x04A7E,false,A4 82,2,0,,hangul,1392,유,11,4,32,E260,247,패치 슬롯 1392 | 한글 문자 | 유,번역 11-004/032 · 유 / 토큰 89 86 / KANJI E260 / 가나다순 247
1762,main,0,DEAF~DEB0,DEAF,DEB0,2,89 C5,0x04A7F 0x04A80,0x04A7F~0x04A80,0x04A7F,0x04A80,false,B5 82,2,0,,hangul,1393,코,11,5,32,A470,310,패치 슬롯 1393 | 한글 문자 | 코,번역 11-005/032 · 코 / 토큰 89 C5 / KANJI A470 / 가나다순 310
1763,main,0,DEB1~DEB2,DEB1,DEB2,2,81 41,0x04A81 0x04A82,0x04A81~0x04A82,0x04A81,0x04A82,false,E6 82,2,0,,punctuation,1394,、,11,6,32,,,패치 슬롯 1394 | 문장부호 | 、,번역 11-006/032 · 、 / 토큰 81 41 / PC-88 전각 쉼표 토큰
1764,main,0,DEB3~DEB4,DEB3,DEB4,2,89 B4,0x04A83 0x04A84,0x04A83~0x04A84,0x04A83,0x04A84,false,A4 82,2,0,,hangul,1395,진,11,7,32,6560,293,패치 슬롯 1395 | 한글 문자 | 진,번역 11-007/032 · 진 / 토큰 89 B4 / KANJI 6560 / 가나다순 293
1765,main,0,DEB5~DEB6,DEB5,DEB6,2,89 A0,0x04A85 0x04A86,0x04A85~0x04A86,0x04A85,0x04A86,false,E0 82,2,0,,hangul,1396,정,11,8,32,6420,273,패치 슬롯 1396 | 한글 문자 | 정,번역 11-008/032 · 정 / 토큰 89 A0 / KANJI 6420 / 가나다순 273
1766,main,0,DEB7~DEB8,DEB7,DEB8,2,89 E2,0x04A87 0x04A88,0x04A87~0x04A88,0x04A87,0x04A88,false,C8 82,2,0,,hangul,1397,하,11,9,32,E440,339,패치 슬롯 1397 | 한글 문자 | 하,번역 11-009/032 · 하 / 토큰 89 E2 / KANJI E440 / 가나다순 339
1767,main,0,DEB9~DEBA,DEB9,DEBA,2,89 4E,0x04A89 0x04A8A,0x04A89~0x04A8A,0x04A89,0x04A8A,false,AD 95,2,0,,hangul,1398,세,11,10,32,62F0,192,패치 슬롯 1398 | 한글 문자 | 세,번역 11-010/032 · 세 / 토큰 89 4E / KANJI 62F0 / 가나다순 192
1768,main,0,DEBB~DEBC,DEBB,DEBC,2,89 80,0x04A8B 0x04A8C,0x04A8B~0x04A8C,0x04A8B,0x04A8C,false,7C 82,2,0,,hangul,1399,요,11,11,32,E200,241,패치 슬롯 1399 | 한글 문자 | 요,번역 11-011/032 · 요 / 토큰 89 80 / KANJI E200 / 가나다순 241
1769,main,0,DEBD~DEBE,DEBD,DEBE,2,81 42,0x04A8D 0x04A8E,0x04A8D~0x04A8E,0x04A8D,0x04A8E,false,A2 81,2,0,,punctuation,1400,。,11,12,32,,,패치 슬롯 1400 | 문장부호 | 。,번역 11-012/032 · 。 / 토큰 81 42 / PC-88 전각 마침표 토큰
1770,main,0,DEBF~DEC0,DEBF,DEC0,2,82 E0,0x04A8F 0x04A90,0x04A8F~0x04A90,0x04A8F,0x04A90,false,42 61,2,0,,hangul,1401,눈,11,13,32,3820,66,패치 슬롯 1401 | 한글 문자 | 눈,번역 11-013/032 · 눈 / 토큰 82 E0 / KANJI 3820 / 가나다순 66
1771,main,0,DEC1~DEC2,DEC1,DEC2,2,89 8A,0x04A91 0x04A92,0x04A91~0x04A92,0x04A91,0x04A92,false,1F 02,2,0,,hangul,1402,을,11,14,32,E2A0,251,패치 슬롯 1402 | 한글 문자 | 을,번역 11-014/032 · 을 / 토큰 89 8A / KANJI E2A0 / 가나다순 251
1772,main,0,DEC3~DEC4,DEC3,DEC4,2,81 40,0x04A93 0x04A94,0x04A93~0x04A94,0x04A93,0x04A94,false,00 03,2,0,,space,1403,␠,11,15,32,,,패치 슬롯 1403 | 전각 공백 | ␠,번역 11-015/032 · ␠ / 토큰 81 40 / PC-88 전각 공백 토큰
1773,main,0,DEC5~DEC6,DEC5,DEC6,2,82 A3,0x04A95 0x04A96,0x04A95~0x04A96,0x04A95,0x04A96,false,02 04,2,0,,hangul,1404,감,11,16,32,1850,5,패치 슬롯 1404 | 한글 문자 | 감,번역 11-016/032 · 감 / 토큰 82 A3 / KANJI 1850 / 가나다순 5
1774,main,0,DEC7~DEC8,DEC7,DEC8,2,82 B1,0x04A97 0x04A98,0x04A97~0x04A98,0x04A97,0x04A98,false,00 03,2,0,,hangul,1405,고,11,17,32,1930,19,패치 슬롯 1405 | 한글 문자 | 고,번역 11-017/032 · 고 / 토큰 82 B1 / KANJI 1930 / 가나다순 19
1775,main,0,DEC9~DECA,DEC9,DECA,2,81 41,0x04A99 0x04A9A,0x04A99~0x04A9A,0x04A99,0x04A9A,false,02 00,2,0,,punctuation,1406,、,11,18,32,,,패치 슬롯 1406 | 문장부호 | 、,번역 11-018/032 · 、 / 토큰 81 41 / PC-88 전각 쉼표 토큰
1776,main,0,DECB~DECC,DECB,DECC,2,81 40,0x04A9B 0x04A9C,0x04A9B~0x04A9C,0x04A9B,0x04A9C,false,88 15,2,0,,space,1407,␠,11,19,32,,,패치 슬롯 1407 | 전각 공백 | ␠,번역 11-019/032 · ␠ / 토큰 81 40 / PC-88 전각 공백 토큰
1777,main,0,DECD~DECE,DECD,DECE,2,89 A1,0x04A9D 0x04A9E,0x04A9D~0x04A9E,0x04A9D,0x04A9E,false,3C 05,2,0,,hangul,1408,제,11,20,32,6430,274,패치 슬롯 1408 | 한글 문자 | 제,번역 11-020/032 · 제 / 토큰 89 A1 / KANJI 6430 / 가나다순 274
1778,main,0,DECF~DED0,DECF,DED0,2,81 40,0x04A9F 0x04AA0,0x04A9F~0x04AA0,0x04A9F,0x04AA0,false,16 86,2,0,,space,1409,␠,11,21,32,,,패치 슬롯 1409 | 전각 공백 | ␠,번역 11-021/032 · ␠ / 토큰 81 40 / PC-88 전각 공백 토큰
1779,main,0,DED1~DED2,DED1,DED2,2,88 E0,0x04AA1 0x04AA2,0x04AA1~0x04AA2,0x04AA1,0x04AA2,false,3B 9E,2,0,,hangul,1410,목,11,22,32,E020,149,패치 슬롯 1410 | 한글 문자 | 목,번역 11-022/032 · 목 / 토큰 88 E0 / KANJI E020 / 가나다순 149
1780,main,0,DED3~DED4,DED3,DED4,2,89 50,0x04AA3 0x04AA4,0x04AA3~0x04AA4,0x04AA3,0x04AA4,false,00 19,2,0,,hangul,1411,소,11,23,32,6310,194,패치 슬롯 1411 | 한글 문자 | 소,번역 11-023/032 · 소 / 토큰 89 50 / KANJI 6310 / 가나다순 194
1781,main,0,DED5~DED6,DED5,DED6,2,88 CC,0x04AA5 0x04AA6,0x04AA5~0x04AA6,0x04AA5,0x04AA6,false,03 1E,2,0,,hangul,1412,리,11,24,32,A0E0,129,패치 슬롯 1412 | 한글 문자 | 리,번역 11-024/032 · 리 / 토큰 88 CC / KANJI A0E0 / 가나다순 129
1782,main,0,DED7~DED8,DED7,DED8,2,88 CA,0x04AA7 0x04AA8,0x04AA7~0x04AA8,0x04AA7,0x04AA8,false,16 A4,2,0,,hangul,1413,를,11,25,32,A0C0,127,패치 슬롯 1413 | 한글 문자 | 를,번역 11-025/032 · 를 / 토큰 88 CA / KANJI A0C0 / 가나다순 127
1783,main,0,DED9~DEDA,DED9,DEDA,2,81 40,0x04AA9 0x04AAA,0x04AA9~0x04AAA,0x04AA9,0x04AAA,false,25 2E,2,0,,space,1414,␠,11,26,32,,,패치 슬롯 1414 | 전각 공백 | ␠,번역 11-026/032 · ␠ / 토큰 81 40 / PC-88 전각 공백 토큰
1784,main,0,DEDB~DEDC,DEDB,DEDC,2,88 AA,0x04AAB 0x04AAC,0x04AAB~0x04AAC,0x04AAB,0x04AAC,false,97 44,2,0,,hangul,1415,들,11,27,32,60C0,95,패치 슬롯 1415 | 한글 문자 | 들,번역 11-027/032 · 들 / 토큰 88 AA / KANJI 60C0 / 가나다순 95
1785,main,0,DEDD~DEDE,DEDD,DEDE,2,89 88,0x04AAD 0x04AAE,0x04AAD~0x04AAE,0x04AAD,0x04AAE,false,8E 71,2,0,,hangul,1416,으,11,28,32,E280,249,패치 슬롯 1416 | 한글 문자 | 으,번역 11-028/032 · 으 / 토큰 89 88 / KANJI E280 / 가나다순 249
1786,main,0,DEDF~DEE0,DEDF,DEE0,2,89 4E,0x04AAF 0x04AB0,0x04AAF~0x04AB0,0x04AAF,0x04AB0,false,81 41,2,0,,hangul,1417,세,11,29,32,62F0,192,패치 슬롯 1417 | 한글 문자 | 세,번역 11-029/032 · 세 / 토큰 89 4E / KANJI 62F0 / 가나다순 192
1787,main,0,DEE1~DEE2,DEE1,DEE2,2,89 80,0x04AB1 0x04AB2,0x04AB1~0x04AB2,0x04AB1,0x04AB2,false,97 44,2,0,,hangul,1418,요,11,30,32,E200,241,패치 슬롯 1418 | 한글 문자 | 요,번역 11-030/032 · 요 / 토큰 89 80 / KANJI E200 / 가나다순 241
1788,main,0,DEE3~DEE4,DEE3,DEE4,2,81 42,0x04AB3 0x04AB4,0x04AB3~0x04AB4,0x04AB3,0x04AB4,false,8E 71,2,0,,punctuation,1419,。,11,31,32,,,패치 슬롯 1419 | 문장부호 | 。,번역 11-031/032 · 。 / 토큰 81 42 / PC-88 전각 마침표 토큰
1789,main,0,DEE5~DEE6,DEE5,DEE6,2,81 40,0x04AB5 0x04AB6,0x04AB5~0x04AB6,0x04AB5,0x04AB6,false,81 41,1,0,,space,1420,␠,11,32,32,,,패치 슬롯 1420 | 전각 공백 | ␠,번역 11-032/032 · ␠ / 토큰 81 40 / PC-88 전각 공백 토큰
1790,main,0,DEE7,DEE7,DEE7,1,65,0x04AB7,0x04AB7,0x04AB7,0x04AB7,false,97,1,0,,control,,,,,,,,기존확인 제어 | 65h 계열 슬롯/표시 상태 제어,기존 확인값 재사용; 61h 계열 슬롯 비활성화; KANJI 해당 없음
1791,main,0,DEE8,DEE8,DEE8,1,66,0x04AB8,0x04AB8,0x04AB8,0x04AB8,false,8E,1,0,,control,,,,,,,,기존확인 제어 | 66h 계열 슬롯/표시 상태 제어,기존 확인값 재사용; 61h 계열 슬롯 비활성화; KANJI 해당 없음
1792,main,0,DEE9~DEEA,DEE9,DEEA,2,19 07,0x04AB9 0x04ABA,0x04AB9~0x04ABA,0x04AB9,0x04ABA,false,82 BF,2,0,,control,,,,,,,,기존확인 19h 계열 | 텍스트 삭제/영역 전개 제어,기존 확인값 재사용; KANJI 해당 없음
1793,main,0,DEEB~DEED,DEEB,DEED,3,16 58 E7,0x04ABB 0x04ABC 0x04ABD,0x04ABB~0x04ABD,0x04ABB,0x04ABD,false,82 C2 82,3,0,,control,,,,,,,,기존확인 16h 계열 | E758 서브스트림 호출,기존 확인값 재사용; 서브스트림 → E758
1794,substream,1,E758~E75C,E758,E75C,5,0F 01 18 03 0E,0x05348 0x05349 0x0534A 0x0534B 0x0534C,0x05348~0x0534C,0x05348,0x0534C,false,0F 01 18 03 0E,0,0,,control,,,,,,,,기존확인 0Fh 계열 | 081E 호출/표시 제어,기존 확인값 재사용; KANJI 해당 없음
1795,substream,1,E75D~E75F,E75D,E75F,3,1E 3C 08,0x0534D 0x0534E 0x0534F,0x0534D~0x0534F,0x0534D,0x0534F,false,1E 3C 08,0,0,,control,,,,,,,,기존확인 1E 계열 | 간접 CALL/083C 호출,기존 확인값 재사용; KANJI 해당 없음
1796,substream,1,E760~E765,E760,E765,6,05 16 86 3A 9E 01,0x05350 0x05351 0x05352 0x05353 0x05354 0x05355,0x05350~0x05355,0x05350,0x05355,false,05 16 86 3A 9E 01,0,0,,control,,,,,,,,기존확인 05h 계열 | 영역/표시 전개,기존 확인값 재사용; KANJI 해당 없음
1797,substream,1,E766~E76A,E766,E76A,5,0E 16 20 24 80,0x05356 0x05357 0x05358 0x05359 0x0535A,0x05356~0x0535A,0x05356,0x0535A,false,0E 16 20 24 80,0,0,,control,,,,,,,,기존확인 0Eh 계열 | 화면/버퍼 초기화·전개,기존 확인값 재사용; KANJI 해당 없음
1798,substream,1,E76B~E76D,E76B,E76D,3,13 24 E8,0x0535B 0x0535C 0x0535D,0x0535B~0x0535D,0x0535B,0x0535D,false,13 24 E8,0,0,,control,,,,,,,,기존확인 13h 계열 | 표시/상태 제어,기존 확인값 재사용; KANJI 해당 없음
1799,substream,1,E76E,E76E,E76E,1,17,0x0535E,0x0535E,0x0535E,0x0535E,false,17,0,0,,control,,,,,,,,기존확인 17h 계열 | 서브스트림 복귀,기존 확인값 재사용; 서브스트림 복귀; KANJI 해당 없음
1800,main,0,DEEE~DEEF,DEEE,DEEF,2,01 03,0x04ABE 0x04ABF,0x04ABE~0x04ABF,0x04ABE,0x04ABF,false,AB 82,2,0,,control,,,,,,,,기존확인 01h 계열 | 하위 코드 wrapper,기존 확인값 재사용; KANJI 해당 없음
1801,main,0,DEF0~DEF1,DEF0,DEF1,2,06 02,0x04AC0 0x04AC1,0x04AC0~0x04AC1,0x04AC0,0x04AC1,false,C8 82,2,0,,control,,,,,,,,기존확인 06h 계열 | C018/표시 상태 설정,기존 확인값 재사용; KANJI 해당 없음
1802,main,0,DEF2~DEF3,DEF2,DEF3,2,25 2B,0x04AC2 0x04AC3,0x04AC2~0x04AC3,0x04AC2,0x04AC3,false,B3 82,2,0,,control,,,,,,,,기존확인 25h 계열 | CA1D 입 파츠 인덱스 2B 설정,기존 확인값 재사용; CA1D=2B; KANJI 해당 없음
1803,main,0,DEF4~DEF5,DEF4,DEF5,2,89 8D,0x04AC4 0x04AC5,0x04AC4~0x04AC5,0x04AC4,0x04AC5,false,A2 81,2,0,,hangul,1421,이,12,1,18,E2D0,254,패치 슬롯 1421 | 한글 문자 | 이,번역 12-001/018 · 이 / 토큰 89 8D / KANJI E2D0 / 가나다순 254
1804,main,0,DEF6~DEF7,DEF6,DEF7,2,81 41,0x04AC6 0x04AC7,0x04AC6~0x04AC7,0x04AC6,0x04AC7,false,42 96,2,0,,punctuation,1422,、,12,2,18,,,패치 슬롯 1422 | 문장부호 | 、,번역 12-002/018 · 、 / 토큰 81 41 / PC-88 전각 쉼표 토큰
1805,main,0,DEF8~DEF9,DEF8,DEF9,2,89 8D,0x04AC8 0x04AC9,0x04AC8~0x04AC9,0x04AC8,0x04AC9,false,DA 82,2,0,,hangul,1423,이,12,3,18,E2D0,254,패치 슬롯 1423 | 한글 문자 | 이,번역 12-003/018 · 이 / 토큰 89 8D / KANJI E2D0 / 가나다순 254
1806,main,0,DEFA~DEFB,DEFA,DEFB,2,81 40,0x04ACA 0x04ACB,0x04ACA~0x04ACB,0x04ACA,0x04ACB,false,F0 95,2,0,,space,1424,␠,12,4,18,,,패치 슬롯 1424 | 전각 공백 | ␠,번역 12-004/018 · ␠ / 토큰 81 40 / PC-88 전각 공백 토큰
1807,main,0,DEFC~DEFD,DEFC,DEFD,2,88 E0,0x04ACC 0x04ACD,0x04ACC~0x04ACD,0x04ACC,0x04ACD,false,C2 82,2,0,,hangul,1425,목,12,5,18,E020,149,패치 슬롯 1425 | 한글 문자 | 목,번역 12-005/018 · 목 / 토큰 88 E0 / KANJI E020 / 가나다순 149
1808,main,0,DEFE~DEFF,DEFE,DEFF,2,89 50,0x04ACE 0x04ACF,0x04ACE~0x04ACF,0x04ACE,0x04ACF,false,B6 82,2,0,,hangul,1426,소,12,6,18,6310,194,패치 슬롯 1426 | 한글 문자 | 소,번역 12-006/018 · 소 / 토큰 89 50 / KANJI 6310 / 가나다순 194
1809,main,0,DF00~DF01,DF00,DF01,2,88 CC,0x04AD0 0x04AD1,0x04AD0~0x04AD1,0x04AD0,0x04AD1,false,C4 81,2,0,,hangul,1427,리,12,7,18,A0E0,129,패치 슬롯 1427 | 한글 문자 | 리,번역 12-007/018 · 리 / 토큰 88 CC / KANJI A0E0 / 가나다순 129
1810,main,0,DF02~DF03,DF02,DF03,2,82 E3,0x04AD2 0x04AD3,0x04AD2~0x04AD3,0x04AD2,0x04AD3,false,41 82,2,0,,hangul,1428,는,12,8,18,3850,69,패치 슬롯 1428 | 한글 문자 | 는,번역 12-008/018 · 는 / 토큰 82 E3 / KANJI 3850 / 가나다순 69
1811,main,0,DF04~DF05,DF04,DF05,2,81 45,0x04AD4 0x04AD5,0x04AD4~0x04AD5,0x04AD4,0x04AD5,false,ED 82,2,0,,punctuation,1429,・,12,9,18,,,패치 슬롯 1429 | 문장부호 | ・,번역 12-009/018 · ・ / 토큰 81 45 / PC-88 가운데점 토큰
1812,main,0,DF06~DF07,DF06,DF07,2,81 45,0x04AD6 0x04AD7,0x04AD6~0x04AD7,0x04AD6,0x04AD7,false,BD 82,2,0,,punctuation,1430,・,12,10,18,,,패치 슬롯 1430 | 문장부호 | ・,번역 12-010/018 · ・ / 토큰 81 45 / PC-88 가운데점 토큰
1813,main,0,DF08~DF09,DF08,DF09,2,81 45,0x04AD8 0x04AD9,0x04AD8~0x04AD9,0x04AD8,0x04AD9,false,B5 82,2,0,,punctuation,1431,・,12,11,18,,,패치 슬롯 1431 | 문장부호 | ・,번역 12-011/018 · ・ / 토큰 81 45 / PC-88 가운데점 토큰
1814,main,0,DF0A~DF0B,DF0A,DF0B,2,81 40,0x04ADA 0x04ADB,0x04ADA~0x04ADB,0x04ADA,0x04ADB,false,CC 90,2,0,,space,1432,␠,12,12,18,,,패치 슬롯 1432 | 전각 공백 | ␠,번역 12-012/018 · ␠ / 토큰 81 40 / PC-88 전각 공백 토큰
1815,main,0,DF0C~DF0D,DF0C,DF0D,2,88 E9,0x04ADC 0x04ADD,0x04ADC~0x04ADD,0x04ADC,0x04ADD,false,BA 82,2,0,,hangul,1433,바,12,13,18,E0B0,158,패치 슬롯 1433 | 한글 문자 | 바,번역 12-013/018 · 바 / 토큰 88 E9 / KANJI E0B0 / 가나다순 158
1816,main,0,DF0E~DF0F,DF0E,DF0F,2,88 CC,0x04ADE 0x04ADF,0x04ADE~0x04ADF,0x04ADE,0x04ADF,false,F0 95,2,0,,hangul,1434,리,12,14,18,A0E0,129,패치 슬롯 1434 | 한글 문자 | 리,번역 12-014/018 · 리 / 토큰 88 CC / KANJI A0E0 / 가나다순 129
1817,main,0,DF10~DF11,DF10,DF11,2,89 60,0x04AE0 0x04AE1,0x04AE0~0x04AE1,0x04AE0,0x04AE1,false,B7 82,2,0,,hangul,1435,아,12,15,18,A210,210,패치 슬롯 1435 | 한글 문자 | 아,번역 12-015/018 · 아 / 토큰 89 60 / KANJI A210 / 가나다순 210
1818,main,0,DF12~DF13,DF12,DF13,2,82 E6,0x04AE2 0x04AE3,0x04AE2~0x04AE3,0x04AE2,0x04AE3,false,AB 82,2,0,,hangul,1436,님,12,16,18,3880,72,패치 슬롯 1436 | 한글 문자 | 님,번역 12-016/018 · 님 / 토큰 82 E6 / KANJI 3880 / 가나다순 72
1819,main,0,DF14~DF15,DF14,DF15,2,81 49,0x04AE4 0x04AE5,0x04AE4~0x04AE5,0x04AE4,0x04AE5,false,C8 82,2,0,,punctuation,1437,！,12,17,18,,,패치 슬롯 1437 | 문장부호 | ！,번역 12-017/018 · ！ / 토큰 81 49 / PC-88 전각 느낌표 토큰
1820,main,0,DF16~DF17,DF16,DF17,2,81 40,0x04AE6 0x04AE7,0x04AE6~0x04AE7,0x04AE6,0x04AE7,false,B3 82,2,0,,space,1438,␠,12,18,18,,,패치 슬롯 1438 | 전각 공백 | ␠,번역 12-018/018 · ␠ / 토큰 81 40 / PC-88 전각 공백 토큰
1821,main,0,DF18,DF18,DF18,1,11,0x04AE8,0x04AE8,0x04AE8,0x04AE8,false,A2,1,0,,control,,,,,,,,신규확인 11h 계열 | 단일 제어,신규 확인; KANJI 해당 없음
1822,main,0,DF19~DF1A,DF19,DF1A,2,06 0E,0x04AE9 0x04AEA,0x04AE9~0x04AEA,0x04AE9,0x04AEA,false,81 42,2,0,,control,,,,,,,,기존확인 06h 계열 | 상태 설정 제어,기존 확인값 재사용; KANJI 해당 없음
1823,main,0,DF1B~DF1C,DF1B,DF1C,2,19 03,0x04AEB 0x04AEC,0x04AEB~0x04AEC,0x04AEB,0x04AEC,false,65 66,2,0,,control,,,,,,,,기존확인 19h 계열 | 영역 전개·텍스트 삭제 계열 제어,기존 확인값 재사용; KANJI 해당 없음
1824,main,0,DF1D~DF22,DF1D,DF22,6,05 16 86 3A 9E 01,0x04AED 0x04AEE 0x04AEF 0x04AF0 0x04AF1 0x04AF2,0x04AED~0x04AF2,0x04AED,0x04AF2,false,19 07 16 58 E7 01,5,0,,control,,,,,,,,기존확인 05h 계열 | 영역/좌표 상태 설정·전개,기존 확인값 재사용; KANJI 해당 없음
1825,main,0,DF23~DF24,DF23,DF24,2,25 2E,0x04AF3 0x04AF4,0x04AF3~0x04AF4,0x04AF3,0x04AF4,false,03 06,2,0,,control,,,,,,,,기존확인 25h 계열 | CA1D 입 파츠 인덱스 2E 설정,기존 확인값 재사용; CA1D=2E; KANJI 해당 없음
1826,main,0,DF25~DF26,DF25,DF26,2,89 86,0x04AF5 0x04AF6,0x04AF5~0x04AF6,0x04AF5,0x04AF6,false,02 25,2,0,,hangul,1439,유,13,1,253,E260,247,패치 슬롯 1439 | 한글 문자 | 유,번역 13-001/253 · 유 / 토큰 89 86 / KANJI E260 / 가나다순 247
1827,main,0,DF27~DF28,DF27,DF28,2,89 C5,0x04AF7 0x04AF8,0x04AF7~0x04AF8,0x04AF7,0x04AF8,false,2B 82,2,0,,hangul,1440,코,13,2,253,A470,310,패치 슬롯 1440 | 한글 문자 | 코,번역 13-002/253 · 코 / 토큰 89 C5 / KANJI A470 / 가나다순 310
1828,main,0,DF29~DF2A,DF29,DF2A,2,81 41,0x04AF9 0x04AFA,0x04AF9~0x04AFA,0x04AF9,0x04AFA,false,A0 82,2,0,,punctuation,1441,、,13,3,253,,,패치 슬롯 1441 | 문장부호 | 、,번역 13-003/253 · 、 / 토큰 81 41 / PC-88 전각 쉼표 토큰
1829,main,0,DF2B~DF2C,DF2B,DF2C,2,82 EB,0x04AFB 0x04AFC,0x04AFB~0x04AFC,0x04AFB,0x04AFC,false,A0 81,2,0,,hangul,1442,당,13,4,253,38D0,77,패치 슬롯 1442 | 한글 문자 | 당,번역 13-004/253 · 당 / 토큰 82 EB / KANJI 38D0 / 가나다순 77
1830,main,0,DF2D~DF2E,DF2D,DF2E,2,89 5B,0x04AFD 0x04AFE,0x04AFD~0x04AFE,0x04AFD,0x04AFE,false,41 82,2,0,,hangul,1443,신,13,5,253,63C0,205,패치 슬롯 1443 | 한글 문자 | 신,번역 13-005/253 · 신 / 토큰 89 5B / KANJI 63C0 / 가나다순 205
1831,main,0,DF2F~DF30,DF2F,DF30,2,89 89,0x04AFF 0x04B00,0x04AFF~0x04B00,0x04AFF,0x04B00,false,BB 82,2,0,,hangul,1444,은,13,6,253,E290,250,패치 슬롯 1444 | 한글 문자 | 은,번역 13-006/253 · 은 / 토큰 89 89 / KANJI E290 / 가나다순 250
1832,main,0,DF31~DF32,DF31,DF32,2,81 40,0x04B01 0x04B02,0x04B01~0x04B02,0x04B01,0x04B02,false,CC 90,2,0,,space,1445,␠,13,7,253,,,패치 슬롯 1445 | 전각 공백 | ␠,번역 13-007/253 · ␠ / 토큰 81 40 / PC-88 전각 공백 토큰
1833,main,0,DF33~DF34,DF33,DF34,2,88 E9,0x04B03 0x04B04,0x04B03~0x04B04,0x04B03,0x04B04,false,BA 82,2,0,,hangul,1446,바,13,8,253,E0B0,158,패치 슬롯 1446 | 한글 문자 | 바,번역 13-008/253 · 바 / 토큰 88 E9 / KANJI E0B0 / 가나다순 158
1834,main,0,DF35~DF36,DF35,DF36,2,88 CC,0x04B05 0x04B06,0x04B05~0x04B06,0x04B05,0x04B06,false,CD 81,2,0,,hangul,1447,리,13,9,253,A0E0,129,패치 슬롯 1447 | 한글 문자 | 리,번역 13-009/253 · 리 / 토큰 88 CC / KANJI A0E0 / 가나다순 129
1835,main,0,DF37~DF38,DF37,DF38,2,89 56,0x04B07 0x04B08,0x04B07~0x04B08,0x04B07,0x04B08,false,45 81,2,0,,hangul,1448,스,13,10,253,6370,200,패치 슬롯 1448 | 한글 문자 | 스,번역 13-010/253 · 스 / 토큰 89 56 / KANJI 6370 / 가나다순 200
1836,main,0,DF39~DF3A,DF39,DF3A,2,89 8C,0x04B09 0x04B0A,0x04B09~0x04B0A,0x04B09,0x04B0A,false,45 81,2,0,,hangul,1449,의,13,11,253,E2C0,253,패치 슬롯 1449 | 한글 문자 | 의,번역 13-011/253 · 의 / 토큰 89 8C / KANJI E2C0 / 가나다순 253
1837,main,0,DF3B~DF3C,DF3B,DF3C,2,81 40,0x04B0B 0x04B0C,0x04B0B~0x04B0C,0x04B0B,0x04B0C,false,45 83,2,0,,space,1450,␠,13,12,253,,,패치 슬롯 1450 | 전각 공백 | ␠,번역 13-012/253 · ␠ / 토큰 81 40 / PC-88 전각 공백 토큰
1838,main,0,DF3D~DF3E,DF3D,DF3E,2,89 9D,0x04B0D 0x04B0E,0x04B0D~0x04B0E,0x04B0D,0x04B0E,false,94 83,2,0,,hangul,1451,전,13,13,253,E3D0,270,패치 슬롯 1451 | 한글 문자 | 전,번역 13-013/253 · 전 / 토큰 89 9D / KANJI E3D0 / 가나다순 270
1839,main,0,DF3F~DF40,DF3F,DF40,2,89 43,0x04B0F 0x04B10,0x04B0F~0x04B10,0x04B0F,0x04B10,false,40 83,2,0,,hangul,1452,사,13,14,253,6240,181,패치 슬롯 1452 | 한글 문자 | 사,번역 13-014/253 · 사 / 토큰 89 43 / KANJI 6240 / 가나다순 181
1840,main,0,DF41~DF42,DF41,DF42,2,88 C5,0x04B11 0x04B12,0x04B11~0x04B12,0x04B11,0x04B12,false,8A 83,2,0,,hangul,1453,로,13,15,253,A070,122,패치 슬롯 1453 | 한글 문자 | 로,번역 13-015/253 · 로 / 토큰 88 C5 / KANJI A070 / 가나다순 122
1841,main,0,DF43~DF44,DF43,DF44,2,81 40,0x04B13 0x04B14,0x04B13~0x04B14,0x04B13,0x04B14,false,41 97,2,0,,space,1454,␠,13,16,253,,,패치 슬롯 1454 | 전각 공백 | ␠,번역 13-016/253 · ␠ / 토큰 81 40 / PC-88 전각 공백 토큰
1842,main,0,DF45~DF46,DF45,DF46,2,89 4B,0x04B15 0x04B16,0x04B15~0x04B16,0x04B15,0x04B16,false,6C 81,2,0,,hangul,1455,선,13,17,253,62C0,189,패치 슬롯 1455 | 한글 문자 | 선,번역 13-017/253 · 선 / 토큰 89 4B / KANJI 62C0 / 가나다순 189
1843,main,0,DF47~DF48,DF47,DF48,2,89 D0,0x04B17 0x04B18,0x04B17~0x04B18,0x04B17,0x04B18,false,49 81,2,0,,hangul,1456,택,13,18,253,A520,321,패치 슬롯 1456 | 한글 문자 | 택,번역 13-018/253 · 택 / 토큰 89 D0 / KANJI A520 / 가나다순 321
1844,main,0,DF49~DF4A,DF49,DF4A,2,88 EB,0x04B19 0x04B1A,0x04B19~0x04B1A,0x04B19,0x04B1A,false,40 11,2,0,,hangul,1457,받,13,19,253,E0D0,160,패치 슬롯 1457 | 한글 문자 | 받,번역 13-019/253 · 받 / 토큰 88 EB / KANJI E0D0 / 가나다순 160
1845,main,0,DF4B~DF4C,DF4B,DF4C,2,89 89,0x04B1B 0x04B1C,0x04B1B~0x04B1C,0x04B1B,0x04B1C,false,06 0E,2,0,,hangul,1458,은,13,20,253,E290,250,패치 슬롯 1458 | 한글 문자 | 은,번역 13-020/253 · 은 / 토큰 89 89 / KANJI E290 / 가나다순 250
1846,main,0,DF4D~DF4E,DF4D,DF4E,2,81 40,0x04B1D 0x04B1E,0x04B1D~0x04B1E,0x04B1D,0x04B1E,false,19 03,2,0,,space,1459,␠,13,21,253,,,패치 슬롯 1459 | 전각 공백 | ␠,번역 13-021/253 · ␠ / 토큰 81 40 / PC-88 전각 공백 토큰
1847,main,0,DF4F~DF50,DF4F,DF50,2,89 43,0x04B1F 0x04B20,0x04B1F~0x04B20,0x04B1F,0x04B20,false,05 16,2,0,,hangul,1460,사,13,22,253,6240,181,패치 슬롯 1460 | 한글 문자 | 사,번역 13-022/253 · 사 / 토큰 89 43 / KANJI 6240 / 가나다순 181
1848,main,0,DF51~DF52,DF51,DF52,2,88 B8,0x04B21 0x04B22,0x04B21~0x04B22,0x04B21,0x04B22,false,86 3A,2,0,,hangul,1461,람,13,23,253,61A0,109,패치 슬롯 1461 | 한글 문자 | 람,번역 13-023/253 · 람 / 토큰 88 B8 / KANJI 61A0 / 가나다순 109
1849,main,0,DF53~DF54,DF53,DF54,2,89 91,0x04B23 0x04B24,0x04B23~0x04B24,0x04B23,0x04B24,false,9E 01,2,0,,hangul,1462,입,13,24,253,E310,258,패치 슬롯 1462 | 한글 문자 | 입,번역 13-024/253 · 입 / 토큰 89 91 / KANJI E310 / 가나다순 258
1850,main,0,DF55~DF56,DF55,DF56,2,82 E4,0x04B25 0x04B26,0x04B25~0x04B26,0x04B25,0x04B26,false,25 2E,2,0,,hangul,1463,니,13,25,253,3860,70,패치 슬롯 1463 | 한글 문자 | 니,번역 13-025/253 · 니 / 토큰 82 E4 / KANJI 3860 / 가나다순 70
1851,main,0,DF57~DF58,DF57,DF58,2,82 E7,0x04B27 0x04B28,0x04B27~0x04B28,0x04B27,0x04B28,false,97 44,2,0,,hangul,1464,다,13,26,253,3890,73,패치 슬롯 1464 | 한글 문자 | 다,번역 13-026/253 · 다 / 토큰 82 E7 / KANJI 3890 / 가나다순 73
1852,main,0,DF59~DF5A,DF59,DF5A,2,81 42,0x04B29 0x04B2A,0x04B29~0x04B2A,0x04B29,0x04B2A,false,8E 71,2,0,,punctuation,1465,。,13,27,253,,,패치 슬롯 1465 | 문장부호 | 。,번역 13-027/253 · 。 / 토큰 81 42 / PC-88 전각 마침표 토큰
1853,main,0,DF5B~DF5C,DF5B,DF5C,2,89 93,0x04B2B 0x04B2C,0x04B2B~0x04B2C,0x04B2B,0x04B2C,false,81 41,2,0,,hangul,1466,자,13,28,253,E330,260,패치 슬롯 1466 | 한글 문자 | 자,번역 13-028/253 · 자 / 토큰 89 93 / KANJI E330 / 가나다순 260
1854,main,0,DF5D~DF5E,DF5D,DF5E,2,89 5B,0x04B2D 0x04B2E,0x04B2D~0x04B2E,0x04B2D,0x04B2E,false,82 A0,2,0,,hangul,1467,신,13,29,253,63C0,205,패치 슬롯 1467 | 한글 문자 | 신,번역 13-029/253 · 신 / 토큰 89 5B / KANJI 63C0 / 가나다순 205
1855,main,0,DF5F~DF60,DF5F,DF60,2,89 8C,0x04B2F 0x04B30,0x04B2F~0x04B30,0x04B2F,0x04B30,false,82 C8,2,0,,hangul,1468,의,13,30,253,E2C0,253,패치 슬롯 1468 | 한글 문자 | 의,번역 13-030/253 · 의 / 토큰 89 8C / KANJI E2C0 / 가나다순 253
1856,main,0,DF61~DF62,DF61,DF62,2,81 40,0x04B31 0x04B32,0x04B31~0x04B32,0x04B31,0x04B32,false,82 BD,2,0,,space,1469,␠,13,31,253,,,패치 슬롯 1469 | 전각 공백 | ␠,번역 13-031/253 · ␠ / 토큰 81 40 / PC-88 전각 공백 토큰
1857,main,0,DF63~DF64,DF63,DF64,2,89 F8,0x04B33 0x04B34,0x04B33~0x04B34,0x04B33,0x04B34,false,82 CD,2,0,,hangul,1470,힘,13,32,253,E5A0,361,패치 슬롯 1470 | 한글 문자 | 힘,번역 13-032/253 · 힘 / 토큰 89 F8 / KANJI E5A0 / 가나다순 361
1858,main,0,DF65~DF66,DF65,DF66,2,89 8A,0x04B35 0x04B36,0x04B35~0x04B36,0x04B35,0x04B36,false,83 94,2,0,,hangul,1471,을,13,33,253,E2A0,251,패치 슬롯 1471 | 한글 문자 | 을,번역 13-033/253 · 을 / 토큰 89 8A / KANJI E2A0 / 가나다순 251
1859,main,0,DF67~DF68,DF67,DF68,2,81 40,0x04B37 0x04B38,0x04B37~0x04B38,0x04B37,0x04B38,false,83 40,1,0,,space,1472,␠,13,34,253,,,패치 슬롯 1472 | 전각 공백 | ␠,번역 13-034/253 · ␠ / 토큰 81 40 / PC-88 전각 공백 토큰
1860,main,0,DF69~DF6A,DF69,DF6A,2,88 E8,0x04B39 0x04B3A,0x04B39~0x04B3A,0x04B39,0x04B3A,false,83 8A,2,0,,hangul,1473,믿,13,35,253,E0A0,157,패치 슬롯 1473 | 한글 문자 | 믿,번역 13-035/253 · 믿 / 토큰 88 E8 / KANJI E0A0 / 가나다순 157
1861,main,0,DF6B~DF6C,DF6B,DF6C,2,89 88,0x04B3B 0x04B3C,0x04B3B~0x04B3C,0x04B3B,0x04B3C,false,83 58,2,0,,hangul,1474,으,13,36,253,E280,249,패치 슬롯 1474 | 한글 문자 | 으,번역 13-036/253 · 으 / 토큰 89 88 / KANJI E280 / 가나다순 249
1862,main,0,DF6D~DF6E,DF6D,DF6E,2,89 4E,0x04B3D 0x04B3E,0x04B3D~0x04B3E,0x04B3D,0x04B3E,false,82 CC,2,0,,hangul,1475,세,13,37,253,62F0,192,패치 슬롯 1475 | 한글 문자 | 세,번역 13-037/253 · 세 / 토큰 89 4E / KANJI 62F0 / 가나다순 192
1863,main,0,DF6F~DF70,DF6F,DF70,2,89 80,0x04B3F 0x04B40,0x04B3F~0x04B40,0x04B3F,0x04B40,false,90 ED,2,0,,hangul,1476,요,13,38,253,E200,241,패치 슬롯 1476 | 한글 문자 | 요,번역 13-038/253 · 요 / 토큰 89 80 / KANJI E200 / 가나다순 241
1864,main,0,DF71~DF72,DF71,DF72,2,81 42,0x04B41 0x04B42,0x04B41~0x04B42,0x04B41,0x04B42,false,8E 6D,2,0,,punctuation,1477,。,13,39,253,,,패치 슬롯 1477 | 문장부호 | 。,번역 13-039/253 · 。 / 토큰 81 42 / PC-88 전각 마침표 토큰
1865,main,0,DF73~DF74,DF73,DF74,2,81 40,0x04B43 0x04B44,0x04B43~0x04B44,0x04B43,0x04B44,false,82 C6,2,0,,space,1478,␠,13,40,253,,,패치 슬롯 1478 | 전각 공백 | ␠,번역 13-040/253 · ␠ / 토큰 81 40 / PC-88 전각 공백 토큰
1866,main,0,DF75~DF77,DF75,DF77,3,16 FF E6,0x04B45 0x04B46 0x04B47,0x04B45~0x04B47,0x04B45,0x04B47,false,82 B5 82,3,0,,control,,,,,,,,기존확인 16h 계열 | E6FF 서브스트림 호출,기존 확인값 재사용; 서브스트림 → E6FF
1867,substream,1,E6FF~E703,E6FF,E703,5,0F 05 1A 03 07,0x052EF 0x052F0 0x052F1 0x052F2 0x052F3,0x052EF~0x052F3,0x052EF,0x052F3,false,0F 05 1A 03 07,0,0,,control,,,,,,,,기존확인 0Fh 계열 | 081E 호출/표시 제어,기존 확인값 재사용; KANJI 해당 없음
1868,substream,1,E704~E706,E704,E706,3,16 95 E7,0x052F4 0x052F5 0x052F6,0x052F4~0x052F6,0x052F4,0x052F6,false,16 95 E7,0,0,,control,,,,,,,,기존확인 16h 계열 | E795 공용 서브스트림 호출,기존 확인값 재사용; 서브스트림 → E795; KANJI 해당 없음
1869,substream,2,E795~E797,E795,E797,3,1E 3C 08,0x05385 0x05386 0x05387,0x05385~0x05387,0x05385,0x05387,false,1E 3C 08,0,3,11,control,,,,,,,,기존확인 1E 계열 | 간접 CALL/083C 호출,기존 확인값 재사용; KANJI 해당 없음
1870,substream,2,E798~E79D,E798,E79D,6,05 16 86 3A 9E 00,0x05388 0x05389 0x0538A 0x0538B 0x0538C 0x0538D,0x05388~0x0538D,0x05388,0x0538D,false,05 16 86 3A 9E 00,0,6,12,control,,,,,,,,기존확인 05h 계열 | 영역/표시 전개,기존 확인값 재사용; KANJI 해당 없음
1871,substream,2,E79E~E7A2,E79E,E7A2,5,0E 16 20 24 80,0x0538E 0x0538F 0x05390 0x05391 0x05392,0x0538E~0x05392,0x0538E,0x05392,false,0E 16 20 24 80,0,5,13,control,,,,,,,,기존확인 0Eh 계열 | 표시/버퍼 설정,기존 확인값 재사용; KANJI 해당 없음
1872,substream,2,E7A3,E7A3,E7A3,1,17,0x05393,0x05393,0x05393,0x05393,false,17,0,1,14,control,,,,,,,,기존확인 17h 계열 | E795 공용 서브스트림 복귀,기존 확인값 재사용; 서브스트림 복귀; KANJI 해당 없음
1873,substream,1,E707~E709,E707,E709,3,10 16 22,0x052F7 0x052F8 0x052F9,0x052F7~0x052F9,0x052F7,0x052F9,false,10 16 22,0,0,,control,,,,,,,,기존확인 10h 계열 | 3바이트 제어,기존 확인값 재사용; KANJI 해당 없음
1874,substream,1,E70A~E70C,E70A,E70C,3,13 34 E8,0x052FA 0x052FB 0x052FC,0x052FA~0x052FC,0x052FA,0x052FC,false,13 34 E8,0,0,,control,,,,,,,,기존확인 13h 계열 | 표시/상태 제어,기존 확인값 재사용; KANJI 해당 없음
1875,substream,1,E70D~E710,E70D,E710,4,1D 01 38 47,0x052FD 0x052FE 0x052FF 0x05300,0x052FD~0x05300,0x052FD,0x05300,false,1D 01 38 47,0,0,,control,,,,,,,,기존확인 1Dh 계열 | 4바이트 제어,기존 확인값 재사용; KANJI 해당 없음
1876,substream,1,E711~E714,E711,E714,4,1D 05 07 47,0x05301 0x05302 0x05303 0x05304,0x05301~0x05304,0x05301,0x05304,false,1D 05 07 47,0,0,,control,,,,,,,,기존확인 1Dh 계열 | 4바이트 제어,기존 확인값 재사용; KANJI 해당 없음
1877,substream,1,E715~E718,E715,E718,4,04 24 E9 41,0x05305 0x05306 0x05307 0x05308,0x05305~0x05308,0x05305,0x05308,false,04 24 E9 41,0,0,,control,,,,,,,,기존확인 04h 계열 | CAA8 슬롯 포인터 설정,기존 확인값 재사용; KANJI 해당 없음
1878,substream,1,E719~E71A,E719,E71A,2,25 2E,0x05309 0x0530A,0x05309~0x0530A,0x05309,0x0530A,false,25 2E,0,0,,control,,,,,,,,기존확인 25h 계열 | CA1D 입 파츠 인덱스 2E 설정,기존 확인값 재사용; CA1D=2E; KANJI 해당 없음
1879,substream,1,E71B,E71B,E71B,1,17,0x0530B,0x0530B,0x0530B,0x0530B,false,17,0,0,,control,,,,,,,,기존확인 17h 계열 | E6FF 서브스트림 복귀,기존 확인값 재사용; 서브스트림 복귀; KANJI 해당 없음
1880,main,0,DF78~DF79,DF78,DF79,2,06 0E,0x04B48 0x04B49,0x04B48~0x04B49,0x04B48,0x04B49,false,C4 91,2,0,,control,,,,,,,,기존확인 06h 계열 | C018/표시 상태 설정,기존 확인값 재사용; KANJI 해당 없음
1881,main,0,DF7A~DF7B,DF7A,DF7B,2,19 F7,0x04B4A 0x04B4B,0x04B4A~0x04B4B,0x04B4A,0x04B4B,false,49 82,2,0,,control,,,,,,,,기존확인 19h 계열 | 2바이트 제어,기존 확인값 재사용; KANJI 해당 없음
1882,main,0,DF7C~DF81,DF7C,DF81,6,08 5E FB 24 04 00,0x04B4C 0x04B4D 0x04B4E 0x04B4F 0x04B50 0x04B51,0x04B4C~0x04B51,0x04B4C,0x04B51,false,CE 82 EA 82 BD 8E,6,0,,control,,,,,,,,기존확인 08h 계열 | 6바이트 제어,기존 확인값 재사용; KANJI 해당 없음
1883,main,0,DF82,DF82,DF82,1,41,0x04B52,0x04B52,0x04B52,0x04B52,false,D2,1,0,,control,,,,,,,,기존확인 제어 | 41 계열 CAA8[0] 슬롯 실행,기존 확인값 재사용; 41~50 계열 슬롯 실행; KANJI 해당 없음
1884,main,0,DF83~DF84,DF83,DF84,2,82 EB,0x04B53 0x04B54,0x04B53~0x04B54,0x04B53,0x04B54,false,81 42,2,0,,hangul,1479,당,13,41,253,38D0,77,패치 슬롯 1479 | 한글 문자 | 당,번역 13-041/253 · 당 / 토큰 82 EB / KANJI 38D0 / 가나다순 77
1885,main,0,DF85~DF86,DF85,DF86,2,89 5B,0x04B55 0x04B56,0x04B55~0x04B56,0x04B55,0x04B56,false,8E A9,2,0,,hangul,1480,신,13,42,253,63C0,205,패치 슬롯 1480 | 한글 문자 | 신,번역 13-042/253 · 신 / 토큰 89 5B / KANJI 63C0 / 가나다순 205
1886,main,0,DF87~DF88,DF87,DF88,2,89 70,0x04B57 0x04B58,0x04B57~0x04B58,0x04B57,0x04B58,false,95 AA,2,0,,hangul,1481,에,13,43,253,A310,226,패치 슬롯 1481 | 한글 문자 | 에,번역 13-043/253 · 에 / 토큰 89 70 / KANJI A310 / 가나다순 226
1887,main,0,DF89~DF8A,DF89,DF8A,2,82 AB,0x04B59 0x04B5A,0x04B59~0x04B5A,0x04B59,0x04B5A,false,82 CC,1,0,,hangul,1482,게,13,44,253,18D0,13,패치 슬롯 1482 | 한글 문자 | 게,번역 13-044/253 · 게 / 토큰 82 AB / KANJI 18D0 / 가나다순 13
1888,main,0,DF8B~DF8C,DF8B,DF8C,2,81 40,0x04B5B 0x04B5C,0x04B5B~0x04B5C,0x04B5B,0x04B5C,false,97 CD,2,0,,space,1483,␠,13,45,253,,,패치 슬롯 1483 | 전각 공백 | ␠,번역 13-045/253 · ␠ / 토큰 81 40 / PC-88 전각 공백 토큰
1889,main,0,DF8D~DF8E,DF8D,DF8E,2,82 BD,0x04B5D 0x04B5E,0x04B5D~0x04B5E,0x04B5D,0x04B5E,false,82 F0,1,0,,hangul,1484,그,13,46,253,19F0,31,패치 슬롯 1484 | 한글 문자 | 그,번역 13-046/253 · 그 / 토큰 82 BD / KANJI 19F0 / 가나다순 31
1890,main,0,DF8F~DF90,DF8F,DF90,2,81 40,0x04B5F 0x04B60,0x04B5F~0x04B60,0x04B5F,0x04B60,false,90 4D,2,0,,space,1485,␠,13,47,253,,,패치 슬롯 1485 | 전각 공백 | ␠,번역 13-047/253 · ␠ / 토큰 81 40 / PC-88 전각 공백 토큰
1891,main,0,DF91~DF92,DF91,DF92,2,82 DF,0x04B61 0x04B62,0x04B61~0x04B62,0x04B61,0x04B62,false,82 B6,1,0,,hangul,1486,누,13,48,253,3810,65,패치 슬롯 1486 | 한글 문자 | 누,번역 13-048/253 · 누 / 토큰 82 DF / KANJI 3810 / 가나다순 65
1892,main,0,DF93~DF94,DF93,DF94,2,82 B7,0x04B63 0x04B64,0x04B63~0x04B64,0x04B63,0x04B64,false,82 C8,1,0,,hangul,1487,구,13,49,253,1990,25,패치 슬롯 1487 | 한글 문자 | 구,번역 13-049/253 · 구 / 토큰 82 B7 / KANJI 1990 / 가나다순 25
1893,main,0,DF95~DF96,DF95,DF96,2,89 70,0x04B65 0x04B66,0x04B65~0x04B66,0x04B65,0x04B66,false,82 B3,2,0,,hangul,1488,에,13,50,253,A310,226,패치 슬롯 1488 | 한글 문자 | 에,번역 13-050/253 · 에 / 토큰 89 70 / KANJI A310 / 가나다순 226
1894,main,0,DF97~DF98,DF97,DF98,2,82 F1,0x04B67 0x04B68,0x04B67~0x04B68,0x04B67,0x04B68,false,82 A2,1,0,,hangul,1489,도,13,51,253,3930,83,패치 슬롯 1489 | 한글 문자 | 도,번역 13-051/253 · 도 / 토큰 82 F1 / KANJI 3930 / 가나다순 83
1895,main,0,DF99~DF9A,DF99,DF9A,2,81 40,0x04B69 0x04B6A,0x04B69~0x04B6A,0x04B69,0x04B6A,false,81 42,1,0,,space,1490,␠,13,52,253,,,패치 슬롯 1490 | 전각 공백 | ␠,번역 13-052/253 · ␠ / 토큰 81 40 / PC-88 전각 공백 토큰
1896,main,0,DF9B~DF9C,DF9B,DF9C,2,82 BB,0x04B6B 0x04B6C,0x04B6B~0x04B6C,0x04B6B,0x04B6C,false,16 FF,2,0,,hangul,1491,굴,13,53,253,19D0,29,패치 슬롯 1491 | 한글 문자 | 굴,번역 13-053/253 · 굴 / 토큰 82 BB / KANJI 19D0 / 가나다순 29
1897,main,0,DF9D~DF9E,DF9D,DF9E,2,89 E2,0x04B6D 0x04B6E,0x04B6D~0x04B6E,0x04B6D,0x04B6E,false,E6 06,2,0,,hangul,1492,하,13,54,253,E440,339,패치 슬롯 1492 | 한글 문자 | 하,번역 13-054/253 · 하 / 토큰 89 E2 / KANJI E440 / 가나다순 339
1898,main,0,DF9F~DFA0,DF9F,DFA0,2,89 B3,0x04B6F 0x04B70,0x04B6F~0x04B70,0x04B6F,0x04B70,false,0E 19,2,0,,hangul,1493,지,13,55,253,6550,292,패치 슬롯 1493 | 한글 문자 | 지,번역 13-055/253 · 지 / 토큰 89 B3 / KANJI 6550 / 가나다순 292
1899,main,0,DFA1~DFA2,DFA1,DFA2,2,81 40,0x04B71 0x04B72,0x04B71~0x04B72,0x04B71,0x04B72,false,F7 08,2,0,,space,1494,␠,13,56,253,,,패치 슬롯 1494 | 전각 공백 | ␠,번역 13-056/253 · ␠ / 토큰 81 40 / PC-88 전각 공백 토큰
1900,main,0,DFA3~DFA4,DFA3,DFA4,2,89 64,0x04B73 0x04B74,0x04B73~0x04B74,0x04B73,0x04B74,false,5E FB,2,0,,hangul,1495,않,13,57,253,A250,214,패치 슬롯 1495 | 한글 문자 | 않,번역 13-057/253 · 않 / 토큰 89 64 / KANJI A250 / 가나다순 214
1901,main,0,DFA5~DFA6,DFA5,DFA6,2,89 8A,0x04B75 0x04B76,0x04B75~0x04B76,0x04B75,0x04B76,false,24 04,2,0,,hangul,1496,을,13,58,253,E2A0,251,패치 슬롯 1496 | 한글 문자 | 을,번역 13-058/253 · 을 / 토큰 89 8A / KANJI E2A0 / 가나다순 251
1902,main,0,DFA7~DFA8,DFA7,DFA8,2,88 E7,0x04B77 0x04B78,0x04B77~0x04B78,0x04B77,0x04B78,false,00 41,2,0,,hangul,1497,미,13,59,253,E090,156,패치 슬롯 1497 | 한글 문자 | 미,번역 13-059/253 · 미 / 토큰 88 E7 / KANJI E090 / 가나다순 156
1903,main,0,DFA9~DFAA,DFA9,DFAA,2,89 B3,0x04B79 0x04B7A,0x04B79~0x04B7A,0x04B79,0x04B7A,false,82 A0,2,0,,hangul,1498,지,13,60,253,6550,292,패치 슬롯 1498 | 한글 문자 | 지,번역 13-060/253 · 지 / 토큰 89 B3 / KANJI 6550 / 가나다순 292
1904,main,0,DFAB~DFAC,DFAB,DFAC,2,89 8C,0x04B7B 0x04B7C,0x04B7B~0x04B7C,0x04B7B,0x04B7C,false,82 C8,2,0,,hangul,1499,의,13,61,253,E2C0,253,패치 슬롯 1499 | 한글 문자 | 의,번역 13-061/253 · 의 / 토큰 89 8C / KANJI E2C0 / 가나다순 253
1905,main,0,DFAD~DFAE,DFAD,DFAE,2,81 40,0x04B7D 0x04B7E,0x04B7D~0x04B7E,0x04B7D,0x04B7E,false,82 BD,2,0,,space,1500,␠,13,62,253,,,패치 슬롯 1500 | 전각 공백 | ␠,번역 13-062/253 · ␠ / 토큰 81 40 / PC-88 전각 공백 토큰
1906,main,0,DFAF~DFB0,DFAF,DFB0,2,89 F8,0x04B7F 0x04B80,0x04B7F~0x04B80,0x04B7F,0x04B80,false,82 C9,2,0,,hangul,1501,힘,13,63,253,E5A0,361,패치 슬롯 1501 | 한글 문자 | 힘,번역 13-063/253 · 힘 / 토큰 89 F8 / KANJI E5A0 / 가나다순 361
1907,main,0,DFB1~DFB2,DFB1,DFB2,2,89 8D,0x04B81 0x04B82,0x04B81~0x04B82,0x04B81,0x04B82,false,82 CD,2,0,,hangul,1502,이,13,64,253,E2D0,254,패치 슬롯 1502 | 한글 문자 | 이,번역 13-064/253 · 이 / 토큰 89 8D / KANJI E2D0 / 가나다순 254
1908,main,0,DFB3~DFB4,DFB3,DFB4,2,81 40,0x04B83 0x04B84,0x04B83~0x04B84,0x04B83,0x04B84,false,89 BD,2,0,,space,1503,␠,13,65,253,,,패치 슬롯 1503 | 전각 공백 | ␠,번역 13-065/253 · ␠ / 토큰 81 40 / PC-88 전각 공백 토큰
1909,main,0,DFB5~DFB6,DFB5,DFB6,2,89 97,0x04B85 0x04B86,0x04B85~0x04B86,0x04B85,0x04B86,false,8E D2,2,0,,hangul,1504,잠,13,66,253,E370,264,패치 슬롯 1504 | 한글 문자 | 잠,번역 13-066/253 · 잠 / 토큰 89 97 / KANJI E370 / 가나다순 264
1910,main,0,DFB7~DFB8,DFB7,DFB8,2,88 AA,0x04B87 0x04B88,0x04B87~0x04B88,0x04B87,0x04B88,false,82 C9,2,0,,hangul,1505,들,13,67,253,60C0,95,패치 슬롯 1505 | 한글 문자 | 들,번역 13-067/253 · 들 / 토큰 88 AA / KANJI 60C0 / 가나다순 95
1911,main,0,DFB9~DFBA,DFB9,DFBA,2,89 6C,0x04B89 0x04B8A,0x04B89~0x04B8A,0x04B89,0x04B8A,false,82 E0,2,0,,hangul,1506,어,13,68,253,A2D0,222,패치 슬롯 1506 | 한글 문자 | 어,번역 13-068/253 · 어 / 토큰 89 6C / KANJI A2D0 / 가나다순 222
1912,main,0,DFBB~DFBC,DFBB,DFBC,2,89 92,0x04B8B 0x04B8C,0x04B8B~0x04B8C,0x04B8B,0x04B8C,false,95 89,2,0,,hangul,1507,있,13,69,253,E320,259,패치 슬롯 1507 | 한글 문자 | 있,번역 13-069/253 · 있 / 토큰 89 92 / KANJI E320 / 가나다순 259
1913,main,0,DFBD~DFBE,DFBD,DFBE,2,89 6C,0x04B8D 0x04B8E,0x04B8D~0x04B8E,0x04B8D,0x04B8E,false,82 AF,2,0,,hangul,1508,어,13,70,253,A2D0,222,패치 슬롯 1508 | 한글 문자 | 어,번역 13-070/253 · 어 / 토큰 89 6C / KANJI A2D0 / 가나다순 222
1914,main,0,DFBF~DFC0,DFBF,DFC0,2,89 80,0x04B8F 0x04B90,0x04B8F~0x04B90,0x04B8F,0x04B90,false,82 C8,2,0,,hangul,1509,요,13,71,253,E200,241,패치 슬롯 1509 | 한글 문자 | 요,번역 13-071/253 · 요 / 토큰 89 80 / KANJI E200 / 가나다순 241
1915,main,0,DFC1~DFC2,DFC1,DFC2,2,81 42,0x04B91 0x04B92,0x04B91~0x04B92,0x04B91,0x04B92,false,82 A2,2,0,,punctuation,1510,。,13,72,253,,,패치 슬롯 1510 | 문장부호 | 。,번역 13-072/253 · 。 / 토큰 81 42 / PC-88 전각 마침표 토큰
1916,main,0,DFC3~DFC4,DFC3,DFC4,2,88 E9,0x04B93 0x04B94,0x04B93~0x04B94,0x04B93,0x04B94,false,81 41,2,0,,hangul,1511,바,13,73,253,E0B0,158,패치 슬롯 1511 | 한글 문자 | 바,번역 13-073/253 · 바 / 토큰 88 E9 / KANJI E0B0 / 가나다순 158
1917,main,0,DFC5~DFC6,DFC5,DFC6,2,88 C5,0x04B95 0x04B96,0x04B95~0x04B96,0x04B95,0x04B96,false,96 A2,2,0,,hangul,1512,로,13,74,253,A070,122,패치 슬롯 1512 | 한글 문자 | 로,번역 13-074/253 · 로 / 토큰 88 C5 / KANJI A070 / 가나다순 122
1918,main,0,DFC7~DFC8,DFC7,DFC8,2,81 40,0x04B97 0x04B98,0x04B97~0x04B98,0x04B97,0x04B98,false,92 6D,2,0,,space,1513,␠,13,75,253,,,패치 슬롯 1513 | 전각 공백 | ␠,번역 13-075/253 · ␠ / 토큰 81 40 / PC-88 전각 공백 토큰
1919,main,0,DFC9~DFCA,DFC9,DFCA,2,82 BD,0x04B99 0x04B9A,0x04B99~0x04B9A,0x04B99,0x04B9A,false,82 CC,1,0,,hangul,1514,그,13,76,253,19F0,31,패치 슬롯 1514 | 한글 문자 | 그,번역 13-076/253 · 그 / 토큰 82 BD / KANJI 19F0 / 가나다순 31
1920,main,0,DFCB~DFCC,DFCB,DFCC,2,89 F8,0x04B9B 0x04B9C,0x04B9B~0x04B9C,0x04B9B,0x04B9C,false,97 CD,2,0,,hangul,1515,힘,13,77,253,E5A0,361,패치 슬롯 1515 | 한글 문자 | 힘,번역 13-077/253 · 힘 / 토큰 89 F8 / KANJI E5A0 / 가나다순 361
1921,main,0,DFCD~DFCE,DFCD,DFCE,2,89 8D,0x04B9D 0x04B9E,0x04B9D~0x04B9E,0x04B9D,0x04B9E,false,82 AA,2,0,,hangul,1516,이,13,78,253,E2D0,254,패치 슬롯 1516 | 한글 문자 | 이,번역 13-078/253 · 이 / 토큰 89 8D / KANJI E2D0 / 가나다순 254
1922,main,0,DFCF~DFD0,DFCF,DFD0,2,89 6B,0x04B9F 0x04BA0,0x04B9F~0x04BA0,0x04B9F,0x04BA0,false,94 E9,2,0,,hangul,1517,야,13,79,253,A2C0,221,패치 슬롯 1517 | 한글 문자 | 야,번역 13-079/253 · 야 / 토큰 89 6B / KANJI A2C0 / 가나다순 221
1923,main,0,DFD1~DFD2,DFD1,DFD2,2,88 D3,0x04BA1 0x04BA2,0x04BA1~0x04BA2,0x04BA1,0x04BA2,false,82 DF,2,0,,hangul,1518,말,13,80,253,A150,136,패치 슬롯 1518 | 한글 문자 | 말,번역 13-080/253 · 말 / 토큰 88 D3 / KANJI A150 / 가나다순 136
1924,main,0,DFD3~DFD4,DFD3,DFD4,2,88 C5,0x04BA3 0x04BA4,0x04BA3~0x04BA4,0x04BA3,0x04BA4,false,82 E7,2,0,,hangul,1519,로,13,81,253,A070,122,패치 슬롯 1519 | 한글 문자 | 로,번역 13-081/253 · 로 / 토큰 88 C5 / KANJI A070 / 가나다순 122
1925,main,0,DFD5~DFD6,DFD5,DFD6,2,81 40,0x04BA5 0x04BA6,0x04BA5~0x04BA6,0x04BA5,0x04BA6,false,82 EA,2,0,,space,1520,␠,13,82,253,,,패치 슬롯 1520 | 전각 공백 | ␠,번역 13-082/253 · ␠ / 토큰 81 40 / PC-88 전각 공백 토큰
1926,main,0,DFD7~DFD8,DFD7,DFD8,2,88 F2,0x04BA7 0x04BA8,0x04BA7~0x04BA8,0x04BA7,0x04BA8,false,82 C4,2,0,,hangul,1521,베,13,83,253,E140,167,패치 슬롯 1521 | 한글 문자 | 베,번역 13-083/253 · 베 / 토큰 88 F2 / KANJI E140 / 가나다순 167
1927,main,0,DFD9~DFDA,DFD9,DFDA,2,89 C2,0x04BA9 0x04BAA,0x04BA9~0x04BAA,0x04BA9,0x04BAA,false,82 A2,2,0,,hangul,1522,칸,13,84,253,A440,307,패치 슬롯 1522 | 한글 문자 | 칸,번역 13-084/253 · 칸 / 토큰 89 C2 / KANJI A440 / 가나다순 307
1928,main,0,DFDB~DFDC,DFDB,DFDC,2,89 D7,0x04BAB 0x04BAC,0x04BAB~0x04BAC,0x04BAB,0x04BAC,false,82 E9,2,0,,hangul,1523,티,13,85,253,A590,328,패치 슬롯 1523 | 한글 문자 | 티,번역 13-085/253 · 티 / 토큰 89 D7 / KANJI A590 / 가나다순 328
1929,main,0,DFDD~DFDE,DFDD,DFDE,2,82 9F,0x04BAD 0x04BAE,0x04BAD~0x04BAE,0x04BAD,0x04BAE,false,82 CC,1,0,,hangul,1524,가,13,86,253,1810,1,패치 슬롯 1524 | 한글 문자 | 가,번역 13-086/253 · 가 / 토큰 82 9F / KANJI 1810 / 가나다순 1
1930,main,0,DFDF~DFE0,DFDF,DFE0,2,81 40,0x04BAF 0x04BB0,0x04BAF~0x04BB0,0x04BAF,0x04BB0,false,82 C5,2,0,,space,1525,␠,13,87,253,,,패치 슬롯 1525 | 전각 공백 | ␠,번역 13-087/253 · ␠ / 토큰 81 40 / PC-88 전각 공백 토큰
1931,main,0,DFE1~DFE2,DFE1,DFE2,2,82 9F,0x04BB1 0x04BB2,0x04BB1~0x04BB2,0x04BB1,0x04BB2,false,82 B7,1,0,,hangul,1526,가,13,88,253,1810,1,패치 슬롯 1526 | 한글 문자 | 가,번역 13-088/253 · 가 / 토큰 82 9F / KANJI 1810 / 가나다순 1
1932,main,0,DFE3~DFE4,DFE3,DFE4,2,89 99,0x04BB3 0x04BB4,0x04BB3~0x04BB4,0x04BB3,0x04BB4,false,81 42,2,0,,hangul,1527,장,13,89,253,E390,266,패치 슬롯 1527 | 한글 문자 | 장,번역 13-089/253 · 장 / 토큰 89 99 / KANJI E390 / 가나다순 266
1933,main,0,DFE5~DFE6,DFE5,DFE6,2,81 40,0x04BB5 0x04BB6,0x04BB5~0x04BB6,0x04BB5,0x04BB6,false,82 BB,2,0,,space,1528,␠,13,90,253,,,패치 슬롯 1528 | 전각 공백 | ␠,번역 13-090/253 · ␠ / 토큰 81 40 / PC-88 전각 공백 토큰
1934,main,0,DFE7~DFE8,DFE7,DFE8,2,88 A5,0x04BB7 0x04BB8,0x04BB7~0x04BB8,0x04BB7,0x04BB8,false,82 CC,2,0,,hangul,1529,두,13,91,253,6070,90,패치 슬롯 1529 | 한글 문자 | 두,번역 13-091/253 · 두 / 토큰 88 A5 / KANJI 6070 / 가나다순 90
1935,main,0,DFE9~DFEA,DFE9,DFEA,2,88 C1,0x04BB9 0x04BBA,0x04BB9~0x04BBA,0x04BB9,0x04BBA,false,97 CD,2,0,,hangul,1530,려,13,92,253,A030,118,패치 슬롯 1530 | 한글 문자 | 려,번역 13-092/253 · 려 / 토큰 88 C1 / KANJI A030 / 가나다순 118
1936,main,0,DFEB~DFEC,DFEB,DFEC,2,89 83,0x04BBB 0x04BBC,0x04BBB~0x04BBC,0x04BBB,0x04BBC,false,82 B1,2,0,,hangul,1531,워,13,93,253,E230,244,패치 슬롯 1531 | 한글 문자 | 워,번역 13-093/253 · 워 / 토큰 89 83 / KANJI E230 / 가나다순 244
1937,main,0,DFED~DFEE,DFED,DFEE,2,89 E2,0x04BBD 0x04BBE,0x04BBD~0x04BBE,0x04BBD,0x04BBE,false,82 BB,2,0,,hangul,1532,하,13,94,253,E440,339,패치 슬롯 1532 | 한글 문자 | 하,번역 13-094/253 · 하 / 토큰 89 E2 / KANJI E440 / 가나다순 339
1938,main,0,DFEF~DFF0,DFEF,DFF0,2,82 E3,0x04BBF 0x04BC0,0x04BBF~0x04BC0,0x04BBF,0x04BC0,false,81 41,2,0,,hangul,1533,는,13,95,253,3850,69,패치 슬롯 1533 | 한글 문자 | 는,번역 13-095/253 · 는 / 토큰 82 E3 / KANJI 3850 / 가나다순 69
1939,main,0,DFF1~DFF2,DFF1,DFF2,2,81 40,0x04BC1 0x04BC2,0x04BC1~0x04BC2,0x04BC1,0x04BC2,false,83 94,2,0,,space,1534,␠,13,96,253,,,패치 슬롯 1534 | 전각 공백 | ␠,번역 13-096/253 · ␠ / 토큰 81 40 / PC-88 전각 공백 토큰
1940,main,0,DFF3~DFF4,DFF3,DFF4,2,82 A9,0x04BC3 0x04BC4,0x04BC3~0x04BC4,0x04BC3,0x04BC4,false,83 46,2,0,,hangul,1535,겁,13,97,253,18B0,11,패치 슬롯 1535 | 한글 문자 | 겁,번역 13-097/253 · 겁 / 토큰 82 A9 / KANJI 18B0 / 가나다순 11
1941,main,0,DFF5~DFF6,DFF5,DFF6,2,82 E4,0x04BC5 0x04BC6,0x04BC5~0x04BC6,0x04BC5,0x04BC6,false,83 4A,2,0,,hangul,1536,니,13,98,253,3860,70,패치 슬롯 1536 | 한글 문자 | 니,번역 13-098/253 · 니 / 토큰 82 E4 / KANJI 3860 / 가나다순 70
1942,main,0,DFF7~DFF8,DFF7,DFF8,2,82 E7,0x04BC7 0x04BC8,0x04BC7~0x04BC8,0x04BC7,0x04BC8,false,83 93,2,0,,hangul,1537,다,13,99,253,3890,73,패치 슬롯 1537 | 한글 문자 | 다,번역 13-099/253 · 다 / 토큰 82 E7 / KANJI 3890 / 가나다순 73
1943,main,0,DFF9~DFFA,DFF9,DFFA,2,81 42,0x04BC9 0x04BCA,0x04BC9~0x04BCA,0x04BC9,0x04BCA,false,83 65,2,0,,punctuation,1538,。,13,100,253,,,패치 슬롯 1538 | 문장부호 | 。,번역 13-100/253 · 。 / 토큰 81 42 / PC-88 전각 마침표 토큰
1944,main,0,DFFB~DFFC,DFFB,DFFC,2,88 AA,0x04BCB 0x04BCC,0x04BCB~0x04BCC,0x04BCB,0x04BCC,false,83 42,2,0,,hangul,1539,들,13,101,253,60C0,95,패치 슬롯 1539 | 한글 문자 | 들,번역 13-101/253 · 들 / 토큰 88 AA / KANJI 60C0 / 가나다순 95
1945,main,0,DFFD~DFFE,DFFD,DFFE,2,89 88,0x04BCD 0x04BCE,0x04BCD~0x04BCE,0x04BCD,0x04BCE,false,82 CC,2,0,,hangul,1540,으,13,102,253,E280,249,패치 슬롯 1540 | 한글 문자 | 으,번역 13-102/253 · 으 / 토큰 89 88 / KANJI E280 / 가나다순 249
1946,main,0,DFFF~E000,DFFF,E000,2,89 5B,0x04BCF 0x04BE0,0x04BCF;0x04BE0,0x04BCF,0x04BE0,true,8E D2,2,0,,hangul,1541,신,13,103,253,63C0,205,패치 슬롯 1541 | 한글 문자 | 신,번역 13-103/253 · 신 / 토큰 89 5B / KANJI 63C0 / 가나다순 205
1947,main,0,E001~E002,E001,E002,2,82 EC,0x04BE1 0x04BE2,0x04BE1~0x04BE2,0x04BE1,0x04BE2,false,82 BD,1,0,,hangul,1542,대,13,104,253,38E0,78,패치 슬롯 1542 | 한글 문자 | 대,번역 13-104/253 · 대 / 토큰 82 EC / KANJI 38E0 / 가나다순 78
1948,main,0,E003~E004,E003,E004,2,88 C5,0x04BE3 0x04BE4,0x04BE3~0x04BE4,0x04BE3,0x04BE4,false,82 BF,2,0,,hangul,1543,로,13,105,253,A070,122,패치 슬롯 1543 | 한글 문자 | 로,번역 13-105/253 · 로 / 토큰 88 C5 / KANJI A070 / 가나다순 122
1949,main,0,E005~E006,E005,E006,2,81 41,0x04BE5 0x04BE6,0x04BE5~0x04BE6,0x04BE5,0x04BE6,false,82 AA,2,0,,punctuation,1544,、,13,106,253,,,패치 슬롯 1544 | 문장부호 | 、,번역 13-106/253 · 、 / 토큰 81 41 / PC-88 전각 쉼표 토큰
1950,main,0,E007~E008,E007,E008,2,89 95,0x04BE7 0x04BE8,0x04BE7~0x04BE8,0x04BE7,0x04BE8,false,8D C5,2,0,,hangul,1545,잔,13,107,253,E350,262,패치 슬롯 1545 | 한글 문자 | 잔,번역 13-107/253 · 잔 / 토큰 89 95 / KANJI E350 / 가나다순 262
1951,main,0,E009~E00A,E009,E00A,2,89 8E,0x04BE9 0x04BEA,0x04BE9~0x04BEA,0x04BE9,0x04BEA,false,82 E0,2,0,,hangul,1546,인,13,108,253,E2E0,255,패치 슬롯 1546 | 한글 문자 | 인,번역 13-108/253 · 인 / 토큰 89 8E / KANJI E2E0 / 가나다순 255
1952,main,0,E00B~E00C,E00B,E00C,2,89 7C,0x04BEB 0x04BEC,0x04BEB~0x04BEC,0x04BEB,0x04BEC,false,8B B0,2,0,,hangul,1547,왕,13,109,253,A3D0,238,패치 슬롯 1547 | 한글 문자 | 왕,번역 13-109/253 · 왕 / 토큰 89 7C / KANJI A3D0 / 가나다순 238
1953,main,0,E00D~E00E,E00D,E00E,2,81 40,0x04BED 0x04BEE,0x04BED~0x04BEE,0x04BED,0x04BEE,false,82 EA,2,0,,space,1548,␠,13,110,253,,,패치 슬롯 1548 | 전각 공백 | ␠,번역 13-110/253 · ␠ / 토큰 81 40 / PC-88 전각 공백 토큰
1954,main,0,E00F~E010,E00F,E010,2,88 DA,0x04BEF 0x04BF0,0x04BEF~0x04BF0,0x04BEF,0x04BF0,false,82 E9,2,0,,hangul,1549,메,13,111,253,A1C0,143,패치 슬롯 1549 | 한글 문자 | 메,번역 13-111/253 · 메 / 토큰 88 DA / KANJI A1C0 / 가나다순 143
1955,main,0,E011~E012,E011,E012,2,82 9F,0x04BF1 0x04BF2,0x04BF1~0x04BF2,0x04BF1,0x04BF2,false,82 E0,1,0,,hangul,1550,가,13,112,253,1810,1,패치 슬롯 1550 | 한글 문자 | 가,번역 13-112/253 · 가 / 토큰 82 9F / KANJI 1810 / 가나다순 1
1956,main,0,E013~E014,E013,E014,2,89 56,0x04BF3 0x04BF4,0x04BF3~0x04BF4,0x04BF3,0x04BF4,false,82 CC,2,0,,hangul,1551,스,13,113,253,6370,200,패치 슬롯 1551 | 한글 문자 | 스,번역 13-113/253 · 스 / 토큰 89 56 / KANJI 6370 / 가나다순 200
1957,main,0,E015~E016,E015,E016,2,89 8C,0x04BF5 0x04BF6,0x04BF5~0x04BF6,0x04BF5,0x04BF6,false,82 C8,2,0,,hangul,1552,의,13,114,253,E2C0,253,패치 슬롯 1552 | 한글 문자 | 의,번역 13-114/253 · 의 / 토큰 89 8C / KANJI E2C0 / 가나다순 253
1958,main,0,E017~E018,E017,E018,2,81 40,0x04BF7 0x04BF8,0x04BF7~0x04BF8,0x04BF7,0x04BF8,false,82 CC,2,0,,space,1553,␠,13,115,253,,,패치 슬롯 1553 | 전각 공백 | ␠,번역 13-115/253 · ␠ / 토큰 81 40 / PC-88 전각 공백 토큰
1959,main,0,E019~E01A,E019,E01A,2,88 FA,0x04BF9 0x04BFA,0x04BF9~0x04BFA,0x04BF9,0x04BFA,false,82 C5,2,0,,hangul,1554,부,13,116,253,E1C0,175,패치 슬롯 1554 | 한글 문자 | 부,번역 13-116/253 · 부 / 토큰 88 FA / KANJI E1C0 / 가나다순 175
1960,main,0,E01B~E01C,E01B,E01C,2,89 F3,0x04BFB 0x04BFC,0x04BFB~0x04BFC,0x04BFB,0x04BFC,false,82 B7,2,0,,hangul,1555,활,13,117,253,E550,356,패치 슬롯 1555 | 한글 문자 | 활,번역 13-117/253 · 활 / 토큰 89 F3 / KANJI E550 / 가나다순 356
1961,main,0,E01D~E01E,E01D,E01E,2,88 C5,0x04BFD 0x04BFE,0x04BFD~0x04BFE,0x04BFD,0x04BFE,false,81 42,2,0,,hangul,1556,로,13,118,253,A070,122,패치 슬롯 1556 | 한글 문자 | 로,번역 13-118/253 · 로 / 토큰 88 C5 / KANJI A070 / 가나다순 122
1962,main,0,E01F~E020,E01F,E020,2,81 40,0x04BFF 0x04C00,0x04BFF~0x04C00,0x04BFF,0x04C00,false,98 62,2,0,,space,1557,␠,13,119,253,,,패치 슬롯 1557 | 전각 공백 | ␠,번역 13-119/253 · ␠ / 토큰 81 40 / PC-88 전각 공백 토큰
1963,main,0,E021~E022,E021,E022,2,88 E9,0x04C01 0x04C02,0x04C01~0x04C02,0x04C01,0x04C02,false,82 CD,2,0,,hangul,1558,바,13,120,253,E0B0,158,패치 슬롯 1558 | 한글 문자 | 바,번역 13-120/253 · 바 / 토큰 88 E9 / KANJI E0B0 / 가나다순 158
1964,main,0,E023~E024,E023,E024,2,82 E4,0x04C03 0x04C04,0x04C03~0x04C04,0x04C03,0x04C04,false,95 B7,2,0,,hangul,1559,니,13,121,253,3860,70,패치 슬롯 1559 | 한글 문자 | 니,번역 13-121/253 · 니 / 토큰 82 E4 / KANJI 3860 / 가나다순 70
1965,main,0,E025~E026,E025,E026,2,89 D7,0x04C05 0x04C06,0x04C05~0x04C06,0x04C05,0x04C06,false,82 A2,2,0,,hangul,1560,티,13,122,253,A590,328,패치 슬롯 1560 | 한글 문자 | 티,번역 13-122/253 · 티 / 토큰 89 D7 / KANJI A590 / 가나다순 328
1966,main,0,E027~E028,E027,E028,2,89 7A,0x04C07 0x04C08,0x04C07~0x04C08,0x04C07,0x04C08,false,82 BD,2,0,,hangul,1561,와,13,123,253,A3B0,236,패치 슬롯 1561 | 한글 문자 | 와,번역 13-123/253 · 와 / 토큰 89 7A / KANJI A3B0 / 가나다순 236
1967,main,0,E029~E02A,E029,E02A,2,81 40,0x04C09 0x04C0A,0x04C09~0x04C0A,0x04C09,0x04C0A,false,82 C6,2,0,,space,1562,␠,13,124,253,,,패치 슬롯 1562 | 전각 공백 | ␠,번역 13-124/253 · ␠ / 토큰 81 40 / PC-88 전각 공백 토큰
1968,main,0,E02B~E02C,E02B,E02C,2,88 CC,0x04C0B 0x04C0C,0x04C0B~0x04C0C,0x04C0B,0x04C0C,false,82 A8,2,0,,hangul,1563,리,13,125,253,A0E0,129,패치 슬롯 1563 | 한글 문자 | 리,번역 13-125/253 · 리 / 토큰 88 CC / KANJI A0E0 / 가나다순 129
1969,main,0,E02D~E02E,E02D,E02E,2,89 6D,0x04C0D 0x04C0E,0x04C0D~0x04C0E,0x04C0D,0x04C0E,false,82 E8,2,0,,hangul,1564,얼,13,126,253,A2E0,223,패치 슬롯 1564 | 한글 문자 | 얼,번역 13-126/253 · 얼 / 토큰 89 6D / KANJI A2E0 / 가나다순 223
1970,main,0,E02F~E030,E02F,E030,2,88 CC,0x04C0F 0x04C10,0x04C0F~0x04C10,0x04C0F,0x04C10,false,82 C5,2,0,,hangul,1565,리,13,127,253,A0E0,129,패치 슬롯 1565 | 한글 문자 | 리,번역 13-127/253 · 리 / 토큰 88 CC / KANJI A0E0 / 가나다순 129
1971,main,0,E031~E032,E031,E032,2,89 D7,0x04C11 0x04C12,0x04C11~0x04C12,0x04C11,0x04C12,false,82 B7,2,0,,hangul,1566,티,13,128,253,A590,328,패치 슬롯 1566 | 한글 문자 | 티,번역 13-128/253 · 티 / 토큰 89 D7 / KANJI A590 / 가나다순 328
1972,main,0,E033~E034,E033,E034,2,89 70,0x04C13 0x04C14,0x04C13~0x04C14,0x04C13,0x04C14,false,81 42,2,0,,hangul,1567,에,13,129,253,A310,226,패치 슬롯 1567 | 한글 문자 | 에,번역 13-129/253 · 에 / 토큰 89 70 / KANJI A310 / 가나다순 226
1973,main,0,E035~E036,E035,E036,2,81 40,0x04C15 0x04C16,0x04C15~0x04C16,0x04C15,0x04C16,false,8E 63,2,0,,space,1568,␠,13,130,253,,,패치 슬롯 1568 | 전각 공백 | ␠,번역 13-130/253 · ␠ / 토큰 81 40 / PC-88 전각 공백 토큰
1974,main,0,E037~E038,E037,E038,2,82 E7,0x04C17 0x04C18,0x04C17~0x04C18,0x04C17,0x04C18,false,94 45,2,0,,hangul,1569,다,13,131,253,3890,73,패치 슬롯 1569 | 한글 문자 | 다,번역 13-131/253 · 다 / 토큰 82 E7 / KANJI 3890 / 가나다순 73
1975,main,0,E039~E03A,E039,E03A,2,89 5A,0x04C19 0x04C1A,0x04C19~0x04C1A,0x04C19,0x04C1A,false,89 A4,1,0,,hangul,1570,시,13,132,253,63B0,204,패치 슬롯 1570 | 한글 문자 | 시,번역 13-132/253 · 시 / 토큰 89 5A / KANJI 63B0 / 가나다순 204
1976,main,0,E03B~E03C,E03B,E03C,2,81 40,0x04C1B 0x04C1C,0x04C1B~0x04C1C,0x04C1B,0x04C1C,false,83 81,2,0,,space,1571,␠,13,133,253,,,패치 슬롯 1571 | 전각 공백 | ␠,번역 13-133/253 · ␠ / 토큰 81 40 / PC-88 전각 공백 토큰
1977,main,0,E03D~E03E,E03D,E03E,2,89 85,0x04C1D 0x04C1E,0x04C1D~0x04C1E,0x04C1D,0x04C1E,false,83 4B,2,0,,hangul,1572,위,13,134,253,E250,246,패치 슬롯 1572 | 한글 문자 | 위,번역 13-134/253 · 위 / 토큰 89 85 / KANJI E250 / 가나다순 246
1978,main,0,E03F~E040,E03F,E040,2,82 C1,0x04C1F 0x04C20,0x04C1F~0x04C20,0x04C1F,0x04C20,false,83 58,2,0,,hangul,1573,기,13,135,253,2830,35,패치 슬롯 1573 | 한글 문자 | 기,번역 13-135/253 · 기 / 토큰 82 C1 / KANJI 2830 / 가나다순 35
1979,main,0,E041~E042,E041,E042,2,82 9F,0x04C21 0x04C22,0x04C21~0x04C22,0x04C21,0x04C22,false,82 CC,1,0,,hangul,1574,가,13,136,253,1810,1,패치 슬롯 1574 | 한글 문자 | 가,번역 13-136/253 · 가 / 토큰 82 9F / KANJI 1810 / 가나다순 1
1980,main,0,E043~E044,E043,E044,2,81 40,0x04C23 0x04C24,0x04C23~0x04C24,0x04C23,0x04C24,false,82 E0,2,0,,space,1575,␠,13,137,253,,,패치 슬롯 1575 | 전각 공백 | ␠,번역 13-137/253 · ␠ / 토큰 81 40 / PC-88 전각 공백 토큰
1981,main,0,E045~E046,E045,E046,2,82 E8,0x04C25 0x04C26,0x04C25~0x04C26,0x04C25,0x04C26,false,82 C6,1,0,,hangul,1576,닥,13,138,253,38A0,74,패치 슬롯 1576 | 한글 문자 | 닥,번역 13-138/253 · 닥 / 토큰 82 E8 / KANJI 38A0 / 가나다순 74
1982,main,0,E047~E048,E047,E048,2,89 BC,0x04C27 0x04C28,0x04C27~0x04C28,0x04C27,0x04C28,false,82 C5,2,0,,hangul,1577,쳐,13,139,253,65E0,301,패치 슬롯 1577 | 한글 문자 | 쳐,번역 13-139/253 · 쳐 / 토큰 89 BC / KANJI 65E0 / 가나다순 301
1983,main,0,E049~E04A,E049,E04A,2,89 76,0x04C29 0x04C2A,0x04C29~0x04C2A,0x04C29,0x04C2A,false,81 41,2,0,,hangul,1578,오,13,140,253,A370,232,패치 슬롯 1578 | 한글 문자 | 오,번역 13-140/253 · 오 / 토큰 89 76 / KANJI A370 / 가나다순 232
1984,main,0,E04B~E04C,E04B,E04C,2,82 B1,0x04C2B 0x04C2C,0x04C2B~0x04C2C,0x04C2B,0x04C2C,false,83 94,2,0,,hangul,1579,고,13,141,253,1930,19,패치 슬롯 1579 | 한글 문자 | 고,번역 13-141/253 · 고 / 토큰 82 B1 / KANJI 1930 / 가나다순 19
1985,main,0,E04D~E04E,E04D,E04E,2,81 40,0x04C2D 0x04C2E,0x04C2D~0x04C2E,0x04C2D,0x04C2E,false,83 40,1,0,,space,1580,␠,13,142,253,,,패치 슬롯 1580 | 전각 공백 | ␠,번역 13-142/253 · ␠ / 토큰 81 40 / PC-88 전각 공백 토큰
1986,main,0,E04F~E050,E04F,E050,2,89 92,0x04C2F 0x04C30,0x04C2F~0x04C30,0x04C2F,0x04C30,false,83 6A,2,0,,hangul,1581,있,13,143,253,E320,259,패치 슬롯 1581 | 한글 문자 | 있,번역 13-143/253 · 있 / 토큰 89 92 / KANJI E320 / 가나다순 259
1987,main,0,E051~E052,E051,E052,2,89 6C,0x04C31 0x04C32,0x04C31~0x04C32,0x04C31,0x04C32,false,83 65,2,0,,hangul,1582,어,13,144,253,A2D0,222,패치 슬롯 1582 | 한글 문자 | 어,번역 13-144/253 · 어 / 토큰 89 6C / KANJI A2D0 / 가나다순 222
1988,main,0,E053~E054,E053,E054,2,89 80,0x04C33 0x04C34,0x04C33~0x04C34,0x04C33,0x04C34,false,83 42,2,0,,hangul,1583,요,13,145,253,E200,241,패치 슬롯 1583 | 한글 문자 | 요,번역 13-145/253 · 요 / 토큰 89 80 / KANJI E200 / 가나다순 241
1989,main,0,E055~E056,E055,E056,2,81 42,0x04C35 0x04C36,0x04C35~0x04C36,0x04C35,0x04C36,false,82 C6,2,0,,punctuation,1584,。,13,146,253,,,패치 슬롯 1584 | 문장부호 | 。,번역 13-146/253 · 。 / 토큰 81 42 / PC-88 전각 마침표 토큰
1990,main,0,E057~E058,E057,E058,2,89 72,0x04C37 0x04C38,0x04C37~0x04C38,0x04C37,0x04C38,false,83 8A,2,0,,hangul,1585,여,13,147,253,A330,228,패치 슬롯 1585 | 한글 문자 | 여,번역 13-147/253 · 여 / 토큰 89 72 / KANJI A330 / 가나다순 228
1991,main,0,E059~E05A,E059,E05A,2,89 CF,0x04C39 0x04C3A,0x04C39~0x04C3A,0x04C39,0x04C3A,false,83 41,2,0,,hangul,1586,태,13,148,253,A510,320,패치 슬롯 1586 | 한글 문자 | 태,번역 13-148/253 · 태 / 토큰 89 CF / KANJI A510 / 가나다순 320
1992,main,0,E05B~E05C,E05B,E05C,2,82 C8,0x04C3B 0x04C3C,0x04C3B~0x04C3C,0x04C3B,0x04C3C,false,83 8A,2,0,,hangul,1587,껏,13,149,253,28A0,42,패치 슬롯 1587 | 한글 문자 | 껏,번역 13-149/253 · 껏 / 토큰 82 C8 / KANJI 28A0 / 가나다순 42
1993,main,0,E05D~E05E,E05D,E05E,2,81 40,0x04C3D 0x04C3E,0x04C3D~0x04C3E,0x04C3D,0x04C3E,false,83 65,2,0,,space,1588,␠,13,150,253,,,패치 슬롯 1588 | 전각 공백 | ␠,번역 13-150/253 · ␠ / 토큰 81 40 / PC-88 전각 공백 토큰
1994,main,0,E05F~E060,E05F,E060,2,82 AD,0x04C3F 0x04C40,0x04C3F~0x04C40,0x04C3F,0x04C40,false,83 42,2,0,,hangul,1589,겪,13,151,253,18F0,15,패치 슬롯 1589 | 한글 문자 | 겪,번역 13-151/253 · 겪 / 토큰 82 AD / KANJI 18F0 / 가나다순 15
1995,main,0,E061~E062,E061,E062,2,89 B3,0x04C41 0x04C42,0x04C41~0x04C42,0x04C41,0x04C42,false,82 C9,2,0,,hangul,1590,지,13,152,253,6550,292,패치 슬롯 1590 | 한글 문자 | 지,번역 13-152/253 · 지 / 토큰 89 B3 / KANJI 6550 / 가나다순 292
1996,main,0,E063~E064,E063,E064,2,81 40,0x04C43 0x04C44,0x04C43~0x04C44,0x04C43,0x04C44,false,8D C4,2,0,,space,1591,␠,13,153,253,,,패치 슬롯 1591 | 전각 공백 | ␠,번역 13-153/253 · ␠ / 토큰 81 40 / PC-88 전각 공백 토큰
1997,main,0,E065~E066,E065,E066,2,88 E2,0x04C45 0x04C46,0x04C45~0x04C46,0x04C45,0x04C46,false,82 D1,2,0,,hangul,1592,못,13,154,253,E040,151,패치 슬롯 1592 | 한글 문자 | 못,번역 13-154/253 · 못 / 토큰 88 E2 / KANJI E040 / 가나다순 151
1998,main,0,E067~E068,E067,E068,2,89 E4,0x04C47 0x04C48,0x04C47~0x04C48,0x04C47,0x04C48,false,8A EB,2,0,,hangul,1593,한,13,155,253,E460,341,패치 슬롯 1593 | 한글 문자 | 한,번역 13-155/253 · 한 / 토큰 89 E4 / KANJI E460 / 가나다순 341
1999,main,0,E069~E06A,E069,E06A,2,81 40,0x04C49 0x04C4A,0x04C49~0x04C4A,0x04C49,0x04C4A,false,8B 40,1,0,,space,1594,␠,13,156,253,,,패치 슬롯 1594 | 전각 공백 | ␠,번역 13-156/253 · ␠ / 토큰 81 40 / PC-88 전각 공백 토큰
2000,main,0,E06B~E06C,E06B,E06C,2,89 9A,0x04C4B 0x04C4C,0x04C4B~0x04C4C,0x04C4B,0x04C4C,false,82 AA,2,0,,hangul,1595,재,13,157,253,E3A0,267,패치 슬롯 1595 | 한글 문자 | 재,번역 13-157/253 · 재 / 토큰 89 9A / KANJI E3A0 / 가나다순 267
2001,main,0,E06D~E06E,E06D,E06E,2,89 69,0x04C4D 0x04C4E,0x04C4D~0x04C4E,0x04C4D,0x04C4E,false,96 4B,2,0,,hangul,1596,앙,13,158,253,A2A0,219,패치 슬롯 1596 | 한글 문자 | 앙,번역 13-158/253 · 앙 / 토큰 89 69 / KANJI A2A0 / 가나다순 219
2002,main,0,E06F~E070,E06F,E070,2,89 91,0x04C4F 0x04C50,0x04C4F~0x04C50,0x04C4F,0x04C50,false,82 EA,2,0,,hangul,1597,입,13,159,253,E310,258,패치 슬롯 1597 | 한글 문자 | 입,번역 13-159/253 · 입 / 토큰 89 91 / KANJI E310 / 가나다순 258
2003,main,0,E071~E072,E071,E072,2,82 E4,0x04C51 0x04C52,0x04C51~0x04C52,0x04C51,0x04C52,false,82 C4,1,0,,hangul,1598,니,13,160,253,3860,70,패치 슬롯 1598 | 한글 문자 | 니,번역 13-160/253 · 니 / 토큰 82 E4 / KANJI 3860 / 가나다순 70
2004,main,0,E073~E074,E073,E074,2,82 E7,0x04C53 0x04C54,0x04C53~0x04C54,0x04C53,0x04C54,false,82 A2,1,0,,hangul,1599,다,13,161,253,3890,73,패치 슬롯 1599 | 한글 문자 | 다,번역 13-161/253 · 다 / 토큰 82 E7 / KANJI 3890 / 가나다순 73
2005,main,0,E075~E076,E075,E076,2,81 42,0x04C55 0x04C56,0x04C55~0x04C56,0x04C55,0x04C56,false,82 DC,2,0,,punctuation,1600,。,13,162,253,,,패치 슬롯 1600 | 문장부호 | 。,번역 13-162/253 · 。 / 토큰 81 42 / PC-88 전각 마침표 토큰
2006,main,0,E077~E078,E077,E078,2,88 C5,0x04C57 0x04C58,0x04C57~0x04C58,0x04C57,0x04C58,false,82 B7,2,0,,hangul,1601,로,13,163,253,A070,122,패치 슬롯 1601 | 한글 문자 | 로,번역 13-163/253 · 로 / 토큰 88 C5 / KANJI A070 / 가나다순 122
2007,main,0,E079~E07A,E079,E07A,2,82 BD,0x04C59 0x04C5A,0x04C59~0x04C5A,0x04C59,0x04C5A,false,81 42,2,0,,hangul,1602,그,13,164,253,19F0,31,패치 슬롯 1602 | 한글 문자 | 그,번역 13-164/253 · 그 / 토큰 82 BD / KANJI 19F0 / 가나다순 31
2008,main,0,E07B~E07C,E07B,E07C,2,88 C0,0x04C5B 0x04C5C,0x04C5B~0x04C5C,0x04C5B,0x04C5C,false,82 B1,2,0,,hangul,1603,레,13,165,253,A020,117,패치 슬롯 1603 | 한글 문자 | 레,번역 13-165/253 · 레 / 토큰 88 C0 / KANJI A020 / 가나다순 117
2009,main,0,E07D~E07E,E07D,E07E,2,89 56,0x04C5D 0x04C5E,0x04C5D~0x04C5E,0x04C5D,0x04C5E,false,82 EA,2,0,,hangul,1604,스,13,166,253,6370,200,패치 슬롯 1604 | 한글 문자 | 스,번역 13-166/253 · 스 / 토큰 89 56 / KANJI 6370 / 가나다순 200
2010,main,0,E07F~E080,E07F,E080,2,89 8C,0x04C5F 0x04C60,0x04C5F~0x04C60,0x04C5F,0x04C60,false,82 DC,2,0,,hangul,1605,의,13,167,253,E2C0,253,패치 슬롯 1605 | 한글 문자 | 의,번역 13-167/253 · 의 / 토큰 89 8C / KANJI E2C0 / 가나다순 253
2011,main,0,E081~E082,E081,E082,2,81 40,0x04C61 0x04C62,0x04C61~0x04C62,0x04C61,0x04C62,false,82 C5,2,0,,space,1606,␠,13,168,253,,,패치 슬롯 1606 | 전각 공백 | ␠,번역 13-168/253 · ␠ / 토큰 81 40 / PC-88 전각 공백 토큰
2012,main,0,E083~E084,E083,E084,2,89 95,0x04C63 0x04C64,0x04C63~0x04C64,0x04C63,0x04C64,false,82 C9,2,0,,hangul,1607,잔,13,169,253,E350,262,패치 슬롯 1607 | 한글 문자 | 잔,번역 13-169/253 · 잔 / 토큰 89 95 / KANJI E350 / 가나다순 262
2013,main,0,E085~E086,E085,E086,2,82 EB,0x04C65 0x04C66,0x04C65~0x04C66,0x04C65,0x04C66,false,82 C8,1,0,,hangul,1608,당,13,170,253,38D0,77,패치 슬롯 1608 | 한글 문자 | 당,번역 13-170/253 · 당 / 토큰 82 EB / KANJI 38D0 / 가나다순 77
2014,main,0,E087~E088,E087,E088,2,88 AA,0x04C67 0x04C68,0x04C67~0x04C68,0x04C67,0x04C68,false,82 A2,2,0,,hangul,1609,들,13,171,253,60C0,95,패치 슬롯 1609 | 한글 문자 | 들,번역 13-171/253 · 들 / 토큰 88 AA / KANJI 60C0 / 가나다순 95
2015,main,0,E089~E08A,E089,E08A,2,89 8D,0x04C69 0x04C6A,0x04C69~0x04C6A,0x04C69,0x04C6A,false,8B B0,2,0,,hangul,1610,이,13,172,253,E2D0,254,패치 슬롯 1610 | 한글 문자 | 이,번역 13-172/253 · 이 / 토큰 89 8D / KANJI E2D0 / 가나다순 254
2016,main,0,E08B~E08C,E08B,E08C,2,81 40,0x04C6B 0x04C6C,0x04C6B~0x04C6C,0x04C6B,0x04C6C,false,82 EB,2,0,,space,1611,␠,13,173,253,,,패치 슬롯 1611 | 전각 공백 | ␠,번역 13-173/253 · ␠ / 토큰 81 40 / PC-88 전각 공백 토큰
2017,main,0,E08D~E08E,E08D,E08E,2,82 EB,0x04C6D 0x04C6E,0x04C6D~0x04C6E,0x04C6D,0x04C6E,false,82 B5,1,0,,hangul,1612,당,13,174,253,38D0,77,패치 슬롯 1612 | 한글 문자 | 당,번역 13-174/253 · 당 / 토큰 82 EB / KANJI 38D0 / 가나다순 77
2018,main,0,E08F~E090,E08F,E090,2,89 5B,0x04C6F 0x04C70,0x04C6F~0x04C70,0x04C6F,0x04C70,false,82 A2,2,0,,hangul,1613,신,13,175,253,63C0,205,패치 슬롯 1613 | 한글 문자 | 신,번역 13-175/253 · 신 / 토큰 89 5B / KANJI 63C0 / 가나다순 205
2019,main,0,E091~E092,E091,E092,2,89 8A,0x04C71 0x04C72,0x04C71~0x04C72,0x04C71,0x04C72,false,8A EB,2,0,,hangul,1614,을,13,176,253,E2A0,251,패치 슬롯 1614 | 한글 문자 | 을,번역 13-176/253 · 을 / 토큰 89 8A / KANJI E2A0 / 가나다순 251
2020,main,0,E093~E094,E093,E094,2,81 40,0x04C73 0x04C74,0x04C73~0x04C74,0x04C73,0x04C74,false,8B 40,1,0,,space,1615,␠,13,177,253,,,패치 슬롯 1615 | 전각 공백 | ␠,번역 13-177/253 · ␠ / 토큰 81 40 / PC-88 전각 공백 토큰
2021,main,0,E095~E096,E095,E096,2,82 DC,0x04C75 0x04C76,0x04C75~0x04C76,0x04C75,0x04C76,false,82 C5,1,0,,hangul,1616,노,13,178,253,29E0,62,패치 슬롯 1616 | 한글 문자 | 노,번역 13-178/253 · 노 / 토큰 82 DC / KANJI 29E0 / 가나다순 62
2022,main,0,E097~E098,E097,E098,2,88 CC,0x04C77 0x04C78,0x04C77~0x04C78,0x04C77,0x04C78,false,82 B7,2,0,,hangul,1617,리,13,179,253,A0E0,129,패치 슬롯 1617 | 한글 문자 | 리,번역 13-179/253 · 리 / 토큰 88 CC / KANJI A0E0 / 가나다순 129
2023,main,0,E099~E09A,E099,E09A,2,88 DB,0x04C79 0x04C7A,0x04C79~0x04C7A,0x04C79,0x04C7A,false,81 42,2,0,,hangul,1618,며,13,180,253,A1D0,144,패치 슬롯 1618 | 한글 문자 | 며,번역 13-180/253 · 며 / 토큰 88 DB / KANJI A1D0 / 가나다순 144
2024,main,0,E09B~E09C,E09B,E09C,2,81 41,0x04C7B 0x04C7C,0x04C7B~0x04C7C,0x04C7B,0x04C7C,false,83 8D,2,0,,punctuation,1619,、,13,181,253,,,패치 슬롯 1619 | 문장부호 | 、,번역 13-181/253 · 、 / 토큰 81 41 / PC-88 전각 쉼표 토큰
2025,main,0,E09D~E09E,E09D,E09E,2,88 DA,0x04C7D 0x04C7E,0x04C7D~0x04C7E,0x04C7D,0x04C7E,false,83 4F,2,0,,hangul,1620,메,13,182,253,A1C0,143,패치 슬롯 1620 | 한글 문자 | 메,번역 13-182/253 · 메 / 토큰 88 DA / KANJI A1C0 / 가나다순 143
2026,main,0,E09F~E0A0,E09F,E0A0,2,82 9F,0x04C7F 0x04C80,0x04C7F~0x04C80,0x04C7F,0x04C80,false,83 8C,2,0,,hangul,1621,가,13,183,253,1810,1,패치 슬롯 1621 | 한글 문자 | 가,번역 13-183/253 · 가 / 토큰 82 9F / KANJI 1810 / 가나다순 1
2027,main,0,E0A1~E0A2,E0A1,E0A2,2,89 56,0x04C81 0x04C82,0x04C81~0x04C82,0x04C81,0x04C82,false,83 58,2,0,,hangul,1622,스,13,184,253,6370,200,패치 슬롯 1622 | 한글 문자 | 스,번역 13-184/253 · 스 / 토큰 89 56 / KANJI 6370 / 가나다순 200
2028,main,0,E0A3~E0A4,E0A3,E0A4,2,89 8C,0x04C83 0x04C84,0x04C83~0x04C84,0x04C83,0x04C84,false,82 CC,2,0,,hangul,1623,의,13,185,253,E2C0,253,패치 슬롯 1623 | 한글 문자 | 의,번역 13-185/253 · 의 / 토큰 89 8C / KANJI E2C0 / 가나다순 253
2029,main,0,E0A5~E0A6,E0A5,E0A6,2,81 40,0x04C85 0x04C86,0x04C85~0x04C86,0x04C85,0x04C86,false,8E 63,2,0,,space,1624,␠,13,186,253,,,패치 슬롯 1624 | 전각 공백 | ␠,번역 13-186/253 · ␠ / 토큰 81 40 / PC-88 전각 공백 토큰
2030,main,0,E0A7~E0A8,E0A7,E0A8,2,82 B9,0x04C87 0x04C88,0x04C87~0x04C88,0x04C87,0x04C88,false,93 7D,2,0,,hangul,1625,군,13,187,253,19B0,27,패치 슬롯 1625 | 한글 문자 | 군,번역 13-187/253 · 군 / 토큰 82 B9 / KANJI 19B0 / 가나다순 27
2031,main,0,E0A9~E0AA,E0A9,E0AA,2,82 E9,0x04C89 0x04C8A,0x04C89~0x04C8A,0x04C89,0x04C8A,false,82 AA,1,0,,hangul,1626,단,13,188,253,38B0,75,패치 슬롯 1626 | 한글 문자 | 단,번역 13-188/253 · 단 / 토큰 82 E9 / KANJI 38B0 / 가나다순 75
2032,main,0,E0AB~E0AC,E0AB,E0AC,2,89 8D,0x04C8B 0x04C8C,0x04C8B~0x04C8C,0x04C8B,0x04C8C,false,82 A0,2,0,,hangul,1627,이,13,189,253,E2D0,254,패치 슬롯 1627 | 한글 문자 | 이,번역 13-189/253 · 이 / 토큰 89 8D / KANJI E2D0 / 가나다순 254
2033,main,0,E0AD~E0AE,E0AD,E0AE,2,81 40,0x04C8D 0x04C8E,0x04C8D~0x04C8E,0x04C8D,0x04C8E,false,82 C8,2,0,,space,1628,␠,13,190,253,,,패치 슬롯 1628 | 전각 공백 | ␠,번역 13-190/253 · ␠ / 토큰 81 40 / PC-88 전각 공백 토큰
2034,main,0,E0AF~E0B0,E0AF,E0B0,2,89 C1,0x04C8F 0x04C90,0x04C8F~0x04C90,0x04C8F,0x04C90,false,82 BD,2,0,,hangul,1629,침,13,191,253,A430,306,패치 슬롯 1629 | 한글 문자 | 침,번역 13-191/253 · 침 / 토큰 89 C1 / KANJI A430 / 가나다순 306
2035,main,0,E0B1~E0B2,E0B1,E0B2,2,82 B3,0x04C91 0x04C92,0x04C91~0x04C92,0x04C91,0x04C92,false,82 F0,1,0,,hangul,1630,공,13,192,253,1950,21,패치 슬롯 1630 | 한글 문자 | 공,번역 13-192/253 · 공 / 토큰 82 B3 / KANJI 1950 / 가나다순 21
2036,main,0,E0B3~E0B4,E0B3,E0B4,2,89 E8,0x04C93 0x04C94,0x04C93~0x04C94,0x04C93,0x04C94,false,91 5F,2,0,,hangul,1631,해,13,193,253,E4A0,345,패치 슬롯 1631 | 한글 문자 | 해,번역 13-193/253 · 해 / 토큰 89 E8 / KANJI E4A0 / 가나다순 345
2037,main,0,E0B5~E0B6,E0B5,E0B6,2,81 40,0x04C95 0x04C96,0x04C95~0x04C96,0x04C95,0x04C96,false,82 C1,2,0,,space,1632,␠,13,194,253,,,패치 슬롯 1632 | 전각 공백 | ␠,번역 13-194/253 · ␠ / 토큰 81 40 / PC-88 전각 공백 토큰
2038,main,0,E0B7~E0B8,E0B7,E0B8,2,89 76,0x04C97 0x04C98,0x04C97~0x04C98,0x04C97,0x04C98,false,82 C4,2,0,,hangul,1633,오,13,195,253,A370,232,패치 슬롯 1633 | 한글 문자 | 오,번역 13-195/253 · 오 / 토큰 89 76 / KANJI A370 / 가나다순 232
2039,main,0,E0B9~E0BA,E0B9,E0BA,2,82 E3,0x04C99 0x04C9A,0x04C99~0x04C9A,0x04C99,0x04C9A,false,82 A2,1,0,,hangul,1634,는,13,196,253,3850,69,패치 슬롯 1634 | 한글 문자 | 는,번역 13-196/253 · 는 / 토큰 82 E3 / KANJI 3850 / 가나다순 69
2040,main,0,E0BB~E0BC,E0BB,E0BC,2,81 40,0x04C9B 0x04C9C,0x04C9B~0x04C9C,0x04C9B,0x04C9C,false,82 DC,2,0,,space,1635,␠,13,197,253,,,패치 슬롯 1635 | 전각 공백 | ␠,번역 13-197/253 · ␠ / 토큰 81 40 / PC-88 전각 공백 토큰
2041,main,0,E0BD~E0BE,E0BD,E0BE,2,82 AA,0x04C9D 0x04C9E,0x04C9D~0x04C9E,0x04C9D,0x04C9E,false,82 B7,1,0,,hangul,1636,것,13,198,253,18C0,12,패치 슬롯 1636 | 한글 문자 | 것,번역 13-198/253 · 것 / 토큰 82 AA / KANJI 18C0 / 가나다순 12
2042,main,0,E0BF~E0C0,E0BF,E0C0,2,82 F1,0x04C9F 0x04CA0,0x04C9F~0x04CA0,0x04C9F,0x04CA0,false,81 42,2,0,,hangul,1637,도,13,199,253,3930,83,패치 슬롯 1637 | 한글 문자 | 도,번역 13-199/253 · 도 / 토큰 82 F1 / KANJI 3930 / 가나다순 83
2043,main,0,E0C1~E0C2,E0C1,E0C2,2,81 40,0x04CA1 0x04CA2,0x04CA1~0x04CA2,0x04CA1,0x04CA2,false,83 81,2,0,,space,1638,␠,13,200,253,,,패치 슬롯 1638 | 전각 공백 | ␠,번역 13-200/253 · ␠ / 토큰 81 40 / PC-88 전각 공백 토큰
2044,main,0,E0C3~E0C4,E0C3,E0C4,2,89 5A,0x04CA3 0x04CA4,0x04CA3~0x04CA4,0x04CA3,0x04CA4,false,83 4B,2,0,,hangul,1639,시,13,201,253,63B0,204,패치 슬롯 1639 | 한글 문자 | 시,번역 13-201/253 · 시 / 토큰 89 5A / KANJI 63B0 / 가나다순 204
2045,main,0,E0C5~E0C6,E0C5,E0C6,2,82 A1,0x04CA5 0x04CA6,0x04CA5~0x04CA6,0x04CA5,0x04CA6,false,83 58,2,0,,hangul,1640,간,13,202,253,1830,3,패치 슬롯 1640 | 한글 문자 | 간,번역 13-202/253 · 간 / 토큰 82 A1 / KANJI 1830 / 가나다순 3
2046,main,0,E0C7~E0C8,E0C7,E0C8,2,88 E4,0x04CA7 0x04CA8,0x04CA7~0x04CA8,0x04CA7,0x04CA8,false,82 CC,2,0,,hangul,1641,문,13,203,253,E060,153,패치 슬롯 1641 | 한글 문자 | 문,번역 13-203/253 · 문 / 토큰 88 E4 / KANJI E060 / 가나다순 153
2047,main,0,E0C9~E0CA,E0C9,E0CA,2,89 A1,0x04CA9 0x04CAA,0x04CA9~0x04CAA,0x04CA9,0x04CAA,false,8C 52,2,0,,hangul,1642,제,13,204,253,6430,274,패치 슬롯 1642 | 한글 문자 | 제,번역 13-204/253 · 제 / 토큰 89 A1 / KANJI 6430 / 가나다순 274
2048,main,0,E0CB~E0CC,E0CB,E0CC,2,89 91,0x04CAB 0x04CAC,0x04CAB~0x04CAC,0x04CAB,0x04CAC,false,92 63,2,0,,hangul,1643,입,13,205,253,E310,258,패치 슬롯 1643 | 한글 문자 | 입,번역 13-205/253 · 입 / 토큰 89 91 / KANJI E310 / 가나다순 258
2049,main,0,E0CD~E0CE,E0CD,E0CE,2,82 E4,0x04CAD 0x04CAE,0x04CAD~0x04CAE,0x04CAD,0x04CAE,false,82 AA,1,0,,hangul,1644,니,13,206,253,3860,70,패치 슬롯 1644 | 한글 문자 | 니,번역 13-206/253 · 니 / 토큰 82 E4 / KANJI 3860 / 가나다순 70
2050,main,0,E0CF~E0D0,E0CF,E0D0,2,82 E7,0x04CAF 0x04CB0,0x04CAF~0x04CB0,0x04CAF,0x04CB0,false,8D 55,2,0,,hangul,1645,다,13,207,253,3890,73,패치 슬롯 1645 | 한글 문자 | 다,번역 13-207/253 · 다 / 토큰 82 E7 / KANJI 3890 / 가나다순 73
2051,main,0,E0D1~E0D2,E0D1,E0D2,2,81 42,0x04CB1 0x04CB2,0x04CB1~0x04CB2,0x04CB1,0x04CB2,false,82 DF,2,0,,punctuation,1646,。,13,208,253,,,패치 슬롯 1646 | 문장부호 | 。,번역 13-208/253 · 。 / 토큰 81 42 / PC-88 전각 마침표 토큰
2052,main,0,E0D3~E0D4,E0D3,E0D4,2,82 EB,0x04CB3 0x04CB4,0x04CB3~0x04CB4,0x04CB3,0x04CB4,false,82 C4,1,0,,hangul,1647,당,13,209,253,38D0,77,패치 슬롯 1647 | 한글 문자 | 당,번역 13-209/253 · 당 / 토큰 82 EB / KANJI 38D0 / 가나다순 77
2053,main,0,E0D5~E0D6,E0D5,E0D6,2,89 5B,0x04CB5 0x04CB6,0x04CB5~0x04CB6,0x04CB5,0x04CB6,false,97 88,2,0,,hangul,1648,신,13,210,253,63C0,205,패치 슬롯 1648 | 한글 문자 | 신,번역 13-210/253 · 신 / 토큰 89 5B / KANJI 63C0 / 가나다순 205
2054,main,0,E0D7~E0D8,E0D7,E0D8,2,89 70,0x04CB7 0x04CB8,0x04CB7~0x04CB8,0x04CB7,0x04CB8,false,82 E9,2,0,,hangul,1649,에,13,211,253,A310,226,패치 슬롯 1649 | 한글 문자 | 에,번역 13-211/253 · 에 / 토큰 89 70 / KANJI A310 / 가나다순 226
2055,main,0,E0D9~E0DA,E0D9,E0DA,2,82 AB,0x04CB9 0x04CBA,0x04CB9~0x04CBA,0x04CB9,0x04CBA,false,82 CC,1,0,,hangul,1650,게,13,212,253,18D0,13,패치 슬롯 1650 | 한글 문자 | 게,번역 13-212/253 · 게 / 토큰 82 AB / KANJI 18D0 / 가나다순 13
2056,main,0,E0DB~E0DC,E0DB,E0DC,2,81 40,0x04CBB 0x04CBC,0x04CBB~0x04CBC,0x04CBB,0x04CBC,false,82 E0,2,0,,space,1651,␠,13,213,253,,,패치 슬롯 1651 | 전각 공백 | ␠,번역 13-213/253 · ␠ / 토큰 81 40 / PC-88 전각 공백 토큰
2057,main,0,E0DD~E0DE,E0DD,E0DE,2,89 F8,0x04CBD 0x04CBE,0x04CBD~0x04CBE,0x04CBD,0x04CBE,false,8E 9E,2,0,,hangul,1652,힘,13,214,253,E5A0,361,패치 슬롯 1652 | 한글 문자 | 힘,번역 13-214/253 · 힘 / 토큰 89 F8 / KANJI E5A0 / 가나다순 361
2058,main,0,E0DF~E0E0,E0DF,E0E0,2,89 8A,0x04CBF 0x04CC0,0x04CBF~0x04CC0,0x04CBF,0x04CC0,false,8A D4,2,0,,hangul,1653,을,13,215,253,E2A0,251,패치 슬롯 1653 | 한글 문자 | 을,번역 13-215/253 · 을 / 토큰 89 8A / KANJI E2A0 / 가나다순 251
2059,main,0,E0E1~E0E2,E0E1,E0E2,2,81 40,0x04CC1 0x04CC2,0x04CC1~0x04CC2,0x04CC1,0x04CC2,false,82 CC,2,0,,space,1654,␠,13,216,253,,,패치 슬롯 1654 | 전각 공백 | ␠,번역 13-216/253 · ␠ / 토큰 81 40 / PC-88 전각 공백 토큰
2060,main,0,E0E3~E0E4,E0E3,E0E4,2,88 A8,0x04CC3 0x04CC4,0x04CC3~0x04CC4,0x04CC3,0x04CC4,false,96 E2,2,0,,hangul,1655,드,13,217,253,60A0,93,패치 슬롯 1655 | 한글 문자 | 드,번역 13-217/253 · 드 / 토큰 88 A8 / KANJI 60A0 / 가나다순 93
2061,main,0,E0E5~E0E6,E0E5,E0E6,2,88 CC,0x04CC5 0x04CC6,0x04CC5~0x04CC6,0x04CC5,0x04CC6,false,91 E8,2,0,,hangul,1656,리,13,218,253,A0E0,129,패치 슬롯 1656 | 한글 문자 | 리,번역 13-218/253 · 리 / 토큰 88 CC / KANJI A0E0 / 가나다순 129
2062,main,0,E0E7~E0E8,E0E7,E0E8,2,82 AC,0x04CC7 0x04CC8,0x04CC7~0x04CC8,0x04CC7,0x04CC8,false,82 C5,1,0,,hangul,1657,겠,13,219,253,18E0,14,패치 슬롯 1657 | 한글 문자 | 겠,번역 13-219/253 · 겠 / 토큰 82 AC / KANJI 18E0 / 가나다순 14
2063,main,0,E0E9~E0EA,E0E9,E0EA,2,89 58,0x04CC9 0x04CCA,0x04CC9~0x04CCA,0x04CC9,0x04CCA,false,82 B5,2,0,,hangul,1658,습,13,220,253,6390,202,패치 슬롯 1658 | 한글 문자 | 습,번역 13-220/253 · 습 / 토큰 89 58 / KANJI 6390 / 가나다순 202
2064,main,0,E0EB~E0EC,E0EB,E0EC,2,82 E4,0x04CCB 0x04CCC,0x04CCB~0x04CCC,0x04CCB,0x04CCC,false,82 E5,1,0,,hangul,1659,니,13,221,253,3860,70,패치 슬롯 1659 | 한글 문자 | 니,번역 13-221/253 · 니 / 토큰 82 E4 / KANJI 3860 / 가나다순 70
2065,main,0,E0ED~E0EE,E0ED,E0EE,2,82 E7,0x04CCD 0x04CCE,0x04CCD~0x04CCE,0x04CCD,0x04CCE,false,82 A4,1,0,,hangul,1660,다,13,222,253,3890,73,패치 슬롯 1660 | 한글 문자 | 다,번역 13-222/253 · 다 / 토큰 82 E7 / KANJI 3890 / 가나다순 73
2066,main,0,E0EF~E0F0,E0EF,E0F0,2,81 42,0x04CCF 0x04CD0,0x04CCF~0x04CD0,0x04CCF,0x04CD0,false,81 42,0,0,,punctuation,1661,。,13,223,253,,,패치 슬롯 1661 | 문장부호 | 。,번역 13-223/253 · 。 / 토큰 81 42 / PC-88 전각 마침표 토큰
2067,main,0,E0F1~E0F3,E0F1,E0F3,3,16 6F E7,0x04CD1 0x04CD2 0x04CD3,0x04CD1~0x04CD3,0x04CD1,0x04CD3,false,82 A0 82,3,0,,control,,,,,,,,16 계열 서브스트림 호출/전환,서브스트림 → E76F
2068,substream,1,E76F~E773,E76F,E773,5,0F 02 1C 03 14,0x0535F 0x05360 0x05361 0x05362 0x05363,0x0535F~0x05363,0x0535F,0x05363,false,0F 02 1C 03 14,0,0,,control,,,,,,,,0F 계열 5바이트 제어,C4DA RET → C0A2 HL=E774
2069,substream,1,E774~E778,E774,E778,5,0E 00 00 50 C8,0x05364 0x05365 0x05366 0x05367 0x05368,0x05364~0x05368,0x05364,0x05368,false,0E 00 00 50 C8,0,0,,control,,,,,,,,0E 계열 5바이트 표시/좌표/영역 제어,C483 RET → C0A2 HL=E779
2070,substream,1,E779~E77E,E779,E77E,6,08 C8 F3 50 19 FF,0x05369 0x0536A 0x0536B 0x0536C 0x0536D 0x0536E,0x05369~0x0536E,0x05369,0x0536E,false,08 C8 F3 50 19 FF,0,0,,control,,,,,,,,08 계열 6바이트 제어,C4FA RET → C0A2 HL=E77F
2071,substream,1,E77F~E781,E77F,E781,3,13 44 E8,0x0536F 0x05370 0x05371,0x0536F~0x05371,0x0536F,0x05371,false,13 44 E8,0,0,,control,,,,,,,,13 계열 3바이트 제어,C3D5 RET → C0A2 HL=E782
2072,substream,1,E782~E785,E782,E785,4,1D 04 07 40,0x05372 0x05373 0x05374 0x05375,0x05372~0x05375,0x05372,0x05375,false,1D 04 07 40,0,0,,control,,,,,,,,1D 계열 4바이트 제어,C376 RET → C0A2 HL=E786
2073,substream,1,E786~E789,E786,E789,4,14 00 00 00,0x05376 0x05377 0x05378 0x05379,0x05376~0x05379,0x05376,0x05379,false,14 00 00 00,0,0,,control,,,,,,,,14 계열 4바이트 버퍼/영역 처리 제어,C4C9 RET → C0A2 HL=E78A
2074,substream,1,E78A~E78D,E78A,E78D,4,14 01 2C 00,0x0537A 0x0537B 0x0537C 0x0537D,0x0537A~0x0537D,0x0537A,0x0537D,false,14 01 2C 00,0,0,,control,,,,,,,,14 계열 4바이트 버퍼/영역 처리 제어,C4C9 RET → C0A2 HL=E78E
2075,substream,1,E78E~E791,E78E,E791,4,04 38 E9 41,0x0537E 0x0537F 0x05380 0x05381,0x0537E~0x05381,0x0537E,0x05381,false,04 38 E9 41,0,0,,control,,,,,,,,04 계열 CAA8 슬롯 포인터 설정 제어,"DE=E938, 슬롯 41 등록 계열."
2076,substream,1,E792~E793,E792,E793,2,25 2B,0x05382 0x05383,0x05382~0x05383,0x05382,0x05383,false,25 2B,0,0,,control,,,,,,,,입 파츠/입 움직임 선택 인덱스 설정 토큰,CA1D=2B
2077,substream,1,E794,E794,E794,1,17,0x05384,0x05384,0x05384,0x05384,false,17,0,0,,control,,,,,,,,서브스트림 복귀 제어,서브스트림 복귀
2078,main,0,E0F4~E0F5,E0F4,E0F5,2,01 04,0x04CD4 0x04CD5,0x04CD4~0x04CD5,0x04CD4,0x04CD5,false,C8 82,2,0,,control,,,,,,,,01h 계열 하위코드 wrapper 제어,C0CE A=01 HL=E10B → C518 RET → C0A2 HL=E10C
2079,main,0,E0F6,E0F6,E0F6,1,11,0x04CD6,0x04CD6,0x04CD6,0x04CD6,false,BD,1,0,,control,,,,,,,,11h 계열 1바이트 제어,C0CE A=11 HL=E10D → C0A2 HL=E10D
2080,main,0,E0F7~E0F8,E0F7,E0F8,2,19 03,0x04CD7 0x04CD8,0x04CD7~0x04CD8,0x04CD7,0x04CD8,false,82 C9,2,0,,control,,,,,,,,19h 계열 텍스트/표시 제어,C0CE A=19 HL=E10E → C785 RET → C0A2 HL=E10F
2081,main,0,E0F9~E0FE,E0F9,E0FE,6,05 16 86 3A 9E 00,0x04CD9 0x04CDA 0x04CDB 0x04CDC 0x04CDD 0x04CDE,0x04CD9~0x04CDE,0x04CD9,0x04CDE,false,97 CD 82 F0 97 5E,6,0,,control,,,,,,,,05h 계열 표시/좌표/영역 제어,"CA16=16, CA17=86, CA18=3A, CA19=9E, C019=00 계열."
2082,main,0,E0FF~E100,E0FF,E100,2,25 2E,0x04CDF 0x04CE0,0x04CDF~0x04CE0,0x04CDF,0x04CE0,false,82 A6,2,0,,control,,,,,,,,입 파츠/입 움직임 선택 인덱스 설정 토큰,CA1D=2E
2083,main,0,E101~E102,E101,E102,2,89 86,0x04CE1 0x04CE2,0x04CE1~0x04CE2,0x04CE1,0x04CE2,false,82 DC,2,0,,hangul,1662,유,13,224,253,E260,247,패치 슬롯 1662 | 한글 문자 | 유,번역 13-224/253 · 유 / 토큰 89 86 / KANJI E260 / 가나다순 247
2084,main,0,E103~E104,E103,E104,2,89 C5,0x04CE3 0x04CE4,0x04CE3~0x04CE4,0x04CE3,0x04CE4,false,82 B7,2,0,,hangul,1663,코,13,225,253,A470,310,패치 슬롯 1663 | 한글 문자 | 코,번역 13-225/253 · 코 / 토큰 89 C5 / KANJI A470 / 가나다순 310
2085,main,0,E105~E106,E105,E106,2,81 41,0x04CE5 0x04CE6,0x04CE5~0x04CE6,0x04CE5,0x04CE6,false,81 42,1,0,,punctuation,1664,、,13,226,253,,,패치 슬롯 1664 | 문장부호 | 、,번역 13-226/253 · 、 / 토큰 81 41 / PC-88 전각 쉼표 토큰
2086,main,0,E107~E108,E107,E108,2,88 D1,0x04CE7 0x04CE8,0x04CE7~0x04CE8,0x04CE7,0x04CE8,false,16 6F,2,0,,hangul,1665,마,13,227,253,A130,134,패치 슬롯 1665 | 한글 문자 | 마,번역 13-227/253 · 마 / 토큰 88 D1 / KANJI A130 / 가나다순 134
2087,main,0,E109~E10A,E109,E10A,2,89 8B,0x04CE9 0x04CEA,0x04CE9~0x04CEA,0x04CE9,0x04CEA,false,E7 01,2,0,,hangul,1666,음,13,228,253,E2B0,252,패치 슬롯 1666 | 한글 문자 | 음,번역 13-228/253 · 음 / 토큰 89 8B / KANJI E2B0 / 가나다순 252
2088,main,0,E10B~E10C,E10B,E10C,2,89 8A,0x04CEB 0x04CEC,0x04CEB~0x04CEC,0x04CEB,0x04CEC,false,04 11,2,0,,hangul,1667,을,13,229,253,E2A0,251,패치 슬롯 1667 | 한글 문자 | 을,번역 13-229/253 · 을 / 토큰 89 8A / KANJI E2A0 / 가나다순 251
2089,main,0,E10D~E10E,E10D,E10E,2,81 40,0x04CED 0x04CEE,0x04CED~0x04CEE,0x04CED,0x04CEE,false,19 03,2,0,,space,1668,␠,13,230,253,,,패치 슬롯 1668 | 전각 공백 | ␠,번역 13-230/253 · ␠ / 토큰 81 40 / PC-88 전각 공백 토큰
2090,main,0,E10F~E110,E10F,E110,2,82 BA,0x04CEF 0x04CF0,0x04CEF~0x04CF0,0x04CEF,0x04CF0,false,05 16,2,0,,hangul,1669,굳,13,231,253,19C0,28,패치 슬롯 1669 | 한글 문자 | 굳,번역 13-231/253 · 굳 / 토큰 82 BA / KANJI 19C0 / 가나다순 28
2091,main,0,E111~E112,E111,E112,2,82 AB,0x04CF1 0x04CF2,0x04CF1~0x04CF2,0x04CF1,0x04CF2,false,86 3A,2,0,,hangul,1670,게,13,232,253,18D0,13,패치 슬롯 1670 | 한글 문자 | 게,번역 13-232/253 · 게 / 토큰 82 AB / KANJI 18D0 / 가나다순 13
2092,main,0,E113~E114,E113,E114,2,81 40,0x04CF3 0x04CF4,0x04CF3~0x04CF4,0x04CF3,0x04CF4,false,9E 00,2,0,,space,1671,␠,13,233,253,,,패치 슬롯 1671 | 전각 공백 | ␠,번역 13-233/253 · ␠ / 토큰 81 40 / PC-88 전각 공백 토큰
2093,main,0,E115~E116,E115,E116,2,88 D9,0x04CF5 0x04CF6,0x04CF5~0x04CF6,0x04CF5,0x04CF6,false,25 2E,2,0,,hangul,1672,먹,13,234,253,A1B0,142,패치 슬롯 1672 | 한글 문자 | 먹,번역 13-234/253 · 먹 / 토큰 88 D9 / KANJI A1B0 / 가나다순 142
2094,main,0,E117~E118,E117,E118,2,89 88,0x04CF7 0x04CF8,0x04CF7~0x04CF8,0x04CF7,0x04CF8,false,82 B3,2,0,,hangul,1673,으,13,235,253,E280,249,패치 슬롯 1673 | 한글 문자 | 으,번역 13-235/253 · 으 / 토큰 89 88 / KANJI E280 / 가나다순 249
2095,main,0,E119~E11A,E119,E11A,2,89 4E,0x04CF9 0x04CFA,0x04CF9~0x04CFA,0x04CF9,0x04CFA,false,82 A0,2,0,,hangul,1674,세,13,236,253,62F0,192,패치 슬롯 1674 | 한글 문자 | 세,번역 13-236/253 · 세 / 토큰 89 4E / KANJI 62F0 / 가나다순 192
2096,main,0,E11B~E11C,E11B,E11C,2,89 80,0x04CFB 0x04CFC,0x04CFB~0x04CFC,0x04CFB,0x04CFC,false,81 41,2,0,,hangul,1675,요,13,237,253,E200,241,패치 슬롯 1675 | 한글 문자 | 요,번역 13-237/253 · 요 / 토큰 89 80 / KANJI E200 / 가나다순 241
2097,main,0,E11D~E11E,E11D,E11E,2,81 49,0x04CFD 0x04CFE,0x04CFD~0x04CFE,0x04CFD,0x04CFE,false,97 44,2,0,,punctuation,1676,！,13,238,253,,,패치 슬롯 1676 | 문장부호 | ！,번역 13-238/253 · ！ / 토큰 81 49 / PC-88 전각 느낌표 토큰
2098,main,0,E11F~E120,E11F,E120,2,81 40,0x04CFF 0x04D00,0x04CFF~0x04D00,0x04CFF,0x04D00,false,8E 71,2,0,,space,1677,␠,13,239,253,,,패치 슬롯 1677 | 전각 공백 | ␠,번역 13-239/253 · ␠ / 토큰 81 40 / PC-88 전각 공백 토큰
2099,main,0,E121~E122,E121,E122,2,89 5E,0x04D01 0x04D02,0x04D01~0x04D02,0x04D01,0x04D02,false,81 41,2,0,,hangul,1678,싸,13,240,253,63F0,208,패치 슬롯 1678 | 한글 문자 | 싸,번역 13-240/253 · 싸 / 토큰 89 5E / KANJI 63F0 / 가나다순 208
2100,main,0,E123~E124,E123,E124,2,89 82,0x04D03 0x04D04,0x04D03~0x04D04,0x04D03,0x04D04,false,82 B5,2,0,,hangul,1679,움,13,241,253,E220,243,패치 슬롯 1679 | 한글 문자 | 움,번역 13-241/253 · 움 / 토큰 89 82 / KANJI E220 / 가나다순 243
2101,main,0,E125~E126,E125,E126,2,89 8A,0x04D05 0x04D06,0x04D05~0x04D06,0x04D05,0x04D06,false,82 C1,2,0,,hangul,1680,을,13,242,253,E2A0,251,패치 슬롯 1680 | 한글 문자 | 을,번역 13-242/253 · 을 / 토큰 89 8A / KANJI E2A0 / 가나다순 251
2102,main,0,E127~E128,E127,E128,2,81 40,0x04D07 0x04D08,0x04D07~0x04D08,0x04D07,0x04D08,false,82 A9,2,0,,space,1681,␠,13,243,253,,,패치 슬롯 1681 | 전각 공백 | ␠,번역 13-243/253 · ␠ / 토큰 81 40 / PC-88 전각 공백 토큰
2103,main,0,E129~E12A,E129,E12A,2,89 8D,0x04D09 0x04D0A,0x04D09~0x04D0A,0x04D09,0x04D0A,false,82 E8,2,0,,hangul,1682,이,13,244,253,E2D0,254,패치 슬롯 1682 | 한글 문자 | 이,번역 13-244/253 · 이 / 토큰 89 8D / KANJI E2D0 / 가나다순 254
2104,main,0,E12B~E12C,E12B,E12C,2,88 E7,0x04D0B 0x04D0C,0x04D0B~0x04D0C,0x04D0B,0x04D0C,false,82 B5,2,0,,hangul,1683,미,13,245,253,E090,156,패치 슬롯 1683 | 한글 문자 | 미,번역 13-245/253 · 미 / 토큰 88 E7 / KANJI E090 / 가나다순 156
2105,main,0,E12D~E12E,E12D,E12E,2,81 40,0x04D0D 0x04D0E,0x04D0D~0x04D0E,0x04D0D,0x04D0E,false,82 C4,2,0,,space,1684,␠,13,246,253,,,패치 슬롯 1684 | 전각 공백 | ␠,번역 13-246/253 · ␠ / 토큰 81 40 / PC-88 전각 공백 토큰
2106,main,0,E12F~E130,E12F,E130,2,89 5A,0x04D0F 0x04D10,0x04D0F~0x04D10,0x04D0F,0x04D10,false,81 49,2,0,,hangul,1685,시,13,247,253,63B0,204,패치 슬롯 1685 | 한글 문자 | 시,번역 13-247/253 · 시 / 토큰 89 5A / KANJI 63B0 / 가나다순 204
2107,main,0,E131~E132,E131,E132,2,89 94,0x04D11 0x04D12,0x04D11~0x04D12,0x04D11,0x04D12,false,81 40,2,0,,hangul,1686,작,13,248,253,E340,261,패치 슬롯 1686 | 한글 문자 | 작,번역 13-248/253 · 작 / 토큰 89 94 / KANJI E340 / 가나다순 261
2108,main,0,E133~E134,E133,E134,2,88 A1,0x04D13 0x04D14,0x04D13~0x04D14,0x04D13,0x04D14,false,90 ED,2,0,,hangul,1687,됐,13,249,253,6030,86,패치 슬롯 1687 | 한글 문자 | 됐,번역 13-249/253 · 됐 / 토큰 88 A1 / KANJI 6030 / 가나다순 86
2109,main,0,E135~E136,E135,E136,2,89 6C,0x04D15 0x04D16,0x04D15~0x04D16,0x04D15,0x04D16,false,82 A2,2,0,,hangul,1688,어,13,250,253,A2D0,222,패치 슬롯 1688 | 한글 문자 | 어,번역 13-250/253 · 어 / 토큰 89 6C / KANJI A2D0 / 가나다순 222
2110,main,0,E137~E138,E137,E138,2,89 80,0x04D17 0x04D18,0x04D17~0x04D18,0x04D17,0x04D18,false,82 CD,2,0,,hangul,1689,요,13,251,253,E200,241,패치 슬롯 1689 | 한글 문자 | 요,번역 13-251/253 · 요 / 토큰 89 80 / KANJI E200 / 가나다순 241
2111,main,0,E139~E13A,E139,E13A,2,81 49,0x04D19 0x04D1A,0x04D19~0x04D1A,0x04D19,0x04D1A,false,82 B7,2,0,,punctuation,1690,！,13,252,253,,,패치 슬롯 1690 | 문장부호 | ！,번역 13-252/253 · ！ / 토큰 81 49 / PC-88 전각 느낌표 토큰
2112,main,0,E13B~E13C,E13B,E13C,2,81 40,0x04D1B 0x04D1C,0x04D1B~0x04D1C,0x04D1B,0x04D1C,false,82 C5,2,0,,space,1691,␠,13,253,253,,,패치 슬롯 1691 | 전각 공백 | ␠,번역 13-253/253 · ␠ / 토큰 81 40 / PC-88 전각 공백 토큰
2113,main,0,E13D,E13D,E13D,1,61,0x04D1D,0x04D1D,0x04D1D,0x04D1D,false,82,1,0,,control,,,,,,,,61h 1바이트 표시/텍스트 제어,61h 계열 슬롯 비활성화
2114,main,0,E13E~E13F,E13E,E13F,2,19 07,0x04D1E 0x04D1F,0x04D1E~0x04D1F,0x04D1E,0x04D1F,false,C9 8E,2,0,,control,,,,,,,,19h 계열 텍스트/표시 제어,E14E~E14F의 19 07을 텍스트/표시 계열 제어토큰으로 반영한다.
2115,main,0,E140~E141,E140,E141,2,25 2B,0x04D20 0x04D21,0x04D20~0x04D21,0x04D20,0x04D21,false,6E 82,2,0,,control,,,,,,,,입 파츠/입 움직임 선택 인덱스 설정 토큰,CA1D=2B
2116,main,0,E142~E143,E142,E143,2,82 D9,0x04D22 0x04D23,0x04D22~0x04D23,0x04D22,0x04D23,false,C1 82,2,0,,hangul,1692,네,14,1,7,29B0,59,패치 슬롯 1692 | 한글 문자 | 네,번역 14-001/007 · 네 / 토큰 82 D9 / KANJI 29B0 / 가나다순 59
2117,main,0,E144~E145,E144,E145,2,81 41,0x04D24 0x04D25,0x04D24~0x04D25,0x04D24,0x04D25,false,C4 82,2,0,,punctuation,1693,、,14,2,7,,,패치 슬롯 1693 | 문장부호 | 、,번역 14-002/007 · 、 / 토큰 81 41 / PC-88 전각 쉼표 토큰
2118,main,0,E146~E147,E146,E147,2,88 E9,0x04D26 0x04D27,0x04D26~0x04D27,0x04D26,0x04D27,false,A2 82,2,0,,hangul,1694,바,14,3,7,E0B0,158,패치 슬롯 1694 | 한글 문자 | 바,번역 14-003/007 · 바 / 토큰 88 E9 / KANJI E0B0 / 가나다순 158
2119,main,0,E148~E149,E148,E149,2,88 CC,0x04D28 0x04D29,0x04D28~0x04D29,0x04D28,0x04D29,false,DC 82,2,0,,hangul,1695,리,14,4,7,A0E0,129,패치 슬롯 1695 | 한글 문자 | 리,번역 14-004/007 · 리 / 토큰 88 CC / KANJI A0E0 / 가나다순 129
2120,main,0,E14A~E14B,E14A,E14B,2,89 56,0x04D2A 0x04D2B,0x04D2A~0x04D2B,0x04D2A,0x04D2B,false,B7 81,2,0,,hangul,1696,스,14,5,7,6370,200,패치 슬롯 1696 | 한글 문자 | 스,번역 14-005/007 · 스 / 토큰 89 56 / KANJI 6370 / 가나다순 200
2121,main,0,E14C~E14D,E14C,E14D,2,82 E6,0x04D2C 0x04D2D,0x04D2C~0x04D2D,0x04D2C,0x04D2D,false,49 61,2,0,,hangul,1697,님,14,6,7,3880,72,패치 슬롯 1697 | 한글 문자 | 님,번역 14-006/007 · 님 / 토큰 82 E6 / KANJI 3880 / 가나다순 72
2122,main,0,E14E~E14F,E14E,E14F,2,81 49,0x04D2E 0x04D2F,0x04D2E~0x04D2F,0x04D2E,0x04D2F,false,19 07,2,0,,punctuation,1698,！,14,7,7,,,패치 슬롯 1698 | 문장부호 | ！,번역 14-007/007 · ！ / 토큰 81 49 / PC-88 전각 느낌표 토큰
2123,main,0,E150~E152,E150,E152,3,1E 40 A4,0x04D30 0x04D31 0x04D32,0x04D30~0x04D32,0x04D30,0x04D32,false,25 2B 82,3,0,,control,,,,,,,,1E 계열 간접 CALL/연출 제어,C0CE A=1E HL=E165 → C34C RET → C0A2 HL=E167
2124,main,0,E153~E154,E153,E154,2,15 64,0x04D33 0x04D34,0x04D33~0x04D34,0x04D33,0x04D34,false,CD 82,2,0,,control,,,,,,,,15h 계열 2바이트 제어,C0CE A=15 HL=E168 → C063 RET → C0A2 HL=E169
2125,main,0,E155~E15F,E155,E15F,11,1F 03 4B 03 02 03 4B 03 02 00 88,0x04D35 0x04D36 0x04D37 0x04D38 0x04D39 0x04D3A 0x04D3B 0x04D3C 0x04D3D 0x04D3E 0x04D3F,0x04D35~0x04D3F,0x04D35,0x04D3F,false,A2 81 41 83 94 83 40 83 8A 83 41,11,0,,control,,,,,,,,1F 계열 장형 그래픽/전송/표시 제어,C0CE A=1F HL=E16A → C333 RET → C0A2 HL=E174
2126,main,0,E160~E161,E160,E161,2,1B 05,0x04D40 0x04D41,0x04D40~0x04D41,0x04D40,0x04D41,false,97 6C,2,0,,control,,,,,,,,1B 계열 표시/전개·페이드 계열 제어,C0CE A=1B HL=E175 → C3A4 RET → C0A2 HL=E176
2127,main,0,E162~E163,E162,E163,2,01 00,0x04D42 0x04D43,0x04D42~0x04D43,0x04D42,0x04D43,false,81 49,2,0,,control,,,,,,,,01h 계열 하위코드 wrapper 제어,C0CE A=01 HL=E177 → C518 RET → C0A2 HL=E178
2128,main,0,E164,E164,E164,1,11,0x04D44,0x04D44,0x04D44,0x04D44,false,1E,1,0,,control,,,,,,,,11h 계열 1바이트 제어,C0CE A=11 HL=E179 → C0A2 HL=E179
2129,main,0,E165~E167,E165,E167,3,16 1C E7,0x04D45 0x04D46 0x04D47,0x04D45~0x04D47,0x04D45,0x04D47,false,40 A4 15,3,0,,control,,,,,,,,16 계열 서브스트림 호출/전환,서브스트림 → E71C
2130,substream,1,E71C~E720,E71C,E720,5,0F 03 22 03 0D,0x0530C 0x0530D 0x0530E 0x0530F 0x05310,0x0530C~0x05310,0x0530C,0x05310,false,0F 03 22 03 0D,0,0,,control,,,,,,,,0F 계열 5바이트 제어,C4DA RET → C0A2 HL=E721
2131,substream,1,E721~E723,E721,E723,3,1E 3C 08,0x05311 0x05312 0x05313,0x05311~0x05313,0x05311,0x05313,false,1E 3C 08,0,0,,control,,,,,,,,1E 계열 간접 CALL/연출 제어,C34C RET → C0A2 HL=E724
2132,substream,1,E724~E729,E724,E729,6,05 0D A4 44 BC 00,0x05314 0x05315 0x05316 0x05317 0x05318 0x05319,0x05314~0x05319,0x05314,0x05319,false,05 0D A4 44 BC 00,0,0,,control,,,,,,,,05h 계열 표시/좌표/영역 제어,C785 RET → C0A2 HL=E72A
2133,substream,1,E72A~E72E,E72A,E72E,5,0E 0D 00 37 C0,0x0531A 0x0531B 0x0531C 0x0531D 0x0531E,0x0531A~0x0531E,0x0531A,0x0531E,false,0E 0D 00 37 C0,0,0,,control,,,,,,,,0E 계열 5바이트 표시/좌표/영역 제어,C483 RET → C0A2 HL=E72F
2134,substream,1,E72F~E731,E72F,E731,3,13 54 E8,0x0531F 0x05320 0x05321,0x0531F~0x05321,0x0531F,0x05321,false,13 54 E8,0,0,,control,,,,,,,,13 계열 3바이트 제어,C3D5 RET → C0A2 HL=E732
2135,substream,1,E732~E734,E732,E734,3,10 0D 04,0x05322 0x05323 0x05324,0x05322~0x05324,0x05322,0x05324,false,10 0D 04,0,0,,control,,,,,,,,10 계열 3바이트 제어,C4C9 RET → C0A2 HL=E735
2136,substream,1,E735,E735,E735,1,17,0x05325,0x05325,0x05325,0x05325,false,17,0,0,,control,,,,,,,,서브스트림 복귀 제어,서브스트림 복귀
2137,main,0,E168~E169,E168,E169,2,25 2F,0x04D48 0x04D49,0x04D48~0x04D49,0x04D48,0x04D49,false,64 1F,2,0,,control,,,,,,,,입 파츠/입 움직임 선택 인덱스 설정 토큰,CA1D=2F
2138,main,0,E16A~E16B,E16A,E16B,2,88 DA,0x04D4A 0x04D4B,0x04D4A~0x04D4B,0x04D4A,0x04D4B,false,03 4B,2,0,,hangul,1699,메,15,1,164,A1C0,143,패치 슬롯 1699 | 한글 문자 | 메,번역 15-001/164 · 메 / 토큰 88 DA / KANJI A1C0 / 가나다순 143
2139,main,0,E16C~E16D,E16C,E16D,2,82 9F,0x04D4C 0x04D4D,0x04D4C~0x04D4D,0x04D4C,0x04D4D,false,03 02,2,0,,hangul,1700,가,15,2,164,1810,1,패치 슬롯 1700 | 한글 문자 | 가,번역 15-002/164 · 가 / 토큰 82 9F / KANJI 1810 / 가나다순 1
2140,main,0,E16E~E16F,E16E,E16F,2,89 56,0x04D4E 0x04D4F,0x04D4E~0x04D4F,0x04D4E,0x04D4F,false,03 4B,2,0,,hangul,1701,스,15,3,164,6370,200,패치 슬롯 1701 | 한글 문자 | 스,번역 15-003/164 · 스 / 토큰 89 56 / KANJI 6370 / 가나다순 200
2141,main,0,E170~E171,E170,E171,2,82 E6,0x04D50 0x04D51,0x04D50~0x04D51,0x04D50,0x04D51,false,03 02,2,0,,hangul,1702,님,15,4,164,3880,72,패치 슬롯 1702 | 한글 문자 | 님,번역 15-004/164 · 님 / 토큰 82 E6 / KANJI 3880 / 가나다순 72
2142,main,0,E172~E173,E172,E173,2,81 41,0x04D52 0x04D53,0x04D52~0x04D53,0x04D52,0x04D53,false,00 88,2,0,,punctuation,1703,、,15,5,164,,,패치 슬롯 1703 | 문장부호 | 、,번역 15-005/164 · 、 / 토큰 81 41 / PC-88 전각 쉼표 토큰
2143,main,0,E174~E175,E174,E175,2,81 40,0x04D54 0x04D55,0x04D54~0x04D55,0x04D54,0x04D55,false,1B 05,2,0,,space,1704,␠,15,6,164,,,패치 슬롯 1704 | 전각 공백 | ␠,번역 15-006/164 · ␠ / 토큰 81 40 / PC-88 전각 공백 토큰
2144,main,0,E176~E177,E176,E177,2,81 40,0x04D56 0x04D57,0x04D56~0x04D57,0x04D56,0x04D57,false,01 00,2,0,,space,1705,␠,15,7,164,,,패치 슬롯 1705 | 전각 공백 | ␠,번역 15-007/164 · ␠ / 토큰 81 40 / PC-88 전각 공백 토큰
2145,main,0,E178~E17A,E178,E17A,3,16 16 E6,0x04D58 0x04D59 0x04D5A,0x04D58~0x04D5A,0x04D58,0x04D5A,false,11 16 1C,2,0,,control,,,,,,,,16 계열 서브스트림 호출/전환,서브스트림 → E616
2146,substream,1,E616~E61A,E616,E61A,5,0F 05 27 03 0B,0x05206 0x05207 0x05208 0x05209 0x0520A,0x05206~0x0520A,0x05206,0x0520A,false,0F 05 27 03 0B,0,0,,control,,,,,,,,0F 계열 5바이트 제어,C4DA RET → C0A2 HL=E61B
2147,substream,1,E61B~E61D,E61B,E61D,3,16 95 E7,0x0520B 0x0520C 0x0520D,0x0520B~0x0520D,0x0520B,0x0520D,false,16 95 E7,0,0,,control,,,,,,,,16 계열 서브스트림 호출/전환,서브스트림 → E795
2148,substream,2,E795~E797,E795,E797,3,1E 3C 08,0x05385 0x05386 0x05387,0x05385~0x05387,0x05385,0x05387,false,1E 3C 08,0,3,11,control,,,,,,,,1E 계열 간접 CALL/연출 제어,C34C RET → C0A2 HL=E798
2149,substream,2,E798~E79D,E798,E79D,6,05 16 86 3A 9E 00,0x05388 0x05389 0x0538A 0x0538B 0x0538C 0x0538D,0x05388~0x0538D,0x05388,0x0538D,false,05 16 86 3A 9E 00,0,6,12,control,,,,,,,,05h 계열 표시/좌표/영역 제어,C785 RET → C0A2 HL=E79E
2150,substream,2,E79E~E7A2,E79E,E7A2,5,0E 16 20 24 80,0x0538E 0x0538F 0x05390 0x05391 0x05392,0x0538E~0x05392,0x0538E,0x05392,false,0E 16 20 24 80,0,5,13,control,,,,,,,,0E 계열 5바이트 표시/좌표/영역 제어,C483 RET → C0A2 HL=E7A3
2151,substream,2,E7A3,E7A3,E7A3,1,17,0x05393,0x05393,0x05393,0x05393,false,17,0,1,14,control,,,,,,,,서브스트림 복귀 제어,서브스트림 복귀
2152,substream,1,E61E~E620,E61E,E620,3,13 74 E8,0x0520E 0x0520F 0x05210,0x0520E~0x05210,0x0520E,0x05210,false,13 74 E8,0,0,,control,,,,,,,,13 계열 3바이트 제어,C3D5 RET → C0A2 HL=E621
2153,substream,1,E621~E624,E621,E624,4,14 00 16 22,0x05211 0x05212 0x05213 0x05214,0x05211~0x05214,0x05211,0x05214,false,14 00 16 22,0,0,,control,,,,,,,,14 계열 4바이트 버퍼/영역 처리 제어,C4C9 RET → C0A2 HL=E625
2154,substream,1,E625~E628,E625,E628,4,14 01 3B 00,0x05215 0x05216 0x05217 0x05218,0x05215~0x05218,0x05215,0x05218,false,14 01 3B 00,0,0,,control,,,,,,,,14 계열 4바이트 버퍼/영역 처리 제어,C4C9 RET → C0A2 HL=E629
2155,substream,1,E629~E62C,E629,E62C,4,04 84 E8 41,0x05219 0x0521A 0x0521B 0x0521C,0x05219~0x0521C,0x05219,0x0521C,false,04 84 E8 41,0,0,,control,,,,,,,,04 계열 CAA8 슬롯 포인터 설정 제어,"DE=E884, 슬롯 41 등록 계열."
2156,substream,1,E62D~E630,E62D,E630,4,04 8E E8 42,0x0521D 0x0521E 0x0521F 0x05220,0x0521D~0x05220,0x0521D,0x05220,false,04 8E E8 42,0,0,,control,,,,,,,,04 계열 CAA8 슬롯 포인터 설정 제어,"DE=E88E, 슬롯 42 등록 계열."
2157,substream,1,E631~E634,E631,E634,4,04 98 E8 43,0x05221 0x05222 0x05223 0x05224,0x05221~0x05224,0x05221,0x05224,false,04 98 E8 43,0,0,,control,,,,,,,,04 계열 CAA8 슬롯 포인터 설정 제어,"DE=E898, 슬롯 43 등록 계열."
2158,substream,1,E635~E638,E635,E638,4,04 A2 E8 44,0x05225 0x05226 0x05227 0x05228,0x05225~0x05228,0x05225,0x05228,false,04 A2 E8 44,0,0,,control,,,,,,,,04 계열 CAA8 슬롯 포인터 설정 제어,"DE=E8A2, 슬롯 44 등록 계열."
2159,substream,1,E639~E63A,E639,E63A,2,25 2F,0x05229 0x0522A,0x05229~0x0522A,0x05229,0x0522A,false,25 2F,0,0,,control,,,,,,,,입 파츠/입 움직임 선택 인덱스 설정 토큰,CA1D=2F
2160,substream,1,E63B,E63B,E63B,1,17,0x0522B,0x0522B,0x0522B,0x0522B,false,17,0,0,,control,,,,,,,,서브스트림 복귀 제어,서브스트림 복귀
2161,main,0,E17B,E17B,E17B,1,43,0x04D5B,0x04D5B,0x04D5B,0x04D5B,false,E7,1,0,,control,,,,,,,,43h 1바이트 슬롯/표시 제어,41~50 계열 슬롯 실행
2162,main,0,E17C,E17C,E17C,1,44,0x04D5C,0x04D5C,0x04D5C,0x04D5C,false,25,1,0,,control,,,,,,,,44h 1바이트 슬롯/표시 제어,41~50 계열 슬롯 실행
2163,main,0,E17D,E17D,E17D,1,41,0x04D5D,0x04D5D,0x04D5D,0x04D5D,false,2F,1,0,,control,,,,,,,,41h 슬롯 실행/표시 제어,41~50 계열 슬롯 실행
2164,main,0,E17E~E17F,E17E,E17F,2,88 E9,0x04D5E 0x04D5F,0x04D5E~0x04D5F,0x04D5E,0x04D5F,false,83 81,2,0,,hangul,1706,바,15,8,164,E0B0,158,패치 슬롯 1706 | 한글 문자 | 바,번역 15-008/164 · 바 / 토큰 88 E9 / KANJI E0B0 / 가나다순 158
2165,main,0,E180~E181,E180,E181,2,88 CC,0x04D60 0x04D61,0x04D60~0x04D61,0x04D60,0x04D61,false,83 4B,2,0,,hangul,1707,리,15,9,164,A0E0,129,패치 슬롯 1707 | 한글 문자 | 리,번역 15-009/164 · 리 / 토큰 88 CC / KANJI A0E0 / 가나다순 129
2166,main,0,E182~E183,E182,E183,2,89 60,0x04D62 0x04D63,0x04D62~0x04D63,0x04D62,0x04D63,false,83 58,2,0,,hangul,1708,아,15,10,164,A210,210,패치 슬롯 1708 | 한글 문자 | 아,번역 15-010/164 · 아 / 토큰 89 60 / KANJI A210 / 가나다순 210
2167,main,0,E184~E185,E184,E185,2,89 8C,0x04D64 0x04D65,0x04D64~0x04D65,0x04D64,0x04D65,false,97 6C,2,0,,hangul,1709,의,15,11,164,E2C0,253,패치 슬롯 1709 | 한글 문자 | 의,번역 15-011/164 · 의 / 토큰 89 8C / KANJI E2C0 / 가나다순 253
2168,main,0,E186~E187,E186,E187,2,81 40,0x04D66 0x04D67,0x04D66~0x04D67,0x04D66,0x04D67,false,81 41,1,0,,space,1710,␠,15,12,164,,,패치 슬롯 1710 | 전각 공백 | ␠,번역 15-012/164 · ␠ / 토큰 81 40 / PC-88 전각 공백 토큰
2169,main,0,E188~E189,E188,E189,2,89 5B,0x04D68 0x04D69,0x04D68~0x04D69,0x04D68,0x04D69,false,81 40,2,0,,hangul,1711,신,15,13,164,63C0,205,패치 슬롯 1711 | 한글 문자 | 신,번역 15-013/164 · 신 / 토큰 89 5B / KANJI 63C0 / 가나다순 205
2170,main,0,E18A~E18B,E18A,E18B,2,89 F0,0x04D6A 0x04D6B,0x04D6A~0x04D6B,0x04D6A,0x04D6B,false,81 40,2,0,,hangul,1712,호,15,14,164,E520,353,패치 슬롯 1712 | 한글 문자 | 호,번역 15-014/164 · 호 / 토큰 89 F0 / KANJI E520 / 가나다순 353
2171,main,0,E18C~E18D,E18C,E18D,2,88 CA,0x04D6C 0x04D6D,0x04D6C~0x04D6D,0x04D6C,0x04D6D,false,16 16,2,0,,hangul,1713,를,15,15,164,A0C0,127,패치 슬롯 1713 | 한글 문자 | 를,번역 15-015/164 · 를 / 토큰 88 CA / KANJI A0C0 / 가나다순 127
2172,main,0,E18E~E18F,E18E,E18F,2,81 40,0x04D6E 0x04D6F,0x04D6E~0x04D6F,0x04D6E,0x04D6F,false,E6 43,2,0,,space,1714,␠,15,16,164,,,패치 슬롯 1714 | 전각 공백 | ␠,번역 15-016/164 · ␠ / 토큰 81 40 / PC-88 전각 공백 토큰
2173,main,0,E190~E191,E190,E191,2,89 DC,0x04D70 0x04D71,0x04D70~0x04D71,0x04D70,0x04D71,false,44 41,2,0,,hangul,1715,포,15,17,164,A5E0,333,패치 슬롯 1715 | 한글 문자 | 포,번역 15-017/164 · 포 / 토큰 89 DC / KANJI A5E0 / 가나다순 333
2174,main,0,E192~E193,E192,E193,2,89 B8,0x04D72 0x04D73,0x04D72~0x04D73,0x04D72,0x04D73,false,82 C7,2,0,,hangul,1716,착,15,18,164,65A0,297,패치 슬롯 1716 | 한글 문자 | 착,번역 15-018/164 · 착 / 토큰 89 B8 / KANJI 65A0 / 가나다순 297
2175,main,0,E194~E195,E194,E195,2,89 E9,0x04D74 0x04D75,0x04D74~0x04D75,0x04D74,0x04D75,false,82 A4,2,0,,hangul,1717,했,15,19,164,E4B0,346,패치 슬롯 1717 | 한글 문자 | 했,번역 15-019/164 · 했 / 토큰 89 E9 / KANJI E4B0 / 가나다순 346
2176,main,0,E196~E197,E196,E197,2,89 58,0x04D76 0x04D77,0x04D76~0x04D77,0x04D76,0x04D77,false,82 E2,2,0,,hangul,1718,습,15,20,164,6390,202,패치 슬롯 1718 | 한글 문자 | 습,번역 15-020/164 · 습 / 토큰 89 58 / KANJI 6390 / 가나다순 202
2177,main,0,E198~E199,E198,E199,2,82 E4,0x04D78 0x04D79,0x04D78~0x04D79,0x04D78,0x04D79,false,82 E7,1,0,,hangul,1719,니,15,21,164,3860,70,패치 슬롯 1719 | 한글 문자 | 니,번역 15-021/164 · 니 / 토큰 82 E4 / KANJI 3860 / 가나다순 70
2178,main,0,E19A~E19B,E19A,E19B,2,82 E7,0x04D7A 0x04D7B,0x04D7A~0x04D7B,0x04D7A,0x04D7B,false,83 94,2,0,,hangul,1720,다,15,22,164,3890,73,패치 슬롯 1720 | 한글 문자 | 다,번역 15-022/164 · 다 / 토큰 82 E7 / KANJI 3890 / 가나다순 73
2179,main,0,E19C,E19C,E19C,1,61,0x04D7C,0x04D7C,0x04D7C,0x04D7C,false,83,1,0,,control,,,,,,,,61h 1바이트 텍스트/표시 제어,61h 계열 슬롯 비활성화
2180,main,0,E19D~E19E,E19D,E19E,2,81 42,0x04D7D 0x04D7E,0x04D7D~0x04D7E,0x04D7D,0x04D7E,false,40 83,2,0,,punctuation,1721,。,15,23,164,,,패치 슬롯 1721 | 문장부호 | 。,번역 15-023/164 · 。 / 토큰 81 42 / PC-88 전각 마침표 토큰
2181,main,0,E19F,E19F,E19F,1,42,0x04D7F,0x04D7F,0x04D7F,0x04D7F,false,8A,1,0,,control,,,,,,,,42h 슬롯 실행/표시 제어,41~50 계열 슬롯 실행
2182,main,0,E1A0~E1A1,E1A0,E1A1,2,89 AF,0x04D80 0x04D81,0x04D80~0x04D81,0x04D80,0x04D81,false,83 41,2,0,,hangul,1722,즉,15,24,164,6510,288,패치 슬롯 1722 | 한글 문자 | 즉,번역 15-024/164 · 즉 / 토큰 89 AF / KANJI 6510 / 가나다순 288
2183,main,0,E1A2~E1A3,E1A2,E1A3,2,89 5A,0x04D82 0x04D83,0x04D82~0x04D83,0x04D82,0x04D83,false,82 CC,2,0,,hangul,1723,시,15,25,164,63B0,204,패치 슬롯 1723 | 한글 문자 | 시,번역 15-025/164 · 시 / 토큰 89 5A / KANJI 63B0 / 가나다순 204
2184,main,0,E1A4~E1A5,E1A4,E1A5,2,88 F2,0x04D84 0x04D85,0x04D84~0x04D85,0x04D84,0x04D85,false,92 CA,2,0,,hangul,1724,베,15,26,164,E140,167,패치 슬롯 1724 | 한글 문자 | 베,번역 15-026/164 · 베 / 토큰 88 F2 / KANJI E140 / 가나다순 167
2185,main,0,E1A6~E1A7,E1A6,E1A7,2,89 C2,0x04D86 0x04D87,0x04D86~0x04D87,0x04D86,0x04D87,false,90 4D,2,0,,hangul,1725,칸,15,27,164,A440,307,패치 슬롯 1725 | 한글 문자 | 칸,번역 15-027/164 · 칸 / 토큰 89 C2 / KANJI A440 / 가나다순 307
2186,main,0,E1A8~E1A9,E1A8,E1A9,2,89 CA,0x04D88 0x04D89,0x04D88~0x04D89,0x04D88,0x04D89,false,94 67,2,0,,hangul,1726,타,15,28,164,A4C0,315,패치 슬롯 1726 | 한글 문자 | 타,번역 15-028/164 · 타 / 토큰 89 CA / KANJI A4C0 / 가나다순 315
2187,main,0,E1AA~E1AB,E1AA,E1AB,2,89 DC,0x04D8A 0x04D8B,0x04D8A~0x04D8B,0x04D8A,0x04D8B,false,82 F0,2,0,,hangul,1727,포,15,29,164,A5E0,333,패치 슬롯 1727 | 한글 문자 | 포,번역 15-029/164 · 포 / 토큰 89 DC / KANJI A5E0 / 가나다순 333
2188,main,0,E1AC~E1AD,E1AC,E1AD,2,89 8C,0x04D8C 0x04D8D,0x04D8C~0x04D8D,0x04D8C,0x04D8D,false,95 DF,2,0,,hangul,1728,의,15,30,164,E2C0,253,패치 슬롯 1728 | 한글 문자 | 의,번역 15-030/164 · 의 / 토큰 89 8C / KANJI E2C0 / 가나다순 253
2189,main,0,E1AE~E1AF,E1AE,E1AF,2,81 40,0x04D8E 0x04D8F,0x04D8E~0x04D8F,0x04D8E,0x04D8F,false,82 A6,2,0,,space,1729,␠,15,31,164,,,패치 슬롯 1729 | 전각 공백 | ␠,번역 15-031/164 · ␠ / 토큰 81 40 / PC-88 전각 공백 토큰
2190,main,0,E1B0~E1B1,E1B0,E1B1,2,89 A3,0x04D90 0x04D91,0x04D90~0x04D91,0x04D90,0x04D91,false,82 BD,2,0,,hangul,1730,조,15,32,164,6450,276,패치 슬롯 1730 | 한글 문자 | 조,번역 15-032/164 · 조 / 토큰 89 A3 / KANJI 6450 / 가나다순 276
2191,main,0,E1B2~E1B3,E1B2,E1B3,2,89 AC,0x04D92 0x04D93,0x04D92~0x04D93,0x04D92,0x04D93,false,82 E6,2,0,,hangul,1731,준,15,33,164,64E0,285,패치 슬롯 1731 | 한글 문자 | 준,번역 15-033/164 · 준 / 토큰 89 AC / KANJI 64E0 / 가나다순 285
2192,main,0,E1B4~E1B5,E1B4,E1B5,2,89 5B,0x04D94 0x04D95,0x04D94~0x04D95,0x04D94,0x04D95,false,82 A4,2,0,,hangul,1732,신,15,34,164,63C0,205,패치 슬롯 1732 | 한글 문자 | 신,번역 15-034/164 · 신 / 토큰 89 5B / KANJI 63C0 / 가나다순 205
2193,main,0,E1B6~E1B7,E1B6,E1B7,2,89 F0,0x04D96 0x04D97,0x04D96~0x04D97,0x04D96,0x04D97,false,82 C5,2,0,,hangul,1733,호,15,35,164,E520,353,패치 슬롯 1733 | 한글 문자 | 호,번역 15-035/164 · 호 / 토큰 89 F0 / KANJI E520 / 가나다순 353
2194,main,0,E1B8~E1B9,E1B8,E1B9,2,88 CA,0x04D98 0x04D99,0x04D98~0x04D99,0x04D98,0x04D99,false,82 B7,2,0,,hangul,1734,를,15,36,164,A0C0,127,패치 슬롯 1734 | 한글 문자 | 를,번역 15-036/164 · 를 / 토큰 88 CA / KANJI A0C0 / 가나다순 127
2195,main,0,E1BA,E1BA,E1BA,1,62,0x04D9A,0x04D9A,0x04D9A,0x04D9A,false,61,1,0,,control,,,,,,,,62h 1바이트 텍스트/표시 제어,61h 계열 슬롯 비활성화
2196,main,0,E1BB,E1BB,E1BB,1,41,0x04D9B,0x04D9B,0x04D9B,0x04D9B,false,81,1,0,,control,,,,,,,,41h 슬롯 실행/표시 제어,41~50 계열 슬롯 실행
2197,main,0,E1BC~E1BD,E1BC,E1BD,2,81 40,0x04D9C 0x04D9D,0x04D9C~0x04D9D,0x04D9C,0x04D9D,false,42 42,2,0,,space,1735,␠,15,37,164,,,패치 슬롯 1735 | 전각 공백 | ␠,번역 15-037/164 · ␠ / 토큰 81 40 / PC-88 전각 공백 토큰
2198,main,0,E1BE~E1BF,E1BE,E1BF,2,88 A0,0x04D9E 0x04D9F,0x04D9E~0x04D9F,0x04D9E,0x04D9F,false,82 BD,2,0,,hangul,1736,동,15,38,164,6020,85,패치 슬롯 1736 | 한글 문자 | 동,번역 15-038/164 · 동 / 토큰 88 A0 / KANJI 6020 / 가나다순 85
2199,main,0,E1C0~E1C1,E1C0,E1C1,2,89 A3,0x04DA0 0x04DA1,0x04DA0~0x04DA1,0x04DA0,0x04DA1,false,82 BE,2,0,,hangul,1737,조,15,39,164,6450,276,패치 슬롯 1737 | 한글 문자 | 조,번역 15-039/164 · 조 / 토큰 89 A3 / KANJI 6450 / 가나다순 276
2200,main,0,E1C2~E1C3,E1C2,E1C3,2,89 5A,0x04DA2 0x04DA3,0x04DA2~0x04DA3,0x04DA2,0x04DA3,false,82 BF,2,0,,hangul,1738,시,15,40,164,63B0,204,패치 슬롯 1738 | 한글 문자 | 시,번역 15-040/164 · 시 / 토큰 89 5A / KANJI 63B0 / 가나다순 204
2201,main,0,E1C4~E1C5,E1C4,E1C5,2,89 C4,0x04DA4 0x04DA5,0x04DA4~0x04DA5,0x04DA4,0x04DA5,false,82 C9,2,0,,hangul,1739,켜,15,41,164,A460,309,패치 슬롯 1739 | 한글 문자 | 켜,번역 15-041/164 · 켜 / 토큰 89 C4 / KANJI A460 / 가나다순 309
2202,main,0,E1C6~E1C7,E1C6,E1C7,2,81 40,0x04DA6 0x04DA7,0x04DA6~0x04DA7,0x04DA6,0x04DA7,false,83 94,2,0,,space,1740,␠,15,42,164,,,패치 슬롯 1740 | 전각 공백 | ␠,번역 15-042/164 · ␠ / 토큰 81 40 / PC-88 전각 공백 토큰
2203,main,0,E1C8~E1C9,E1C8,E1C9,2,89 C7,0x04DA8 0x04DA9,0x04DA8~0x04DA9,0x04DA8,0x04DA9,false,83 46,2,0,,hangul,1741,크,15,43,164,A490,312,패치 슬롯 1741 | 한글 문자 | 크,번역 15-043/164 · 크 / 토큰 89 C7 / KANJI A490 / 가나다순 312
2204,main,0,E1CA~E1CB,E1CA,E1CB,2,88 C7,0x04DAA 0x04DAB,0x04DAA~0x04DAB,0x04DAA,0x04DAB,false,83 4A,2,0,,hangul,1742,루,15,44,164,A090,124,패치 슬롯 1742 | 한글 문자 | 루,번역 15-044/164 · 루 / 토큰 88 C7 / KANJI A090 / 가나다순 124
2205,main,0,E1CC~E1CD,E1CC,E1CD,2,89 56,0x04DAC 0x04DAD,0x04DAC~0x04DAD,0x04DAC,0x04DAD,false,83 93,2,0,,hangul,1743,스,15,45,164,6370,200,패치 슬롯 1743 | 한글 문자 | 스,번역 15-045/164 · 스 / 토큰 89 56 / KANJI 6370 / 가나다순 200
2206,main,0,E1CE~E1CF,E1CE,E1CF,2,89 C3,0x04DAE 0x04DAF,0x04DAE~0x04DAF,0x04DAE,0x04DAF,false,83 5E,2,0,,hangul,1744,칼,15,46,164,A450,308,패치 슬롯 1744 | 한글 문자 | 칼,번역 15-046/164 · 칼 / 토큰 89 C3 / KANJI A450 / 가나다순 308
2207,main,0,E1D0~E1D1,E1D0,E1D1,2,81 40,0x04DB0 0x04DB1,0x04DB0~0x04DB1,0x04DB0,0x04DB1,false,96 43,2,0,,space,1745,␠,15,47,164,,,패치 슬롯 1745 | 전각 공백 | ␠,번역 15-047/164 · ␠ / 토큰 81 40 / PC-88 전각 공백 토큰
2208,main,0,E1D2~E1D3,E1D2,E1D3,2,89 A8,0x04DB2 0x04DB3,0x04DB2~0x04DB3,0x04DB2,0x04DB3,false,82 CC,2,0,,hangul,1746,좌,15,48,164,64A0,281,패치 슬롯 1746 | 한글 문자 | 좌,번역 15-048/164 · 좌 / 토큰 89 A8 / KANJI 64A0 / 가나다순 281
2209,main,0,E1D4~E1D5,E1D4,E1D5,2,89 DD,0x04DB4 0x04DB5,0x04DB4~0x04DB5,0x04DB4,0x04DB5,false,8F C6,2,0,,hangul,1747,표,15,49,164,A5F0,334,패치 슬롯 1747 | 한글 문자 | 표,번역 15-049/164 · 표 / 토큰 89 DD / KANJI A5F0 / 가나다순 334
2210,main,0,E1D6~E1D7,E1D6,E1D7,2,82 B0,0x04DB6 0x04DB7,0x04DB6~0x04DB7,0x04DB6,0x04DB7,false,8F 80,2,0,,hangul,1748,계,15,50,164,1920,18,패치 슬롯 1748 | 한글 문자 | 계,번역 15-050/164 · 계 / 토큰 82 B0 / KANJI 1920 / 가나다순 18
2211,main,0,E1D8~E1D9,E1D8,E1D9,2,89 70,0x04DB8 0x04DB9,0x04DB8~0x04DB9,0x04DB8,0x04DB9,false,94 67,2,0,,hangul,1749,에,15,51,164,A310,226,패치 슬롯 1749 | 한글 문자 | 에,번역 15-051/164 · 에 / 토큰 89 70 / KANJI A310 / 가나다순 226
2212,main,0,E1DA,E1DA,E1DA,1,61,0x04DBA,0x04DBA,0x04DBA,0x04DBA,false,82,1,0,,control,,,,,,,,61h 1바이트 텍스트/표시 제어,61h 계열 슬롯 비활성화
2213,main,0,E1DB,E1DB,E1DB,1,42,0x04DBB,0x04DBB,0x04DBB,0x04DBB,false,F0,1,0,,control,,,,,,,,42h 1바이트 텍스트/표시 제어,41~50 계열 슬롯 실행
2214,main,0,E1DC~E1DD,E1DC,E1DD,2,81 40,0x04DBC 0x04DBD,0x04DBC~0x04DBD,0x04DBC,0x04DBD,false,62 41,2,0,,space,1750,␠,15,52,164,,,패치 슬롯 1750 | 전각 공백 | ␠,번역 15-052/164 · ␠ / 토큰 81 40 / PC-88 전각 공백 토큰
2215,main,0,E1DE~E1DF,E1DE,E1DF,2,89 B5,0x04DBE 0x04DBF,0x04DBE~0x04DBF,0x04DBE,0x04DBF,false,93 AF,2,0,,hangul,1751,집,15,53,164,6570,294,패치 슬롯 1751 | 한글 문자 | 집,번역 15-053/164 · 집 / 토큰 89 B5 / KANJI 6570 / 가나다순 294
2216,main,0,E1E0~E1E1,E1E0,E1E1,2,89 AE,0x04DC0 0x04DC1,0x04DC0~0x04DC1,0x04DC0,0x04DC1,false,92 B2,2,0,,hangul,1752,중,15,54,164,6500,287,패치 슬롯 1752 | 한글 문자 | 중,번역 15-054/164 · 중 / 토큰 89 AE / KANJI 6500 / 가나다순 287
2217,main,0,E1E2~E1E3,E1E2,E1E3,2,89 5A,0x04DC2 0x04DC3,0x04DC2~0x04DC3,0x04DC2,0x04DC3,false,82 B3,2,0,,hangul,1753,시,15,55,164,63B0,204,패치 슬롯 1753 | 한글 문자 | 시,번역 15-055/164 · 시 / 토큰 89 5A / KANJI 63B0 / 가나다순 204
2218,main,0,E1E4~E1E5,E1E4,E1E5,2,89 C4,0x04DC4 0x04DC5,0x04DC4~0x04DC5,0x04DC4,0x04DC5,false,82 B9,2,0,,hangul,1754,켜,15,56,164,A460,309,패치 슬롯 1754 | 한글 문자 | 켜,번역 15-056/164 · 켜 / 토큰 89 C4 / KANJI A460 / 가나다순 309
2219,main,0,E1E6~E1E7,E1E6,E1E7,2,81 40,0x04DC6 0x04DC7,0x04DC6~0x04DC7,0x04DC6,0x04DC7,false,81 41,1,0,,space,1755,␠,15,57,164,,,패치 슬롯 1755 | 전각 공백 | ␠,번역 15-057/164 · ␠ / 토큰 81 40 / PC-88 전각 공백 토큰
2220,main,0,E1E8~E1E9,E1E8,E1E9,2,82 DE,0x04DC8 0x04DC9,0x04DC8~0x04DC9,0x04DC8,0x04DC9,false,83 4E,2,0,,hangul,1756,놓,15,58,164,3800,64,패치 슬롯 1756 | 한글 문자 | 놓,번역 15-058/164 · 놓 / 토큰 82 DE / KANJI 3800 / 가나다순 64
2221,main,0,E1EA~E1EB,E1EA,E1EB,2,82 AC,0x04DCA 0x04DCB,0x04DCA~0x04DCB,0x04DCA,0x04DCB,false,83 8B,2,0,,hangul,1757,겠,15,59,164,18E0,14,패치 슬롯 1757 | 한글 문자 | 겠,번역 15-059/164 · 겠 / 토큰 82 AC / KANJI 18E0 / 가나다순 14
2222,main,0,E1EC~E1ED,E1EC,E1ED,2,89 58,0x04DCC 0x04DCD,0x04DCC~0x04DCD,0x04DCC,0x04DCD,false,83 58,1,0,,hangul,1758,습,15,60,164,6390,202,패치 슬롯 1758 | 한글 문자 | 습,번역 15-060/164 · 습 / 토큰 89 58 / KANJI 6390 / 가나다순 202
2223,main,0,E1EE~E1EF,E1EE,E1EF,2,82 E4,0x04DCE 0x04DCF,0x04DCE~0x04DCF,0x04DCE,0x04DCF,false,83 56,2,0,,hangul,1759,니,15,61,164,3860,70,패치 슬롯 1759 | 한글 문자 | 니,번역 15-061/164 · 니 / 토큰 82 E4 / KANJI 3860 / 가나다순 70
2224,main,0,E1F0~E1F1,E1F0,E1F1,2,82 E7,0x04DD0 0x04DD1,0x04DD0~0x04DD1,0x04DD0,0x04DD1,false,83 8B,2,0,,hangul,1760,다,15,62,164,3890,73,패치 슬롯 1760 | 한글 문자 | 다,번역 15-062/164 · 다 / 토큰 82 E7 / KANJI 3890 / 가나다순 73
2225,main,0,E1F2~E1F3,E1F2,E1F3,2,81 42,0x04DD2 0x04DD3,0x04DD2~0x04DD3,0x04DD2,0x04DD3,false,83 68,2,0,,punctuation,1761,。,15,63,164,,,패치 슬롯 1761 | 문장부호 | 。,번역 15-063/164 · 。 / 토큰 81 42 / PC-88 전각 마침표 토큰
2226,main,0,E1F4~E1F5,E1F4,E1F5,2,82 E7,0x04DD4 0x04DD5,0x04DD4~0x04DD5,0x04DD4,0x04DD5,false,8D C0,2,0,,hangul,1762,다,15,64,164,3890,73,패치 슬롯 1762 | 한글 문자 | 다,번역 15-064/164 · 다 / 토큰 82 E7 / KANJI 3890 / 가나다순 73
2227,main,0,E1F6~E1F7,E1F6,E1F7,2,89 5A,0x04DD6 0x04DD7,0x04DD6~0x04DD7,0x04DD6,0x04DD7,false,95 57,2,0,,hangul,1763,시,15,65,164,63B0,204,패치 슬롯 1763 | 한글 문자 | 시,번역 15-065/164 · 시 / 토큰 89 5A / KANJI 63B0 / 가나다순 204
2228,main,0,E1F8~E1F9,E1F8,E1F9,2,81 40,0x04DD8 0x04DD9,0x04DD8~0x04DD9,0x04DD8,0x04DD9,false,8C 6E,2,0,,space,1764,␠,15,66,164,,,패치 슬롯 1764 | 전각 공백 | ␠,번역 15-066/164 · ␠ / 토큰 81 40 / PC-88 전각 공백 토큰
2229,main,0,E1FA~E1FB,E1FA,E1FB,2,82 BD,0x04DDA 0x04DDB,0x04DDA~0x04DDB,0x04DDA,0x04DDB,false,82 C9,1,0,,hangul,1765,그,15,67,164,19F0,31,패치 슬롯 1765 | 한글 문자 | 그,번역 15-067/164 · 그 / 토큰 82 BD / KANJI 19F0 / 가나다순 31
2230,main,0,E1FC~E1FD,E1FC,E1FD,2,82 DA,0x04DDC 0x04DDD,0x04DDC~0x04DDD,0x04DDC,0x04DDD,false,61 42,2,0,,hangul,1766,녀,15,68,164,29C0,60,패치 슬롯 1766 | 한글 문자 | 녀,번역 15-068/164 · 녀 / 토큰 82 DA / KANJI 29C0 / 가나다순 60
2231,main,0,E1FE,E1FE,E1FE,1,62,0x04DDE,0x04DDE,0x04DDE,0x04DDE,false,8F,1,0,,control,,,,,,,,62h 1바이트 텍스트/표시 제어,61h 계열 슬롯 비활성화
2232,main,0,E1FF,E1FF,E1FF,1,41,0x04DDF,0x04DDF,0x04DDF,0x04DDF,false,57,1,0,,control,,,,,,,,41h 1바이트 텍스트/표시 제어,41~50 계열 슬롯 실행
2233,main,0,E200~E201,E200,E201,2,82 9F,0x04DE0 0x04DE1,0x04DE0~0x04DE1,0x04DE0,0x04DE1,false,92 86,2,0,,hangul,1767,가,15,69,164,1810,1,패치 슬롯 1767 | 한글 문자 | 가,번역 15-069/164 · 가 / 토큰 82 9F / KANJI 1810 / 가나다순 1
2234,main,0,E202~E203,E202,E203,2,81 40,0x04DE2 0x04DE3,0x04DE2~0x04DE3,0x04DE2,0x04DE3,false,82 B3,2,0,,space,1768,␠,15,70,164,,,패치 슬롯 1768 | 전각 공백 | ␠,번역 15-070/164 · ␠ / 토큰 81 40 / PC-88 전각 공백 토큰
2235,main,0,E204~E205,E204,E205,2,82 CE,0x04DE4 0x04DE5,0x04DE4~0x04DE5,0x04DE4,0x04DE5,false,82 B9,1,0,,hangul,1769,나,15,71,164,2900,48,패치 슬롯 1769 | 한글 문자 | 나,번역 15-071/164 · 나 / 토큰 82 CE / KANJI 2900 / 가나다순 48
2236,main,0,E206~E207,E206,E207,2,89 CA,0x04DE6 0x04DE7,0x04DE6~0x04DE7,0x04DE6,0x04DE7,false,82 C4,2,0,,hangul,1770,타,15,72,164,A4C0,315,패치 슬롯 1770 | 한글 문자 | 타,번역 15-072/164 · 타 / 토큰 89 CA / KANJI A4C0 / 가나다순 315
2237,main,0,E208~E209,E208,E209,2,82 CE,0x04DE8 0x04DE9,0x04DE8~0x04DE9,0x04DE8,0x04DE9,false,82 A8,1,0,,hangul,1771,나,15,73,164,2900,48,패치 슬롯 1771 | 한글 문자 | 나,번역 15-073/164 · 나 / 토큰 82 CE / KANJI 2900 / 가나다순 48
2238,main,0,E20A~E20B,E20A,E20B,2,81 40,0x04DEA 0x04DEB,0x04DEA~0x04DEB,0x04DEA,0x04DEB,false,82 AB,2,0,,space,1772,␠,15,74,164,,,패치 슬롯 1772 | 전각 공백 | ␠,번역 15-074/164 · ␠ / 토큰 81 40 / PC-88 전각 공백 토큰
2239,main,0,E20C~E20D,E20C,E20D,2,89 A8,0x04DEC 0x04DED,0x04DEC~0x04DED,0x04DEC,0x04DED,false,82 DC,2,0,,hangul,1773,좌,15,75,164,64A0,281,패치 슬롯 1773 | 한글 문자 | 좌,번역 15-075/164 · 좌 / 토큰 89 A8 / KANJI 64A0 / 가나다순 281
2240,main,0,E20E~E20F,E20E,E20F,2,89 DD,0x04DEE 0x04DEF,0x04DEE~0x04DEF,0x04DEE,0x04DEF,false,82 B5,2,0,,hangul,1774,표,15,76,164,A5F0,334,패치 슬롯 1774 | 한글 문자 | 표,번역 15-076/164 · 표 / 토큰 89 DD / KANJI A5F0 / 가나다순 334
2241,main,0,E210~E211,E210,E211,2,82 B0,0x04DF0 0x04DF1,0x04DF0~0x04DF1,0x04DF0,0x04DF1,false,82 E5,1,0,,hangul,1775,계,15,77,164,1920,18,패치 슬롯 1775 | 한글 문자 | 계,번역 15-077/164 · 계 / 토큰 82 B0 / KANJI 1920 / 가나다순 18
2242,main,0,E212~E213,E212,E213,2,82 9F,0x04DF2 0x04DF3,0x04DF2~0x04DF3,0x04DF2,0x04DF3,false,82 A4,1,0,,hangul,1776,가,15,78,164,1810,1,패치 슬롯 1776 | 한글 문자 | 가,번역 15-078/164 · 가 / 토큰 82 9F / KANJI 1810 / 가나다순 1
2243,main,0,E214~E215,E214,E215,2,81 40,0x04DF4 0x04DF5,0x04DF4~0x04DF5,0x04DF4,0x04DF5,false,81 42,1,0,,space,1777,␠,15,79,164,,,패치 슬롯 1777 | 전각 공백 | ␠,번역 15-079/164 · ␠ / 토큰 81 40 / PC-88 전각 공백 토큰
2244,main,0,E216~E217,E216,E217,2,89 5B,0x04DF6 0x04DF7,0x04DF6~0x04DF7,0x04DF6,0x04DF7,false,8E 9F,2,0,,hangul,1778,신,15,80,164,63C0,205,패치 슬롯 1778 | 한글 문자 | 신,번역 15-080/164 · 신 / 토큰 89 5B / KANJI 63C0 / 가나다순 205
2245,main,0,E218~E219,E218,E219,2,89 F0,0x04DF8 0x04DF9,0x04DF8~0x04DF9,0x04DF8,0x04DF9,false,82 C9,2,0,,hangul,1779,호,15,81,164,E520,353,패치 슬롯 1779 | 한글 문자 | 호,번역 15-081/164 · 호 / 토큰 89 F0 / KANJI E520 / 가나다순 353
2246,main,0,E21A~E21B,E21A,E21B,2,88 CA,0x04DFA 0x04DFB,0x04DFA~0x04DFB,0x04DFA,0x04DFB,false,83 94,2,0,,hangul,1780,를,15,82,164,A0C0,127,패치 슬롯 1780 | 한글 문자 | 를,번역 15-082/164 · 를 / 토큰 88 CA / KANJI A0C0 / 가나다순 127
2247,main,0,E21C~E21D,E21C,E21D,2,81 40,0x04DFC 0x04DFD,0x04DFC~0x04DFD,0x04DFC,0x04DFD,false,83 40,1,0,,space,1781,␠,15,83,164,,,패치 슬롯 1781 | 전각 공백 | ␠,번역 15-083/164 · ␠ / 토큰 81 40 / PC-88 전각 공백 토큰
2248,main,0,E21E~E21F,E21E,E21F,2,89 DC,0x04DFE 0x04DFF,0x04DFE~0x04DFF,0x04DFE,0x04DFF,false,83 8A,2,0,,hangul,1782,포,15,84,164,A5E0,333,패치 슬롯 1782 | 한글 문자 | 포,번역 15-084/164 · 포 / 토큰 89 DC / KANJI A5E0 / 가나다순 333
2249,main,0,E220~E221,E220,E221,2,89 B8,0x04E00 0x04E01,0x04E00~0x04E01,0x04E00,0x04E01,false,83 41,2,0,,hangul,1783,착,15,85,164,65A0,297,패치 슬롯 1783 | 한글 문자 | 착,번역 15-085/164 · 착 / 토큰 89 B8 / KANJI 65A0 / 가나다순 297
2250,main,0,E222~E223,E222,E223,2,89 E2,0x04E02 0x04E03,0x04E02~0x04E03,0x04E02,0x04E03,false,62 41,2,0,,hangul,1784,하,15,86,164,E440,339,패치 슬롯 1784 | 한글 문자 | 하,번역 15-086/164 · 하 / 토큰 89 E2 / KANJI E440 / 가나다순 339
2251,main,0,E224~E225,E224,E225,2,88 DC,0x04E04 0x04E05,0x04E04~0x04E05,0x04E04,0x04E05,false,82 AA,2,0,,hangul,1785,면,15,87,164,A1E0,145,패치 슬롯 1785 | 한글 문자 | 면,번역 15-087/164 · 면 / 토큰 88 DC / KANJI A1E0 / 가나다순 145
2252,main,0,E226~E227,E226,E227,2,81 41,0x04E06 0x04E07,0x04E06~0x04E07,0x04E06,0x04E07,false,8C BB,2,0,,punctuation,1786,、,15,88,164,,,패치 슬롯 1786 | 문장부호 | 、,번역 15-088/164 · 、 / 토큰 81 41 / PC-88 전각 쉼표 토큰
2253,main,0,E228~E229,E228,E229,2,88 F2,0x04E08 0x04E09,0x04E08~0x04E09,0x04E08,0x04E09,false,82 EA,2,0,,hangul,1787,베,15,89,164,E140,167,패치 슬롯 1787 | 한글 문자 | 베,번역 15-089/164 · 베 / 토큰 88 F2 / KANJI E140 / 가나다순 167
2254,main,0,E22A~E22B,E22A,E22B,2,89 C2,0x04E0A 0x04E0B,0x04E0A~0x04E0B,0x04E0A,0x04E0B,false,8D C0,2,0,,hangul,1788,칸,15,90,164,A440,307,패치 슬롯 1788 | 한글 문자 | 칸,번역 15-090/164 · 칸 / 토큰 89 C2 / KANJI A440 / 가나다순 307
2255,main,0,E22C~E22D,E22C,E22D,2,89 CA,0x04E0C 0x04E0D,0x04E0C~0x04E0D,0x04E0C,0x04E0D,false,95 57,2,0,,hangul,1789,타,15,91,164,A4C0,315,패치 슬롯 1789 | 한글 문자 | 타,번역 15-091/164 · 타 / 토큰 89 CA / KANJI A4C0 / 가나다순 315
2256,main,0,E22E~E22F,E22E,E22F,2,89 DC,0x04E0E 0x04E0F,0x04E0E~0x04E0F,0x04E0E,0x04E0F,false,8C 6E,2,0,,hangul,1790,포,15,92,164,A5E0,333,패치 슬롯 1790 | 한글 문자 | 포,번역 15-092/164 · 포 / 토큰 89 DC / KANJI A5E0 / 가나다순 333
2257,main,0,E230~E231,E230,E231,2,88 CA,0x04E10 0x04E11,0x04E10~0x04E11,0x04E10,0x04E11,false,82 AA,2,0,,hangul,1791,를,15,93,164,A0C0,127,패치 슬롯 1791 | 한글 문자 | 를,번역 15-093/164 · 를 / 토큰 88 CA / KANJI A0C0 / 가나다순 127
2258,main,0,E232,E232,E232,1,61,0x04E12,0x04E12,0x04E12,0x04E12,false,92,1,0,,control,,,,,,,,61h 1바이트 텍스트/표시 제어,61h 계열 슬롯 비활성화
2259,main,0,E233,E233,E233,1,42,0x04E13,0x04E13,0x04E13,0x04E13,false,CA,1,0,,control,,,,,,,,42h 1바이트 텍스트/표시 제어,41~50 계열 슬롯 실행
2260,main,0,E234~E235,E234,E235,2,81 40,0x04E14 0x04E15,0x04E14~0x04E15,0x04E14,0x04E15,false,90 4D,2,0,,space,1792,␠,15,94,164,,,패치 슬롯 1792 | 전각 공백 | ␠,번역 15-094/164 · ␠ / 토큰 81 40 / PC-88 전각 공백 토큰
2261,main,0,E236~E237,E236,E237,2,88 EC,0x04E16 0x04E17,0x04E16~0x04E17,0x04E16,0x04E17,false,94 67,2,0,,hangul,1793,발,15,95,164,E0E0,161,패치 슬롯 1793 | 한글 문자 | 발,번역 15-095/164 · 발 / 토큰 88 EC / KANJI E0E0 / 가나다순 161
2262,main,0,E238~E239,E238,E239,2,89 43,0x04E18 0x04E19,0x04E18~0x04E19,0x04E18,0x04E19,false,82 F0,2,0,,hangul,1794,사,15,96,164,6240,181,패치 슬롯 1794 | 한글 문자 | 사,번역 15-096/164 · 사 / 토큰 89 43 / KANJI 6240 / 가나다순 181
2263,main,0,E23A~E23B,E23A,E23B,2,89 E8,0x04E1A 0x04E1B,0x04E1A~0x04E1B,0x04E1A,0x04E1B,false,95 DF,2,0,,hangul,1795,해,15,97,164,E4A0,345,패치 슬롯 1795 | 한글 문자 | 해,번역 15-097/164 · 해 / 토큰 89 E8 / KANJI E4A0 / 가나다순 345
2264,main,0,E23C~E23D,E23C,E23D,2,82 BD,0x04E1C 0x04E1D,0x04E1C~0x04E1D,0x04E1C,0x04E1D,false,82 E7,1,0,,hangul,1796,그,15,98,164,19F0,31,패치 슬롯 1796 | 한글 문자 | 그,번역 15-098/164 · 그 / 토큰 82 BD / KANJI 19F0 / 가나다순 31
2265,main,0,E23E~E23F,E23E,E23F,2,82 DA,0x04E1E 0x04E1F,0x04E1E~0x04E1F,0x04E1E,0x04E1F,false,82 A6,1,0,,hangul,1797,녀,15,99,164,29C0,60,패치 슬롯 1797 | 한글 문자 | 녀,번역 15-099/164 · 녀 / 토큰 82 DA / KANJI 29C0 / 가나다순 60
2266,main,0,E240~E241,E240,E241,2,88 CA,0x04E20 0x04E21,0x04E20~0x04E21,0x04E20,0x04E21,false,82 BD,2,0,,hangul,1798,를,15,100,164,A0C0,127,패치 슬롯 1798 | 한글 문자 | 를,번역 15-100/164 · 를 / 토큰 88 CA / KANJI A0C0 / 가나다순 127
2267,main,0,E242~E243,E242,E243,2,81 40,0x04E22 0x04E23,0x04E22~0x04E23,0x04E22,0x04E23,false,8E 9E,2,0,,space,1799,␠,15,101,164,,,패치 슬롯 1799 | 전각 공백 | ␠,번역 15-101/164 · ␠ / 토큰 81 40 / PC-88 전각 공백 토큰
2268,main,0,E244~E245,E244,E245,2,89 48,0x04E24 0x04E25,0x04E24~0x04E25,0x04E24,0x04E25,false,81 41,2,0,,hangul,1800,생,15,102,164,6290,186,패치 슬롯 1800 | 한글 문자 | 생,번역 15-102/164 · 생 / 토큰 89 48 / KANJI 6290 / 가나다순 186
2269,main,0,E246~E247,E246,E247,2,89 DC,0x04E26 0x04E27,0x04E26~0x04E27,0x04E26,0x04E27,false,83 94,2,0,,hangul,1801,포,15,103,164,A5E0,333,패치 슬롯 1801 | 한글 문자 | 포,번역 15-103/164 · 포 / 토큰 89 DC / KANJI A5E0 / 가나다순 333
2270,main,0,E248~E249,E248,E249,2,89 E8,0x04E28 0x04E29,0x04E28~0x04E29,0x04E28,0x04E29,false,83 46,2,0,,hangul,1802,해,15,104,164,E4A0,345,패치 슬롯 1802 | 한글 문자 | 해,번역 15-104/164 · 해 / 토큰 89 E8 / KANJI E4A0 / 가나다순 345
2271,main,0,E24A~E24B,E24A,E24B,2,81 40,0x04E2A 0x04E2B,0x04E2A~0x04E2B,0x04E2A,0x04E2B,false,83 4A,2,0,,space,1803,␠,15,105,164,,,패치 슬롯 1803 | 전각 공백 | ␠,번역 15-105/164 · ␠ / 토큰 81 40 / PC-88 전각 공백 토큰
2272,main,0,E24C~E24D,E24C,E24D,2,89 8D,0x04E2C 0x04E2D,0x04E2C~0x04E2D,0x04E2C,0x04E2D,false,83 93,2,0,,hangul,1804,이,15,106,164,E2D0,254,패치 슬롯 1804 | 한글 문자 | 이,번역 15-106/164 · 이 / 토큰 89 8D / KANJI E2D0 / 가나다순 254
2273,main,0,E24E~E24F,E24E,E24F,2,82 B2,0x04E2E 0x04E2F,0x04E2E~0x04E2F,0x04E2E,0x04E2F,false,83 5E,2,0,,hangul,1805,곳,15,107,164,1940,20,패치 슬롯 1805 | 한글 문자 | 곳,번역 15-107/164 · 곳 / 토큰 82 B2 / KANJI 1940 / 가나다순 20
2274,main,0,E250~E251,E250,E251,2,89 88,0x04E30 0x04E31,0x04E30~0x04E31,0x04E30,0x04E31,false,96 43,2,0,,hangul,1806,으,15,108,164,E280,249,패치 슬롯 1806 | 한글 문자 | 으,번역 15-108/164 · 으 / 토큰 89 88 / KANJI E280 / 가나다순 249
2275,main,0,E252~E253,E252,E253,2,88 C5,0x04E32 0x04E33,0x04E32~0x04E33,0x04E32,0x04E33,false,82 F0,2,0,,hangul,1807,로,15,109,164,A070,122,패치 슬롯 1807 | 한글 문자 | 로,번역 15-109/164 · 로 / 토큰 88 C5 / KANJI A070 / 가나다순 122
2276,main,0,E254,E254,E254,1,62,0x04E34,0x04E34,0x04E34,0x04E34,false,61,1,0,,control,,,,,,,,62h 1바이트 텍스트/표시 제어,61h 계열 슬롯 비활성화
2277,main,0,E255,E255,E255,1,41,0x04E35,0x04E35,0x04E35,0x04E35,false,42,1,0,,control,,,,,,,,41h 1바이트 텍스트/표시 제어,41~50 계열 슬롯 실행
2278,main,0,E256~E257,E256,E257,2,81 40,0x04E36 0x04E37,0x04E36~0x04E37,0x04E36,0x04E37,false,8F C6,2,0,,space,1808,␠,15,110,164,,,패치 슬롯 1808 | 전각 공백 | ␠,번역 15-110/164 · ␠ / 토큰 81 40 / PC-88 전각 공백 토큰
2279,main,0,E258~E259,E258,E259,2,89 9D,0x04E38 0x04E39,0x04E38~0x04E39,0x04E38,0x04E39,false,8E CB,2,0,,hangul,1809,전,15,111,164,E3D0,270,패치 슬롯 1809 | 한글 문자 | 전,번역 15-111/164 · 전 / 토큰 89 9D / KANJI E3D0 / 가나다순 270
2280,main,0,E25A~E25B,E25A,E25B,2,89 53,0x04E3A 0x04E3B,0x04E3A~0x04E3B,0x04E3A,0x04E3B,false,82 B7,2,0,,hangul,1810,송,15,112,164,6340,197,패치 슬롯 1810 | 한글 문자 | 송,번역 15-112/164 · 송 / 토큰 89 53 / KANJI 6340 / 가나다순 197
2281,main,0,E25C~E25D,E25C,E25D,2,89 E5,0x04E3C 0x04E3D,0x04E3C~0x04E3D,0x04E3C,0x04E3D,false,82 EA,2,0,,hangul,1811,할,15,113,164,E470,342,패치 슬롯 1811 | 한글 문자 | 할,번역 15-113/164 · 할 / 토큰 89 E5 / KANJI E470 / 가나다순 342
2282,main,0,E25E~E25F,E25E,E25F,2,81 40,0x04E3E 0x04E3F,0x04E3E~0x04E3F,0x04E3E,0x04E3F,false,82 CE,2,0,,space,1812,␠,15,114,164,,,패치 슬롯 1812 | 전각 공백 | ␠,번역 15-114/164 · ␠ / 토큰 81 40 / PC-88 전각 공백 토큰
2283,main,0,E260~E261,E260,E261,2,89 54,0x04E40 0x04E41,0x04E40~0x04E41,0x04E40,0x04E41,false,81 41,2,0,,hangul,1813,수,15,115,164,6350,198,패치 슬롯 1813 | 한글 문자 | 수,번역 15-115/164 · 수 / 토큰 89 54 / KANJI 6350 / 가나다순 198
2284,main,0,E262~E263,E262,E263,2,89 92,0x04E42 0x04E43,0x04E42~0x04E43,0x04E42,0x04E43,false,83 94,2,0,,hangul,1814,있,15,116,164,E320,259,패치 슬롯 1814 | 한글 문자 | 있,번역 15-116/164 · 있 / 토큰 89 92 / KANJI E320 / 가나다순 259
2285,main,0,E264~E265,E264,E265,2,89 58,0x04E44 0x04E45,0x04E44~0x04E45,0x04E44,0x04E45,false,83 40,2,0,,hangul,1815,습,15,117,164,6390,202,패치 슬롯 1815 | 한글 문자 | 습,번역 15-117/164 · 습 / 토큰 89 58 / KANJI 6390 / 가나다순 202
2286,main,0,E266~E267,E266,E267,2,82 E4,0x04E46 0x04E47,0x04E46~0x04E47,0x04E46,0x04E47,false,83 8A,2,0,,hangul,1816,니,15,118,164,3860,70,패치 슬롯 1816 | 한글 문자 | 니,번역 15-118/164 · 니 / 토큰 82 E4 / KANJI 3860 / 가나다순 70
2287,main,0,E268~E269,E268,E269,2,82 E7,0x04E48 0x04E49,0x04E48~0x04E49,0x04E48,0x04E49,false,83 41,2,0,,hangul,1817,다,15,119,164,3890,73,패치 슬롯 1817 | 한글 문자 | 다,번역 15-119/164 · 다 / 토큰 82 E7 / KANJI 3890 / 가나다순 73
2288,main,0,E26A~E26B,E26A,E26B,2,81 42,0x04E4A 0x04E4B,0x04E4A~0x04E4B,0x04E4A,0x04E4B,false,82 F0,2,0,,punctuation,1818,。,15,120,164,,,패치 슬롯 1818 | 문장부호 | 。,번역 15-120/164 · 。 / 토큰 81 42 / PC-88 전각 마침표 토큰
2289,main,0,E26C~E26D,E26C,E26D,2,82 BD,0x04E4C 0x04E4D,0x04E4C~0x04E4D,0x04E4C,0x04E4D,false,95 DF,2,0,,hangul,1819,그,15,121,164,19F0,31,패치 슬롯 1819 | 한글 문자 | 그,번역 15-121/164 · 그 / 토큰 82 BD / KANJI 19F0 / 가나다순 31
2290,main,0,E26E~E26F,E26E,E26F,2,88 AD,0x04E4E 0x04E4F,0x04E4E~0x04E4F,0x04E4E,0x04E4F,false,8A 6C,2,0,,hangul,1820,때,15,122,164,60F0,98,패치 슬롯 1820 | 한글 문자 | 때,번역 15-122/164 · 때 / 토큰 88 AD / KANJI 60F0 / 가나다순 98
2291,main,0,E270~E271,E270,E271,2,89 6B,0x04E50 0x04E51,0x04E50~0x04E51,0x04E50,0x04E51,false,82 B5,2,0,,hangul,1821,야,15,123,164,A2C0,221,패치 슬롯 1821 | 한글 문자 | 야,번역 15-123/164 · 야 / 토큰 89 6B / KANJI A2C0 / 가나다순 221
2292,main,0,E272~E273,E272,E273,2,88 D3,0x04E52 0x04E53,0x04E52~0x04E53,0x04E52,0x04E53,false,81 41,2,0,,hangul,1822,말,15,124,164,A150,136,패치 슬롯 1822 | 한글 문자 | 말,번역 15-124/164 · 말 / 토큰 88 D3 / KANJI A150 / 가나다순 136
2293,main,0,E274~E275,E274,E275,2,88 C5,0x04E54 0x04E55,0x04E54~0x04E55,0x04E54,0x04E55,false,82 B1,2,0,,hangul,1823,로,15,125,164,A070,122,패치 슬롯 1823 | 한글 문자 | 로,번역 15-125/164 · 로 / 토큰 88 C5 / KANJI A070 / 가나다순 122
2294,main,0,E276~E277,E276,E277,2,81 40,0x04E56 0x04E57,0x04E56~0x04E57,0x04E56,0x04E57,false,82 BF,2,0,,space,1824,␠,15,126,164,,,패치 슬롯 1824 | 전각 공백 | ␠,번역 15-126/164 · ␠ / 토큰 81 40 / PC-88 전각 공백 토큰
2295,main,0,E278~E279,E278,E279,2,82 BD,0x04E58 0x04E59,0x04E58~0x04E59,0x04E58,0x04E59,false,82 E7,1,0,,hangul,1825,그,15,127,164,19F0,31,패치 슬롯 1825 | 한글 문자 | 그,번역 15-127/164 · 그 / 토큰 82 BD / KANJI 19F0 / 가나다순 31
2296,main,0,E27A~E27B,E27A,E27B,2,82 DA,0x04E5A 0x04E5B,0x04E5A~0x04E5B,0x04E5A,0x04E5B,false,82 D6,1,0,,hangul,1826,녀,15,128,164,29C0,60,패치 슬롯 1826 | 한글 문자 | 녀,번역 15-128/164 · 녀 / 토큰 82 DA / KANJI 29C0 / 가나다순 60
2297,main,0,E27C~E27D,E27C,E27D,2,82 E3,0x04E5C 0x04E5D,0x04E5C~0x04E5D,0x04E5C,0x04E5D,false,93 5D,2,0,,hangul,1827,는,15,129,164,3850,69,패치 슬롯 1827 | 한글 문자 | 는,번역 15-129/164 · 는 / 토큰 82 E3 / KANJI 3850 / 가나다순 69
2298,main,0,E27E~E27F,E27E,E27F,2,81 40,0x04E5E 0x04E5F,0x04E5E~0x04E5F,0x04E5E,0x04E5F,false,91 97,2,0,,space,1828,␠,15,130,164,,,패치 슬롯 1828 | 전각 공백 | ␠,번역 15-130/164 · ␠ / 토큰 81 40 / PC-88 전각 공백 토큰
2299,main,0,E280~E281,E280,E281,2,88 DA,0x04E60 0x04E61,0x04E60~0x04E61,0x04E60,0x04E61,false,82 B7,2,0,,hangul,1829,메,15,131,164,A1C0,143,패치 슬롯 1829 | 한글 문자 | 메,번역 15-131/164 · 메 / 토큰 88 DA / KANJI A1C0 / 가나다순 143
2300,main,0,E282~E283,E282,E283,2,82 9F,0x04E62 0x04E63,0x04E62~0x04E63,0x04E62,0x04E63,false,82 E9,1,0,,hangul,1830,가,15,132,164,1810,1,패치 슬롯 1830 | 한글 문자 | 가,번역 15-132/164 · 가 / 토큰 82 9F / KANJI 1810 / 가나다순 1
2301,main,0,E284~E285,E284,E285,2,89 56,0x04E64 0x04E65,0x04E64~0x04E65,0x04E64,0x04E65,false,82 B1,2,0,,hangul,1831,스,15,133,164,6370,200,패치 슬롯 1831 | 한글 문자 | 스,번역 15-133/164 · 스 / 토큰 89 56 / KANJI 6370 / 가나다순 200
2302,main,0,E286~E287,E286,E287,2,82 E6,0x04E66 0x04E67,0x04E66~0x04E67,0x04E66,0x04E67,false,82 C6,1,0,,hangul,1832,님,15,134,164,3880,72,패치 슬롯 1832 | 한글 문자 | 님,번역 15-134/164 · 님 / 토큰 82 E6 / KANJI 3880 / 가나다순 72
2303,main,0,E288~E289,E288,E289,2,89 8C,0x04E68 0x04E69,0x04E68~0x04E69,0x04E68,0x04E69,false,82 AA,2,0,,hangul,1833,의,15,135,164,E2C0,253,패치 슬롯 1833 | 한글 문자 | 의,번역 15-135/164 · 의 / 토큰 89 8C / KANJI E2C0 / 가나다순 253
2304,main,0,E28A~E28B,E28A,E28B,2,81 40,0x04E6A 0x04E6B,0x04E6A~0x04E6B,0x04E6A,0x04E6B,false,62 41,2,0,,space,1834,␠,15,136,164,,,패치 슬롯 1834 | 전각 공백 | ␠,번역 15-136/164 · ␠ / 토큰 81 40 / PC-88 전각 공백 토큰
2305,main,0,E28C~E28D,E28C,E28D,2,82 AA,0x04E6C 0x04E6D,0x04E6C~0x04E6D,0x04E6C,0x04E6D,false,82 C5,1,0,,hangul,1835,것,15,137,164,18C0,12,패치 슬롯 1835 | 한글 문자 | 것,번역 15-137/164 · 것 / 토큰 82 AA / KANJI 18C0 / 가나다순 12
2306,main,0,E28E~E28F,E28E,E28F,2,89 8D,0x04E6E 0x04E6F,0x04E6E~0x04E6F,0x04E6E,0x04E6F,false,82 AB,2,0,,hangul,1836,이,15,138,164,E2D0,254,패치 슬롯 1836 | 한글 문자 | 이,번역 15-138/164 · 이 / 토큰 89 8D / KANJI E2D0 / 가나다순 254
2307,main,0,E290~E291,E290,E291,2,81 40,0x04E70 0x04E71,0x04E70~0x04E71,0x04E70,0x04E71,false,82 DC,2,0,,space,1837,␠,15,139,164,,,패치 슬롯 1837 | 전각 공백 | ␠,번역 15-139/164 · ␠ / 토큰 81 40 / PC-88 전각 공백 토큰
2308,main,0,E292~E293,E292,E293,2,88 A4,0x04E72 0x04E73,0x04E72~0x04E73,0x04E72,0x04E73,false,82 B7,2,0,,hangul,1838,될,15,140,164,6060,89,패치 슬롯 1838 | 한글 문자 | 될,번역 15-140/164 · 될 / 토큰 88 A4 / KANJI 6060 / 가나다순 89
2309,main,0,E294~E295,E294,E295,2,81 40,0x04E74 0x04E75,0x04E74~0x04E75,0x04E74,0x04E75,false,81 42,1,0,,space,1839,␠,15,141,164,,,패치 슬롯 1839 | 전각 공백 | ␠,번역 15-141/164 · ␠ / 토큰 81 40 / PC-88 전각 공백 토큰
2310,main,0,E296~E297,E296,E297,2,82 A9,0x04E76 0x04E77,0x04E76~0x04E77,0x04E76,0x04E77,false,82 BB,1,0,,hangul,1840,겁,15,142,164,18B0,11,패치 슬롯 1840 | 한글 문자 | 겁,번역 15-142/164 · 겁 / 토큰 82 A9 / KANJI 18B0 / 가나다순 11
2311,main,0,E298~E299,E298,E299,2,82 E4,0x04E78 0x04E79,0x04E78~0x04E79,0x04E78,0x04E79,false,82 CC,1,0,,hangul,1841,니,15,143,164,3860,70,패치 슬롯 1841 | 한글 문자 | 니,번역 15-143/164 · 니 / 토큰 82 E4 / KANJI 3860 / 가나다순 70
2312,main,0,E29A~E29B,E29A,E29B,2,82 E7,0x04E7A 0x04E7B,0x04E7A~0x04E7B,0x04E7A,0x04E7B,false,8E 9E,2,0,,hangul,1842,다,15,144,164,3890,73,패치 슬롯 1842 | 한글 문자 | 다,번역 15-144/164 · 다 / 토큰 82 E7 / KANJI 3890 / 가나다순 73
2313,main,0,E29C~E29D,E29C,E29D,2,81 42,0x04E7C 0x04E7D,0x04E7C~0x04E7D,0x04E7C,0x04E7D,false,82 B1,2,0,,punctuation,1843,。,15,145,164,,,패치 슬롯 1843 | 문장부호 | 。,번역 15-145/164 · 。 / 토큰 81 42 / PC-88 전각 마침표 토큰
2314,main,0,E29E~E29F,E29E,E29F,2,88 E9,0x04E7E 0x04E7F,0x04E7E~0x04E7F,0x04E7E,0x04E7F,false,82 BB,2,0,,hangul,1844,바,15,146,164,E0B0,158,패치 슬롯 1844 | 한글 문자 | 바,번역 15-146/164 · 바 / 토큰 88 E9 / KANJI E0B0 / 가나다순 158
2315,main,0,E2A0~E2A1,E2A0,E2A1,2,82 E4,0x04E80 0x04E81,0x04E80~0x04E81,0x04E80,0x04E81,false,83 94,2,0,,hangul,1845,니,15,147,164,3860,70,패치 슬롯 1845 | 한글 문자 | 니,번역 15-147/164 · 니 / 토큰 82 E4 / KANJI 3860 / 가나다순 70
2316,main,0,E2A2~E2A3,E2A2,E2A3,2,89 D7,0x04E82 0x04E83,0x04E82~0x04E83,0x04E82,0x04E83,false,83 40,2,0,,hangul,1846,티,15,148,164,A590,328,패치 슬롯 1846 | 한글 문자 | 티,번역 15-148/164 · 티 / 토큰 89 D7 / KANJI A590 / 가나다순 328
2317,main,0,E2A4~E2A5,E2A4,E2A5,2,82 F1,0x04E84 0x04E85,0x04E84~0x04E85,0x04E84,0x04E85,false,83 8A,2,0,,hangul,1847,도,15,149,164,3930,83,패치 슬롯 1847 | 한글 문자 | 도,번역 15-149/164 · 도 / 토큰 82 F1 / KANJI 3930 / 가나다순 83
2318,main,0,E2A6~E2A7,E2A6,E2A7,2,81 41,0x04E86 0x04E87,0x04E86~0x04E87,0x04E86,0x04E87,false,83 41,1,0,,punctuation,1848,、,15,150,164,,,패치 슬롯 1848 | 문장부호 | 、,번역 15-150/164 · 、 / 토큰 81 41 / PC-88 전각 쉼표 토큰
2319,main,0,E2A8~E2A9,E2A8,E2A9,2,88 CC,0x04E88 0x04E89,0x04E88~0x04E89,0x04E88,0x04E89,false,82 CD,2,0,,hangul,1849,리,15,151,164,A0E0,129,패치 슬롯 1849 | 한글 문자 | 리,번역 15-151/164 · 리 / 토큰 88 CC / KANJI A0E0 / 가나다순 129
2320,main,0,E2AA~E2AB,E2AA,E2AB,2,89 6D,0x04E8A 0x04E8B,0x04E8A~0x04E8B,0x04E8A,0x04E8B,false,83 81,2,0,,hangul,1850,얼,15,152,164,A2E0,223,패치 슬롯 1850 | 한글 문자 | 얼,번역 15-152/164 · 얼 / 토큰 89 6D / KANJI A2E0 / 가나다순 223
2321,main,0,E2AC~E2AD,E2AC,E2AD,2,88 CC,0x04E8C 0x04E8D,0x04E8C~0x04E8D,0x04E8C,0x04E8D,false,83 4B,2,0,,hangul,1851,리,15,153,164,A0E0,129,패치 슬롯 1851 | 한글 문자 | 리,번역 15-153/164 · 리 / 토큰 88 CC / KANJI A0E0 / 가나다순 129
2322,main,0,E2AE~E2AF,E2AE,E2AF,2,89 D7,0x04E8E 0x04E8F,0x04E8E~0x04E8F,0x04E8E,0x04E8F,false,83 58,2,0,,hangul,1852,티,15,154,164,A590,328,패치 슬롯 1852 | 한글 문자 | 티,번역 15-154/164 · 티 / 토큰 89 D7 / KANJI A590 / 가나다순 328
2323,main,0,E2B0~E2B1,E2B0,E2B1,2,82 F1,0x04E90 0x04E91,0x04E90~0x04E91,0x04E90,0x04E91,false,97 6C,2,0,,hangul,1853,도,15,155,164,3930,83,패치 슬롯 1853 | 한글 문자 | 도,번역 15-155/164 · 도 / 토큰 82 F1 / KANJI 3930 / 가나다순 83
2324,main,0,E2B2~E2B3,E2B2,E2B3,2,81 40,0x04E92 0x04E93,0x04E92~0x04E93,0x04E92,0x04E93,false,82 CC,2,0,,space,1854,␠,15,156,164,,,패치 슬롯 1854 | 전각 공백 | ␠,번역 15-156/164 · ␠ / 토큰 81 40 / PC-88 전각 공백 토큰
2325,main,0,E2B4~E2B5,E2B4,E2B5,2,89 9D,0x04E94 0x04E95,0x04E94~0x04E95,0x04E94,0x04E95,false,82 E0,2,0,,hangul,1855,전,15,157,164,E3D0,270,패치 슬롯 1855 | 한글 문자 | 전,번역 15-157/164 · 전 / 토큰 89 9D / KANJI E3D0 / 가나다순 270
2326,main,0,E2B6~E2B7,E2B6,E2B7,2,88 FA,0x04E96 0x04E97,0x04E96~0x04E97,0x04E96,0x04E97,false,82 CC,2,0,,hangul,1856,부,15,158,164,E1C0,175,패치 슬롯 1856 | 한글 문자 | 부,번역 15-158/164 · 부 / 토큰 88 FA / KANJI E1C0 / 가나다순 175
2327,main,0,E2B8~E2B9,E2B8,E2B9,2,81 40,0x04E98 0x04E99,0x04E98~0x04E99,0x04E98,0x04E99,false,82 C6,2,0,,space,1857,␠,15,159,164,,,패치 슬롯 1857 | 전각 공백 | ␠,번역 15-159/164 · ␠ / 토큰 81 40 / PC-88 전각 공백 토큰
2328,main,0,E2BA~E2BB,E2BA,E2BB,2,88 D3,0x04E9A 0x04E9B,0x04E9A~0x04E9B,0x04E9A,0x04E9B,false,82 C8,2,0,,hangul,1858,말,15,160,164,A150,136,패치 슬롯 1858 | 한글 문자 | 말,번역 15-160/164 · 말 / 토큰 88 D3 / KANJI A150 / 가나다순 136
2329,main,0,E2BC~E2BD,E2BC,E2BD,2,89 91,0x04E9C 0x04E9D,0x04E9C~0x04E9D,0x04E9C,0x04E9D,false,82 E9,2,0,,hangul,1859,입,15,161,164,E310,258,패치 슬롯 1859 | 한글 문자 | 입,번역 15-161/164 · 입 / 토큰 89 91 / KANJI E310 / 가나다순 258
2330,main,0,E2BE~E2BF,E2BE,E2BF,2,82 E4,0x04E9E 0x04E9F,0x04E9E~0x04E9F,0x04E9E,0x04E9F,false,82 CC,1,0,,hangul,1860,니,15,162,164,3860,70,패치 슬롯 1860 | 한글 문자 | 니,번역 15-162/164 · 니 / 토큰 82 E4 / KANJI 3860 / 가나다순 70
2331,main,0,E2C0~E2C1,E2C0,E2C1,2,82 E7,0x04EA0 0x04EA1,0x04EA0~0x04EA1,0x04EA0,0x04EA1,false,82 C5,1,0,,hangul,1861,다,15,163,164,3890,73,패치 슬롯 1861 | 한글 문자 | 다,번역 15-163/164 · 다 / 토큰 82 E7 / KANJI 3890 / 가나다순 73
2332,main,0,E2C2~E2C3,E2C2,E2C3,2,81 42,0x04EA2 0x04EA3,0x04EA2~0x04EA3,0x04EA2,0x04EA3,false,82 B7,2,0,,punctuation,1862,。,15,164,164,,,패치 슬롯 1862 | 문장부호 | 。,번역 15-164/164 · 。 / 토큰 81 42 / PC-88 전각 마침표 토큰
2333,main,0,E2C4,E2C4,E2C4,1,61,0x04EA4,0x04EA4,0x04EA4,0x04EA4,false,81,1,0,,control,,,,,,,,61h 1바이트 텍스트/표시 제어,61h 계열 슬롯 비활성화
2334,main,0,E2C5,E2C5,E2C5,1,63,0x04EA5,0x04EA5,0x04EA5,0x04EA5,false,42,1,0,,control,,,,,,,,63h 1바이트 텍스트/표시 제어,61h 계열 슬롯 비활성화
2335,main,0,E2C6,E2C6,E2C6,1,64,0x04EA6,0x04EA6,0x04EA6,0x04EA6,false,82,1,0,,control,,,,,,,,64h 1바이트 텍스트/표시 제어,61h 계열 슬롯 비활성화
2336,main,0,E2C7~E2C9,E2C7,E2C9,3,16 36 E7,0x04EA7 0x04EA8 0x04EA9,0x04EA7~0x04EA9,0x04EA7,0x04EA9,false,BB 82 B5,3,0,,control,,,,,,,,16 계열 서브스트림 호출/전환,서브스트림 → E736
2337,substream,1,E736~E73A,E736,E73A,5,0F 01 25 03 0E,0x05326 0x05327 0x05328 0x05329 0x0532A,0x05326~0x0532A,0x05326,0x0532A,false,0F 01 25 03 0E,0,0,,control,,,,,,,,0F 계열 5바이트 제어,C4DA RET → C0A2 HL=E73B
2338,substream,1,E73B~E740,E73B,E740,6,05 11 92 3E AA 00,0x0532B 0x0532C 0x0532D 0x0532E 0x0532F 0x05330,0x0532B~0x05330,0x0532B,0x05330,false,05 11 92 3E AA 00,0,0,,control,,,,,,,,05 계열 6바이트 제어,C785 RET → C0A2 HL=E741
2339,substream,1,E741~E745,E741,E745,5,0E 11 10 2E A0,0x05331 0x05332 0x05333 0x05334 0x05335,0x05331~0x05335,0x05331,0x05335,false,0E 11 10 2E A0,0,0,,control,,,,,,,,0E 계열 5바이트 제어,C483 RET → C0A2 HL=E746
2340,substream,1,E746~E748,E746,E748,3,13 64 E8,0x05336 0x05337 0x05338,0x05336~0x05338,0x05336,0x05338,false,13 64 E8,0,0,,control,,,,,,,,13 계열 제어,C3D5 RET → C0A2 HL=E749
2341,substream,1,E749~E74C,E749,E74C,4,14 00 11 16,0x05339 0x0533A 0x0533B 0x0533C,0x05339~0x0533C,0x05339,0x0533C,false,14 00 11 16,0,0,,control,,,,,,,,14 계열 제어,C4C9 RET → C0A2 HL=E74D
2342,substream,1,E74D~E750,E74D,E750,4,14 01 40 00,0x0533D 0x0533E 0x0533F 0x05340,0x0533D~0x05340,0x0533D,0x05340,false,14 01 40 00,0,0,,control,,,,,,,,14 계열 제어,C4C9 RET → C0A2 HL=E751
2343,substream,1,E751~E754,E751,E754,4,04 2E E9 41,0x05341 0x05342 0x05343 0x05344,0x05341~0x05344,0x05341,0x05344,false,04 2E E9 41,0,0,,control,,,,,,,,04 계열 슬롯/포인터 설정 제어,"DE=E92E, slot=41, C0A2 HL=E755"
2344,substream,1,E755~E756,E755,E756,2,25 2D,0x05345 0x05346,0x05345~0x05346,0x05345,0x05346,false,25 2D,0,0,,control,,,,,,,,25 계열 CA1D 설정 제어,CA1D=2D
2345,substream,1,E757,E757,E757,1,17,0x05347,0x05347,0x05347,0x05347,false,17,0,0,,control,,,,,,,,서브스트림 복귀 토큰,서브스트림 복귀
2346,main,0,E2CA,E2CA,E2CA,1,41,0x04EAA,0x04EAA,0x04EAA,0x04EAA,false,82,1,0,,control,,,,,,,,41h 1바이트 텍스트/표시 제어,41~50 계열 슬롯 실행
2347,main,0,E2CB~E2CC,E2CB,E2CC,2,88 E9,0x04EAB 0x04EAC,0x04EAB~0x04EAC,0x04EAB,0x04EAC,false,C4 83,2,0,,hangul,1863,바,16,1,55,E0B0,158,패치 슬롯 1863 | 한글 문자 | 바,번역 16-001/055 · 바 / 토큰 88 E9 / KANJI E0B0 / 가나다순 158
2348,main,0,E2CD~E2CE,E2CD,E2CE,2,88 CC,0x04EAD 0x04EAE,0x04EAD~0x04EAE,0x04EAD,0x04EAE,false,94 83,2,0,,hangul,1864,리,16,2,55,A0E0,129,패치 슬롯 1864 | 한글 문자 | 리,번역 16-002/055 · 리 / 토큰 88 CC / KANJI A0E0 / 가나다순 129
2349,main,0,E2CF~E2D0,E2CF,E2D0,2,89 60,0x04EAF 0x04EB0,0x04EAF~0x04EB0,0x04EAF,0x04EB0,false,40 83,2,0,,hangul,1865,아,16,3,55,A210,210,패치 슬롯 1865 | 한글 문자 | 아,번역 16-003/055 · 아 / 토큰 89 60 / KANJI A210 / 가나다순 210
2350,main,0,E2D1~E2D2,E2D1,E2D2,2,81 41,0x04EB1 0x04EB2,0x04EB1~0x04EB2,0x04EB1,0x04EB2,false,6A 83,2,0,,punctuation,1866,、,16,4,55,,,패치 슬롯 1866 | 문장부호 | 、,번역 16-004/055 · 、 / 토큰 81 41 / PC-88 전각 쉼표 토큰
2351,main,0,E2D3~E2D4,E2D3,E2D4,2,88 A8,0x04EB3 0x04EB4,0x04EB3~0x04EB4,0x04EB3,0x04EB4,false,65 83,2,0,,hangul,1867,드,16,5,55,60A0,93,패치 슬롯 1867 | 한글 문자 | 드,번역 16-005/055 · 드 / 토큰 88 A8 / KANJI 60A0 / 가나다순 93
2352,main,0,E2D5~E2D6,E2D5,E2D6,2,88 AB,0x04EB5 0x04EB6,0x04EB5~0x04EB6,0x04EB5,0x04EB6,false,42 82,2,0,,hangul,1868,디,16,6,55,60D0,96,패치 슬롯 1868 | 한글 문자 | 디,번역 16-006/055 · 디 / 토큰 88 AB / KANJI 60D0 / 가나다순 96
2353,main,0,E2D7~E2D8,E2D7,E2D8,2,89 6C,0x04EB7 0x04EB8,0x04EB7~0x04EB8,0x04EB7,0x04EB8,false,E0 81,2,0,,hangul,1869,어,16,7,55,A2D0,222,패치 슬롯 1869 | 한글 문자 | 어,번역 16-007/055 · 어 / 토큰 89 6C / KANJI A2D0 / 가나다순 222
2354,main,0,E2D9~E2DA,E2D9,E2DA,2,81 40,0x04EB9 0x04EBA,0x04EB9~0x04EBA,0x04EB9,0x04EBA,false,41 83,2,0,,space,1870,␠,16,8,55,,,패치 슬롯 1870 | 전각 공백 | ␠,번역 16-008/055 · ␠ / 토큰 81 40 / PC-88 전각 공백 토큰
2355,main,0,E2DB~E2DC,E2DB,E2DC,2,82 CE,0x04EBB 0x04EBC,0x04EBB~0x04EBC,0x04EBB,0x04EBC,false,8A 83,2,0,,hangul,1871,나,16,9,55,2900,48,패치 슬롯 1871 | 한글 문자 | 나,번역 16-009/055 · 나 / 토큰 82 CE / KANJI 2900 / 가나다순 48
2356,main,0,E2DD~E2DE,E2DD,E2DE,2,89 CA,0x04EBD 0x04EBE,0x04EBD~0x04EBE,0x04EBD,0x04EBE,false,41 83,2,0,,hangul,1872,타,16,10,55,A4C0,315,패치 슬롯 1872 | 한글 문자 | 타,번역 16-010/055 · 타 / 토큰 89 CA / KANJI A4C0 / 가나다순 315
2357,main,0,E2DF~E2E0,E2DF,E2E0,2,82 D2,0x04EBF 0x04EC0,0x04EBF~0x04EC0,0x04EBF,0x04EC0,false,8A 83,2,0,,hangul,1873,났,16,11,55,2940,52,패치 슬롯 1873 | 한글 문자 | 났,번역 16-011/055 · 났 / 토큰 82 D2 / KANJI 2940 / 가나다순 52
2358,main,0,E2E1~E2E2,E2E1,E2E2,2,82 B9,0x04EC1 0x04EC2,0x04EC1~0x04EC2,0x04EC1,0x04EC2,false,65 83,2,0,,hangul,1874,군,16,12,55,19B0,27,패치 슬롯 1874 | 한글 문자 | 군,번역 16-012/055 · 군 / 토큰 82 B9 / KANJI 19B0 / 가나다순 27
2359,main,0,E2E3~E2E4,E2E3,E2E4,2,81 42,0x04EC3 0x04EC4,0x04EC3~0x04EC4,0x04EC3,0x04EC4,false,42 82,2,0,,punctuation,1875,。,16,13,55,,,패치 슬롯 1875 | 문장부호 | 。,번역 16-013/055 · 。 / 토큰 81 42 / PC-88 전각 마침표 토큰
2360,main,0,E2E5~E2E6,E2E5,E2E6,2,89 AB,0x04EC5 0x04EC6,0x04EC5~0x04EC6,0x04EC5,0x04EC6,false,E0 81,2,0,,hangul,1876,죽,16,14,55,64D0,284,패치 슬롯 1876 | 한글 문자 | 죽,번역 16-014/055 · 죽 / 토큰 89 AB / KANJI 64D0 / 가나다순 284
2361,main,0,E2E7~E2E8,E2E7,E2E8,2,89 8D,0x04EC7 0x04EC8,0x04EC7~0x04EC8,0x04EC7,0x04EC8,false,42 61,2,0,,hangul,1877,이,16,15,55,E2D0,254,패치 슬롯 1877 | 한글 문자 | 이,번역 16-015/055 · 이 / 토큰 89 8D / KANJI E2D0 / 가나다순 254
2362,main,0,E2E9~E2EA,E2E9,E2EA,2,82 C1,0x04EC9 0x04ECA,0x04EC9~0x04ECA,0x04EC9,0x04ECA,false,63 64,2,0,,hangul,1878,기,16,16,55,2830,35,패치 슬롯 1878 | 한글 문자 | 기,번역 16-016/055 · 기 / 토큰 82 C1 / KANJI 2830 / 가나다순 35
2363,main,0,E2EB~E2EC,E2EB,E2EC,2,81 40,0x04ECB 0x04ECC,0x04ECB~0x04ECC,0x04ECB,0x04ECC,false,16 36,2,0,,space,1879,␠,16,17,55,,,패치 슬롯 1879 | 전각 공백 | ␠,번역 16-017/055 · ␠ / 토큰 81 40 / PC-88 전각 공백 토큰
2364,main,0,E2ED~E2EE,E2ED,E2EE,2,89 9D,0x04ECD 0x04ECE,0x04ECD~0x04ECE,0x04ECD,0x04ECE,false,E7 41,2,0,,hangul,1880,전,16,18,55,E3D0,270,패치 슬롯 1880 | 한글 문자 | 전,번역 16-018/055 · 전 / 토큰 89 9D / KANJI E3D0 / 가나다순 270
2365,main,0,E2EF~E2F0,E2EF,E2F0,2,89 70,0x04ECF 0x04ED0,0x04ECF~0x04ED0,0x04ECF,0x04ED0,false,83 94,2,0,,hangul,1881,에,16,19,55,A310,226,패치 슬롯 1881 | 한글 문자 | 에,번역 16-019/055 · 에 / 토큰 89 70 / KANJI A310 / 가나다순 226
2366,main,0,E2F1~E2F2,E2F1,E2F2,2,81 40,0x04ED1 0x04ED2,0x04ED1~0x04ED2,0x04ED1,0x04ED2,false,83 40,1,0,,space,1882,␠,16,20,55,,,패치 슬롯 1882 | 전각 공백 | ␠,번역 16-020/055 · ␠ / 토큰 81 40 / PC-88 전각 공백 토큰
2367,main,0,E2F3~E2F4,E2F3,E2F4,2,82 BD,0x04ED3 0x04ED4,0x04ED3~0x04ED4,0x04ED3,0x04ED4,false,83 8A,2,0,,hangul,1883,그,16,21,55,19F0,31,패치 슬롯 1883 | 한글 문자 | 그,번역 16-021/055 · 그 / 토큰 82 BD / KANJI 19F0 / 가나다순 31
2368,main,0,E2F5~E2F6,E2F5,E2F6,2,81 40,0x04ED5 0x04ED6,0x04ED5~0x04ED6,0x04ED5,0x04ED6,false,83 41,2,0,,space,1884,␠,16,22,55,,,패치 슬롯 1884 | 전각 공백 | ␠,번역 16-022/055 · ␠ / 토큰 81 40 / PC-88 전각 공백 토큰
2369,main,0,E2F7~E2F8,E2F7,E2F8,2,89 60,0x04ED7 0x04ED8,0x04ED7~0x04ED8,0x04ED7,0x04ED8,false,82 DF,2,0,,hangul,1885,아,16,23,55,A210,210,패치 슬롯 1885 | 한글 문자 | 아,번역 16-023/055 · 아 / 토큰 89 60 / KANJI A210 / 가나다순 210
2370,main,0,E2F9~E2FA,E2F9,E2FA,2,88 CB,0x04ED9 0x04EDA,0x04ED9~0x04EDA,0x04ED9,0x04EDA,false,81 41,2,0,,hangul,1886,름,16,24,55,A0D0,128,패치 슬롯 1886 | 한글 문자 | 름,번역 16-024/055 · 름 / 토큰 88 CB / KANJI A0D0 / 가나다순 128
2371,main,0,E2FB~E2FC,E2FB,E2FC,2,82 E7,0x04EDB 0x04EDC,0x04EDB~0x04EDC,0x04EDB,0x04EDC,false,82 C2,1,0,,hangul,1887,다,16,25,55,3890,73,패치 슬롯 1887 | 한글 문자 | 다,번역 16-025/055 · 다 / 토큰 82 E7 / KANJI 3890 / 가나다순 73
2372,main,0,E2FD~E2FE,E2FD,E2FE,2,89 82,0x04EDD 0x04EDE,0x04EDD~0x04EDE,0x04EDD,0x04EDE,false,82 A2,2,0,,hangul,1888,움,16,26,55,E220,243,패치 슬롯 1888 | 한글 문자 | 움,번역 16-026/055 · 움 / 토큰 89 82 / KANJI E220 / 가나다순 243
2373,main,0,E2FF~E300,E2FF,E300,2,89 8A,0x04EDF 0x04EE0,0x04EDF~0x04EE0,0x04EDF,0x04EE0,false,82 C9,2,0,,hangul,1889,을,16,27,55,E2A0,251,패치 슬롯 1889 | 한글 문자 | 을,번역 16-027/055 · 을 / 토큰 89 8A / KANJI E2A0 / 가나다순 251
2374,main,0,E301~E302,E301,E302,2,81 40,0x04EE1 0x04EE2,0x04EE1~0x04EE2,0x04EE1,0x04EE2,false,8C BB,2,0,,space,1890,␠,16,28,55,,,패치 슬롯 1890 | 전각 공백 | ␠,번역 16-028/055 · ␠ / 토큰 81 40 / PC-88 전각 공백 토큰
2375,main,0,E303~E304,E303,E304,2,89 E4,0x04EE3 0x04EE4,0x04EE3~0x04EE4,0x04EE3,0x04EE4,false,82 EA,2,0,,hangul,1891,한,16,29,55,E460,341,패치 슬롯 1891 | 한글 문자 | 한,번역 16-029/055 · 한 / 토큰 89 E4 / KANJI E460 / 가나다순 341
2376,main,0,E305~E306,E305,E306,2,81 40,0x04EE5 0x04EE6,0x04EE5~0x04EE6,0x04EE5,0x04EE6,false,82 A8,2,0,,space,1892,␠,16,30,55,,,패치 슬롯 1892 | 전각 공백 | ␠,번역 16-030/055 · ␠ / 토큰 81 40 / PC-88 전각 공백 토큰
2377,main,0,E307~E308,E307,E308,2,88 F1,0x04EE7 0x04EE8,0x04EE7~0x04EE8,0x04EE7,0x04EE8,false,82 C1,2,0,,hangul,1893,번,16,31,55,E130,166,패치 슬롯 1893 | 한글 문자 | 번,번역 16-031/055 · 번 / 토큰 88 F1 / KANJI E130 / 가나다순 166
2378,main,0,E309~E30A,E309,E30A,2,81 40,0x04EE9 0x04EEA,0x04EE9~0x04EEA,0x04EE9,0x04EEA,false,82 BD,2,0,,space,1894,␠,16,32,55,,,패치 슬롯 1894 | 전각 공백 | ␠,번역 16-032/055 · ␠ / 토큰 81 40 / PC-88 전각 공백 토큰
2379,main,0,E30B~E30C,E30B,E30C,2,88 D5,0x04EEB 0x04EEC,0x04EEB~0x04EEC,0x04EEB,0x04EEC,false,82 A9,2,0,,hangul,1895,맛,16,33,55,A170,138,패치 슬롯 1895 | 한글 문자 | 맛,번역 16-033/055 · 맛 / 토큰 88 D5 / KANJI A170 / 가나다순 138
2380,main,0,E30D~E30E,E30D,E30E,2,88 F9,0x04EED 0x04EEE,0x04EED~0x04EEE,0x04EED,0x04EEE,false,81 42,2,0,,hangul,1896,봐,16,34,55,E1B0,174,패치 슬롯 1896 | 한글 문자 | 봐,번역 16-034/055 · 봐 / 토큰 88 F9 / KANJI E1B0 / 가나다순 174
2381,main,0,E30F~E310,E30F,E310,2,89 6B,0x04EEF 0x04EF0,0x04EEF~0x04EF0,0x04EEF,0x04EF0,false,8E 45,2,0,,hangul,1897,야,16,35,55,A2C0,221,패치 슬롯 1897 | 한글 문자 | 야,번역 16-035/055 · 야 / 토큰 89 6B / KANJI A2C0 / 가나다순 221
2382,main,0,E311~E312,E311,E312,2,82 AC,0x04EF1 0x04EF2,0x04EF1~0x04EF2,0x04EF1,0x04EF2,false,82 B7,1,0,,hangul,1898,겠,16,36,55,18E0,14,패치 슬롯 1898 | 한글 문자 | 겠,번역 16-036/055 · 겠 / 토큰 82 AC / KANJI 18E0 / 가나다순 14
2383,main,0,E313~E314,E313,E314,2,89 B3,0x04EF3 0x04EF4,0x04EF3~0x04EF4,0x04EF3,0x04EF4,false,82 DC,2,0,,hangul,1899,지,16,37,55,6550,292,패치 슬롯 1899 | 한글 문자 | 지,번역 16-037/055 · 지 / 토큰 89 B3 / KANJI 6550 / 가나다순 292
2384,main,0,E315~E316,E315,E316,2,81 42,0x04EF5 0x04EF6,0x04EF5~0x04EF6,0x04EF5,0x04EF6,false,82 A6,2,0,,punctuation,1900,。,16,38,55,,,패치 슬롯 1900 | 문장부호 | 。,번역 16-038/055 · 。 / 토큰 81 42 / PC-88 전각 마침표 토큰
2385,main,0,E317~E318,E317,E318,2,82 BD,0x04EF7 0x04EF8,0x04EF7~0x04EF8,0x04EF7,0x04EF8,false,82 C9,1,0,,hangul,1901,그,16,39,55,19F0,31,패치 슬롯 1901 | 한글 문자 | 그,번역 16-039/055 · 그 / 토큰 82 BD / KANJI 19F0 / 가나다순 31
2386,main,0,E319~E31A,E319,E31A,2,88 BC,0x04EF9 0x04EFA,0x04EF9~0x04EFA,0x04EF9,0x04EFA,false,88 EA,1,0,,hangul,1902,런,16,40,55,61E0,113,패치 슬롯 1902 | 한글 문자 | 런,번역 16-040/055 · 런 / 토큰 88 BC / KANJI 61E0 / 가나다순 113
2387,main,0,E31B~E31C,E31B,E31C,2,82 F0,0x04EFB 0x04EFC,0x04EFB~0x04EFC,0x04EFB,0x04EFC,false,93 78,2,0,,hangul,1903,데,16,41,55,3920,82,패치 슬롯 1903 | 한글 문자 | 데,번역 16-041/055 · 데 / 토큰 82 F0 / KANJI 3920 / 가나다순 82
2388,main,0,E31D~E31E,E31D,E31E,2,81 40,0x04EFD 0x04EFE,0x04EFD~0x04EFE,0x04EFD,0x04EFE,false,81 41,1,0,,space,1904,␠,16,42,55,,,패치 슬롯 1904 | 전각 공백 | ␠,번역 16-042/055 · ␠ / 토큰 81 40 / PC-88 전각 공백 토큰
2389,main,0,E31F~E320,E31F,E320,2,82 E7,0x04EFF 0x04F00,0x04EFF~0x04F00,0x04EFF,0x04F00,false,82 BB,1,0,,hangul,1905,다,16,43,55,3890,73,패치 슬롯 1905 | 한글 문자 | 다,번역 16-043/055 · 다 / 토큰 82 E7 / KANJI 3890 / 가나다순 73
2390,main,0,E321~E322,E321,E322,2,88 CC,0x04F01 0x04F02,0x04F01~0x04F02,0x04F01,0x04F02,false,82 CC,1,0,,hangul,1906,리,16,44,55,A0E0,129,패치 슬롯 1906 | 한글 문자 | 리,번역 16-044/055 · 리 / 토큰 88 CC / KANJI A0E0 / 가나다순 129
2391,main,0,E323~E324,E323,E324,2,89 56,0x04F03 0x04F04,0x04F03~0x04F04,0x04F03,0x04F04,false,94 FC,2,0,,hangul,1907,스,16,45,55,6370,200,패치 슬롯 1907 | 한글 문자 | 스,번역 16-045/055 · 스 / 토큰 89 56 / KANJI 6370 / 가나다순 200
2392,main,0,E325~E326,E325,E326,2,81 41,0x04F05 0x04F06,0x04F05~0x04F06,0x04F05,0x04F06,false,82 B5,2,0,,punctuation,1908,、,16,46,55,,,패치 슬롯 1908 | 문장부호 | 、,번역 16-046/055 · 、 / 토큰 81 41 / PC-88 전각 쉼표 토큰
2393,main,0,E327~E328,E327,E328,2,89 9B,0x04F07 0x04F08,0x04F07~0x04F08,0x04F07,0x04F08,false,82 B3,2,0,,hangul,1909,저,16,47,55,E3B0,268,패치 슬롯 1909 | 한글 문자 | 저,번역 16-047/055 · 저 / 토큰 89 9B / KANJI E3B0 / 가나다순 268
2394,main,0,E329~E32A,E329,E32A,2,81 40,0x04F09 0x04F0A,0x04F09~0x04F0A,0x04F09,0x04F0A,false,82 F0,2,0,,space,1910,␠,16,48,55,,,패치 슬롯 1910 | 전각 공백 | ␠,번역 16-048/055 · ␠ / 토큰 81 40 / PC-88 전각 공백 토큰
2395,main,0,E32B~E32C,E32B,E32C,2,82 B0,0x04F0B 0x04F0C,0x04F0B~0x04F0C,0x04F0B,0x04F0C,false,96 A1,2,0,,hangul,1911,계,16,49,55,1920,18,패치 슬롯 1911 | 한글 문자 | 계,번역 16-049/055 · 계 / 토큰 82 B0 / KANJI 1920 / 가나다순 18
2396,main,0,E32D~E32E,E32D,E32E,2,89 B5,0x04F0D 0x04F0E,0x04F0D~0x04F0E,0x04F0D,0x04F0E,false,82 ED,2,0,,hangul,1912,집,16,50,55,6570,294,패치 슬롯 1912 | 한글 문자 | 집,번역 16-050/055 · 집 / 토큰 89 B5 / KANJI 6570 / 가나다순 294
2397,main,0,E32F~E330,E32F,E330,2,89 89,0x04F0F 0x04F10,0x04F0F~0x04F10,0x04F0F,0x04F10,false,82 C1,2,0,,hangul,1913,은,16,51,55,E290,250,패치 슬롯 1913 | 한글 문자 | 은,번역 16-051/055 · 은 / 토큰 89 89 / KANJI E290 / 가나다순 250
2398,main,0,E331~E332,E331,E332,2,81 40,0x04F11 0x04F12,0x04F11~0x04F12,0x04F11,0x04F12,false,82 C4,2,0,,space,1914,␠,16,52,55,,,패치 슬롯 1914 | 전각 공백 | ␠,번역 16-052/055 · ␠ / 토큰 81 40 / PC-88 전각 공백 토큰
2399,main,0,E333~E334,E333,E334,2,88 E6,0x04F13 0x04F14,0x04F13~0x04F14,0x04F13,0x04F14,false,82 E2,2,0,,hangul,1915,뭐,16,53,55,E080,155,패치 슬롯 1915 | 한글 문자 | 뭐,번역 16-053/055 · 뭐 / 토큰 88 E6 / KANJI E080 / 가나다순 155
2400,main,0,E335~E336,E335,E336,2,89 B3,0x04F15 0x04F16,0x04F15~0x04F16,0x04F15,0x04F16,false,82 E9,2,0,,hangul,1916,지,16,54,55,6550,292,패치 슬롯 1916 | 한글 문자 | 지,번역 16-054/055 · 지 / 토큰 89 B3 / KANJI 6550 / 가나다순 292
2401,main,0,E337~E338,E337,E338,2,81 48,0x04F17 0x04F18,0x04F17~0x04F18,0x04F17,0x04F18,false,81 42,1,0,,punctuation,1917,？,16,55,55,,,패치 슬롯 1917 | 문장부호 | ？,번역 16-055/055 · ？ / 토큰 81 48 / PC-88 전각 물음표 토큰
2402,main,0,E339,E339,E339,1,61,0x04F19,0x04F19,0x04F19,0x04F19,false,82,1,0,,control,,,,,,,,61h 1바이트 텍스트/표시 제어,61h 계열 슬롯 비활성화
2403,main,0,E33A~E33C,E33A,E33C,3,16 16 E6,0x04F1A 0x04F1B 0x04F1C,0x04F1A~0x04F1C,0x04F1A,0x04F1C,false,C6 82 B1,3,0,,control,,,,,,,,16 계열 서브스트림 호출/전환,서브스트림 → E616
2404,substream,1,E616~E61A,E616,E61A,5,0F 05 27 03 0B,0x05206 0x05207 0x05208 0x05209 0x0520A,0x05206~0x0520A,0x05206,0x0520A,false,0F 05 27 03 0B,0,5,2146,control,,,,,,,,0F 계열 5바이트 제어,C4DA RET → C0A2 HL=E61B
2405,substream,1,E61B~E61D,E61B,E61D,3,16 95 E7,0x0520B 0x0520C 0x0520D,0x0520B~0x0520D,0x0520B,0x0520D,false,16 95 E7,0,3,2147,control,,,,,,,,16 계열 중첩 서브스트림 호출,서브스트림 → E795
2406,substream,2,E795~E797,E795,E797,3,1E 3C 08,0x05385 0x05386 0x05387,0x05385~0x05387,0x05385,0x05387,false,1E 3C 08,0,3,11,control,,,,,,,,1E 계열 제어,C34C RET → C0A2 HL=E798
2407,substream,2,E798~E79D,E798,E79D,6,05 16 86 3A 9E 00,0x05388 0x05389 0x0538A 0x0538B 0x0538C 0x0538D,0x05388~0x0538D,0x05388,0x0538D,false,05 16 86 3A 9E 00,0,6,12,control,,,,,,,,05 계열 6바이트 제어,C785 RET → C0A2 HL=E79E
2408,substream,2,E79E~E7A2,E79E,E7A2,5,0E 16 20 24 80,0x0538E 0x0538F 0x05390 0x05391 0x05392,0x0538E~0x05392,0x0538E,0x05392,false,0E 16 20 24 80,0,5,13,control,,,,,,,,0E 계열 5바이트 제어,C483 RET → C0A2 HL=E7A3
2409,substream,2,E7A3,E7A3,E7A3,1,17,0x05393,0x05393,0x05393,0x05393,false,17,0,1,14,control,,,,,,,,중첩 서브스트림 복귀 토큰,서브스트림 복귀
2410,substream,1,E61E~E620,E61E,E620,3,13 74 E8,0x0520E 0x0520F 0x05210,0x0520E~0x05210,0x0520E,0x05210,false,13 74 E8,0,3,2152,control,,,,,,,,13 계열 제어,C3D5 RET → C0A2 HL=E621
2411,substream,1,E621~E624,E621,E624,4,14 00 16 22,0x05211 0x05212 0x05213 0x05214,0x05211~0x05214,0x05211,0x05214,false,14 00 16 22,0,4,2153,control,,,,,,,,14 계열 제어,C4C9 RET → C0A2 HL=E625
2412,substream,1,E625~E628,E625,E628,4,14 01 3B 00,0x05215 0x05216 0x05217 0x05218,0x05215~0x05218,0x05215,0x05218,false,14 01 3B 00,0,4,2154,control,,,,,,,,14 계열 제어,C4C9 RET → C0A2 HL=E629
2413,substream,1,E629~E62C,E629,E62C,4,04 84 E8 41,0x05219 0x0521A 0x0521B 0x0521C,0x05219~0x0521C,0x05219,0x0521C,false,04 84 E8 41,0,4,2155,control,,,,,,,,04 계열 슬롯/포인터 설정 제어,"DE=E884, slot=41, C0A2 HL=E62D"
2414,substream,1,E62D~E630,E62D,E630,4,04 8E E8 42,0x0521D 0x0521E 0x0521F 0x05220,0x0521D~0x05220,0x0521D,0x05220,false,04 8E E8 42,0,4,2156,control,,,,,,,,04 계열 슬롯/포인터 설정 제어,"DE=E88E, slot=42, C0A2 HL=E631"
2415,substream,1,E631~E634,E631,E634,4,04 98 E8 43,0x05221 0x05222 0x05223 0x05224,0x05221~0x05224,0x05221,0x05224,false,04 98 E8 43,0,4,2157,control,,,,,,,,04 계열 슬롯/포인터 설정 제어,"DE=E898, slot=43, C0A2 HL=E635"
2416,substream,1,E635~E638,E635,E638,4,04 A2 E8 44,0x05225 0x05226 0x05227 0x05228,0x05225~0x05228,0x05225,0x05228,false,04 A2 E8 44,0,4,2158,control,,,,,,,,04 계열 슬롯/포인터 설정 제어,"DE=E8A2, slot=44, C0A2 HL=E639"
2417,substream,1,E639~E63A,E639,E63A,2,25 2F,0x05229 0x0522A,0x05229~0x0522A,0x05229,0x0522A,false,25 2F,0,2,2159,control,,,,,,,,25 계열 CA1D 설정 제어,CA1D=2F
2418,substream,1,E63B,E63B,E63B,1,17,0x0522B,0x0522B,0x0522B,0x0522B,false,17,0,1,2160,control,,,,,,,,서브스트림 복귀 토큰,서브스트림 복귀
2419,main,0,E33D,E33D,E33D,1,41,0x04F1D,0x04F1D,0x04F1D,0x04F1D,false,82,1,0,,control,,,,,,,,41h 1바이트 텍스트/표시 제어,41~50 계열 슬롯 실행
2420,main,0,E33E~E33F,E33E,E33F,2,89 9B,0x04F1E 0x04F1F,0x04F1E~0x04F1F,0x04F1E,0x04F1F,false,EB 82,2,0,,hangul,1918,저,17,1,70,E3B0,268,패치 슬롯 1918 | 한글 문자 | 저,번역 17-001/070 · 저 / 토큰 89 9B / KANJI E3B0 / 가나다순 268
2421,main,0,E340~E341,E340,E341,2,82 DB,0x04F20 0x04F21,0x04F20~0x04F21,0x04F20,0x04F21,false,C5 81,2,0,,hangul,1919,년,17,2,70,29D0,61,패치 슬롯 1919 | 한글 문자 | 년,번역 17-002/070 · 년 / 토큰 82 DB / KANJI 29D0 / 가나다순 61
2422,main,0,E342~E343,E342,E343,2,89 8D,0x04F22 0x04F23,0x04F22~0x04F23,0x04F22,0x04F23,false,41 83,2,0,,hangul,1920,이,17,3,70,E2D0,254,패치 슬롯 1920 | 한글 문자 | 이,번역 17-003/070 · 이 / 토큰 89 8D / KANJI E2D0 / 가나다순 254
2423,main,0,E344~E345,E344,E345,2,81 40,0x04F24 0x04F25,0x04F24~0x04F25,0x04F24,0x04F25,false,5F 83,2,0,,space,1921,␠,17,4,70,,,패치 슬롯 1921 | 전각 공백 | ␠,번역 17-004/070 · ␠ / 토큰 81 40 / PC-88 전각 공백 토큰
2424,main,0,E346~E347,E346,E347,2,88 E9,0x04F26 0x04F27,0x04F26~0x04F27,0x04F26,0x04F27,false,8A 83,2,0,,hangul,1922,바,17,5,70,E0B0,158,패치 슬롯 1922 | 한글 문자 | 바,번역 17-005/070 · 바 / 토큰 88 E9 / KANJI E0B0 / 가나다순 158
2425,main,0,E348~E349,E348,E349,2,88 C5,0x04F28 0x04F29,0x04F28~0x04F29,0x04F28,0x04F29,false,58 81,2,0,,hangul,1923,로,17,6,70,A070,122,패치 슬롯 1923 | 한글 문자 | 로,번역 17-006/070 · 로 / 토큰 88 C5 / KANJI A070 / 가나다순 122
2426,main,0,E34A~E34B,E34A,E34B,2,81 40,0x04F2A 0x04F2B,0x04F2A~0x04F2B,0x04F2A,0x04F2B,false,41 82,2,0,,space,1924,␠,17,7,70,,,패치 슬롯 1924 | 전각 공백 | ␠,번역 17-007/070 · ␠ / 토큰 81 40 / PC-88 전각 공백 토큰
2427,main,0,E34C~E34D,E34C,E34D,2,88 E9,0x04F2C 0x04F2D,0x04F2C~0x04F2D,0x04F2C,0x04F2D,false,A0 82,2,0,,hangul,1925,바,17,8,70,E0B0,158,패치 슬롯 1925 | 한글 문자 | 바,번역 17-008/070 · 바 / 토큰 88 E9 / KANJI E0B0 / 가나다순 158
2428,main,0,E34E~E34F,E34E,E34F,2,88 CC,0x04F2E 0x04F2F,0x04F2E~0x04F2F,0x04F2E,0x04F2F,false,CC 8F,2,0,,hangul,1926,리,17,9,70,A0E0,129,패치 슬롯 1926 | 한글 문자 | 리,번역 17-009/070 · 리 / 토큰 88 CC / KANJI A0E0 / 가나다순 129
2429,main,0,E350~E351,E350,E351,2,89 56,0x04F30 0x04F31,0x04F30~0x04F31,0x04F30,0x04F31,false,AC 96,2,0,,hangul,1927,스,17,10,70,6370,200,패치 슬롯 1927 | 한글 문자 | 스,번역 17-010/070 · 스 / 토큰 89 56 / KANJI 6370 / 가나다순 200
2430,main,0,E352~E353,E352,E353,2,89 8C,0x04F32 0x04F33,0x04F32~0x04F33,0x04F32,0x04F33,false,BA 82,2,0,,hangul,1928,의,17,11,70,E2C0,253,패치 슬롯 1928 | 한글 문자 | 의,번역 17-011/070 · 의 / 토큰 89 8C / KANJI E2C0 / 가나다순 253
2431,main,0,E354~E355,E354,E355,2,81 40,0x04F34 0x04F35,0x04F34~0x04F35,0x04F34,0x04F35,false,CD 81,2,0,,space,1929,␠,17,12,70,,,패치 슬롯 1929 | 전각 공백 | ␠,번역 17-012/070 · ␠ / 토큰 81 40 / PC-88 전각 공백 토큰
2432,main,0,E356~E357,E356,E357,2,89 9D,0x04F36 0x04F37,0x04F36~0x04F37,0x04F36,0x04F37,false,48 61,2,0,,hangul,1930,전,17,13,70,E3D0,270,패치 슬롯 1930 | 한글 문자 | 전,번역 17-013/070 · 전 / 토큰 89 9D / KANJI E3D0 / 가나다순 270
2433,main,0,E358~E359,E358,E359,2,89 43,0x04F38 0x04F39,0x04F38~0x04F39,0x04F38,0x04F39,false,16 16,2,0,,hangul,1931,사,17,14,70,6240,181,패치 슬롯 1931 | 한글 문자 | 사,번역 17-014/070 · 사 / 토큰 89 43 / KANJI 6240 / 가나다순 181
2434,main,0,E35A~E35B,E35A,E35B,2,81 40,0x04F3A 0x04F3B,0x04F3A~0x04F3B,0x04F3A,0x04F3B,false,E6 41,2,0,,space,1932,␠,17,15,70,,,패치 슬롯 1932 | 전각 공백 | ␠,번역 17-015/070 · ␠ / 토큰 81 40 / PC-88 전각 공백 토큰
2435,main,0,E35C~E35D,E35C,E35D,2,89 86,0x04F3C 0x04F3D,0x04F3C~0x04F3D,0x04F3C,0x04F3D,false,82 A0,2,0,,hangul,1933,유,17,16,70,E260,247,패치 슬롯 1933 | 한글 문자 | 유,번역 17-016/070 · 유 / 토큰 89 86 / KANJI E260 / 가나다순 247
2436,main,0,E35E~E35F,E35E,E35F,2,89 C5,0x04F3E 0x04F3F,0x04F3E~0x04F3F,0x04F3E,0x04F3F,false,82 EA,2,0,,hangul,1934,코,17,17,70,A470,310,패치 슬롯 1934 | 한글 문자 | 코,번역 17-017/070 · 코 / 토큰 89 C5 / KANJI A470 / 가나다순 310
2437,main,0,E360~E361,E360,E361,2,81 41,0x04F40 0x04F41,0x04F40~0x04F41,0x04F40,0x04F41,false,82 B1,2,0,,punctuation,1935,、,17,18,70,,,패치 슬롯 1935 | 문장부호 | 、,번역 17-018/070 · 、 / 토큰 81 41 / PC-88 전각 쉼표 토큰
2438,main,0,E362~E363,E362,E363,2,88 C5,0x04F42 0x04F43,0x04F42~0x04F43,0x04F42,0x04F43,false,82 BB,2,0,,hangul,1936,로,17,19,70,A070,122,패치 슬롯 1936 | 한글 문자 | 로,번역 17-019/070 · 로 / 토큰 88 C5 / KANJI A070 / 가나다순 122
2439,main,0,E364~E365,E364,E365,2,82 BD,0x04F44 0x04F45,0x04F44~0x04F45,0x04F44,0x04F45,false,83 94,2,0,,hangul,1937,그,17,20,70,19F0,31,패치 슬롯 1937 | 한글 문자 | 그,번역 17-020/070 · 그 / 토큰 82 BD / KANJI 19F0 / 가나다순 31
2440,main,0,E366~E367,E366,E367,2,88 C0,0x04F46 0x04F47,0x04F46~0x04F47,0x04F46,0x04F47,false,83 40,2,0,,hangul,1938,레,17,21,70,A020,117,패치 슬롯 1938 | 한글 문자 | 레,번역 17-021/070 · 레 / 토큰 88 C0 / KANJI A020 / 가나다순 117
2441,main,0,E368~E369,E368,E369,2,89 56,0x04F48 0x04F49,0x04F48~0x04F49,0x04F48,0x04F49,false,83 8A,2,0,,hangul,1939,스,17,22,70,6370,200,패치 슬롯 1939 | 한글 문자 | 스,번역 17-022/070 · 스 / 토큰 89 56 / KANJI 6370 / 가나다순 200
2442,main,0,E36A~E36B,E36A,E36B,2,88 CA,0x04F4A 0x04F4B,0x04F4A~0x04F4B,0x04F4A,0x04F4B,false,83 58,2,0,,hangul,1940,를,17,23,70,A0C0,127,패치 슬롯 1940 | 한글 문자 | 를,번역 17-023/070 · 를 / 토큰 88 CA / KANJI A0C0 / 가나다순 127
2443,main,0,E36C~E36D,E36C,E36D,2,81 40,0x04F4C 0x04F4D,0x04F4C~0x04F4D,0x04F4C,0x04F4D,false,82 CC,2,0,,space,1941,␠,17,24,70,,,패치 슬롯 1941 | 전각 공백 | ␠,번역 17-024/070 · ␠ / 토큰 81 40 / PC-88 전각 공백 토큰
2444,main,0,E36E~E36F,E36E,E36F,2,89 5F,0x04F4E 0x04F4F,0x04F4E~0x04F4F,0x04F4E,0x04F4F,false,90 ED,2,0,,hangul,1942,쓰,17,25,70,A200,209,패치 슬롯 1942 | 한글 문자 | 쓰,번역 17-025/070 · 쓰 / 토큰 89 5F / KANJI A200 / 가나다순 209
2445,main,0,E370~E371,E370,E371,2,88 BB,0x04F50 0x04F51,0x04F50~0x04F51,0x04F50,0x04F51,false,8E 6D,2,0,,hangul,1943,러,17,26,70,61D0,112,패치 슬롯 1943 | 한글 문자 | 러,번역 17-026/070 · 러 / 토큰 88 BB / KANJI 61D0 / 가나다순 112
2446,main,0,E372~E373,E372,E373,2,88 B3,0x04F52 0x04F53,0x04F52~0x04F53,0x04F52,0x04F53,false,81 41,2,0,,hangul,1944,뜨,17,27,70,6150,104,패치 슬롯 1944 | 한글 문자 | 뜨,번역 17-027/070 · 뜨 / 토큰 88 B3 / KANJI 6150 / 가나다순 104
2447,main,0,E374~E375,E374,E375,2,88 CD,0x04F54 0x04F55,0x04F54~0x04F55,0x04F54,0x04F55,false,97 44,2,0,,hangul,1945,린,17,28,70,A0F0,130,패치 슬롯 1945 | 한글 문자 | 린,번역 17-028/070 · 린 / 토큰 88 CD / KANJI A0F0 / 가나다순 130
2448,main,0,E376~E377,E376,E377,2,81 40,0x04F56 0x04F57,0x04F56~0x04F57,0x04F56,0x04F57,false,8E 71,2,0,,space,1946,␠,17,29,70,,,패치 슬롯 1946 | 전각 공백 | ␠,번역 17-029/070 · ␠ / 토큰 81 40 / PC-88 전각 공백 토큰
2449,main,0,E378~E379,E378,E379,2,89 8E,0x04F58 0x04F59,0x04F58~0x04F59,0x04F58,0x04F59,false,81 42,2,0,,hangul,1947,인,17,30,70,E2E0,255,패치 슬롯 1947 | 한글 문자 | 인,번역 17-030/070 · 인 / 토큰 89 8E / KANJI E2E0 / 가나다순 255
2450,main,0,E37A~E37B,E37A,E37B,2,82 A1,0x04F5A 0x04F5B,0x04F5A~0x04F5B,0x04F5A,0x04F5B,false,83 8D,2,0,,hangul,1948,간,17,31,70,1830,3,패치 슬롯 1948 | 한글 문자 | 간,번역 17-031/070 · 간 / 토큰 82 A1 / KANJI 1830 / 가나다순 3
2451,main,0,E37C~E37D,E37C,E37D,2,89 91,0x04F5C 0x04F5D,0x04F5C~0x04F5D,0x04F5C,0x04F5D,false,83 4F,2,0,,hangul,1949,입,17,32,70,E310,258,패치 슬롯 1949 | 한글 문자 | 입,번역 17-032/070 · 입 / 토큰 89 91 / KANJI E310 / 가나다순 258
2452,main,0,E37E~E37F,E37E,E37F,2,82 E4,0x04F5E 0x04F5F,0x04F5E~0x04F5F,0x04F5E,0x04F5F,false,83 8C,2,0,,hangul,1950,니,17,33,70,3860,70,패치 슬롯 1950 | 한글 문자 | 니,번역 17-033/070 · 니 / 토큰 82 E4 / KANJI 3860 / 가나다순 70
2453,main,0,E380~E381,E380,E381,2,82 E7,0x04F60 0x04F61,0x04F60~0x04F61,0x04F60,0x04F61,false,83 58,2,0,,hangul,1951,다,17,34,70,3890,73,패치 슬롯 1951 | 한글 문자 | 다,번역 17-034/070 · 다 / 토큰 82 E7 / KANJI 3890 / 가나다순 73
2454,main,0,E382~E383,E382,E383,2,81 42,0x04F62 0x04F63,0x04F62~0x04F63,0x04F62,0x04F63,false,82 F0,2,0,,punctuation,1952,。,17,35,70,,,패치 슬롯 1952 | 문장부호 | 。,번역 17-035/070 · 。 / 토큰 81 42 / PC-88 전각 마침표 토큰
2455,main,0,E384~E385,E384,E385,2,89 9D,0x04F64 0x04F65,0x04F64~0x04F65,0x04F64,0x04F65,false,91 92,2,0,,hangul,1953,전,17,36,70,E3D0,270,패치 슬롯 1953 | 한글 문자 | 전,번역 17-036/070 · 전 / 토큰 89 9D / KANJI E3D0 / 가나다순 270
2456,main,0,E386~E387,E386,E387,2,89 43,0x04F66 0x04F67,0x04F66~0x04F67,0x04F66,0x04F67,false,82 C1,2,0,,hangul,1954,사,17,37,70,6240,181,패치 슬롯 1954 | 한글 문자 | 사,번역 17-037/070 · 사 / 토큰 89 43 / KANJI 6240 / 가나다순 181
2457,main,0,E388~E389,E388,E389,2,89 8C,0x04F68 0x04F69,0x04F68~0x04F69,0x04F68,0x04F69,false,82 BD,2,0,,hangul,1955,의,17,38,70,E2C0,253,패치 슬롯 1955 | 한글 문자 | 의,번역 17-038/070 · 의 / 토큰 89 8C / KANJI E2C0 / 가나다순 253
2458,main,0,E38A~E38B,E38A,E38B,2,81 40,0x04F6A 0x04F6B,0x04F6A~0x04F6B,0x04F6A,0x04F6B,false,90 6C,2,0,,space,1956,␠,17,39,70,,,패치 슬롯 1956 | 전각 공백 | ␠,번역 17-039/070 · ␠ / 토큰 81 40 / PC-88 전각 공백 토큰
2459,main,0,E38C~E38D,E38C,E38D,2,89 F8,0x04F6C 0x04F6D,0x04F6C~0x04F6D,0x04F6C,0x04F6D,false,8A D4,2,0,,hangul,1957,힘,17,40,70,E5A0,361,패치 슬롯 1957 | 한글 문자 | 힘,번역 17-040/070 · 힘 / 토큰 89 F8 / KANJI E5A0 / 가나다순 361
2460,main,0,E38E~E38F,E38E,E38F,2,81 40,0x04F6E 0x04F6F,0x04F6E~0x04F6F,0x04F6E,0x04F6F,false,82 C5,2,0,,space,1958,␠,17,41,70,,,패치 슬롯 1958 | 전각 공백 | ␠,번역 17-041/070 · ␠ / 토큰 81 40 / PC-88 전각 공백 토큰
2461,main,0,E390~E391,E390,E391,2,81 67,0x04F70 0x04F71,0x04F70~0x04F71,0x04F70,0x04F71,false,82 B7,2,0,,punctuation,1959,“,17,42,70,,,패치 슬롯 1959 | 문장부호 | “,번역 17-042/070 · “ / 토큰 81 67 / CP932 왼쪽 큰따옴표 토큰
2462,main,0,E392~E393,E392,E393,2,88 E9,0x04F72 0x04F73,0x04F72~0x04F73,0x04F72,0x04F73,false,81 42,2,0,,hangul,1960,바,17,43,70,E0B0,158,패치 슬롯 1960 | 한글 문자 | 바,번역 17-043/070 · 바 / 토큰 88 E9 / KANJI E0B0 / 가나다순 158
2463,main,0,E394~E395,E394,E395,2,88 CC,0x04F74 0x04F75,0x04F74~0x04F75,0x04F74,0x04F75,false,90 ED,2,0,,hangul,1961,리,17,44,70,A0E0,129,패치 슬롯 1961 | 한글 문자 | 리,번역 17-044/070 · 리 / 토큰 88 CC / KANJI A0E0 / 가나다순 129
2464,main,0,E396~E397,E396,E397,2,89 56,0x04F76 0x04F77,0x04F76~0x04F77,0x04F76,0x04F77,false,8E 6D,2,0,,hangul,1962,스,17,45,70,6370,200,패치 슬롯 1962 | 한글 문자 | 스,번역 17-045/070 · 스 / 토큰 89 56 / KANJI 6370 / 가나다순 200
2465,main,0,E398~E399,E398,E399,2,81 68,0x04F78 0x04F79,0x04F78~0x04F79,0x04F78,0x04F79,false,82 CC,2,0,,punctuation,1963,”,17,46,70,,,패치 슬롯 1963 | 문장부호 | ”,번역 17-046/070 · ” / 토큰 81 68 / CP932 오른쪽 큰따옴표 토큰
2466,main,0,E39A~E39B,E39A,E39B,2,82 9F,0x04F7A 0x04F7B,0x04F7A~0x04F7B,0x04F7A,0x04F7B,false,97 CD,2,0,,hangul,1964,가,17,47,70,1810,1,패치 슬롯 1964 | 한글 문자 | 가,번역 17-047/070 · 가 / 토큰 82 9F / KANJI 1810 / 가나다순 1
2467,main,0,E39C~E39D,E39C,E39D,2,81 40,0x04F7C 0x04F7D,0x04F7C~0x04F7D,0x04F7C,0x04F7D,false,81 68,1,0,,space,1965,␠,17,48,70,,,패치 슬롯 1965 | 전각 공백 | ␠,번역 17-048/070 · ␠ / 토큰 81 40 / PC-88 전각 공백 토큰
2468,main,0,E39E~E39F,E39E,E39F,2,82 C3,0x04F7E 0x04F7F,0x04F7E~0x04F7F,0x04F7E,0x04F7F,false,83 94,2,0,,hangul,1966,깃,17,49,70,2850,37,패치 슬롯 1966 | 한글 문자 | 깃,번역 17-049/070 · 깃 / 토큰 82 C3 / KANJI 2850 / 가나다순 37
2469,main,0,E3A0~E3A1,E3A0,E3A1,2,88 A9,0x04F80 0x04F81,0x04F80~0x04F81,0x04F80,0x04F81,false,83 40,2,0,,hangul,1967,든,17,50,70,60B0,94,패치 슬롯 1967 | 한글 문자 | 든,번역 17-050/070 · 든 / 토큰 88 A9 / KANJI 60B0 / 가나다순 94
2470,main,0,E3A2~E3A3,E3A2,E3A3,2,81 40,0x04F82 0x04F83,0x04F82~0x04F83,0x04F82,0x04F83,false,83 8A,2,0,,space,1968,␠,17,51,70,,,패치 슬롯 1968 | 전각 공백 | ␠,번역 17-051/070 · ␠ / 토큰 81 40 / PC-88 전각 공백 토큰
2471,main,0,E3A4~E3A5,E3A4,E3A5,2,89 D9,0x04F84 0x04F85,0x04F84~0x04F85,0x04F84,0x04F85,false,83 58,2,0,,hangul,1969,판,17,52,70,A5B0,330,패치 슬롯 1969 | 한글 문자 | 판,번역 17-052/070 · 판 / 토큰 89 D9 / KANJI A5B0 / 가나다순 330
2472,main,0,E3A6~E3A7,E3A6,E3A7,2,89 CA,0x04F86 0x04F87,0x04F86~0x04F87,0x04F86,0x04F87,false,81 68,2,0,,hangul,1970,타,17,53,70,A4C0,315,패치 슬롯 1970 | 한글 문자 | 타,번역 17-053/070 · 타 / 토큰 89 CA / KANJI A4C0 / 가나다순 315
2473,main,0,E3A8~E3A9,E3A8,E3A9,2,89 B1,0x04F88 0x04F89,0x04F88~0x04F89,0x04F88,0x04F89,false,82 F0,2,0,,hangul,1971,즘,17,54,70,6530,290,패치 슬롯 1971 | 한글 문자 | 즘,번역 17-054/070 · 즘 / 토큰 89 B1 / KANJI 6530 / 가나다순 290
2474,main,0,E3AA~E3AB,E3AA,E3AB,2,89 AA,0x04F8A 0x04F8B,0x04F8A~0x04F8B,0x04F8A,0x04F8B,false,92 7E,2,0,,hangul,1972,주,17,55,70,64C0,283,패치 슬롯 1972 | 한글 문자 | 주,번역 17-055/070 · 주 / 토큰 89 AA / KANJI 64C0 / 가나다순 283
2475,main,0,E3AC~E3AD,E3AC,E3AD,2,89 6D,0x04F8C 0x04F8D,0x04F8C~0x04F8D,0x04F8C,0x04F8D,false,82 A6,2,0,,hangul,1973,얼,17,56,70,A2E0,223,패치 슬롯 1973 | 한글 문자 | 얼,번역 17-056/070 · 얼 / 토큰 89 6D / KANJI A2E0 / 가나다순 223
2476,main,0,E3AE~E3AF,E3AE,E3AF,2,88 CC,0x04F8E 0x04F8F,0x04F8E~0x04F8F,0x04F8E,0x04F8F,false,82 BD,2,0,,hangul,1974,리,17,57,70,A0E0,129,패치 슬롯 1974 | 한글 문자 | 리,번역 17-057/070 · 리 / 토큰 88 CC / KANJI A0E0 / 가나다순 129
2477,main,0,E3B0~E3B1,E3B0,E3B1,2,88 CA,0x04F90 0x04F91,0x04F90~0x04F91,0x04F90,0x04F91,false,81 41,2,0,,hangul,1975,를,17,58,70,A0C0,127,패치 슬롯 1975 | 한글 문자 | 를,번역 17-058/070 · 를 / 토큰 88 CA / KANJI A0C0 / 가나다순 127
2478,main,0,E3B2~E3B3,E3B2,E3B3,2,81 40,0x04F92 0x04F93,0x04F92~0x04F93,0x04F92,0x04F93,false,83 74,2,0,,space,1976,␠,17,59,70,,,패치 슬롯 1976 | 전각 공백 | ␠,번역 17-059/070 · ␠ / 토큰 81 40 / PC-88 전각 공백 토큰
2479,main,0,E3B4~E3B5,E3B4,E3B5,2,89 B3,0x04F94 0x04F95,0x04F94~0x04F95,0x04F94,0x04F95,false,83 40,2,0,,hangul,1977,지,17,60,70,6550,292,패치 슬롯 1977 | 한글 문자 | 지,번역 17-060/070 · 지 / 토큰 89 B3 / KANJI 6550 / 가나다순 292
2480,main,0,E3B6~E3B7,E3B6,E3B7,2,82 E4,0x04F96 0x04F97,0x04F96~0x04F97,0x04F96,0x04F97,false,83 93,2,0,,hangul,1978,니,17,61,70,3860,70,패치 슬롯 1978 | 한글 문자 | 니,번역 17-061/070 · 니 / 토큰 82 E4 / KANJI 3860 / 가나다순 70
2481,main,0,E3B8~E3B9,E3B8,E3B9,2,82 B1,0x04F98 0x04F99,0x04F98~0x04F99,0x04F98,0x04F99,false,83 5E,2,0,,hangul,1979,고,17,62,70,1930,19,패치 슬롯 1979 | 한글 문자 | 고,번역 17-062/070 · 고 / 토큰 82 B1 / KANJI 1930 / 가나다순 19
2482,main,0,E3BA~E3BB,E3BA,E3BB,2,81 40,0x04F9A 0x04F9B,0x04F9A~0x04F9B,0x04F9A,0x04F9B,false,83 59,2,0,,space,1980,␠,17,63,70,,,패치 슬롯 1980 | 전각 공백 | ␠,번역 17-063/070 · ␠ / 토큰 81 40 / PC-88 전각 공백 토큰
2483,main,0,E3BC~E3BD,E3BC,E3BD,2,89 92,0x04F9C 0x04F9D,0x04F9C~0x04F9D,0x04F9C,0x04F9D,false,83 80,2,0,,hangul,1981,있,17,64,70,E320,259,패치 슬롯 1981 | 한글 문자 | 있,번역 17-064/070 · 있 / 토큰 89 92 / KANJI E320 / 가나다순 259
2484,main,0,E3BE~E3BF,E3BE,E3BF,2,89 8A,0x04F9E 0x04F9F,0x04F9E~0x04F9F,0x04F9E,0x04F9F,false,81 45,2,0,,hangul,1982,을,17,65,70,E2A0,251,패치 슬롯 1982 | 한글 문자 | 을,번역 17-065/070 · 을 / 토큰 89 8A / KANJI E2A0 / 가나다순 251
2485,main,0,E3C0~E3C1,E3C0,E3C1,2,81 40,0x04FA0 0x04FA1,0x04FA0~0x04FA1,0x04FA0,0x04FA1,false,83 57,2,0,,space,1983,␠,17,66,70,,,패치 슬롯 1983 | 전각 공백 | ␠,번역 17-066/070 · ␠ / 토큰 81 40 / PC-88 전각 공백 토큰
2486,main,0,E3C2~E3C3,E3C2,E3C3,2,82 A9,0x04FA2 0x04FA3,0x04FA2~0x04FA3,0x04FA2,0x04FA3,false,83 85,2,0,,hangul,1984,겁,17,67,70,18B0,11,패치 슬롯 1984 | 한글 문자 | 겁,번역 17-067/070 · 겁 / 토큰 82 A9 / KANJI 18B0 / 가나다순 11
2487,main,0,E3C4~E3C5,E3C4,E3C5,2,82 E4,0x04FA4 0x04FA5,0x04FA4~0x04FA5,0x04FA4,0x04FA5,false,83 47,2,0,,hangul,1985,니,17,68,70,3860,70,패치 슬롯 1985 | 한글 문자 | 니,번역 17-068/070 · 니 / 토큰 82 E4 / KANJI 3860 / 가나다순 70
2488,main,0,E3C6~E3C7,E3C6,E3C7,2,82 E7,0x04FA6 0x04FA7,0x04FA6~0x04FA7,0x04FA6,0x04FA7,false,83 8A,2,0,,hangul,1986,다,17,69,70,3890,73,패치 슬롯 1986 | 한글 문자 | 다,번역 17-069/070 · 다 / 토큰 82 E7 / KANJI 3890 / 가나다순 73
2489,main,0,E3C8~E3C9,E3C8,E3C9,2,81 42,0x04FA8 0x04FA9,0x04FA8~0x04FA9,0x04FA8,0x04FA9,false,81 5B,1,0,,punctuation,1987,。,17,70,70,,,패치 슬롯 1987 | 문장부호 | 。,번역 17-070/070 · 。 / 토큰 81 42 / PC-88 전각 마침표 토큰
2490,main,0,E3CA,E3CA,E3CA,1,61,0x04FAA,0x04FAA,0x04FAA,0x04FAA,false,82,1,0,,control,,,,,,,,61h 1바이트 텍스트/표시 제어,61h 계열 슬롯 비활성화
2491,main,0,E3CB~E3CD,E3CB,E3CD,3,16 36 E7,0x04FAB 0x04FAC 0x04FAD,0x04FAB~0x04FAD,0x04FAB,0x04FAD,false,F0 8E 9D,3,0,,control,,,,,,,,16 계열 서브스트림 호출/전환,서브스트림 → E736
2492,substream,1,E736~E73A,E736,E73A,5,0F 01 25 03 0E,0x05326 0x05327 0x05328 0x05329 0x0532A,0x05326~0x0532A,0x05326,0x0532A,false,0F 01 25 03 0E,0,5,2337,control,,,,,,,,0F 계열 5바이트 제어,C4DA RET → C0A2 HL=E73B
2493,substream,1,E73B~E740,E73B,E740,6,05 11 92 3E AA 00,0x0532B 0x0532C 0x0532D 0x0532E 0x0532F 0x05330,0x0532B~0x05330,0x0532B,0x05330,false,05 11 92 3E AA 00,0,6,2338,control,,,,,,,,05 계열 6바이트 제어,C785 RET → C0A2 HL=E741
2494,substream,1,E741~E745,E741,E745,5,0E 11 10 2E A0,0x05331 0x05332 0x05333 0x05334 0x05335,0x05331~0x05335,0x05331,0x05335,false,0E 11 10 2E A0,0,5,2339,control,,,,,,,,0E 계열 5바이트 제어,C483 RET → C0A2 HL=E746
2495,substream,1,E746~E748,E746,E748,3,13 64 E8,0x05336 0x05337 0x05338,0x05336~0x05338,0x05336,0x05338,false,13 64 E8,0,3,2340,control,,,,,,,,13 계열 제어,C3D5 RET → C0A2 HL=E749
2496,substream,1,E749~E74C,E749,E74C,4,14 00 11 16,0x05339 0x0533A 0x0533B 0x0533C,0x05339~0x0533C,0x05339,0x0533C,false,14 00 11 16,0,4,2341,control,,,,,,,,14 계열 제어,C4C9 RET → C0A2 HL=E74D
2497,substream,1,E74D~E750,E74D,E750,4,14 01 40 00,0x0533D 0x0533E 0x0533F 0x05340,0x0533D~0x05340,0x0533D,0x05340,false,14 01 40 00,0,4,2342,control,,,,,,,,14 계열 제어,C4C9 RET → C0A2 HL=E751
2498,substream,1,E751~E754,E751,E754,4,04 2E E9 41,0x05341 0x05342 0x05343 0x05344,0x05341~0x05344,0x05341,0x05344,false,04 2E E9 41,0,4,2343,control,,,,,,,,04 계열 슬롯/포인터 설정 제어,"DE=E92E, slot=41, C0A2 HL=E755"
2499,substream,1,E755~E756,E755,E756,2,25 2D,0x05345 0x05346,0x05345~0x05346,0x05345,0x05346,false,25 2D,0,2,2344,control,,,,,,,,25 계열 CA1D 설정 제어,CA1D=2D
2500,substream,1,E757,E757,E757,1,17,0x05347,0x05347,0x05347,0x05347,false,17,0,1,2345,control,,,,,,,,서브스트림 복귀 토큰,서브스트림 복귀
2501,main,0,E3CE,E3CE,E3CE,1,41,0x04FAE,0x04FAE,0x04FAE,0x04FAE,false,82,1,0,,control,,,,,,,,41h 1바이트 텍스트/표시 제어,41~50 계열 슬롯 실행
2502,main,0,E3CF~E3D0,E3CF,E3D0,2,88 E6,0x04FAF 0x04FB0,0x04FAF~0x04FB0,0x04FAF,0x04FB0,false,C1 82,2,0,,hangul,1988,뭐,18,1,71,E080,155,패치 슬롯 1988 | 한글 문자 | 뭐,번역 18-001/071 · 뭐 / 토큰 88 E6 / KANJI E080 / 가나다순 155
2503,main,0,E3D1~E3D2,E3D1,E3D2,2,81 48,0x04FB1 0x04FB2,0x04FB1~0x04FB2,0x04FB1,0x04FB2,false,C4 82,2,0,,punctuation,1989,？,18,2,71,,,패치 슬롯 1989 | 문장부호 | ？,번역 18-002/071 · ？ / 토큰 81 48 / PC-88 전각 물음표 토큰
2504,main,0,E3D3~E3D4,E3D3,E3D4,2,81 40,0x04FB3 0x04FB4,0x04FB3~0x04FB4,0x04FB3,0x04FB4,false,A2 82,2,0,,space,1990,␠,18,3,71,,,패치 슬롯 1990 | 전각 공백 | ␠,번역 18-003/071 · ␠ / 토큰 81 40 / PC-88 전각 공백 토큰
2505,main,0,E3D5~E3D6,E3D5,E3D6,2,89 8E,0x04FB5 0x04FB6,0x04FB5~0x04FB6,0x04FB5,0x04FB6,false,E9 82,2,0,,hangul,1991,인,18,4,71,E2E0,255,패치 슬롯 1991 | 한글 문자 | 인,번역 18-004/071 · 인 / 토큰 89 8E / KANJI E2E0 / 가나다순 255
2506,main,0,E3D7~E3D8,E3D7,E3D8,2,82 A1,0x04FB7 0x04FB8,0x04FB7~0x04FB8,0x04FB7,0x04FB8,false,CD 82,2,0,,hangul,1992,간,18,5,71,1830,3,패치 슬롯 1992 | 한글 문자 | 간,번역 18-005/071 · 간 / 토큰 82 A1 / KANJI 1830 / 가나다순 3
2507,main,0,E3D9~E3DA,E3D9,E3DA,2,81 40,0x04FB9 0x04FBA,0x04FB9~0x04FBA,0x04FB9,0x04FBA,false,B8 81,2,0,,space,1993,␠,18,6,71,,,패치 슬롯 1993 | 전각 공백 | ␠,번역 18-006/071 · ␠ / 토큰 81 40 / PC-88 전각 공백 토큰
2508,main,0,E3DB~E3DC,E3DB,E3DC,2,89 AA,0x04FBB 0x04FBC,0x04FBB~0x04FBC,0x04FBB,0x04FBC,false,42 61,2,0,,hangul,1994,주,18,7,71,64C0,283,패치 슬롯 1994 | 한글 문자 | 주,번역 18-007/071 · 주 / 토큰 89 AA / KANJI 64C0 / 가나다순 283
2509,main,0,E3DD~E3DE,E3DD,E3DE,2,89 A1,0x04FBD 0x04FBE,0x04FBD~0x04FBE,0x04FBD,0x04FBE,false,16 36,2,0,,hangul,1995,제,18,8,71,6430,274,패치 슬롯 1995 | 한글 문자 | 제,번역 18-008/071 · 제 / 토큰 89 A1 / KANJI 6430 / 가나다순 274
2510,main,0,E3DF~E3E0,E3DF,E3E0,2,89 70,0x04FBF 0x04FC0,0x04FBF~0x04FC0,0x04FBF,0x04FC0,false,E7 41,2,0,,hangul,1996,에,18,9,71,A310,226,패치 슬롯 1996 | 한글 문자 | 에,번역 18-009/071 · 에 / 토큰 89 70 / KANJI A310 / 가나다순 226
2511,main,0,E3E1~E3E2,E3E1,E3E2,2,81 40,0x04FC1 0x04FC2,0x04FC1~0x04FC2,0x04FC1,0x04FC2,false,82 C8,2,0,,space,1997,␠,18,10,71,,,패치 슬롯 1997 | 전각 공백 | ␠,번역 18-010/071 · ␠ / 토큰 81 40 / PC-88 전각 공백 토큰
2512,main,0,E3E3~E3E4,E3E3,E3E4,2,88 C5,0x04FC3 0x04FC4,0x04FC3~0x04FC4,0x04FC3,0x04FC4,false,82 C9,2,0,,hangul,1998,로,18,11,71,A070,122,패치 슬롯 1998 | 한글 문자 | 로,번역 18-011/071 · 로 / 토큰 88 C5 / KANJI A070 / 가나다순 122
2513,main,0,E3E5~E3E6,E3E5,E3E6,2,82 BD,0x04FC5 0x04FC6,0x04FC5~0x04FC6,0x04FC5,0x04FC6,false,81 48,2,0,,hangul,1999,그,18,12,71,19F0,31,패치 슬롯 1999 | 한글 문자 | 그,번역 18-012/071 · 그 / 토큰 82 BD / KANJI 19F0 / 가나다순 31
2514,main,0,E3E7~E3E8,E3E7,E3E8,2,88 C0,0x04FC7 0x04FC8,0x04FC7~0x04FC8,0x04FC7,0x04FC8,false,81 40,2,0,,hangul,2000,레,18,13,71,A020,117,패치 슬롯 2000 | 한글 문자 | 레,번역 18-013/071 · 레 / 토큰 88 C0 / KANJI A020 / 가나다순 117
2515,main,0,E3E9~E3EA,E3E9,E3EA,2,89 56,0x04FC9 0x04FCA,0x04FC9~0x04FCA,0x04FC9,0x04FCA,false,90 6C,2,0,,hangul,2001,스,18,14,71,6370,200,패치 슬롯 2001 | 한글 문자 | 스,번역 18-014/071 · 스 / 토큰 89 56 / KANJI 6370 / 가나다순 200
2516,main,0,E3EB~E3EC,E3EB,E3EC,2,88 CA,0x04FCB 0x04FCC,0x04FCB~0x04FCC,0x04FCB,0x04FCC,false,8A D4,2,0,,hangul,2002,를,18,15,71,A0C0,127,패치 슬롯 2002 | 한글 문자 | 를,번역 18-015/071 · 를 / 토큰 88 CA / KANJI A0C0 / 가나다순 127
2517,main,0,E3ED~E3EE,E3ED,E3EE,2,81 45,0x04FCD 0x04FCE,0x04FCD~0x04FCE,0x04FCD,0x04FCE,false,82 CC,2,0,,punctuation,2003,・,18,16,71,,,패치 슬롯 2003 | 문장부호 | ・,번역 18-016/071 · ・ / 토큰 81 45 / PC-88 가운데점 토큰
2518,main,0,E3EF~E3F0,E3EF,E3F0,2,81 45,0x04FCF 0x04FD0,0x04FCF~0x04FD0,0x04FCF,0x04FD0,false,95 AA,2,0,,punctuation,2004,・,18,17,71,,,패치 슬롯 2004 | 문장부호 | ・,번역 18-017/071 · ・ / 토큰 81 45 / PC-88 가운데점 토큰
2519,main,0,E3F1~E3F2,E3F1,E3F2,2,81 45,0x04FD1 0x04FD2,0x04FD1~0x04FD2,0x04FD1,0x04FD2,false,8D DB,2,0,,punctuation,2005,・,18,18,71,,,패치 슬롯 2005 | 문장부호 | ・,번역 18-018/071 · ・ / 토큰 81 45 / PC-88 가운데점 토큰
2520,main,0,E3F3~E3F4,E3F3,E3F4,2,81 42,0x04FD3 0x04FD4,0x04FD3~0x04FD4,0x04FD3,0x04FD4,false,82 C5,2,0,,punctuation,2006,。,18,19,71,,,패치 슬롯 2006 | 문장부호 | 。,번역 18-019/071 · 。 / 토큰 81 42 / PC-88 전각 마침표 토큰
2521,main,0,E3F5~E3F6,E3F5,E3F6,2,88 E9,0x04FD5 0x04FD6,0x04FD5~0x04FD6,0x04FD5,0x04FD6,false,83 8D,2,0,,hangul,2007,바,18,20,71,E0B0,158,패치 슬롯 2007 | 한글 문자 | 바,번역 18-020/071 · 바 / 토큰 88 E9 / KANJI E0B0 / 가나다순 158
2522,main,0,E3F7~E3F8,E3F7,E3F8,2,88 CC,0x04FD7 0x04FD8,0x04FD7~0x04FD8,0x04FD7,0x04FD8,false,83 4F,2,0,,hangul,2008,리,18,21,71,A0E0,129,패치 슬롯 2008 | 한글 문자 | 리,번역 18-021/071 · 리 / 토큰 88 CC / KANJI A0E0 / 가나다순 129
2523,main,0,E3F9~E3FA,E3F9,E3FA,2,89 60,0x04FD9 0x04FDA,0x04FD9~0x04FDA,0x04FD9,0x04FDA,false,83 8C,2,0,,hangul,2009,아,18,22,71,A210,210,패치 슬롯 2009 | 한글 문자 | 아,번역 18-022/071 · 아 / 토큰 89 60 / KANJI A210 / 가나다순 210
2524,main,0,E3FB~E3FC,E3FB,E3FC,2,89 8C,0x04FDB 0x04FDC,0x04FDB~0x04FDC,0x04FDB,0x04FDC,false,83 58,2,0,,hangul,2010,의,18,23,71,E2C0,253,패치 슬롯 2010 | 한글 문자 | 의,번역 18-023/071 · 의 / 토큰 89 8C / KANJI E2C0 / 가나다순 253
2525,main,0,E3FD~E3FE,E3FD,E3FE,2,82 F1,0x04FDD 0x04FDE,0x04FDD~0x04FDE,0x04FDD,0x04FDE,false,82 F0,1,0,,hangul,2011,도,18,24,71,3930,83,패치 슬롯 2011 | 한글 문자 | 도,번역 18-024/071 · 도 / 토큰 82 F1 / KANJI 3930 / 가나다순 83
2526,main,0,E3FF~E400,E3FF,E400,2,89 82,0x04FDF 0x04FF0,0x04FDF;0x04FF0,0x04FDF,0x04FF0,true,81 45,2,0,,hangul,2012,움,18,25,71,E220,243,패치 슬롯 2012 | 한글 문자 | 움,번역 18-025/071 · 움 / 토큰 89 82 / KANJI E220 / 가나다순 243
2527,main,0,E401~E402,E401,E402,2,89 8D,0x04FF1 0x04FF2,0x04FF1~0x04FF2,0x04FF1,0x04FF2,false,81 45,2,0,,hangul,2013,이,18,26,71,E2D0,254,패치 슬롯 2013 | 한글 문자 | 이,번역 18-026/071 · 이 / 토큰 89 8D / KANJI E2D0 / 가나다순 254
2528,main,0,E403~E404,E403,E404,2,81 40,0x04FF3 0x04FF4,0x04FF3~0x04FF4,0x04FF3,0x04FF4,false,81 45,1,0,,space,2014,␠,18,27,71,,,패치 슬롯 2014 | 전각 공백 | ␠,번역 18-027/071 · ␠ / 토큰 81 40 / PC-88 전각 공백 토큰
2529,main,0,E405~E406,E405,E406,2,89 92,0x04FF5 0x04FF6,0x04FF5~0x04FF6,0x04FF5,0x04FF6,false,81 42,2,0,,hangul,2015,있,18,28,71,E320,259,패치 슬롯 2015 | 한글 문자 | 있,번역 18-028/071 · 있 / 토큰 89 92 / KANJI E320 / 가나다순 259
2530,main,0,E407~E408,E407,E408,2,82 E7,0x04FF7 0x04FF8,0x04FF7~0x04FF8,0x04FF7,0x04FF8,false,83 94,2,0,,hangul,2016,다,18,29,71,3890,73,패치 슬롯 2016 | 한글 문자 | 다,번역 18-029/071 · 다 / 토큰 82 E7 / KANJI 3890 / 가나다순 73
2531,main,0,E409~E40A,E409,E40A,2,81 40,0x04FF9 0x04FFA,0x04FF9~0x04FFA,0x04FF9,0x04FFA,false,83 40,1,0,,space,2017,␠,18,30,71,,,패치 슬롯 2017 | 전각 공백 | ␠,번역 18-030/071 · ␠ / 토큰 81 40 / PC-88 전각 공백 토큰
2532,main,0,E40B~E40C,E40B,E40C,2,89 BC,0x04FFB 0x04FFC,0x04FFB~0x04FFC,0x04FFB,0x04FFC,false,83 8A,2,0,,hangul,2018,쳐,18,31,71,65E0,301,패치 슬롯 2018 | 한글 문자 | 쳐,번역 18-031/071 · 쳐 / 토큰 89 BC / KANJI 65E0 / 가나다순 301
2533,main,0,E40D~E40E,E40D,E40E,2,82 F1,0x04FFD 0x04FFE,0x04FFD~0x04FFE,0x04FFD,0x04FFE,false,83 41,2,0,,hangul,2019,도,18,32,71,3930,83,패치 슬롯 2019 | 한글 문자 | 도,번역 18-032/071 · 도 / 토큰 82 F1 / KANJI 3930 / 가나다순 83
2534,main,0,E40F~E410,E40F,E410,2,81 41,0x04FFF 0x05000,0x04FFF~0x05000,0x04FFF,0x05000,false,82 CC,2,0,,punctuation,2020,、,18,33,71,,,패치 슬롯 2020 | 문장부호 | 、,번역 18-033/071 · 、 / 토큰 81 41 / PC-88 전각 쉼표 토큰
2535,main,0,E411~E412,E411,E412,2,89 8E,0x05001 0x05002,0x05001~0x05002,0x05001,0x05002,false,8F 95,2,0,,hangul,2021,인,18,34,71,E2E0,255,패치 슬롯 2021 | 한글 문자 | 인,번역 18-034/071 · 인 / 토큰 89 8E / KANJI E2E0 / 가나다순 255
2536,main,0,E413~E414,E413,E414,2,82 A1,0x05003 0x05004,0x05003~0x05004,0x05003,0x05004,false,82 AF,1,0,,hangul,2022,간,18,35,71,1830,3,패치 슬롯 2022 | 한글 문자 | 간,번역 18-035/071 · 간 / 토큰 82 A1 / KANJI 1830 / 가나다순 3
2537,main,0,E415~E416,E415,E416,2,89 8D,0x05005 0x05006,0x05005~0x05006,0x05005,0x05006,false,82 AA,2,0,,hangul,2023,이,18,36,71,E2D0,254,패치 슬롯 2023 | 한글 문자 | 이,번역 18-036/071 · 이 / 토큰 89 8D / KANJI E2D0 / 가나다순 254
2538,main,0,E417~E418,E417,E418,2,81 40,0x05007 0x05008,0x05007~0x05008,0x05007,0x05008,false,82 A0,2,0,,space,2024,␠,18,37,71,,,패치 슬롯 2024 | 전각 공백 | ␠,번역 18-037/071 · ␠ / 토큰 81 40 / PC-88 전각 공백 토큰
2539,main,0,E419~E41A,E419,E41A,2,89 E8,0x05009 0x0500A,0x05009~0x0500A,0x05009,0x0500A,false,82 E9,2,0,,hangul,2025,해,18,38,71,E4A0,345,패치 슬롯 2025 | 한글 문자 | 해,번역 18-038/071 · 해 / 토큰 89 E8 / KANJI E4A0 / 가나다순 345
2540,main,0,E41B~E41C,E41B,E41C,2,82 D4,0x0500B 0x0500C,0x0500B~0x0500C,0x0500B,0x0500C,false,82 C6,1,0,,hangul,2026,낼,18,39,71,2960,54,패치 슬롯 2026 | 한글 문자 | 낼,번역 18-039/071 · 낼 / 토큰 82 D4 / KANJI 2960 / 가나다순 54
2541,main,0,E41D~E41E,E41D,E41E,2,81 40,0x0500D 0x0500E,0x0500D~0x0500E,0x0500D,0x0500E,false,82 CD,2,0,,space,2027,␠,18,40,71,,,패치 슬롯 2027 | 전각 공백 | ␠,번역 18-040/071 · ␠ / 토큰 81 40 / PC-88 전각 공백 토큰
2542,main,0,E41F~E420,E41F,E420,2,89 8F,0x0500F 0x05010,0x0500F~0x05010,0x0500F,0x05010,false,82 A2,2,0,,hangul,2028,일,18,41,71,E2F0,256,패치 슬롯 2028 | 한글 문자 | 일,번역 18-041/071 · 일 / 토큰 89 8F / KANJI E2F0 / 가나다순 256
2543,main,0,E421~E422,E421,E422,2,89 8D,0x05011 0x05012,0x05011~0x05012,0x05011,0x05012,false,82 A6,2,0,,hangul,2029,이,18,42,71,E2D0,254,패치 슬롯 2029 | 한글 문자 | 이,번역 18-042/071 · 이 / 토큰 89 8D / KANJI E2D0 / 가나다순 254
2544,main,0,E423~E424,E423,E424,2,81 40,0x05013 0x05014,0x05013~0x05014,0x05013,0x05014,false,81 41,1,0,,space,2030,␠,18,43,71,,,패치 슬롯 2030 | 전각 공백 | ␠,번역 18-043/071 · ␠ / 토큰 81 40 / PC-88 전각 공백 토큰
2545,main,0,E425~E426,E425,E426,2,89 60,0x05015 0x05016,0x05015~0x05016,0x05015,0x05016,false,95 C0,2,0,,hangul,2031,아,18,44,71,A210,210,패치 슬롯 2031 | 한글 문자 | 아,번역 18-044/071 · 아 / 토큰 89 60 / KANJI A210 / 가나다순 210
2546,main,0,E427~E428,E427,E428,2,82 E5,0x05017 0x05018,0x05017~0x05018,0x05017,0x05018,false,82 DD,1,0,,hangul,2032,닐,18,45,71,3870,71,패치 슬롯 2032 | 한글 문자 | 닐,번역 18-045/071 · 닐 / 토큰 82 E5 / KANJI 3870 / 가나다순 71
2547,main,0,E429~E42A,E429,E42A,2,81 40,0x05019 0x0501A,0x05019~0x0501A,0x05019,0x0501A,false,82 CC,2,0,,space,2033,␠,18,46,71,,,패치 슬롯 2033 | 전각 공백 | ␠,번역 18-046/071 · ␠ / 토큰 81 40 / PC-88 전각 공백 토큰
2548,main,0,E42B~E42C,E42B,E42C,2,89 D3,0x0501B 0x0501C,0x0501B~0x0501C,0x0501B,0x0501C,false,90 6C,2,0,,hangul,2034,텐,18,47,71,A550,324,패치 슬롯 2034 | 한글 문자 | 텐,번역 18-047/071 · 텐 / 토큰 89 D3 / KANJI A550 / 가나다순 324
2549,main,0,E42D~E42E,E42D,E42E,2,82 F0,0x0501D 0x0501E,0x0501D~0x0501E,0x0501D,0x0501E,false,8A D4,2,0,,hangul,2035,데,18,48,71,3920,82,패치 슬롯 2035 | 한글 문자 | 데,번역 18-048/071 · 데 / 토큰 82 F0 / KANJI 3920 / 가나다순 82
2550,main,0,E42F~E430,E42F,E430,2,81 42,0x0501F 0x05020,0x0501F~0x05020,0x0501F,0x05020,false,82 CC,2,0,,punctuation,2036,。,18,49,71,,,패치 슬롯 2036 | 문장부호 | 。,번역 18-049/071 · 。 / 토큰 81 42 / PC-88 전각 마침표 토큰
2551,main,0,E431~E432,E431,E432,2,89 A7,0x05021 0x05022,0x05021~0x05022,0x05021,0x05022,false,8B C6,2,0,,hangul,2037,좋,18,50,71,6490,280,패치 슬롯 2037 | 한글 문자 | 좋,번역 18-050/071 · 좋 / 토큰 89 A7 / KANJI 6490 / 가나다순 280
2552,main,0,E433~E434,E433,E434,2,89 60,0x05023 0x05024,0x05023~0x05024,0x05023,0x05024,false,82 C5,2,0,,hangul,2038,아,18,51,71,A210,210,패치 슬롯 2038 | 한글 문자 | 아,번역 18-051/071 · 아 / 토큰 89 60 / KANJI A210 / 가나다순 210
2553,main,0,E435~E436,E435,E436,2,81 41,0x05025 0x05026,0x05025~0x05026,0x05025,0x05026,false,82 CD,2,0,,punctuation,2039,、,18,52,71,,,패치 슬롯 2039 | 문장부호 | 、,번역 18-052/071 · 、 / 토큰 81 41 / PC-88 전각 쉼표 토큰
2554,main,0,E437~E438,E437,E438,2,89 6D,0x05027 0x05028,0x05027~0x05028,0x05027,0x05028,false,82 A0,2,0,,hangul,2040,얼,18,53,71,A2E0,223,패치 슬롯 2040 | 한글 문자 | 얼,번역 18-053/071 · 얼 / 토큰 89 6D / KANJI A2E0 / 가나다순 223
2555,main,0,E439~E43A,E439,E43A,2,88 D1,0x05029 0x0502A,0x05029~0x0502A,0x05029,0x0502A,false,82 E9,2,0,,hangul,2041,마,18,54,71,A130,134,패치 슬롯 2041 | 한글 문자 | 마,번역 18-054/071 · 마 / 토큰 88 D1 / KANJI A130 / 가나다순 134
2556,main,0,E43B~E43C,E43B,E43C,2,82 CE,0x0502B 0x0502C,0x0502B~0x0502C,0x0502B,0x0502C,false,82 DC,1,0,,hangul,2042,나,18,55,71,2900,48,패치 슬롯 2042 | 한글 문자 | 나,번역 18-055/071 · 나 / 토큰 82 CE / KANJI 2900 / 가나다순 48
2557,main,0,E43D~E43E,E43D,E43E,2,81 40,0x0502D 0x0502E,0x0502D~0x0502E,0x0502D,0x0502E,false,82 A2,2,0,,space,2043,␠,18,56,71,,,패치 슬롯 2043 | 전각 공백 | ␠,번역 18-056/071 · ␠ / 토큰 81 40 / PC-88 전각 공백 토큰
2558,main,0,E43F~E440,E43F,E440,2,82 D0,0x0502F 0x05030,0x0502F~0x05030,0x0502F,0x05030,false,81 42,2,0,,hangul,2044,날,18,57,71,2920,50,패치 슬롯 2044 | 한글 문자 | 날,번역 18-057/071 · 날 / 토큰 82 D0 / KANJI 2920 / 가나다순 50
2559,main,0,E441~E442,E441,E442,2,81 40,0x05031 0x05032,0x05031~0x05032,0x05031,0x05032,false,82 DC,2,0,,space,2045,␠,18,58,71,,,패치 슬롯 2045 | 전각 공백 | ␠,번역 18-058/071 · ␠ / 토큰 81 40 / PC-88 전각 공백 토큰
2560,main,0,E443~E444,E443,E444,2,89 B0,0x05033 0x05034,0x05033~0x05034,0x05033,0x05034,false,82 A0,2,0,,hangul,2046,즐,18,59,71,6520,289,패치 슬롯 2046 | 한글 문자 | 즐,번역 18-059/071 · 즐 / 토큰 89 B0 / KANJI 6520 / 가나다순 289
2561,main,0,E445~E446,E445,E446,2,82 A9,0x05035 0x05036,0x05035~0x05036,0x05035,0x05036,false,82 B9,1,0,,hangul,2047,겁,18,60,71,18B0,11,패치 슬롯 2047 | 한글 문자 | 겁,번역 18-060/071 · 겁 / 토큰 82 A9 / KANJI 18B0 / 가나다순 11
2562,main,0,E447~E448,E447,E448,2,82 AB,0x05037 0x05038,0x05037~0x05038,0x05037,0x05038,false,82 A2,1,0,,hangul,2048,게,18,61,71,18D0,13,패치 슬롯 2048 | 한글 문자 | 게,번역 18-061/071 · 게 / 토큰 82 AB / KANJI 18D0 / 가나다순 13
2563,main,0,E449~E44A,E449,E44A,2,81 40,0x05039 0x0503A,0x05039~0x0503A,0x05039,0x0503A,false,82 BA,2,0,,space,2049,␠,18,62,71,,,패치 슬롯 2049 | 전각 공백 | ␠,번역 18-062/071 · ␠ / 토큰 81 40 / PC-88 전각 공백 토큰
2564,main,0,E44B~E44C,E44B,E44C,2,89 E8,0x0503B 0x0503C,0x0503B~0x0503C,0x0503B,0x0503C,false,82 A2,2,0,,hangul,2050,해,18,63,71,E4A0,345,패치 슬롯 2050 | 한글 문자 | 해,번역 18-063/071 · 해 / 토큰 89 E8 / KANJI E4A0 / 가나다순 345
2565,main,0,E44D~E44E,E44D,E44E,2,89 AD,0x0503D 0x0503E,0x0503D~0x0503E,0x0503D,0x0503E,false,8A 79,2,0,,hangul,2051,줄,18,64,71,64F0,286,패치 슬롯 2051 | 한글 문자 | 줄,번역 18-064/071 · 줄 / 토큰 89 AD / KANJI 64F0 / 가나다순 286
2566,main,0,E44F~E450,E44F,E450,2,89 B3,0x0503F 0x05040,0x0503F~0x05040,0x0503F,0x05040,false,82 B5,2,0,,hangul,2052,지,18,65,71,6550,292,패치 슬롯 2052 | 한글 문자 | 지,번역 18-065/071 · 지 / 토큰 89 B3 / KANJI 6550 / 가나다순 292
2567,main,0,E451~E452,E451,E452,2,81 40,0x05041 0x05042,0x05041~0x05042,0x05041,0x05042,false,82 DC,2,0,,space,2053,␠,18,66,71,,,패치 슬롯 2053 | 전각 공백 | ␠,번역 18-066/071 · ␠ / 토큰 81 40 / PC-88 전각 공백 토큰
2568,main,0,E453~E454,E453,E454,2,89 B3,0x05043 0x05044,0x05043~0x05044,0x05043,0x05044,false,82 B9,2,0,,hangul,2054,지,18,67,71,6550,292,패치 슬롯 2054 | 한글 문자 | 지,번역 18-067/071 · 지 / 토큰 89 B3 / KANJI 6550 / 가나다순 292
2569,main,0,E455~E456,E455,E456,2,89 C4,0x05045 0x05046,0x05045~0x05046,0x05045,0x05046,false,82 C4,1,0,,hangul,2055,켜,18,68,71,A460,309,패치 슬롯 2055 | 한글 문자 | 켜,번역 18-068/071 · 켜 / 토큰 89 C4 / KANJI A460 / 가나다순 309
2570,main,0,E457~E458,E457,E458,2,88 F7,0x05047 0x05048,0x05047~0x05048,0x05047,0x05048,false,82 E0,2,0,,hangul,2056,볼,18,69,71,E190,172,패치 슬롯 2056 | 한글 문자 | 볼,번역 18-069/071 · 볼 / 토큰 88 F7 / KANJI E190 / 가나다순 172
2571,main,0,E459~E45A,E459,E45A,2,82 C4,0x05049 0x0504A,0x05049~0x0504A,0x05049,0x0504A,false,82 E7,1,0,,hangul,2057,까,18,70,71,2860,38,패치 슬롯 2057 | 한글 문자 | 까,번역 18-070/071 · 까 / 토큰 82 C4 / KANJI 2860 / 가나다순 38
2572,main,0,E45B~E45C,E45B,E45C,2,81 42,0x0504B 0x0504C,0x0504B~0x0504C,0x0504B,0x0504C,false,82 A4,2,0,,punctuation,2058,。,18,71,71,,,패치 슬롯 2058 | 문장부호 | 。,번역 18-071/071 · 。 / 토큰 81 42 / PC-88 전각 마침표 토큰
2573,main,0,E45D,E45D,E45D,1,61,0x0504D,0x0504D,0x0504D,0x0504D,false,82,1,0,,control,,,,,,,,기존 확인 제어 | 61 계열 표시/상태 전환,기존 확인값 재사용; 61h 계열 슬롯 비활성화; KANJI 해당 없음
2574,main,0,E45E~E460,E45E,E460,3,16 16 E6,0x0504E 0x0504F 0x05050,0x0504E~0x05050,0x0504E,0x05050,false,C6 82 B7,3,0,,control,,,,,,,,16 계열 서브스트림 호출/전환,서브스트림 → E616
2575,substream,1,E616~E61A,E616,E61A,5,0F 05 27 03 0B,0x05206 0x05207 0x05208 0x05209 0x0520A,0x05206~0x0520A,0x05206,0x0520A,false,0F 05 27 03 0B,0,5,2146,control,,,,,,,,0F 계열 5바이트 제어,C4DA RET → C0A2 HL=E61B
2576,substream,1,E61B~E61D,E61B,E61D,3,16 95 E7,0x0520B 0x0520C 0x0520D,0x0520B~0x0520D,0x0520B,0x0520D,false,16 95 E7,0,3,2147,control,,,,,,,,16 계열 중첩 서브스트림 호출,서브스트림 → E795
2577,substream,2,E795~E797,E795,E797,3,1E 3C 08,0x05385 0x05386 0x05387,0x05385~0x05387,0x05385,0x05387,false,1E 3C 08,0,3,11,control,,,,,,,,1E 계열 제어,C34C RET → C0A2 HL=E798
2578,substream,2,E798~E79D,E798,E79D,6,05 16 86 3A 9E 00,0x05388 0x05389 0x0538A 0x0538B 0x0538C 0x0538D,0x05388~0x0538D,0x05388,0x0538D,false,05 16 86 3A 9E 00,0,6,12,control,,,,,,,,05 계열 6바이트 제어,C785 RET → C0A2 HL=E79E
2579,substream,2,E79E~E7A2,E79E,E7A2,5,0E 16 20 24 80,0x0538E 0x0538F 0x05390 0x05391 0x05392,0x0538E~0x05392,0x0538E,0x05392,false,0E 16 20 24 80,0,5,13,control,,,,,,,,0E 계열 5바이트 제어,C483 RET → C0A2 HL=E7A3
2580,substream,2,E7A3,E7A3,E7A3,1,17,0x05393,0x05393,0x05393,0x05393,false,17,0,1,14,control,,,,,,,,중첩 서브스트림 복귀 토큰,서브스트림 복귀
2581,substream,1,E61E~E620,E61E,E620,3,13 74 E8,0x0520E 0x0520F 0x05210,0x0520E~0x05210,0x0520E,0x05210,false,13 74 E8,0,3,2152,control,,,,,,,,13 계열 제어,C3D5 RET → C0A2 HL=E621
2582,substream,1,E621~E624,E621,E624,4,14 00 16 22,0x05211 0x05212 0x05213 0x05214,0x05211~0x05214,0x05211,0x05214,false,14 00 16 22,0,4,2153,control,,,,,,,,14 계열 제어,C4C9 RET → C0A2 HL=E625
2583,substream,1,E625~E628,E625,E628,4,14 01 3B 00,0x05215 0x05216 0x05217 0x05218,0x05215~0x05218,0x05215,0x05218,false,14 01 3B 00,0,4,2154,control,,,,,,,,14 계열 제어,C4C9 RET → C0A2 HL=E629
2584,substream,1,E629~E62C,E629,E62C,4,04 84 E8 41,0x05219 0x0521A 0x0521B 0x0521C,0x05219~0x0521C,0x05219,0x0521C,false,04 84 E8 41,0,4,2155,control,,,,,,,,04 계열 슬롯/포인터 설정 제어,"DE=E884, slot=41, C0A2 HL=E62D"
2585,substream,1,E62D~E630,E62D,E630,4,04 8E E8 42,0x0521D 0x0521E 0x0521F 0x05220,0x0521D~0x05220,0x0521D,0x05220,false,04 8E E8 42,0,4,2156,control,,,,,,,,04 계열 슬롯/포인터 설정 제어,"DE=E88E, slot=42, C0A2 HL=E631"
2586,substream,1,E631~E634,E631,E634,4,04 98 E8 43,0x05221 0x05222 0x05223 0x05224,0x05221~0x05224,0x05221,0x05224,false,04 98 E8 43,0,4,2157,control,,,,,,,,04 계열 슬롯/포인터 설정 제어,"DE=E898, slot=43, C0A2 HL=E635"
2587,substream,1,E635~E638,E635,E638,4,04 A2 E8 44,0x05225 0x05226 0x05227 0x05228,0x05225~0x05228,0x05225,0x05228,false,04 A2 E8 44,0,4,2158,control,,,,,,,,04 계열 슬롯/포인터 설정 제어,"DE=E8A2, slot=44, C0A2 HL=E639"
2588,substream,1,E639~E63A,E639,E63A,2,25 2F,0x05229 0x0522A,0x05229~0x0522A,0x05229,0x0522A,false,25 2F,0,2,2159,control,,,,,,,,25 계열 CA1D 설정 제어,CA1D=2F
2589,substream,1,E63B,E63B,E63B,1,17,0x0522B,0x0522B,0x0522B,0x0522B,false,17,0,1,2160,control,,,,,,,,서브스트림 복귀 토큰,서브스트림 복귀
2590,main,0,E461,E461,E461,1,41,0x05051,0x05051,0x05051,0x05051,false,82,1,0,,control,,,,,,,,기존확인 제어 | 41 슬롯 실행,기존 확인값 재사용; 41~50 계열 슬롯 실행; KANJI 해당 없음
2591,main,0,E462~E463,E462,E463,2,88 DA,0x05052 0x05053,0x05052~0x05053,0x05052,0x05053,false,E9 82,2,0,,hangul,2059,메,19,1,183,A1C0,143,패치 슬롯 2059 | 한글 문자 | 메,번역 19-001/183 · 메 / 토큰 88 DA / KANJI A1C0 / 가나다순 143
2592,main,0,E464~E465,E464,E465,2,82 9F,0x05054 0x05055,0x05054~0x05055,0x05054,0x05055,false,A9 81,2,0,,hangul,2060,가,19,2,183,1810,1,패치 슬롯 2060 | 한글 문자 | 가,번역 19-002/183 · 가 / 토큰 82 9F / KANJI 1810 / 가나다순 1
2593,main,0,E466~E467,E466,E467,2,89 56,0x05056 0x05057,0x05056~0x05057,0x05056,0x05057,false,42 61,2,0,,hangul,2061,스,19,3,183,6370,200,패치 슬롯 2061 | 한글 문자 | 스,번역 19-003/183 · 스 / 토큰 89 56 / KANJI 6370 / 가나다순 200
2594,main,0,E468~E469,E468,E469,2,82 E6,0x05058 0x05059,0x05058~0x05059,0x05058,0x05059,false,16 16,2,0,,hangul,2062,님,19,4,183,3880,72,패치 슬롯 2062 | 한글 문자 | 님,번역 19-004/183 · 님 / 토큰 82 E6 / KANJI 3880 / 가나다순 72
2595,main,0,E46A~E46B,E46A,E46B,2,89 8D,0x0505A 0x0505B,0x0505A~0x0505B,0x0505A,0x0505B,false,E6 41,2,0,,hangul,2063,이,19,5,183,E2D0,254,패치 슬롯 2063 | 한글 문자 | 이,번역 19-005/183 · 이 / 토큰 89 8D / KANJI E2D0 / 가나다순 254
2596,main,0,E46C~E46D,E46C,E46D,2,81 40,0x0505C 0x0505D,0x0505C~0x0505D,0x0505C,0x0505D,false,82 B5,2,0,,space,2064,␠,19,6,183,,,패치 슬롯 2064 | 전각 공백 | ␠,번역 19-006/183 · ␠ / 토큰 81 40 / PC-88 전각 공백 토큰
2597,main,0,E46E~E46F,E46E,E46F,2,88 C5,0x0505E 0x0505F,0x0505E~0x0505F,0x0505E,0x0505F,false,82 A9,2,0,,hangul,2065,로,19,7,183,A070,122,패치 슬롯 2065 | 한글 문자 | 로,번역 19-007/183 · 로 / 토큰 88 C5 / KANJI A070 / 가나다순 122
2598,main,0,E470~E471,E470,E471,2,82 BD,0x05060 0x05061,0x05060~0x05061,0x05060,0x05061,false,82 B5,1,0,,hangul,2066,그,19,8,183,19F0,31,패치 슬롯 2066 | 한글 문자 | 그,번역 19-008/183 · 그 / 토큰 82 BD / KANJI 19F0 / 가나다순 31
2599,main,0,E472~E473,E472,E473,2,88 C0,0x05062 0x05063,0x05062~0x05063,0x05062,0x05063,false,83 81,2,0,,hangul,2067,레,19,9,183,A020,117,패치 슬롯 2067 | 한글 문자 | 레,번역 19-009/183 · 레 / 토큰 88 C0 / KANJI A020 / 가나다순 117
2600,main,0,E474~E475,E474,E475,2,89 56,0x05064 0x05065,0x05064~0x05065,0x05064,0x05065,false,83 4B,2,0,,hangul,2068,스,19,10,183,6370,200,패치 슬롯 2068 | 한글 문자 | 스,번역 19-010/183 · 스 / 토큰 89 56 / KANJI 6370 / 가나다순 200
2601,main,0,E476~E477,E476,E477,2,89 8C,0x05066 0x05067,0x05066~0x05067,0x05066,0x05067,false,83 58,2,0,,hangul,2069,의,19,11,183,E2C0,253,패치 슬롯 2069 | 한글 문자 | 의,번역 19-011/183 · 의 / 토큰 89 8C / KANJI E2C0 / 가나다순 253
2602,main,0,E478~E479,E478,E479,2,81 40,0x05068 0x05069,0x05068~0x05069,0x05068,0x05069,false,97 6C,2,0,,space,2070,␠,19,12,183,,,패치 슬롯 2070 | 전각 공백 | ␠,번역 19-012/183 · ␠ / 토큰 81 40 / PC-88 전각 공백 토큰
2603,main,0,E47A~E47B,E47A,E47B,2,89 95,0x0506A 0x0506B,0x0506A~0x0506B,0x0506A,0x0506B,false,81 41,2,0,,hangul,2071,잔,19,13,183,E350,262,패치 슬롯 2071 | 한글 문자 | 잔,번역 19-013/183 · 잔 / 토큰 89 95 / KANJI E350 / 가나다순 262
2604,main,0,E47C~E47D,E47C,E47D,2,82 EB,0x0506C 0x0506D,0x0506C~0x0506D,0x0506C,0x0506D,false,82 A0,1,0,,hangul,2072,당,19,14,183,38D0,77,패치 슬롯 2072 | 한글 문자 | 당,번역 19-014/183 · 당 / 토큰 82 EB / KANJI 38D0 / 가나다순 77
2605,main,0,E47E~E47F,E47E,E47F,2,89 70,0x0506E 0x0506F,0x0506E~0x0506F,0x0506E,0x0506F,false,82 C8,2,0,,hangul,2073,에,19,15,183,A310,226,패치 슬롯 2073 | 한글 문자 | 에,번역 19-015/183 · 에 / 토큰 89 70 / KANJI A310 / 가나다순 226
2606,main,0,E480~E481,E480,E481,2,81 40,0x05070 0x05071,0x05070~0x05071,0x05070,0x05071,false,82 BD,2,0,,space,2074,␠,19,16,183,,,패치 슬롯 2074 | 전각 공백 | ␠,번역 19-016/183 · ␠ / 토큰 81 40 / PC-88 전각 공백 토큰
2607,main,0,E482~E483,E482,E483,2,82 EC,0x05072 0x05073,0x05072~0x05073,0x05072,0x05073,false,97 6C,2,0,,hangul,2075,대,19,17,183,38E0,78,패치 슬롯 2075 | 한글 문자 | 대,번역 19-017/183 · 대 / 토큰 82 EC / KANJI 38E0 / 가나다순 78
2608,main,0,E484~E485,E484,E485,2,89 E4,0x05074 0x05075,0x05074~0x05075,0x05074,0x05075,false,82 AA,2,0,,hangul,2076,한,19,18,183,E460,341,패치 슬롯 2076 | 한글 문자 | 한,번역 19-018/183 · 한 / 토큰 89 E4 / KANJI E460 / 가나다순 341
2609,main,0,E486~E487,E486,E487,2,89 CC,0x05076 0x05077,0x05076~0x05077,0x05076,0x05077,false,83 8D,2,0,,hangul,2077,탄,19,19,183,A4E0,317,패치 슬롯 2077 | 한글 문자 | 탄,번역 19-019/183 · 탄 / 토큰 89 CC / KANJI A4E0 / 가나다순 317
2610,main,0,E488~E489,E488,E489,2,89 66,0x05078 0x05079,0x05078~0x05079,0x05078,0x05079,false,83 4F,2,0,,hangul,2078,압,19,20,183,A270,216,패치 슬롯 2078 | 한글 문자 | 압,번역 19-020/183 · 압 / 토큰 89 66 / KANJI A270 / 가나다순 216
2611,main,0,E48A~E48B,E48A,E48B,2,89 8A,0x0507A 0x0507B,0x0507A~0x0507B,0x0507A,0x0507B,false,83 8C,2,0,,hangul,2079,을,19,21,183,E2A0,251,패치 슬롯 2079 | 한글 문자 | 을,번역 19-021/183 · 을 / 토큰 89 8A / KANJI E2A0 / 가나다순 251
2612,main,0,E48C~E48D,E48C,E48D,2,81 40,0x0507C 0x0507D,0x0507C~0x0507D,0x0507C,0x0507D,false,83 58,2,0,,space,2080,␠,19,22,183,,,패치 슬롯 2080 | 전각 공백 | ␠,번역 19-022/183 · ␠ / 토큰 81 40 / PC-88 전각 공백 토큰
2613,main,0,E48E~E48F,E48E,E48F,2,89 AE,0x0507E 0x0507F,0x0507E~0x0507F,0x0507E,0x0507F,false,82 CC,2,0,,hangul,2081,중,19,23,183,6500,287,패치 슬롯 2081 | 한글 문자 | 중,번역 19-023/183 · 중 / 토큰 89 AE / KANJI 6500 / 가나다순 287
2614,main,0,E490~E491,E490,E491,2,82 E9,0x05080 0x05081,0x05080~0x05081,0x05080,0x05081,false,8E 63,2,0,,hangul,2082,단,19,24,183,38B0,75,패치 슬롯 2082 | 한글 문자 | 단,번역 19-024/183 · 단 / 토큰 82 E9 / KANJI 38B0 / 가나다순 75
2615,main,0,E492~E493,E492,E493,2,89 E2,0x05082 0x05083,0x05082~0x05083,0x05082,0x05083,false,93 7D,2,0,,hangul,2083,하,19,25,183,E440,339,패치 슬롯 2083 | 한글 문자 | 하,번역 19-025/183 · 하 / 토큰 89 E2 / KANJI E440 / 가나다순 339
2616,main,0,E494~E495,E494,E495,2,88 B6,0x05084 0x05085,0x05084~0x05085,0x05084,0x05085,false,94 97,2,0,,hangul,2084,라,19,26,183,6180,107,패치 슬롯 2084 | 한글 문자 | 라,번역 19-026/183 · 라 / 토큰 88 B6 / KANJI 6180 / 가나다순 107
2617,main,0,E496~E497,E496,E497,2,82 B1,0x05086 0x05087,0x05086~0x05087,0x05086,0x05087,false,8A 51,2,0,,hangul,2085,고,19,27,183,1930,19,패치 슬롯 2085 | 한글 문자 | 고,번역 19-027/183 · 고 / 토큰 82 B1 / KANJI 1930 / 가나다순 19
2618,main,0,E498~E499,E498,E499,2,81 40,0x05088 0x05089,0x05088~0x05089,0x05088,0x05089,false,92 86,2,0,,space,2086,␠,19,28,183,,,패치 슬롯 2086 | 전각 공백 | ␠,번역 19-028/183 · ␠ / 토큰 81 40 / PC-88 전각 공백 토큰
2619,main,0,E49A~E49B,E49A,E49B,2,88 DE,0x0508A 0x0508B,0x0508A~0x0508B,0x0508A,0x0508B,false,8E 7E,2,0,,hangul,2087,명,19,29,183,E000,147,패치 슬롯 2087 | 한글 문자 | 명,번역 19-029/183 · 명 / 토큰 88 DE / KANJI E000 / 가나다순 147
2620,main,0,E49C~E49D,E49C,E49D,2,89 E2,0x0508C 0x0508D,0x0508C~0x0508D,0x0508C,0x0508D,false,82 CC,2,0,,hangul,2088,하,19,30,183,E440,339,패치 슬롯 2088 | 한글 문자 | 하,번역 19-030/183 · 하 / 토큰 89 E2 / KANJI E440 / 가나다순 339
2621,main,0,E49E~E49F,E49E,E49F,2,89 4F,0x0508E 0x0508F,0x0508E~0x0508F,0x0508E,0x0508F,false,96 BD,2,0,,hangul,2089,셨,19,31,183,6300,193,패치 슬롯 2089 | 한글 문자 | 셨,번역 19-031/183 · 셨 / 토큰 89 4F / KANJI 6300 / 가나다순 193
2622,main,0,E4A0~E4A1,E4A0,E4A1,2,89 8A,0x05090 0x05091,0x05090~0x05091,0x05090,0x05091,false,97 DF,2,0,,hangul,2090,을,19,32,183,E2A0,251,패치 슬롯 2090 | 한글 문자 | 을,번역 19-032/183 · 을 / 토큰 89 8A / KANJI E2A0 / 가나다순 251
2623,main,0,E4A2~E4A3,E4A2,E4A3,2,81 40,0x05092 0x05093,0x05092~0x05093,0x05092,0x05093,false,82 F0,2,0,,space,2091,␠,19,33,183,,,패치 슬롯 2091 | 전각 공백 | ␠,번역 19-033/183 · ␠ / 토큰 81 40 / PC-88 전각 공백 토큰
2624,main,0,E4A4~E4A5,E4A4,E4A5,2,88 AD,0x05094 0x05095,0x05094~0x05095,0x05094,0x05095,false,89 BA,2,0,,hangul,2092,때,19,34,183,60F0,98,패치 슬롯 2092 | 한글 문자 | 때,번역 19-034/183 · 때 / 토큰 88 AD / KANJI 60F0 / 가나다순 98
2625,main,0,E4A6~E4A7,E4A6,E4A7,2,82 E3,0x05096 0x05097,0x05096~0x05097,0x05096,0x05097,false,82 B3,1,0,,hangul,2093,는,19,35,183,3850,69,패치 슬롯 2093 | 한글 문자 | 는,번역 19-035/183 · 는 / 토큰 82 E3 / KANJI 3850 / 가나다순 69
2626,main,0,E4A8~E4A9,E4A8,E4A9,2,81 40,0x05098 0x05099,0x05098~0x05099,0x05098,0x05099,false,82 EA,2,0,,space,2094,␠,19,36,183,,,패치 슬롯 2094 | 전각 공백 | ␠,번역 19-036/183 · ␠ / 토큰 81 40 / PC-88 전각 공백 토큰
2627,main,0,E4AA~E4AB,E4AA,E4AB,2,88 E3,0x0509A 0x0509B,0x0509A~0x0509B,0x0509A,0x0509B,false,82 BD,2,0,,hangul,2095,무,19,37,183,E050,152,패치 슬롯 2095 | 한글 문자 | 무,번역 19-037/183 · 무 / 토큰 88 E3 / KANJI E050 / 가나다순 152
2628,main,0,E4AC~E4AD,E4AC,E4AD,2,89 57,0x0509C 0x0509D,0x0509C~0x0509D,0x0509C,0x0509D,false,8E 9E,2,0,,hangul,2096,슨,19,38,183,6380,201,패치 슬롯 2096 | 한글 문자 | 슨,번역 19-038/183 · 슨 / 토큰 89 57 / KANJI 6380 / 가나다순 201
2629,main,0,E4AE~E4AF,E4AE,E4AF,2,81 40,0x0509E 0x0509F,0x0509E~0x0509F,0x0509E,0x0509F,false,82 CD,2,0,,space,2097,␠,19,39,183,,,패치 슬롯 2097 | 전각 공백 | ␠,번역 19-039/183 · ␠ / 토큰 81 40 / PC-88 전각 공백 토큰
2630,main,0,E4B0~E4B1,E4B0,E4B1,2,88 B5,0x050A0 0x050A1,0x050A0~0x050A1,0x050A0,0x050A1,false,81 41,2,0,,hangul,2098,뜻,19,40,183,6170,106,패치 슬롯 2098 | 한글 문자 | 뜻,번역 19-040/183 · 뜻 / 토큰 88 B5 / KANJI 6170 / 가나다순 106
2631,main,0,E4B2~E4B3,E4B2,E4B3,2,89 8E,0x050A2 0x050A3,0x050A2~0x050A3,0x050A2,0x050A3,false,82 C8,2,0,,hangul,2099,인,19,41,183,E2E0,255,패치 슬롯 2099 | 한글 문자 | 인,번역 19-041/183 · 인 / 토큰 89 8E / KANJI E2E0 / 가나다순 255
2632,main,0,E4B4~E4B5,E4B4,E4B5,2,82 9F,0x050A4 0x050A5,0x050A4~0x050A5,0x050A4,0x050A5,false,82 C9,1,0,,hangul,2100,가,19,42,183,1810,1,패치 슬롯 2100 | 한글 문자 | 가,번역 19-042/183 · 가 / 토큰 82 9F / KANJI 1810 / 가나다순 1
2633,main,0,E4B6~E4B7,E4B6,E4B7,2,81 40,0x050A6 0x050A7,0x050A6~0x050A7,0x050A6,0x050A7,false,82 B2,2,0,,space,2101,␠,19,43,183,,,패치 슬롯 2101 | 전각 공백 | ␠,번역 19-043/183 · ␠ / 토큰 81 40 / PC-88 전각 공백 토큰
2634,main,0,E4B8~E4B9,E4B8,E4B9,2,89 5D,0x050A8 0x050A9,0x050A8~0x050A9,0x050A8,0x050A9,false,82 C6,2,0,,hangul,2102,싶,19,44,183,63E0,207,패치 슬롯 2102 | 한글 문자 | 싶,번역 19-044/183 · 싶 / 토큰 89 5D / KANJI 63E0 / 가나다순 207
2635,main,0,E4BA~E4BB,E4BA,E4BB,2,89 6F,0x050AA 0x050AB,0x050AA~0x050AB,0x050AA,0x050AB,false,82 A9,2,0,,hangul,2103,었,19,45,183,A300,225,패치 슬롯 2103 | 한글 문자 | 었,번역 19-045/183 · 었 / 토큰 89 6F / KANJI A300 / 가나다순 225
2636,main,0,E4BC~E4BD,E4BC,E4BD,2,82 E3,0x050AC 0x050AD,0x050AC~0x050AD,0x050AC,0x050AD,false,82 C6,1,0,,hangul,2104,는,19,46,183,3850,69,패치 슬롯 2104 | 한글 문자 | 는,번역 19-046/183 · 는 / 토큰 82 E3 / KANJI 3850 / 가나다순 69
2637,main,0,E4BE~E4BF,E4BE,E4BF,2,82 F0,0x050AE 0x050AF,0x050AE~0x050AF,0x050AE,0x050AF,false,8E 76,2,0,,hangul,2105,데,19,47,183,3920,82,패치 슬롯 2105 | 한글 문자 | 데,번역 19-047/183 · 데 / 토큰 82 F0 / KANJI 3920 / 가나다순 82
2638,main,0,E4C0~E4C1,E4C0,E4C1,2,81 41,0x050B0 0x050B1,0x050B0~0x050B1,0x050B0,0x050B1,false,82 A2,2,0,,punctuation,2106,、,19,48,183,,,패치 슬롯 2106 | 문장부호 | 、,번역 19-048/183 · 、 / 토큰 81 41 / PC-88 전각 쉼표 토큰
2639,main,0,E4C2~E4C3,E4C2,E4C3,2,82 B4,0x050B2 0x050B3,0x050B2~0x050B3,0x050B2,0x050B3,false,82 DC,1,0,,hangul,2107,과,19,49,183,1960,22,패치 슬롯 2107 | 한글 문자 | 과,번역 19-049/183 · 과 / 토큰 82 B4 / KANJI 1960 / 가나다순 22
2640,main,0,E4C4~E4C5,E4C4,E4C5,2,89 73,0x050B4 0x050B5,0x050B4~0x050B5,0x050B4,0x050B5,false,82 B5,2,0,,hangul,2108,연,19,50,183,A340,229,패치 슬롯 2108 | 한글 문자 | 연,번역 19-050/183 · 연 / 토큰 89 73 / KANJI A340 / 가나다순 229
2641,main,0,E4C6~E4C7,E4C6,E4C7,2,81 40,0x050B6 0x050B7,0x050B6~0x050B7,0x050B6,0x050B7,false,82 BD,2,0,,space,2109,␠,19,51,183,,,패치 슬롯 2109 | 전각 공백 | ␠,번역 19-051/183 · ␠ / 토큰 81 40 / PC-88 전각 공백 토큰
2642,main,0,E4C8~E4C9,E4C8,E4C9,2,82 BD,0x050B8 0x050B9,0x050B8~0x050B9,0x050B8,0x050B9,false,82 AA,1,0,,hangul,2110,그,19,52,183,19F0,31,패치 슬롯 2110 | 한글 문자 | 그,번역 19-052/183 · 그 / 토큰 82 BD / KANJI 19F0 / 가나다순 31
2643,main,0,E4CA~E4CB,E4CA,E4CB,2,88 BC,0x050BA 0x050BB,0x050BA~0x050BB,0x050BA,0x050BB,false,81 41,2,0,,hangul,2111,런,19,53,183,61E0,113,패치 슬롯 2111 | 한글 문자 | 런,번역 19-053/183 · 런 / 토큰 88 BC / KANJI 61E0 / 가나다순 113
2644,main,0,E4CC~E4CD,E4CC,E4CD,2,81 40,0x050BC 0x050BD,0x050BC~0x050BD,0x050BC,0x050BD,false,82 C8,2,0,,space,2112,␠,19,54,183,,,패치 슬롯 2112 | 전각 공백 | ␠,번역 19-054/183 · ␠ / 토큰 81 40 / PC-88 전각 공백 토큰
2645,main,0,E4CE~E4CF,E4CE,E4CF,2,82 A6,0x050BE 0x050BF,0x050BE~0x050BF,0x050BE,0x050BF,false,82 E9,1,0,,hangul,2113,거,19,55,183,1880,8,패치 슬롯 2113 | 한글 문자 | 거,번역 19-055/183 · 거 / 토큰 82 A6 / KANJI 1880 / 가나다순 8
2646,main,0,E4D0~E4D1,E4D0,E4D1,2,89 75,0x050C0 0x050C1,0x050C0~0x050C1,0x050C0,0x050C1,false,82 D9,2,0,,hangul,2114,였,19,56,183,A360,231,패치 슬롯 2114 | 한글 문자 | 였,번역 19-056/183 · 였 / 토큰 89 75 / KANJI A360 / 가나다순 231
2647,main,0,E4D2~E4D3,E4D2,E4D3,2,82 B9,0x050C2 0x050C3,0x050C2~0x050C3,0x050C2,0x050C3,false,82 C7,1,0,,hangul,2115,군,19,57,183,19B0,27,패치 슬롯 2115 | 한글 문자 | 군,번역 19-057/183 · 군 / 토큰 82 B9 / KANJI 19B0 / 가나다순 27
2648,main,0,E4D4~E4D5,E4D4,E4D5,2,89 80,0x050C4 0x050C5,0x050C4~0x050C5,0x050C4,0x050C5,false,81 41,2,0,,hangul,2116,요,19,58,183,E200,241,패치 슬롯 2116 | 한글 문자 | 요,번역 19-058/183 · 요 / 토큰 89 80 / KANJI E200 / 가나다순 241
2649,main,0,E4D6~E4D7,E4D6,E4D7,2,81 42,0x050C6 0x050C7,0x050C6~0x050C7,0x050C6,0x050C7,false,82 B1,2,0,,punctuation,2117,。,19,59,183,,,패치 슬롯 2117 | 문장부호 | 。,번역 19-059/183 · 。 / 토큰 81 42 / PC-88 전각 마침표 토큰
2650,main,0,E4D8~E4D9,E4D8,E4D9,2,88 C5,0x050C8 0x050C9,0x050C8~0x050C9,0x050C8,0x050C9,false,82 A4,2,0,,hangul,2118,로,19,60,183,A070,122,패치 슬롯 2118 | 한글 문자 | 로,번역 19-060/183 · 로 / 토큰 88 C5 / KANJI A070 / 가나다순 122
2651,main,0,E4DA~E4DB,E4DA,E4DB,2,82 BD,0x050CA 0x050CB,0x050CA~0x050CB,0x050CA,0x050CB,false,82 A2,1,0,,hangul,2119,그,19,61,183,19F0,31,패치 슬롯 2119 | 한글 문자 | 그,번역 19-061/183 · 그 / 토큰 82 BD / KANJI 19F0 / 가나다순 31
2652,main,0,E4DC~E4DD,E4DC,E4DD,2,88 C0,0x050CC 0x050CD,0x050CC~0x050CD,0x050CC,0x050CD,false,82 A4,2,0,,hangul,2120,레,19,62,183,A020,117,패치 슬롯 2120 | 한글 문자 | 레,번역 19-062/183 · 레 / 토큰 88 C0 / KANJI A020 / 가나다순 117
2653,main,0,E4DE~E4DF,E4DE,E4DF,2,89 56,0x050CE 0x050CF,0x050CE~0x050CF,0x050CE,0x050CF,false,82 B1,2,0,,hangul,2121,스,19,63,183,6370,200,패치 슬롯 2121 | 한글 문자 | 스,번역 19-063/183 · 스 / 토큰 89 56 / KANJI 6370 / 가나다순 200
2654,main,0,E4E0~E4E1,E4E0,E4E1,2,89 8C,0x050D0 0x050D1,0x050D0~0x050D1,0x050D0,0x050D1,false,82 C6,2,0,,hangul,2122,의,19,64,183,E2C0,253,패치 슬롯 2122 | 한글 문자 | 의,번역 19-064/183 · 의 / 토큰 89 8C / KANJI E2C0 / 가나다순 253
2655,main,0,E4E2~E4E3,E4E2,E4E3,2,81 40,0x050D2 0x050D3,0x050D2~0x050D3,0x050D2,0x050D3,false,82 C5,2,0,,space,2123,␠,19,65,183,,,패치 슬롯 2123 | 전각 공백 | ␠,번역 19-065/183 · ␠ / 토큰 81 40 / PC-88 전각 공백 토큰
2656,main,0,E4E4~E4E5,E4E4,E4E5,2,89 95,0x050D4 0x050D5,0x050D4~0x050D5,0x050D4,0x050D5,false,82 B2,2,0,,hangul,2124,잔,19,66,183,E350,262,패치 슬롯 2124 | 한글 문자 | 잔,번역 19-066/183 · 잔 / 토큰 89 95 / KANJI E350 / 가나다순 262
2657,main,0,E4E6~E4E7,E4E6,E4E7,2,82 EB,0x050D6 0x050D7,0x050D6~0x050D7,0x050D6,0x050D7,false,82 B4,1,0,,hangul,2125,당,19,67,183,38D0,77,패치 슬롯 2125 | 한글 문자 | 당,번역 19-067/183 · 당 / 토큰 82 EB / KANJI 38D0 / 가나다순 77
2658,main,0,E4E8~E4E9,E4E8,E4E9,2,82 B4,0x050D8 0x050D9,0x050D8~0x050D9,0x050D8,0x050D9,false,82 A2,1,0,,hangul,2126,과,19,68,183,1960,22,패치 슬롯 2126 | 한글 문자 | 과,번역 19-068/183 · 과 / 토큰 82 B4 / KANJI 1960 / 가나다순 22
2659,main,0,E4EA~E4EB,E4EA,E4EB,2,81 40,0x050DA 0x050DB,0x050DA~0x050DB,0x050DA,0x050DB,false,82 DC,2,0,,space,2127,␠,19,69,183,,,패치 슬롯 2127 | 전각 공백 | ␠,번역 19-069/183 · ␠ / 토큰 81 40 / PC-88 전각 공백 토큰
2660,main,0,E4EC~E4ED,E4EC,E4ED,2,88 E9,0x050DC 0x050DD,0x050DC~0x050DD,0x050DC,0x050DD,false,82 B5,2,0,,hangul,2128,바,19,70,183,E0B0,158,패치 슬롯 2128 | 한글 문자 | 바,번역 19-070/183 · 바 / 토큰 88 E9 / KANJI E0B0 / 가나다순 158
2661,main,0,E4EE~E4EF,E4EE,E4EF,2,88 CC,0x050DE 0x050DF,0x050DE~0x050DF,0x050DE,0x050DF,false,82 BD,2,0,,hangul,2129,리,19,71,183,A0E0,129,패치 슬롯 2129 | 한글 문자 | 리,번역 19-071/183 · 리 / 토큰 88 CC / KANJI A0E0 / 가나다순 129
2662,main,0,E4F0~E4F1,E4F0,E4F1,2,89 56,0x050E0 0x050E1,0x050E0~0x050E1,0x050E0,0x050E1,false,82 A9,2,0,,hangul,2130,스,19,72,183,6370,200,패치 슬롯 2130 | 한글 문자 | 스,번역 19-072/183 · 스 / 토큰 89 56 / KANJI 6370 / 가나다순 200
2663,main,0,E4F2~E4F3,E4F2,E4F3,2,89 8C,0x050E2 0x050E3,0x050E2~0x050E3,0x050E2,0x050E3,false,81 42,2,0,,hangul,2131,의,19,73,183,E2C0,253,패치 슬롯 2131 | 한글 문자 | 의,번역 19-073/183 · 의 / 토큰 89 8C / KANJI E2C0 / 가나다순 253
2664,main,0,E4F4~E4F5,E4F4,E4F5,2,81 40,0x050E4 0x050E5,0x050E4~0x050E5,0x050E4,0x050E5,false,83 8D,2,0,,space,2132,␠,19,74,183,,,패치 슬롯 2132 | 전각 공백 | ␠,번역 19-074/183 · ␠ / 토큰 81 40 / PC-88 전각 공백 토큰
2665,main,0,E4F6~E4F7,E4F6,E4F7,2,89 9D,0x050E6 0x050E7,0x050E6~0x050E7,0x050E6,0x050E7,false,83 4F,2,0,,hangul,2133,전,19,75,183,E3D0,270,패치 슬롯 2133 | 한글 문자 | 전,번역 19-075/183 · 전 / 토큰 89 9D / KANJI E3D0 / 가나다순 270
2666,main,0,E4F8~E4F9,E4F8,E4F9,2,89 43,0x050E8 0x050E9,0x050E8~0x050E9,0x050E8,0x050E9,false,83 8C,2,0,,hangul,2134,사,19,76,183,6240,181,패치 슬롯 2134 | 한글 문자 | 사,번역 19-076/183 · 사 / 토큰 89 43 / KANJI 6240 / 가나다순 181
2667,main,0,E4FA~E4FB,E4FA,E4FB,2,88 CA,0x050EA 0x050EB,0x050EA~0x050EB,0x050EA,0x050EB,false,83 58,2,0,,hangul,2135,를,19,77,183,A0C0,127,패치 슬롯 2135 | 한글 문자 | 를,번역 19-077/183 · 를 / 토큰 88 CA / KANJI A0C0 / 가나다순 127
2668,main,0,E4FC~E4FD,E4FC,E4FD,2,81 40,0x050EC 0x050ED,0x050EC~0x050ED,0x050EC,0x050ED,false,82 CC,2,0,,space,2136,␠,19,78,183,,,패치 슬롯 2136 | 전각 공백 | ␠,번역 19-078/183 · ␠ / 토큰 81 40 / PC-88 전각 공백 토큰
2669,main,0,E4FE~E4FF,E4FE,E4FF,2,89 49,0x050EE 0x050EF,0x050EE~0x050EF,0x050EE,0x050EF,false,8E 63,2,0,,hangul,2137,서,19,79,183,62A0,187,패치 슬롯 2137 | 한글 문자 | 서,번역 19-079/183 · 서 / 토큰 89 49 / KANJI 62A0 / 가나다순 187
2670,main,0,E500~E501,E500,E501,2,88 C5,0x050F0 0x050F1,0x050F0~0x050F1,0x050F0,0x050F1,false,93 7D,2,0,,hangul,2138,로,19,80,183,A070,122,패치 슬롯 2138 | 한글 문자 | 로,번역 19-080/183 · 로 / 토큰 88 C5 / KANJI A070 / 가나다순 122
2671,main,0,E502~E503,E502,E503,2,81 40,0x050F2 0x050F3,0x050F2~0x050F3,0x050F2,0x050F3,false,82 C6,2,0,,space,2139,␠,19,81,183,,,패치 슬롯 2139 | 전각 공백 | ␠,번역 19-081/183 · ␠ / 토큰 81 40 / PC-88 전각 공백 토큰
2672,main,0,E504~E505,E504,E505,2,89 5E,0x050F4 0x050F5,0x050F4~0x050F5,0x050F4,0x050F5,false,83 94,2,0,,hangul,2140,싸,19,82,183,63F0,208,패치 슬롯 2140 | 한글 문자 | 싸,번역 19-082/183 · 싸 / 토큰 89 5E / KANJI 63F0 / 가나다순 208
2673,main,0,E506~E507,E506,E507,2,89 81,0x050F6 0x050F7,0x050F6~0x050F7,0x050F6,0x050F7,false,83 40,2,0,,hangul,2141,우,19,83,183,E210,242,패치 슬롯 2141 | 한글 문자 | 우,번역 19-083/183 · 우 / 토큰 89 81 / KANJI E210 / 가나다순 242
2674,main,0,E508~E509,E508,E509,2,82 AB,0x050F8 0x050F9,0x050F8~0x050F9,0x050F8,0x050F9,false,83 8A,2,0,,hangul,2142,게,19,84,183,18D0,13,패치 슬롯 2142 | 한글 문자 | 게,번역 19-084/183 · 게 / 토큰 82 AB / KANJI 18D0 / 가나다순 13
2675,main,0,E50A~E50B,E50A,E50B,2,81 40,0x050FA 0x050FB,0x050FA~0x050FB,0x050FA,0x050FB,false,83 58,2,0,,space,2143,␠,19,85,183,,,패치 슬롯 2143 | 전각 공백 | ␠,번역 19-085/183 · ␠ / 토큰 81 40 / PC-88 전각 공백 토큰
2676,main,0,E50C~E50D,E50C,E50D,2,89 E8,0x050FC 0x050FD,0x050FC~0x050FD,0x050FC,0x050FD,false,82 CC,2,0,,hangul,2144,해,19,86,183,E4A0,345,패치 슬롯 2144 | 한글 문자 | 해,번역 19-086/183 · 해 / 토큰 89 E8 / KANJI E4A0 / 가나다순 345
2677,main,0,E50E~E50F,E50E,E50F,2,81 41,0x050FE 0x050FF,0x050FE~0x050FF,0x050FE,0x050FF,false,90 ED,2,0,,punctuation,2145,、,19,87,183,,,패치 슬롯 2145 | 문장부호 | 、,번역 19-087/183 · 、 / 토큰 81 41 / PC-88 전각 쉼표 토큰
2678,main,0,E510~E511,E510,E511,2,89 9B,0x05100 0x05101,0x05100~0x05101,0x05100,0x05101,false,8E 6D,2,0,,hangul,2146,저,19,88,183,E3B0,268,패치 슬롯 2146 | 한글 문자 | 저,번역 19-088/183 · 저 / 토큰 89 9B / KANJI E3B0 / 가나다순 268
2679,main,0,E512~E513,E512,E513,2,89 F6,0x05102 0x05103,0x05102~0x05103,0x05102,0x05103,false,82 F0,2,0,,hangul,2147,희,19,89,183,E580,359,패치 슬롯 2147 | 한글 문자 | 희,번역 19-089/183 · 희 / 토큰 89 F6 / KANJI E580 / 가나다순 359
2680,main,0,E514~E515,E514,E515,2,81 40,0x05104 0x05105,0x05104~0x05105,0x05104,0x05105,false,90 ED,2,0,,space,2148,␠,19,90,183,,,패치 슬롯 2148 | 전각 공백 | ␠,번역 19-090/183 · ␠ / 토큰 81 40 / PC-88 전각 공백 토큰
2681,main,0,E516~E517,E516,E517,2,89 52,0x05106 0x05107,0x05106~0x05107,0x05106,0x05107,false,82 ED,2,0,,hangul,2149,손,19,91,183,6330,196,패치 슬롯 2149 | 한글 문자 | 손,번역 19-091/183 · 손 / 토큰 89 52 / KANJI 6330 / 가나다순 196
2682,main,0,E518~E519,E518,E519,2,89 8A,0x05108 0x05109,0x05108~0x05109,0x05108,0x05109,false,82 B9,2,0,,hangul,2150,을,19,92,183,E2A0,251,패치 슬롯 2150 | 한글 문자 | 을,번역 19-092/183 · 을 / 토큰 89 8A / KANJI E2A0 / 가나다순 251
2683,main,0,E51A~E51B,E51A,E51B,2,81 40,0x0510A 0x0510B,0x0510A~0x0510B,0x0510A,0x0510B,false,81 41,1,0,,space,2151,␠,19,93,183,,,패치 슬롯 2151 | 전각 공백 | ␠,번역 19-093/183 · ␠ / 토큰 81 40 / PC-88 전각 공백 토큰
2684,main,0,E51C~E51D,E51C,E51D,2,82 ED,0x0510C 0x0510D,0x0510C~0x0510D,0x0510C,0x0510D,false,89 E4,2,0,,hangul,2152,더,19,94,183,38F0,79,패치 슬롯 2152 | 한글 문자 | 더,번역 19-094/183 · 더 / 토큰 82 ED / KANJI 38F0 / 가나다순 79
2685,main,0,E51E~E51F,E51E,E51F,2,88 BF,0x0510E 0x0510F,0x0510E~0x0510F,0x0510E,0x0510F,false,82 E7,2,0,,hangul,2153,럽,19,95,183,A010,116,패치 슬롯 2153 | 한글 문자 | 럽,번역 19-095/183 · 럽 / 토큰 88 BF / KANJI A010 / 가나다순 116
2686,main,0,E520~E521,E520,E521,2,89 F7,0x05110 0x05111,0x05110~0x05111,0x05110,0x05111,false,82 AA,2,0,,hangul,2154,히,19,96,183,E590,360,패치 슬롯 2154 | 한글 문자 | 히,번역 19-096/183 · 히 / 토큰 89 F7 / KANJI E590 / 가나다순 360
2687,main,0,E522~E523,E522,E523,2,82 E3,0x05112 0x05113,0x05112~0x05113,0x05112,0x05113,false,82 A2,1,0,,hangul,2155,는,19,97,183,3850,69,패치 슬롯 2155 | 한글 문자 | 는,번역 19-097/183 · 는 / 토큰 82 E3 / KANJI 3850 / 가나다순 69
2688,main,0,E524~E525,E524,E525,2,81 40,0x05114 0x05115,0x05114~0x05115,0x05114,0x05115,false,82 BF,2,0,,space,2156,␠,19,98,183,,,패치 슬롯 2156 | 전각 공백 | ␠,번역 19-098/183 · ␠ / 토큰 81 40 / PC-88 전각 공백 토큰
2689,main,0,E526~E527,E526,E527,2,89 54,0x05116 0x05117,0x05116~0x05117,0x05116,0x05117,false,82 A2,2,0,,hangul,2157,수,19,99,183,6350,198,패치 슬롯 2157 | 한글 문자 | 수,번역 19-099/183 · 수 / 토큰 89 54 / KANJI 6350 / 가나다순 198
2690,main,0,E528~E529,E528,E529,2,82 B1,0x05118 0x05119,0x05118~0x05119,0x05118,0x05119,false,82 BF,1,0,,hangul,2158,고,19,100,183,1930,19,패치 슬롯 2158 | 한글 문자 | 고,번역 19-100/183 · 고 / 토큰 82 B1 / KANJI 1930 / 가나다순 19
2691,main,0,E52A~E52B,E52A,E52B,2,82 C4,0x0511A 0x0511B,0x0511A~0x0511B,0x0511A,0x0511B,false,8E E8,2,0,,hangul,2159,까,19,101,183,2860,38,패치 슬롯 2159 | 한글 문자 | 까,번역 19-101/183 · 까 / 토큰 82 C4 / KANJI 2860 / 가나다순 38
2692,main,0,E52C~E52D,E52C,E52D,2,89 B3,0x0511C 0x0511D,0x0511C~0x0511D,0x0511C,0x0511D,false,82 F0,2,0,,hangul,2160,지,19,102,183,6550,292,패치 슬롯 2160 | 한글 문자 | 지,번역 19-102/183 · 지 / 토큰 89 B3 / KANJI 6550 / 가나다순 292
2693,main,0,E52E~E52F,E52E,E52F,2,81 40,0x0511E 0x0511F,0x0511E~0x0511F,0x0511E,0x0511F,false,89 BA,2,0,,space,2161,␠,19,103,183,,,패치 슬롯 2161 | 전각 공백 | ␠,번역 19-103/183 · ␠ / 토큰 81 40 / PC-88 전각 공백 토큰
2694,main,0,E530~E531,E530,E531,2,82 EF,0x05120 0x05121,0x05120~0x05121,0x05120,0x05121,false,82 B7,1,0,,hangul,2162,덜,19,104,183,3910,81,패치 슬롯 2162 | 한글 문자 | 덜,번역 19-104/183 · 덜 / 토큰 82 EF / KANJI 3910 / 가나다순 81
2695,main,0,E532~E533,E532,E533,2,82 AC,0x05122 0x05123,0x05122~0x05123,0x05122,0x05123,false,8E E8,2,0,,hangul,2163,겠,19,105,183,18E0,14,패치 슬롯 2163 | 한글 문자 | 겠,번역 19-105/183 · 겠 / 토큰 82 AC / KANJI 18E0 / 가나다순 14
2696,main,0,E534~E535,E534,E535,2,82 E7,0x05124 0x05125,0x05124~0x05125,0x05124,0x05125,false,8A D4,2,0,,hangul,2164,다,19,106,183,3890,73,패치 슬롯 2164 | 한글 문자 | 다,번역 19-106/183 · 다 / 토큰 82 E7 / KANJI 3890 / 가나다순 73
2697,main,0,E536~E537,E536,E537,2,82 E3,0x05126 0x05127,0x05126~0x05127,0x05126,0x05127,false,82 F0,1,0,,hangul,2165,는,19,107,183,3850,69,패치 슬롯 2165 | 한글 문자 | 는,번역 19-107/183 · 는 / 토큰 82 E3 / KANJI 3850 / 가나다순 69
2698,main,0,E538~E539,E538,E539,2,81 40,0x05128 0x05129,0x05128~0x05129,0x05128,0x05129,false,82 CD,2,0,,space,2166,␠,19,108,183,,,패치 슬롯 2166 | 전각 공백 | ␠,번역 19-108/183 · ␠ / 토큰 81 40 / PC-88 전각 공백 토큰
2699,main,0,E53A~E53B,E53A,E53B,2,82 B0,0x0512A 0x0512B,0x0512A~0x0512B,0x0512A,0x0512B,false,82 D4,1,0,,hangul,2167,계,19,109,183,1920,18,패치 슬롯 2167 | 한글 문자 | 계,번역 19-109/183 · 계 / 토큰 82 B0 / KANJI 1920 / 가나다순 18
2700,main,0,E53C~E53D,E53C,E53D,2,89 B9,0x0512C 0x0512D,0x0512C~0x0512D,0x0512C,0x0512D,false,82 B1,2,0,,hangul,2168,책,19,110,183,65B0,298,패치 슬롯 2168 | 한글 문자 | 책,번역 19-110/183 · 책 / 토큰 89 B9 / KANJI 65B0 / 가나다순 298
2701,main,0,E53E~E53F,E53E,E53F,2,89 8D,0x0512E 0x0512F,0x0512E~0x0512F,0x0512E,0x0512F,false,82 A4,2,0,,hangul,2169,이,19,111,183,E2D0,254,패치 슬롯 2169 | 한글 문자 | 이,번역 19-111/183 · 이 / 토큰 89 8D / KANJI E2D0 / 가나다순 254
2702,main,0,E540~E541,E540,E541,2,88 B6,0x05130 0x05131,0x05130~0x05131,0x05130,0x05131,false,82 C6,2,0,,hangul,2170,라,19,112,183,6180,107,패치 슬롯 2170 | 한글 문자 | 라,번역 19-112/183 · 라 / 토큰 88 B6 / KANJI 6180 / 가나다순 107
2703,main,0,E542~E543,E542,E543,2,82 E4,0x05132 0x05133,0x05132~0x05133,0x05132,0x05133,false,82 A2,1,0,,hangul,2171,니,19,113,183,3860,70,패치 슬롯 2171 | 한글 문자 | 니,번역 19-113/183 · 니 / 토큰 82 E4 / KANJI 3860 / 가나다순 70
2704,main,0,E544~E545,E544,E545,2,81 42,0x05134 0x05135,0x05134~0x05135,0x05134,0x05135,false,82 A4,2,0,,punctuation,2172,。,19,114,183,,,패치 슬롯 2172 | 문장부호 | 。,번역 19-114/183 · 。 / 토큰 81 42 / PC-88 전각 마침표 토큰
2705,main,0,E546~E547,E546,E547,2,89 8D,0x05136 0x05137,0x05136~0x05137,0x05136,0x05137,false,82 CC,2,0,,hangul,2173,이,19,115,183,E2D0,254,패치 슬롯 2173 | 한글 문자 | 이,번역 19-115/183 · 이 / 토큰 89 8D / KANJI E2D0 / 가나다순 254
2706,main,0,E548~E549,E548,E549,2,82 AA,0x05138 0x05139,0x05138~0x05139,0x05138,0x05139,false,82 C5,1,0,,hangul,2174,것,19,116,183,18C0,12,패치 슬롯 2174 | 한글 문자 | 것,번역 19-116/183 · 것 / 토큰 82 AA / KANJI 18C0 / 가나다순 12
2707,main,0,E54A~E54B,E54A,E54B,2,89 6B,0x0513A 0x0513B,0x0513A~0x0513B,0x0513A,0x0513B,false,82 B7,2,0,,hangul,2175,야,19,117,183,A2C0,221,패치 슬롯 2175 | 한글 문자 | 야,번역 19-117/183 · 야 / 토큰 89 6B / KANJI A2C0 / 가나다순 221
2708,main,0,E54C~E54D,E54C,E54D,2,88 D3,0x0513C 0x0513D,0x0513C~0x0513D,0x0513C,0x0513D,false,82 C8,2,0,,hangul,2176,말,19,118,183,A150,136,패치 슬롯 2176 | 한글 문자 | 말,번역 19-118/183 · 말 / 토큰 88 D3 / KANJI A150 / 가나다순 136
2709,main,0,E54E~E54F,E54E,E54F,2,88 C5,0x0513E 0x0513F,0x0513E~0x0513F,0x0513E,0x0513F,false,81 42,2,0,,hangul,2177,로,19,119,183,A070,122,패치 슬롯 2177 | 한글 문자 | 로,번역 19-119/183 · 로 / 토큰 88 C5 / KANJI A070 / 가나다순 122
2710,main,0,E550~E551,E550,E551,2,81 40,0x05140 0x05141,0x05140~0x05141,0x05140,0x05141,false,82 DC,2,0,,space,2178,␠,19,120,183,,,패치 슬롯 2178 | 전각 공백 | ␠,번역 19-120/183 · ␠ / 토큰 81 40 / PC-88 전각 공백 토큰
2711,main,0,E552~E553,E552,E553,2,89 8F,0x05142 0x05143,0x05142~0x05143,0x05142,0x05143,false,82 B3,2,0,,hangul,2179,일,19,121,183,E2F0,256,패치 슬롯 2179 | 한글 문자 | 일,번역 19-121/183 · 일 / 토큰 89 8F / KANJI E2F0 / 가나다순 256
2712,main,0,E554~E555,E554,E555,2,89 4A,0x05144 0x05145,0x05144~0x05145,0x05144,0x05145,false,82 C9,2,0,,hangul,2180,석,19,122,183,62B0,188,패치 슬롯 2180 | 한글 문자 | 석,번역 19-122/183 · 석 / 토큰 89 4A / KANJI 62B0 / 가나다순 188
2713,main,0,E556~E557,E556,E557,2,89 8D,0x05146 0x05147,0x05146~0x05147,0x05146,0x05147,false,88 EA,2,0,,hangul,2181,이,19,123,183,E2D0,254,패치 슬롯 2181 | 한글 문자 | 이,번역 19-123/183 · 이 / 토큰 89 8D / KANJI E2D0 / 가나다순 254
2714,main,0,E558~E559,E558,E559,2,89 A3,0x05148 0x05149,0x05148~0x05149,0x05148,0x05149,false,90 CE,2,0,,hangul,2182,조,19,124,183,6450,276,패치 슬롯 2182 | 한글 문자 | 조,번역 19-124/183 · 조 / 토큰 89 A3 / KANJI 6450 / 가나다순 276
2715,main,0,E55A~E55B,E55A,E55B,2,81 49,0x0514A 0x0514B,0x0514A~0x0514B,0x0514A,0x0514B,false,93 F1,2,0,,punctuation,2183,！,19,125,183,,,패치 슬롯 2183 | 문장부호 | ！,번역 19-125/183 · ！ / 토큰 81 49 / PC-88 전각 느낌표 토큰
2716,main,0,E55C~E55D,E55C,E55D,2,81 40,0x0514C 0x0514D,0x0514C~0x0514D,0x0514C,0x0514D,false,92 B9,2,0,,space,2184,␠,19,126,183,,,패치 슬롯 2184 | 전각 공백 | ␠,번역 19-126/183 · ␠ / 토큰 81 40 / PC-88 전각 공백 토큰
2717,main,0,E55E~E55F,E55E,E55F,2,89 DB,0x0514E 0x0514F,0x0514E~0x0514F,0x0514E,0x0514F,false,81 49,2,0,,hangul,2185,편,19,127,183,A5D0,332,패치 슬롯 2185 | 한글 문자 | 편,번역 19-127/183 · 편 / 토큰 89 DB / KANJI A5D0 / 가나다순 332
2718,main,0,E560~E561,E560,E561,2,89 F7,0x05150 0x05151,0x05150~0x05151,0x05150,0x05151,false,81 40,2,0,,hangul,2186,히,19,128,183,E590,360,패치 슬롯 2186 | 한글 문자 | 히,번역 19-128/183 · 히 / 토큰 89 F7 / KANJI E590 / 가나다순 360
2719,main,0,E562~E563,E562,E563,2,81 40,0x05152 0x05153,0x05152~0x05153,0x05152,0x05153,false,89 E4,2,0,,space,2187,␠,19,129,183,,,패치 슬롯 2187 | 전각 공백 | ␠,번역 19-129/183 · ␠ / 토큰 81 40 / PC-88 전각 공백 토큰
2720,main,0,E564~E565,E564,E565,2,89 63,0x05154 0x05155,0x05154~0x05155,0x05154,0x05155,false,82 E7,2,0,,hangul,2188,앉,19,130,183,A240,213,패치 슬롯 2188 | 한글 문자 | 앉,번역 19-130/183 · 앉 / 토큰 89 63 / KANJI A240 / 가나다순 213
2721,main,0,E566~E567,E566,E567,2,89 60,0x05156 0x05157,0x05156~0x05157,0x05156,0x05157,false,82 CD,2,0,,hangul,2189,아,19,131,183,A210,210,패치 슬롯 2189 | 한글 문자 | 아,번역 19-131/183 · 아 / 토큰 89 60 / KANJI A210 / 가나다순 210
2722,main,0,E568~E569,E568,E569,2,81 40,0x05158 0x05159,0x05158~0x05159,0x05158,0x05159,false,82 A0,2,0,,space,2190,␠,19,132,183,,,패치 슬롯 2190 | 전각 공백 | ␠,번역 19-132/183 · ␠ / 토큰 81 40 / PC-88 전각 공백 토큰
2723,main,0,E56A~E56B,E56A,E56B,2,88 E9,0x0515A 0x0515B,0x0515A~0x0515B,0x0515A,0x0515B,false,82 AE,2,0,,hangul,2191,바,19,133,183,E0B0,158,패치 슬롯 2191 | 한글 문자 | 바,번역 19-133/183 · 바 / 토큰 88 E9 / KANJI E0B0 / 가나다순 158
2724,main,0,E56C~E56D,E56C,E56D,2,88 CC,0x0515C 0x0515D,0x0515C~0x0515D,0x0515C,0x0515D,false,82 E7,2,0,,hangul,2192,리,19,134,183,A0E0,129,패치 슬롯 2192 | 한글 문자 | 리,번역 19-134/183 · 리 / 토큰 88 CC / KANJI A0E0 / 가나다순 129
2725,main,0,E56E~E56F,E56E,E56F,2,89 60,0x0515E 0x0515F,0x0515E~0x0515F,0x0515E,0x0515F,false,82 F0,2,0,,hangul,2193,아,19,135,183,A210,210,패치 슬롯 2193 | 한글 문자 | 아,번역 19-135/183 · 아 / 토큰 89 60 / KANJI A210 / 가나다순 210
2726,main,0,E570~E571,E570,E571,2,82 9F,0x05160 0x05161,0x05160~0x05161,0x05160,0x05161,false,82 A9,1,0,,hangul,2194,가,19,136,183,1810,1,패치 슬롯 2194 | 한글 문자 | 가,번역 19-136/183 · 가 / 토큰 82 9F / KANJI 1810 / 가나다순 1
2727,main,0,E572~E573,E572,E573,2,81 40,0x05162 0x05163,0x05162~0x05163,0x05162,0x05163,false,82 A2,2,0,,space,2195,␠,19,137,183,,,패치 슬롯 2195 | 전각 공백 | ␠,번역 19-137/183 · ␠ / 토큰 81 40 / PC-88 전각 공백 토큰
2728,main,0,E574~E575,E574,E575,2,88 DF,0x05164 0x05165,0x05164~0x05165,0x05164,0x05165,false,82 BD,2,0,,hangul,2196,모,19,138,183,E010,148,패치 슬롯 2196 | 한글 문자 | 모,번역 19-138/183 · 모 / 토큰 88 DF / KANJI E010 / 가나다순 148
2729,main,0,E576~E577,E576,E577,2,89 58,0x05166 0x05167,0x05166~0x05167,0x05166,0x05167,false,82 DC,2,0,,hangul,2197,습,19,139,183,6390,202,패치 슬롯 2197 | 한글 문자 | 습,번역 19-139/183 · 습 / 토큰 89 58 / KANJI 6390 / 가나다순 202
2730,main,0,E578~E579,E578,E579,2,89 8A,0x05168 0x05169,0x05168~0x05169,0x05168,0x05169,false,82 DC,2,0,,hangul,2198,을,19,140,183,E2A0,251,패치 슬롯 2198 | 한글 문자 | 을,번역 19-140/183 · 을 / 토큰 89 8A / KANJI E2A0 / 가나다순 251
2731,main,0,E57A~E57B,E57A,E57B,2,81 40,0x0516A 0x0516B,0x0516A~0x0516B,0x0516A,0x0516B,false,81 41,1,0,,space,2199,␠,19,141,183,,,패치 슬롯 2199 | 전각 공백 | ␠,번역 19-141/183 · ␠ / 토큰 81 40 / PC-88 전각 공백 토큰
2732,main,0,E57C~E57D,E57C,E57D,2,88 A8,0x0516C 0x0516D,0x0516C~0x0516D,0x0516C,0x0516D,false,82 BD,2,0,,hangul,2200,드,19,142,183,60A0,93,패치 슬롯 2200 | 한글 문자 | 드,번역 19-142/183 · 드 / 토큰 88 A8 / KANJI 60A0 / 가나다순 93
2733,main,0,E57E~E57F,E57E,E57F,2,88 BB,0x0516E 0x0516F,0x0516E~0x0516F,0x0516E,0x0516F,false,82 BE,2,0,,hangul,2201,러,19,143,183,61D0,112,패치 슬롯 2201 | 한글 문자 | 러,번역 19-143/183 · 러 / 토큰 88 BB / KANJI 61D0 / 가나다순 112
2734,main,0,E580~E581,E580,E581,2,82 D3,0x05170 0x05171,0x05170~0x05171,0x05170,0x05171,false,83 94,2,0,,hangul,2202,내,19,144,183,2950,53,패치 슬롯 2202 | 한글 문자 | 내,번역 19-144/183 · 내 / 토큰 82 D3 / KANJI 2950 / 가나다순 53
2735,main,0,E582~E583,E582,E583,2,82 C1,0x05172 0x05173,0x05172~0x05173,0x05172,0x05173,false,83 40,2,0,,hangul,2203,기,19,145,183,2830,35,패치 슬롯 2203 | 한글 문자 | 기,번역 19-145/183 · 기 / 토큰 82 C1 / KANJI 2830 / 가나다순 35
2736,main,0,E584~E585,E584,E585,2,88 D2,0x05174 0x05175,0x05174~0x05175,0x05174,0x05175,false,83 8A,2,0,,hangul,2204,만,19,146,183,A140,135,패치 슬롯 2204 | 한글 문자 | 만,번역 19-146/183 · 만 / 토큰 88 D2 / KANJI A140 / 가나다순 135
2737,main,0,E586~E587,E586,E587,2,81 40,0x05176 0x05177,0x05176~0x05177,0x05176,0x05177,false,83 41,2,0,,space,2205,␠,19,147,183,,,패치 슬롯 2205 | 전각 공백 | ␠,번역 19-147/183 · ␠ / 토큰 81 40 / PC-88 전각 공백 토큰
2738,main,0,E588~E589,E588,E589,2,82 C1,0x05178 0x05179,0x05178~0x05179,0x05178,0x05179,false,82 AA,1,0,,hangul,2206,기,19,148,183,2830,35,패치 슬롯 2206 | 한글 문자 | 기,번역 19-148/183 · 기 / 토큰 82 C1 / KANJI 2830 / 가나다순 35
2739,main,0,E58A~E58B,E58A,E58B,2,82 E7,0x0517A 0x0517B,0x0517A~0x0517B,0x0517A,0x0517B,false,8F 6F,2,0,,hangul,2207,다,19,149,183,3890,73,패치 슬롯 2207 | 한글 문자 | 다,번역 19-149/183 · 다 / 토큰 82 E7 / KANJI 3890 / 가나다순 73
2740,main,0,E58C~E58D,E58C,E58D,2,88 CC,0x0517C 0x0517D,0x0517C~0x0517D,0x0517C,0x0517D,false,82 C4,2,0,,hangul,2208,리,19,150,183,A0E0,129,패치 슬롯 2208 | 한글 문자 | 리,번역 19-150/183 · 리 / 토큰 88 CC / KANJI A0E0 / 가나다순 129
2741,main,0,E58E~E58F,E58E,E58F,2,88 DC,0x0517E 0x0517F,0x0517E~0x0517F,0x0517E,0x0517F,false,97 88,2,0,,hangul,2209,면,19,151,183,A1E0,145,패치 슬롯 2209 | 한글 문자 | 면,번역 19-151/183 · 면 / 토큰 88 DC / KANJI A1E0 / 가나다순 145
2742,main,0,E590~E591,E590,E591,2,81 40,0x05180 0x05181,0x05180~0x05181,0x05180,0x05181,false,82 E9,2,0,,space,2210,␠,19,152,183,,,패치 슬롯 2210 | 전각 공백 | ␠,번역 19-152/183 · ␠ / 토큰 81 40 / PC-88 전각 공백 토큰
2743,main,0,E592~E593,E592,E593,2,88 A2,0x05182 0x05183,0x05182~0x05183,0x05182,0x05183,false,82 CC,2,0,,hangul,2211,되,19,153,183,6040,87,패치 슬롯 2211 | 한글 문자 | 되,번역 19-153/183 · 되 / 토큰 88 A2 / KANJI 6040 / 가나다순 87
2744,main,0,E594~E595,E594,E595,2,82 AC,0x05184 0x05185,0x05184~0x05185,0x05184,0x05185,false,82 F0,1,0,,hangul,2212,겠,19,154,183,18E0,14,패치 슬롯 2212 | 한글 문자 | 겠,번역 19-154/183 · 겠 / 토큰 82 AC / KANJI 18E0 / 가나다순 14
2745,main,0,E596~E597,E596,E597,2,82 B9,0x05186 0x05187,0x05186~0x05187,0x05186,0x05187,false,91 D2,2,0,,hangul,2213,군,19,155,183,19B0,27,패치 슬롯 2213 | 한글 문자 | 군,번역 19-155/183 · 군 / 토큰 82 B9 / KANJI 19B0 / 가나다순 27
2746,main,0,E598~E599,E598,E599,2,89 80,0x05188 0x05189,0x05188~0x05189,0x05188,0x05189,false,82 C2,2,0,,hangul,2214,요,19,156,183,E200,241,패치 슬롯 2214 | 한글 문자 | 요,번역 19-156/183 · 요 / 토큰 89 80 / KANJI E200 / 가나다순 241
2747,main,0,E59A~E59B,E59A,E59B,2,81 42,0x0518A 0x0518B,0x0518A~0x0518B,0x0518A,0x0518B,false,82 BE,2,0,,punctuation,2215,。,19,157,183,,,패치 슬롯 2215 | 문장부호 | 。,번역 19-157/183 · 。 / 토큰 81 42 / PC-88 전각 마침표 토큰
2748,main,0,E59C~E59D,E59C,E59D,2,82 BD,0x0518C 0x0518D,0x0518C~0x0518D,0x0518C,0x0518D,false,82 AF,1,0,,hangul,2216,그,19,158,183,19F0,31,패치 슬롯 2216 | 한글 문자 | 그,번역 19-158/183 · 그 / 토큰 82 BD / KANJI 19F0 / 가나다순 31
2749,main,0,E59E~E59F,E59E,E59F,2,88 BE,0x0518E 0x0518F,0x0518E~0x0518F,0x0518E,0x0518F,false,81 42,2,0,,hangul,2217,럼,19,159,183,A000,115,패치 슬롯 2217 | 한글 문자 | 럼,번역 19-159/183 · 럼 / 토큰 88 BE / KANJI A000 / 가나다순 115
2750,main,0,E5A0~E5A1,E5A0,E5A1,2,81 40,0x05190 0x05191,0x05190~0x05191,0x05190,0x05191,false,82 C5,2,0,,space,2218,␠,19,160,183,,,패치 슬롯 2218 | 전각 공백 | ␠,번역 19-160/183 · ␠ / 토큰 81 40 / PC-88 전각 공백 토큰
2751,main,0,E5A2~E5A3,E5A2,E5A3,2,82 EB,0x05192 0x05193,0x05192~0x05193,0x05192,0x05193,false,82 CD,1,0,,hangul,2219,당,19,161,183,38D0,77,패치 슬롯 2219 | 한글 문자 | 당,번역 19-161/183 · 당 / 토큰 82 EB / KANJI 38D0 / 가나다순 77
2752,main,0,E5A4~E5A5,E5A4,E5A5,2,88 FB,0x05194 0x05195,0x05194~0x05195,0x05194,0x05195,false,82 B5,2,0,,hangul,2220,분,19,162,183,E1D0,176,패치 슬롯 2220 | 한글 문자 | 분,번역 19-162/183 · 분 / 토큰 88 FB / KANJI E1D0 / 가나다순 176
2753,main,0,E5A6~E5A7,E5A6,E5A7,2,82 A1,0x05196 0x05197,0x05196~0x05197,0x05196,0x05197,false,82 CE,1,0,,hangul,2221,간,19,163,183,1830,3,패치 슬롯 2221 | 한글 문자 | 간,번역 19-163/183 · 간 / 토큰 82 A1 / KANJI 1830 / 가나다순 3
2754,main,0,E5A8~E5A9,E5A8,E5A9,2,81 40,0x05198 0x05199,0x05198~0x05199,0x05198,0x05199,false,82 E7,2,0,,space,2222,␠,19,164,183,,,패치 슬롯 2222 | 전각 공백 | ␠,번역 19-164/183 · ␠ / 토큰 81 40 / PC-88 전각 공백 토큰
2755,main,0,E5AA~E5AB,E5AA,E5AB,2,82 E2,0x0519A 0x0519B,0x0519A~0x0519B,0x0519A,0x0519B,false,82 AD,1,0,,hangul,2223,느,19,165,183,3840,68,패치 슬롯 2223 | 한글 문자 | 느,번역 19-165/183 · 느 / 토큰 82 E2 / KANJI 3840 / 가나다순 68
2756,main,0,E5AC~E5AD,E5AC,E5AD,2,82 C0,0x0519C 0x0519D,0x0519C~0x0519D,0x0519C,0x0519D,false,8D 82,2,0,,hangul,2224,긋,19,166,183,2820,34,패치 슬롯 2224 | 한글 문자 | 긋,번역 19-166/183 · 긋 / 토큰 82 C0 / KANJI 2820 / 가나다순 34
2757,main,0,E5AE~E5AF,E5AE,E5AF,2,89 E2,0x0519E 0x0519F,0x0519E~0x0519F,0x0519E,0x0519F,false,8C A9,2,0,,hangul,2225,하,19,167,183,E440,339,패치 슬롯 2225 | 한글 문자 | 하,번역 19-167/183 · 하 / 토큰 89 E2 / KANJI E440 / 가나다순 339
2758,main,0,E5B0~E5B1,E5B0,E5B1,2,82 AB,0x051A0 0x051A1,0x051A0~0x051A1,0x051A0,0x051A1,false,82 CC,1,0,,hangul,2226,게,19,168,183,18D0,13,패치 슬롯 2226 | 한글 문자 | 게,번역 19-168/183 · 게 / 토큰 82 AB / KANJI 18D0 / 가나다순 13
2759,main,0,E5B2~E5B3,E5B2,E5B3,2,81 40,0x051A2 0x051A3,0x051A2~0x051A3,0x051A2,0x051A3,false,8C A9,2,0,,space,2227,␠,19,169,183,,,패치 슬롯 2227 | 전각 공백 | ␠,번역 19-169/183 · ␠ / 토큰 81 40 / PC-88 전각 공백 토큰
2760,main,0,E5B4~E5B5,E5B4,E5B5,2,82 B7,0x051A4 0x051A5,0x051A4~0x051A5,0x051A4,0x051A5,false,95 A8,2,0,,hangul,2228,구,19,170,183,1990,25,패치 슬롯 2228 | 한글 문자 | 구,번역 19-170/183 · 구 / 토큰 82 B7 / KANJI 1990 / 가나다순 25
2761,main,0,E5B6~E5B7,E5B6,E5B7,2,82 AF,0x051A6 0x051A7,0x051A6~0x051A7,0x051A6,0x051A7,false,82 C6,1,0,,hangul,2229,경,19,171,183,1910,17,패치 슬롯 2229 | 한글 문자 | 경,번역 19-171/183 · 경 / 토큰 82 AF / KANJI 1910 / 가나다순 17
2762,main,0,E5B8~E5B9,E5B8,E5B9,2,89 8D,0x051A8 0x051A9,0x051A8~0x051A9,0x051A8,0x051A9,false,82 A2,2,0,,hangul,2230,이,19,172,183,E2D0,254,패치 슬롯 2230 | 한글 문자 | 이,번역 19-172/183 · 이 / 토큰 89 8D / KANJI E2D0 / 가나다순 254
2763,main,0,E5BA~E5BB,E5BA,E5BB,2,82 CE,0x051AA 0x051AB,0x051AA~0x051AB,0x051AA,0x051AB,false,82 AB,1,0,,hangul,2231,나,19,173,183,2900,48,패치 슬롯 2231 | 한글 문자 | 나,번역 19-173/183 · 나 / 토큰 82 CE / KANJI 2900 / 가나다순 48
2764,main,0,E5BC~E5BD,E5BC,E5BD,2,81 40,0x051AC 0x051AD,0x051AC~0x051AD,0x051AC,0x051AD,false,82 DC,2,0,,space,2232,␠,19,174,183,,,패치 슬롯 2232 | 전각 공백 | ␠,번역 19-174/183 · ␠ / 토큰 81 40 / PC-88 전각 공백 토큰
2765,main,0,E5BE~E5BF,E5BE,E5BF,2,89 E8,0x051AE 0x051AF,0x051AE~0x051AF,0x051AE,0x051AF,false,82 B7,2,0,,hangul,2233,해,19,175,183,E4A0,345,패치 슬롯 2233 | 한글 문자 | 해,번역 19-175/183 · 해 / 토큰 89 E8 / KANJI E4A0 / 가나다순 345
2766,main,0,E5C0~E5C1,E5C0,E5C1,2,88 F7,0x051B0 0x051B1,0x051B0~0x051B1,0x051B0,0x051B1,false,82 A9,2,0,,hangul,2234,볼,19,176,183,E190,172,패치 슬롯 2234 | 한글 문자 | 볼,번역 19-176/183 · 볼 / 토큰 88 F7 / KANJI E190 / 가나다순 172
2767,main,0,E5C2~E5C3,E5C2,E5C3,2,82 C4,0x051B2 0x051B3,0x051B2~0x051B3,0x051B2,0x051B3,false,81 42,2,0,,hangul,2235,까,19,177,183,2860,38,패치 슬롯 2235 | 한글 문자 | 까,번역 19-177/183 · 까 / 토큰 82 C4 / KANJI 2860 / 가나다순 38
2768,main,0,E5C4~E5C5,E5C4,E5C5,2,89 80,0x051B4 0x051B5,0x051B4~0x051B5,0x051B4,0x051B5,false,83 4E,2,0,,hangul,2236,요,19,178,183,E200,241,패치 슬롯 2236 | 한글 문자 | 요,번역 19-178/183 · 요 / 토큰 89 80 / KANJI E200 / 가나다순 241
2769,main,0,E5C6~E5C7,E5C6,E5C7,2,81 41,0x051B6 0x051B7,0x051B6~0x051B7,0x051B6,0x051B7,false,83 4E,2,0,,punctuation,2237,、,19,179,183,,,패치 슬롯 2237 | 문장부호 | 、,번역 19-179/183 · 、 / 토큰 81 41 / PC-88 전각 쉼표 토큰
2770,main,0,E5C8~E5C9,E5C8,E5C9,2,89 C7,0x051B8 0x051B9,0x051B8~0x051B9,0x051B8,0x051B9,false,83 4E,2,0,,hangul,2238,크,19,180,183,A490,312,패치 슬롯 2238 | 한글 문자 | 크,번역 19-180/183 · 크 / 토큰 89 C7 / KANJI A490 / 가나다순 312
2771,main,0,E5CA~E5CB,E5CA,E5CB,2,89 C7,0x051BA 0x051BB,0x051BA~0x051BB,0x051BA,0x051BB,false,83 4E,2,0,,hangul,2239,크,19,181,183,A490,312,패치 슬롯 2239 | 한글 문자 | 크,번역 19-181/183 · 크 / 토큰 89 C7 / KANJI A490 / 가나다순 312
2772,main,0,E5CC~E5CD,E5CC,E5CD,2,89 C7,0x051BC 0x051BD,0x051BC~0x051BD,0x051BC,0x051BD,false,81 42,2,0,,hangul,2240,크,19,182,183,A490,312,패치 슬롯 2240 | 한글 문자 | 크,번역 19-182/183 · 크 / 토큰 89 C7 / KANJI A490 / 가나다순 312
2773,main,0,E5CE~E5CF,E5CE,E5CF,2,81 42,0x051BE 0x051BF,0x051BE~0x051BF,0x051BE,0x051BF,false,61 16,2,0,,punctuation,2241,。,19,183,183,,,패치 슬롯 2241 | 문장부호 | 。,번역 19-183/183 · 。 / 토큰 81 42 / PC-88 전각 마침표 토큰
2774,main,0,E5D0,E5D0,E5D0,1,61,0x051C0,0x051C0,0x051C0,0x051C0,false,36,1,0,,control,,,,,,,,기존 확인 제어 | 61 계열 표시/상태 전환,기존 확인값 재사용; 61h 계열 슬롯 비활성화; KANJI 해당 없음
2775,main,0,E5D1~E5D3,E5D1,E5D3,3,16 36 E7,0x051C1 0x051C2 0x051C3,0x051C1~0x051C3,0x051C1,0x051C3,false,E7 41 83,3,0,,control,,,,,,,,16 계열 서브스트림 호출/전환,서브스트림 → E736
2776,substream,1,E736~E73A,E736,E73A,5,0F 01 25 03 0E,0x05326 0x05327 0x05328 0x05329 0x0532A,0x05326~0x0532A,0x05326,0x0532A,false,0F 01 25 03 0E,0,5,2337,control,,,,,,,,0F 계열 5바이트 제어,C4DA RET → C0A2 HL=E73B
2777,substream,1,E73B~E740,E73B,E740,6,05 11 92 3E AA 00,0x0532B 0x0532C 0x0532D 0x0532E 0x0532F 0x05330,0x0532B~0x05330,0x0532B,0x05330,false,05 11 92 3E AA 00,0,6,2338,control,,,,,,,,05 계열 6바이트 제어,C785 RET → C0A2 HL=E741
2778,substream,1,E741~E745,E741,E745,5,0E 11 10 2E A0,0x05331 0x05332 0x05333 0x05334 0x05335,0x05331~0x05335,0x05331,0x05335,false,0E 11 10 2E A0,0,5,2339,control,,,,,,,,0E 계열 5바이트 제어,C483 RET → C0A2 HL=E746
2779,substream,1,E746~E748,E746,E748,3,13 64 E8,0x05336 0x05337 0x05338,0x05336~0x05338,0x05336,0x05338,false,13 64 E8,0,3,2340,control,,,,,,,,13 계열 제어,C3D5 RET → C0A2 HL=E749
2780,substream,1,E749~E74C,E749,E74C,4,14 00 11 16,0x05339 0x0533A 0x0533B 0x0533C,0x05339~0x0533C,0x05339,0x0533C,false,14 00 11 16,0,4,2341,control,,,,,,,,14 계열 제어,C4C9 RET → C0A2 HL=E74D
2781,substream,1,E74D~E750,E74D,E750,4,14 01 40 00,0x0533D 0x0533E 0x0533F 0x05340,0x0533D~0x05340,0x0533D,0x05340,false,14 01 40 00,0,4,2342,control,,,,,,,,14 계열 제어,C4C9 RET → C0A2 HL=E751
2782,substream,1,E751~E754,E751,E754,4,04 2E E9 41,0x05341 0x05342 0x05343 0x05344,0x05341~0x05344,0x05341,0x05344,false,04 2E E9 41,0,4,2343,control,,,,,,,,04 계열 슬롯/포인터 설정 제어,"DE=E92E, slot=41, C0A2 HL=E755"
2783,substream,1,E755~E756,E755,E756,2,25 2D,0x05345 0x05346,0x05345~0x05346,0x05345,0x05346,false,25 2D,0,2,2344,control,,,,,,,,25 계열 CA1D 설정 제어,CA1D=2D
2784,substream,1,E757,E757,E757,1,17,0x05347,0x05347,0x05347,0x05347,false,17,0,1,2345,control,,,,,,,,서브스트림 복귀 토큰,서브스트림 복귀
2785,main,0,E5D4,E5D4,E5D4,1,41,0x051C4,0x051C4,0x051C4,0x051C4,false,94,1,0,,control,,,,,,,,기존확인 제어 | 41 슬롯 실행,기존 확인값 재사용; 41~50 계열 슬롯 실행; KANJI 해당 없음
2786,main,0,E5D5~E5D6,E5D5,E5D6,2,88 E9,0x051C5 0x051C6,0x051C5~0x051C6,0x051C5,0x051C6,false,83 40,2,0,,hangul,2242,바,20,1,25,E0B0,158,패치 슬롯 2242 | 한글 문자 | 바,번역 20-001/025 · 바 / 토큰 88 E9 / KANJI E0B0 / 가나다순 158
2787,main,0,E5D7~E5D8,E5D7,E5D8,2,88 CC,0x051C7 0x051C8,0x051C7~0x051C8,0x051C7,0x051C8,false,83 8A,2,0,,hangul,2243,리,20,2,25,A0E0,129,패치 슬롯 2243 | 한글 문자 | 리,번역 20-002/025 · 리 / 토큰 88 CC / KANJI A0E0 / 가나다순 129
2788,main,0,E5D9~E5DA,E5D9,E5DA,2,89 60,0x051C9 0x051CA,0x051C9~0x051CA,0x051C9,0x051CA,false,83 41,2,0,,hangul,2244,아,20,3,25,A210,210,패치 슬롯 2244 | 한글 문자 | 아,번역 20-003/025 · 아 / 토큰 89 60 / KANJI A210 / 가나다순 210
2789,main,0,E5DB~E5DC,E5DB,E5DC,2,81 45,0x051CB 0x051CC,0x051CB~0x051CC,0x051CB,0x051CC,false,82 E6,2,0,,punctuation,2245,・,20,4,25,,,패치 슬롯 2245 | 문장부호 | ・,번역 20-004/025 · ・ / 토큰 81 45 / PC-88 가운데점 토큰
2790,main,0,E5DD~E5DE,E5DD,E5DE,2,81 45,0x051CD 0x051CE,0x051CD~0x051CE,0x051CD,0x051CE,false,81 45,0,0,,punctuation,2246,・,20,5,25,,,패치 슬롯 2246 | 문장부호 | ・,번역 20-005/025 · ・ / 토큰 81 45 / PC-88 가운데점 토큰
2791,main,0,E5DF~E5E0,E5DF,E5E0,2,81 45,0x051CF 0x051D0,0x051CF~0x051D0,0x051CF,0x051D0,false,81 45,0,0,,punctuation,2247,・,20,6,25,,,패치 슬롯 2247 | 문장부호 | ・,번역 20-006/025 · ・ / 토큰 81 45 / PC-88 가운데점 토큰
2792,main,0,E5E1~E5E2,E5E1,E5E2,2,81 40,0x051D1 0x051D2,0x051D1~0x051D2,0x051D1,0x051D2,false,81 45,1,0,,space,2248,␠,20,7,25,,,패치 슬롯 2248 | 전각 공백 | ␠,번역 20-007/025 · ␠ / 토큰 81 40 / PC-88 전각 공백 토큰
2793,main,0,E5E3~E5E4,E5E3,E5E4,2,82 D9,0x051D3 0x051D4,0x051D3~0x051D4,0x051D3,0x051D4,false,82 B7,1,0,,hangul,2249,네,20,8,25,29B0,59,패치 슬롯 2249 | 한글 문자 | 네,번역 20-008/025 · 네 / 토큰 82 D9 / KANJI 29B0 / 가나다순 59
2794,main,0,E5E5~E5E6,E5E5,E5E6,2,82 DB,0x051D5 0x051D6,0x051D5~0x051D6,0x051D5,0x051D6,false,82 C5,1,0,,hangul,2250,년,20,9,25,29D0,61,패치 슬롯 2250 | 한글 문자 | 년,번역 20-009/025 · 년 / 토큰 82 DB / KANJI 29D0 / 가나다순 61
2795,main,0,E5E7~E5E8,E5E7,E5E8,2,82 F1,0x051D7 0x051D8,0x051D7~0x051D8,0x051D7,0x051D8,false,82 C9,1,0,,hangul,2251,도,20,10,25,3930,83,패치 슬롯 2251 | 한글 문자 | 도,번역 20-010/025 · 도 / 토큰 82 F1 / KANJI 3930 / 가나다순 83
2796,main,0,E5E9~E5EA,E5E9,E5EA,2,81 40,0x051D9 0x051DA,0x051D9~0x051DA,0x051D9,0x051DA,false,82 A8,2,0,,space,2252,␠,20,11,25,,,패치 슬롯 2252 | 전각 공백 | ␠,번역 20-011/025 · ␠ / 토큰 81 40 / PC-88 전각 공백 토큰
2797,main,0,E5EB~E5EC,E5EB,E5EC,2,89 6C,0x051DB 0x051DC,0x051DB~0x051DC,0x051DB,0x051DC,false,82 DC,2,0,,hangul,2253,어,20,12,25,A2D0,222,패치 슬롯 2253 | 한글 문자 | 어,번역 20-012/025 · 어 / 토큰 89 6C / KANJI A2D0 / 가나다순 222
2798,main,0,E5ED~E5EE,E5ED,E5EE,2,89 B7,0x051DD 0x051DE,0x051DD~0x051DE,0x051DD,0x051DE,false,82 A6,2,0,,hangul,2254,차,20,13,25,6590,296,패치 슬롯 2254 | 한글 문자 | 차,번역 20-013/025 · 차 / 토큰 89 B7 / KANJI 6590 / 가나다순 296
2799,main,0,E5EF~E5F0,E5EF,E5F0,2,89 E0,0x051DF 0x051E0,0x051DF~0x051E0,0x051DF,0x051E0,false,82 CC,2,0,,hangul,2255,피,20,14,25,E420,337,패치 슬롯 2255 | 한글 문자 | 피,번역 20-014/025 · 피 / 토큰 89 E0 / KANJI E420 / 가나다순 337
2800,main,0,E5F1~E5F2,E5F1,E5F2,2,81 40,0x051E1 0x051E2,0x051E1~0x051E2,0x051E1,0x051E2,false,96 BD,2,0,,space,2256,␠,20,15,25,,,패치 슬롯 2256 | 전각 공백 | ␠,번역 20-015/025 · ␠ / 토큰 81 40 / PC-88 전각 공백 토큰
2801,main,0,E5F3~E5F4,E5F3,E5F4,2,82 D3,0x051E3 0x051E4,0x051E3~0x051E4,0x051E3,0x051E4,false,81 41,2,0,,hangul,2257,내,20,16,25,2950,53,패치 슬롯 2257 | 한글 문자 | 내,번역 20-016/025 · 내 / 토큰 82 D3 / KANJI 2950 / 가나다순 53
2802,main,0,E5F5~E5F6,E5F5,E5F6,2,81 40,0x051E5 0x051E6,0x051E5~0x051E6,0x051E5,0x051E6,false,89 E4,2,0,,space,2258,␠,20,17,25,,,패치 슬롯 2258 | 전각 공백 | ␠,번역 20-017/025 · ␠ / 토큰 81 40 / PC-88 전각 공백 토큰
2803,main,0,E5F7~E5F8,E5F7,E5F8,2,89 52,0x051E7 0x051E8,0x051E7~0x051E8,0x051E7,0x051E8,false,82 AA,2,0,,hangul,2259,손,20,18,25,6330,196,패치 슬롯 2259 | 한글 문자 | 손,번역 20-018/025 · 손 / 토큰 89 52 / KANJI 6330 / 가나다순 196
2804,main,0,E5F9~E5FA,E5F9,E5FA,2,88 E9,0x051E9 0x051EA,0x051E9~0x051EA,0x051E9,0x051EA,false,8E E8,2,0,,hangul,2260,바,20,19,25,E0B0,158,패치 슬롯 2260 | 한글 문자 | 바,번역 20-019/025 · 바 / 토큰 88 E9 / KANJI E0B0 / 가나다순 158
2805,main,0,E5FB~E5FC,E5FB,E5FC,2,82 E8,0x051EB 0x051EC,0x051EB~0x051EC,0x051EB,0x051EC,false,92 86,2,0,,hangul,2261,닥,20,20,25,38A0,74,패치 슬롯 2261 | 한글 문자 | 닥,번역 20-020/025 · 닥 / 토큰 82 E8 / KANJI 38A0 / 가나다순 74
2806,main,0,E5FD~E5FE,E5FD,E5FE,2,81 40,0x051ED 0x051EE,0x051ED~0x051EE,0x051ED,0x051EE,false,82 C9,2,0,,space,2262,␠,20,21,25,,,패치 슬롯 2262 | 전각 공백 | ␠,번역 20-021/025 · ␠ / 토큰 81 40 / PC-88 전각 공백 토큰
2807,main,0,E5FF~E600,E5FF,E600,2,89 62,0x051EF 0x051F0,0x051EF~0x051F0,0x051EF,0x051F0,false,82 A0,2,0,,hangul,2263,안,20,22,25,A230,212,패치 슬롯 2263 | 한글 문자 | 안,번역 20-022/025 · 안 / 토큰 89 62 / KANJI A230 / 가나다순 212
2808,main,0,E601~E602,E601,E602,2,89 8D,0x051F1 0x051F2,0x051F1~0x051F2,0x051F1,0x051F2,false,82 E9,2,0,,hangul,2264,이,20,23,25,E2D0,254,패치 슬롯 2264 | 한글 문자 | 이,번역 20-023/025 · 이 / 토큰 89 8D / KANJI E2D0 / 가나다순 254
2809,main,0,E603~E604,E603,E604,2,82 E7,0x051F3 0x051F4,0x051F3~0x051F4,0x051F3,0x051F4,false,82 BC,1,0,,hangul,2265,다,20,24,25,3890,73,패치 슬롯 2265 | 한글 문자 | 다,번역 20-024/025 · 다 / 토큰 82 E7 / KANJI 3890 / 가나다순 73
2810,main,0,E605~E606,E605,E606,2,81 49,0x051F5 0x051F6,0x051F5~0x051F6,0x051F5,0x051F6,false,81 49,0,0,,punctuation,2266,！,20,25,25,,,패치 슬롯 2266 | 문장부호 | ！,번역 20-025/025 · ！ / 토큰 81 49 / PC-88 전각 느낌표 토큰
2811,main,0,E607,E607,E607,1,61,0x051F7,0x051F7,0x051F7,0x051F7,false,61,0,0,,control,,,,,,,,기존 확인 제어 | 61 계열 표시/상태 전환,기존 확인값 재사용; 61h 계열 슬롯 비활성화; KANJI 해당 없음
2812,main,0,E608,E608,E608,1,26,0x051F8,0x051F8,0x051F8,0x051F8,false,26,0,0,,control,,,,,,,,기존 확인 종료·전환 계열 제어 | 26h,기존 확인값 재사용
