sequence,row_kind,character,translation_group,translation_position,patch_slot,source_bytes_hex,original_bytes_hex,current_map_row,current_map_token_hex,target_bytes_hex,raw_offsets_hex
1,control,,,,,0C 01,0C 01,,,0C 01,0x03E92 0x03E93
2,control,,,,,05 16 86 3A 9E 00,05 16 86 3A 9E 00,,,05 16 86 3A 9E 00,0x03E94 0x03E95 0x03E96 0x03E97 0x03E98 0x03E99
3,control,,,,,0E 16 20 24 80,0E 16 20 24 80,,,0E 16 20 24 80,0x03E9A 0x03E9B 0x03E9C 0x03E9D 0x03E9E
4,control,,,,,1F 01 00 03 01 01 00 03 01 00 88,1F 01 00 03 01 01 00 03 01 00 88,,,1F 01 00 03 01 01 00 03 01 00 88,0x03E9F 0x03EA0 0x03EA1 0x03EA2 0x03EA3 0x03EA4 0x03EA5 0x03EA6 0x03EA7 0x03EA8 0x03EA9
5,control,,,,,1E 16 A4,1E 16 A4,,,1E 16 A4,0x03EAA 0x03EAB 0x03EAC
6,control,,,,,16 3C E6,16 3C E6,,,16 3C E6,0x03EAD 0x03EAE 0x03EAF
7,control,,,,,65,65,,,65,0x0522C
8,control,,,,,66,66,,,66,0x0522D
9,control,,,,,0F 04 0D 03 08,0F 04 0D 03 08,,,0F 04 0D 03 08,0x0522E 0x0522F 0x05230 0x05231 0x05232
10,control,,,,,16 95 E7,16 95 E7,,,16 95 E7,0x05233 0x05234 0x05235
11,control,,,,,1E 3C 08,1E 3C 08,,,1E 3C 08,0x05385 0x05386 0x05387
12,control,,,,,05 16 86 3A 9E 00,05 16 86 3A 9E 00,,,05 16 86 3A 9E 00,0x05388 0x05389 0x0538A 0x0538B 0x0538C 0x0538D
13,control,,,,,0E 16 20 24 80,0E 16 20 24 80,,,0E 16 20 24 80,0x0538E 0x0538F 0x05390 0x05391 0x05392
14,control,,,,,17,17,,,17,0x05393
15,control,,,,,13 A4 E7,13 A4 E7,,,13 A4 E7,0x05236 0x05237 0x05238
16,control,,,,,14 00 16 22,14 00 16 22,,,14 00 16 22,0x05239 0x0523A 0x0523B 0x0523C
17,control,,,,,14 01 3B 00,14 01 3B 00,,,14 01 3B 00,0x0523D 0x0523E 0x0523F 0x05240
18,control,,,,,04 AC E8 41,04 AC E8 41,,,04 AC E8 41,0x05241 0x05242 0x05243 0x05244
19,control,,,,,04 B6 E8 42,04 B6 E8 42,,,04 B6 E8 42,0x05245 0x05246 0x05247 0x05248
20,control,,,,,04 C0 E8 43,04 C0 E8 43,,,04 C0 E8 43,0x05249 0x0524A 0x0524B 0x0524C
21,control,,,,,06 12,06 12,,,06 12,0x0524D 0x0524E
22,control,,,,,25 30,25 30,,,25 30,0x0524F 0x05250
23,control,,,,,17,17,,,17,0x05251
24,control,,,,,41,41,,,41,0x03EB0
25,hangul,이,01,1,1,89 8D,82 B1,380,8A A2,8A A2,0x03EB1 0x03EB2
26,hangul,걸,01,2,2,82 A8,82 EA,15,88 AD,88 AD,0x03EB3 0x03EB4
27,hangul,로,01,3,3,88 C5,82 C5,183,89 99,89 99,0x03EB5 0x03EB6
28,space,␠,01,4,4,81 40,8F 95,,,81 40,0x03EB7 0x03EB8
29,hangul,끝,01,5,5,82 CC,82 A9,72,88 E6,88 E6,0x03EB9 0x03EBA
30,hangul,났,01,6,6,82 D2,82 C1,78,88 EC,88 EC,0x03EBB 0x03EBC
31,hangul,다,01,7,7,82 E7,82 BD,111,89 50,89 50,0x03EBD 0x03EBE
32,hangul,고,01,8,8,82 B1,82 C6,29,88 BB,88 BB,0x03EBF 0x03EC0
33,control,,,,,42,42,,,42,0x03EC1
34,space,␠,01,9,9,81 40,8E 76,,,81 40,0x03EC2 0x03EC3
35,hangul,생,01,10,10,89 48,82 A4,271,89 F1,89 F1,0x03EC4 0x03EC5
36,hangul,각,01,11,11,82 A0,82 C8,2,88 A0,88 A0,0x03EC6 0x03EC7
37,hangul,하,01,12,12,89 E2,82 E6,521,8B 72,8B 72,0x03EC8 0x03EC9
38,hangul,지,01,13,13,89 B3,81 42,430,8A D4,8A D4,0x03ECA 0x03ECB
39,space,␠,01,14,14,81 40,82 A8,,,81 40,0x03ECC 0x03ECD
40,hangul,마,01,15,15,88 D1,82 DC,200,89 AA,89 AA,0x03ECE 0x03ECF
41,hangul,라,01,16,16,88 B6,82 A6,159,89 81,89 81,0x03ED0 0x03ED1
42,punctuation,。,01,17,17,81 42,82 F0,,,81 42,0x03ED2 0x03ED3
43,control,,,,,42,42,,,42,0x03ED4
44,hangul,널,01,18,18,82 D7,8E 45,87,88 F5,88 F5,0x03ED5 0x03ED6
45,hangul,죽,01,19,19,89 AB,82 B7,419,8A C9,8A C9,0x03ED7 0x03ED8
46,hangul,이,01,20,20,89 8D,82 DC,380,8A A2,8A A2,0x03ED9 0x03EDA
47,hangul,기,01,21,21,82 C1,82 C5,55,88 D5,88 D5,0x03EDB 0x03EDC
48,space,␠,01,22,22,81 40,82 CD,,,81 40,0x03EDD 0x03EDE
49,hangul,전,01,23,23,89 9D,81 41,401,8A B7,8A B7,0x03EDF 0x03EE0
50,hangul,까,01,24,24,82 C4,89 E4,60,88 DA,88 DA,0x03EE1 0x03EE2
51,hangul,지,01,25,25,89 B3,82 E7,430,8A D4,8A D4,0x03EE3 0x03EE4
52,space,␠,01,26,26,81 40,82 CC,,,81 40,0x03EE5 0x03EE6
53,hangul,우,01,27,27,89 81,91 9E,360,8A 8E,8A 8E,0x03EE7 0x03EE8
54,hangul,리,01,28,28,88 CC,88 AB,194,89 A4,89 A4,0x03EE9 0x03EEA
55,hangul,의,01,29,29,89 8C,82 AA,379,8A A1,8A A1,0x03EEB 0x03EEC
56,space,␠,01,30,30,81 40,82 A2,,,81 40,0x03EED 0x03EEE
57,hangul,증,01,31,31,89 B2,82 E2,429,8A D3,8A D3,0x03EEF 0x03EF0
58,hangul,오,01,32,32,89 76,82 B3,344,8A 7D,8A 7D,0x03EF1 0x03EF2
59,hangul,는,01,33,33,82 E3,82 EA,106,89 4B,89 4B,0x03EF3 0x03EF4
60,space,␠,01,34,34,81 40,82 E9,,,81 40,0x03EF5 0x03EF6
61,hangul,절,01,35,35,89 9E,82 B1,402,8A B8,8A B8,0x03EF7 0x03EF8
62,hangul,대,01,36,36,82 EC,82 C6,118,89 57,89 57,0x03EF9 0x03EFA
63,hangul,사,01,37,37,89 43,82 CD,265,89 EB,89 EB,0x03EFB 0x03EFC
64,hangul,라,01,38,38,88 B6,89 69,159,89 81,89 81,0x03EFD 0x03EFE
65,hangul,지,01,39,39,89 B3,8B 76,430,8A D4,8A D4,0x03EFF 0x03F00
66,hangul,지,01,40,40,89 B3,82 C9,430,8A D4,8A D4,0x03F01 0x03F02
67,space,␠,01,41,41,81 40,82 C8,,,81 40,0x03F03 0x03F04
68,hangul,않,01,42,42,89 64,82 A2,313,8A 5E,8A 5E,0x03F05 0x03F06
69,hangul,는,01,43,43,82 E3,82 CC,106,89 4B,89 4B,0x03F07 0x03F08
70,hangul,다,01,44,44,82 E7,82 BE,111,89 50,89 50,0x03F09 0x03F0A
71,control,,,,,42,42,,,42,0x03F0B
72,punctuation,。,01,45,45,81 42,81 42,,,81 42,0x03F0C 0x03F0D
73,hangul,네,01,46,46,82 D9,82 A8,90,88 F8,88 F8,0x03F0E 0x03F0F
74,hangul,가,01,47,47,82 9F,82 DC,1,88 9F,88 9F,0x03F10 0x03F11
75,space,␠,01,48,48,81 40,82 A6,,,81 40,0x03F12 0x03F13
76,hangul,로,01,49,49,88 C5,82 AA,183,89 99,89 99,0x03F14 0x03F15
77,hangul,그,01,50,50,82 BD,83 8D,49,88 CF,88 CF,0x03F16 0x03F17
78,hangul,레,01,51,51,88 C0,83 4F,177,89 93,89 93,0x03F18 0x03F19
79,hangul,스,01,52,52,89 56,83 8C,293,8A 4A,8A 4A,0x03F1A 0x03F1B
80,hangul,님,01,53,53,82 E6,83 58,110,89 4F,89 4F,0x03F1C 0x03F1D
81,hangul,을,01,54,54,89 8A,97 6C,376,8A 9E,8A 9E,0x03F1E 0x03F1F
82,control,,,,,42,82,,,42,0x03F20
83,hangul,죽,01,55,55,89 AB,F0 42,419,8A C9,8A C9,0x03F21 0x03F22
84,hangul,인,01,56,56,89 8E,96 53,382,8A A4,8A A4,0x03F23 0x03F24
85,space,␠,01,57,57,81 40,82 AB,,,81 40,0x03F25 0x03F26
86,hangul,탓,01,58,58,89 CE,8E D2,483,8B 4C,8B 4C,0x03F27 0x03F28
87,hangul,에,01,59,59,89 70,82 C9,333,8A 72,8A 72,0x03F29 0x03F2A
88,punctuation,、,01,60,60,81 41,82 B5,,,81 41,0x03F2B 0x03F2C
89,hangul,우,01,61,61,89 81,82 BD,360,8A 8E,8A 8E,0x03F2D 0x03F2E
90,hangul,리,01,62,62,88 CC,82 A8,194,89 A4,89 A4,0x03F2F 0x03F30
91,space,␠,01,63,63,81 40,82 A9,,,81 40,0x03F31 0x03F32
92,hangul,로,01,64,64,88 C5,82 B0,183,89 99,89 99,0x03F33 0x03F34
93,hangul,그,01,65,65,82 BD,82 C5,49,88 CF,88 CF,0x03F35 0x03F36
94,hangul,레,01,66,66,88 C0,81 41,177,89 93,89 93,0x03F37 0x03F38
95,hangul,스,01,67,67,89 56,89 E4,293,8A 4A,8A 4A,0x03F39 0x03F3A
96,hangul,족,01,68,68,89 A4,82 E7,410,8A C0,8A C0,0x03F3B 0x03F3C
97,hangul,이,01,69,69,89 8D,83 8D,380,8A A2,8A A2,0x03F3D 0x03F3E
98,space,␠,01,70,70,81 40,83 4F,,,81 40,0x03F3F 0x03F40
99,hangul,얼,01,71,71,89 6D,83 8C,328,8A 6D,8A 6D,0x03F41 0x03F42
100,hangul,마,01,72,72,88 D1,83 58,200,89 AA,89 AA,0x03F43 0x03F44
101,hangul,나,01,73,73,82 CE,91 B0,74,88 E8,88 E8,0x03F45 0x03F46
102,space,␠,01,74,74,81 40,82 AA,,,81 40,0x03F47 0x03F48
103,hangul,큰,01,75,75,89 C8,82 C7,474,8B 43,8B 43,0x03F49 0x03F4A
104,space,␠,01,76,76,81 40,82 EA,,,81 40,0x03F4B 0x03F4C
105,hangul,고,01,77,77,82 B1,82 D9,29,88 BB,88 BB,0x03F4D 0x03F4E
106,hangul,통,01,78,78,89 D4,82 C7,494,8B 57,8B 57,0x03F4F 0x03F50
107,hangul,을,01,79,79,89 8A,82 CC,376,8A 9E,8A 9E,0x03F51 0x03F52
108,control,,,,,42,8B,,,42,0x03F53
109,space,␠,01,80,80,81 40,EA 82,,,81 40,0x03F54 0x03F55
110,hangul,겪,01,81,81,82 AD,B5 82,23,88 B5,88 B5,0x03F56 0x03F57
111,hangul,었,01,82,82,89 6F,DD 82,332,8A 71,8A 71,0x03F58 0x03F59
112,hangul,는,01,83,83,82 E3,F0 42,106,89 4B,89 4B,0x03F5A 0x03F5B
113,hangul,지,01,84,84,89 B3,82 C8,430,8A D4,8A D4,0x03F5C 0x03F5D
114,space,␠,01,85,85,81 40,82 DF,,,81 40,0x03F5E 0x03F5F
115,hangul,아,01,86,86,89 60,82 C4,309,8A 5A,8A 5A,0x03F60 0x03F61
116,hangul,느,01,87,87,82 E2,97 88,105,89 4A,89 4A,0x03F62 0x03F63
117,hangul,냐,01,88,88,82 D5,82 BD,82,88 F0,88 F0,0x03F64 0x03F65
118,punctuation,！,01,89,89,81 49,82 B1,,,81 49,0x03F66 0x03F67
119,control,,,,,61,82,,,61,0x03F68
120,control,,,,,81 40,C6 82,,,81 40,0x03F69 0x03F6A
121,control,,,,,16 98 E6,A9 81 49,,,16 98 E6,0x03F6B 0x03F6C 0x03F6D
122,control,,,,,0F 03 06 03 0F,0F 03 06 03 0F,,,0F 03 06 03 0F,0x05288 0x05289 0x0528A 0x0528B 0x0528C
123,control,,,,,16 95 E7,16 95 E7,,,16 95 E7,0x0528D 0x0528E 0x0528F
124,control,,,,,1E 3C 08,1E 3C 08,,,1E 3C 08,0x05385 0x05386 0x05387
125,control,,,,,05 16 86 3A 9E 00,05 16 86 3A 9E 00,,,05 16 86 3A 9E 00,0x05388 0x05389 0x0538A 0x0538B 0x0538C 0x0538D
126,control,,,,,0E 16 20 24 80,0E 16 20 24 80,,,0E 16 20 24 80,0x0538E 0x0538F 0x05390 0x05391 0x05392
127,control,,,,,17,17,,,17,0x05393
128,control,,,,,13 B4 E7,13 B4 E7,,,13 B4 E7,0x05290 0x05291 0x05292
129,control,,,,,14 00 16 22,14 00 16 22,,,14 00 16 22,0x05293 0x05294 0x05295 0x05296
130,control,,,,,14 01 3B 00,14 01 3B 00,,,14 01 3B 00,0x05297 0x05298 0x05299 0x0529A
131,control,,,,,04 CA E8 41,04 CA E8 41,,,04 CA E8 41,0x0529B 0x0529C 0x0529D 0x0529E
132,control,,,,,04 DE E8 43,04 DE E8 43,,,04 DE E8 43,0x0529F 0x052A0 0x052A1 0x052A2
133,control,,,,,04 E8 E8 42,04 E8 E8 42,,,04 E8 E8 42,0x052A3 0x052A4 0x052A5 0x052A6
134,control,,,,,04 F2 E8 44,04 F2 E8 44,,,04 F2 E8 44,0x052A7 0x052A8 0x052A9 0x052AA
135,control,,,,,04 FC E8 45,04 FC E8 45,,,04 FC E8 45,0x052AB 0x052AC 0x052AD 0x052AE
136,control,,,,,04 06 E9 46,04 06 E9 46,,,04 06 E9 46,0x052AF 0x052B0 0x052B1 0x052B2
137,control,,,,,06 0E,06 0E,,,06 0E,0x052B3 0x052B4
138,control,,,,,45,45,,,45,0x052B5
139,control,,,,,46,46,,,46,0x052B6
140,control,,,,,01 05,01 05,,,01 05,0x052B7 0x052B8
141,control,,,,,25 2B,25 2B,,,25 2B,0x052B9 0x052BA
142,control,,,,,17,17,,,17,0x052BB
143,control,,,,,41,61,,,41,0x03F6E
144,control,,,,,44,81,,,44,0x03F6F
145,control,,,,,64,40,,,64,0x03F70
146,hangul,사,02,1,90,89 43,16 98,265,89 EB,89 EB,0x03F71 0x03F72
147,hangul,람,02,2,91,88 B8,E6 41,162,89 84,89 84,0x03F73 0x03F74
148,hangul,들,02,3,92,88 AA,44 64,144,89 71,89 71,0x03F75 0x03F76
149,hangul,을,02,4,93,89 8A,90 6C,376,8A 9E,8A 9E,0x03F77 0x03F78
150,space,␠,02,5,94,81 40,82 F0,,,81 40,0x03F79 0x03F7A
151,hangul,고,02,6,95,82 B1,8B EA,29,88 BB,88 BB,0x03F7B 0x03F7C
152,hangul,통,02,7,96,89 D4,82 B5,494,8B 57,8B 57,0x03F7D 0x03F7E
153,hangul,으,02,8,97,89 88,82 DF,373,8A 9B,8A 9B,0x03F7F 0x03F80
154,hangul,로,02,9,98,88 C5,82 C4,183,89 99,89 99,0x03F81 0x03F82
155,space,␠,02,10,99,81 40,82 A2,,,81 40,0x03F83 0x03F84
156,hangul,몰,02,11,100,88 E1,82 E9,221,89 BF,89 BF,0x03F85 0x03F86
157,hangul,아,02,12,101,89 60,82 CC,309,8A 5A,8A 5A,0x03F87 0x03F88
158,hangul,넣,02,13,102,82 D8,82 CD,89,88 F7,88 F7,0x03F89 0x03F8A
159,hangul,은,02,14,103,89 89,82 A8,375,8A 9D,8A 9D,0x03F8B 0x03F8C
160,space,␠,02,15,104,81 40,82 DC,,,81 40,0x03F8D 0x03F8E
161,hangul,건,02,16,105,82 A7,82 A6,14,88 AC,88 AC,0x03F8F 0x03F90
162,space,␠,02,17,106,81 40,82 BD,,,81 40,0x03F91 0x03F92
163,hangul,너,02,18,107,82 D6,82 BF,85,88 F3,88 F3,0x03F93 0x03F94
164,hangul,희,02,19,108,89 F6,82 CC,556,8B 96,8B 96,0x03F95 0x03F96
165,hangul,야,02,20,109,89 6B,95 FB,321,8A 66,8A 66,0x03F97 0x03F98
166,control,,,,,44,82,,,44,0x03F99
167,punctuation,!,02,21,110,81 49,C5 82,,,81 49,0x03F9A 0x03F9B
168,space,␠,02,22,111,81 40,B5 82,,,81 40,0x03F9C 0x03F9D
169,hangul,너,02,23,112,82 D6,E5 82,85,88 F3,88 F3,0x03F9E 0x03F9F
170,hangul,희,02,24,113,89 F6,A4 44,556,8B 96,8B 96,0x03FB0 0x03FB1
171,hangul,가,02,25,114,82 9F,81 49,1,88 9F,88 9F,0x03FB2 0x03FB3
172,space,␠,02,26,115,81 40,81 40,,,81 40,0x03FB4 0x03FB5
173,hangul,대,02,27,116,82 EC,88 EA,118,89 57,89 57,0x03FB6 0x03FB7
174,hangul,체,02,28,117,89 BB,91 CC,453,8A EB,8A EB,0x03FB8 0x03FB9
175,space,␠,02,29,118,81 40,82 A8,,,81 40,0x03FBA 0x03FBB
176,hangul,무,02,30,119,88 E3,82 DC,224,89 C2,89 C2,0x03FBC 0x03FBD
177,hangul,슨,02,31,120,89 57,82 A6,294,8A 4B,8A 4B,0x03FBE 0x03FBF
178,control,,,,,44,82,,,44,0x03FC0
179,space,␠,02,32,121,81 40,BD 82,,,81 40,0x03FC1 0x03FC2
180,hangul,고,02,33,122,82 B1,BF 82,29,88 BB,88 BB,0x03FC3 0x03FC4
181,hangul,통,02,34,123,89 D4,AA 82,494,8B 57,8B 57,0x03FC5 0x03FC6
182,hangul,을,02,35,124,89 8A,C7 82,376,8A 9E,8A 9E,0x03FC7 0x03FC8
183,space,␠,02,36,125,81 40,F1 82,,,81 40,0x03FC9 0x03FCA
184,hangul,겪,02,37,126,82 AD,C8 44,23,88 B5,88 B5,0x03FCB 0x03FCC
185,hangul,었,02,38,127,89 6F,8B EA,332,8A 71,8A 71,0x03FCD 0x03FCE
186,hangul,다,02,39,128,82 E7,82 B5,111,89 50,89 50,0x03FCF 0x03FD0
187,hangul,는,02,40,129,82 E3,82 A2,106,89 4B,89 4B,0x03FD1 0x03FD2
188,space,␠,02,41,130,81 40,96 DA,,,81 40,0x03FD3 0x03FD4
189,hangul,거,02,42,131,82 A6,82 C9,12,88 AA,88 AA,0x03FD5 0x03FD6
190,hangul,야,02,43,132,89 6B,89 EF,321,8A 66,8A 66,0x03FD7 0x03FD8
191,punctuation,！,02,44,133,81 49,82 C1,,,81 49,0x03FD9 0x03FDA
192,space,␠,02,45,134,81 40,82 BD,,,81 40,0x03FDB 0x03FDC
193,control,,,,,61,82,,,61,0x03FDD
194,control,,,,,65,C6,,,65,0x03FDE
195,control,,,,,66,82,,,66,0x03FDF
196,control,,,,,16 3C E6,A2 82 A4,,,16 3C E6,0x03FE0 0x03FE1 0x03FE2
197,control,,,,,65,65,,,65,0x0522C
198,control,,,,,66,66,,,66,0x0522D
199,control,,,,,0F 04 0D 03 08,0F 04 0D 03 08,,,0F 04 0D 03 08,0x0522E 0x0522F 0x05230 0x05231 0x05232
200,control,,,,,16 95 E7,16 95 E7,,,16 95 E7,0x05233 0x05234 0x05235
201,control,,,,,1E 3C 08,1E 3C 08,,,1E 3C 08,0x05385 0x05386 0x05387
202,control,,,,,05 16 86 3A 9E 00,05 16 86 3A 9E 00,,,05 16 86 3A 9E 00,0x05388 0x05389 0x0538A 0x0538B 0x0538C 0x0538D
203,control,,,,,0E 16 20 24 80,0E 16 20 24 80,,,0E 16 20 24 80,0x0538E 0x0538F 0x05390 0x05391 0x05392
204,control,,,,,17,17,,,17,0x05393
205,control,,,,,13 A4 E7,13 A4 E7,,,13 A4 E7,0x05236 0x05237 0x05238
206,control,,,,,14 00 16 22,14 00 16 22,,,14 00 16 22,0x05239 0x0523A 0x0523B 0x0523C
207,control,,,,,14 01 3B 00,14 01 3B 00,,,14 01 3B 00,0x0523D 0x0523E 0x0523F 0x05240
208,control,,,,,04 AC E8 41,04 AC E8 41,,,04 AC E8 41,0x05241 0x05242 0x05243 0x05244
209,control,,,,,04 B6 E8 42,04 B6 E8 42,,,04 B6 E8 42,0x05245 0x05246 0x05247 0x05248
210,control,,,,,04 C0 E8 43,04 C0 E8 43,,,04 C0 E8 43,0x05249 0x0524A 0x0524B 0x0524C
211,control,,,,,06 12,06 12,,,06 12,0x0524D 0x0524E
212,control,,,,,25 30,25 30,,,25 30,0x0524F 0x05250
213,control,,,,,17,17,,,17,0x05251
214,control,,,,,41,82,,,41,0x03FE3
215,hangul,그,03,1,135,82 BD,CC 81,49,88 CF,88 CF,0x03FE4 0x03FE5
216,hangul,럼,03,2,136,88 BE,49 61,173,89 8F,89 8F,0x03FE6 0x03FE7
217,space,␠,03,3,137,81 40,65 66,,,81 40,0x03FE8 0x03FE9
218,hangul,들,03,4,138,88 AA,16 3C,144,89 71,89 71,0x03FEA 0x03FEB
219,hangul,려,03,5,139,88 C1,E6 41,178,89 94,89 94,0x03FEC 0x03FED
220,hangul,주,03,6,140,89 AA,82 C5,418,8A C8,8A C8,0x03FEE 0x03FEF
221,hangul,마,03,7,141,88 D1,82 CD,200,89 AA,89 AA,0x03FF0 0x03FF1
222,control,,,,,42,98,,,42,0x03FF2
223,punctuation,、,03,8,142,81 41,62 82,,,81 41,0x03FF3 0x03FF4
224,hangul,로,03,9,143,88 C5,B5 82,183,89 99,89 99,0x03FF5 0x03FF6
225,hangul,그,03,10,144,82 BD,C4 82,49,88 CF,88 CF,0x03FF7 0x03FF8
226,hangul,레,03,11,145,88 C0,E2 82,177,89 93,89 93,0x03FF9 0x03FFA
227,hangul,스,03,12,146,89 56,EB 82,293,8A 4A,8A 4A,0x03FFB 0x03FFC
228,hangul,님,03,13,147,82 E6,A4 42,110,89 4F,89 4F,0x03FFD 0x03FFE
229,hangul,이,03,14,148,89 8D,81 41,380,8A A2,8A A2,0x03FFF 0x04000
230,space,␠,03,15,149,81 40,83 8D,,,81 40,0x04001 0x04002
231,hangul,돌,03,16,150,88 9F,83 4F,126,89 5F,89 5F,0x04003 0x04004
232,hangul,아,03,17,151,89 60,83 8C,309,8A 5A,8A 5A,0x04005 0x04006
233,hangul,가,03,18,152,82 9F,83 58,1,88 9F,88 9F,0x04007 0x04008
234,hangul,시,03,19,153,89 5A,97 6C,298,8A 4F,8A 4F,0x04009 0x0400A
235,hangul,고,03,20,154,82 B1,96 53,29,88 BB,88 BB,0x0400B 0x0400C
236,control,,,,,42,82,,,42,0x0400D
237,space,␠,03,21,155,81 40,AB 82,,,81 40,0x0400E 0x0400F
238,hangul,베,03,22,156,88 F2,A0 82,247,89 D9,89 D9,0x04010 0x04011
239,hangul,칸,03,23,157,89 C2,C6 82,466,8A F8,8A F8,0x04012 0x04013
240,hangul,티,03,24,158,89 D7,CC 42,498,8B 5B,8B 5B,0x04014 0x04015
241,hangul,가,03,25,159,82 9F,83 94,1,88 9F,88 9F,0x04016 0x04017
242,space,␠,03,26,160,81 40,83 46,,,81 40,0x04018 0x04019
243,hangul,어,03,27,161,89 6C,83 4A,325,8A 6A,8A 6A,0x0401A 0x0401B
244,hangul,떤,03,28,162,88 AE,83 93,150,89 77,89 77,0x0401C 0x0401D
245,space,␠,03,29,163,81 40,83 65,,,81 40,0x0401E 0x0401F
246,hangul,지,03,30,164,89 B3,83 42,430,8A D4,8A D4,0x04020 0x04021
247,hangul,옥,03,31,165,89 77,82 CC,345,8A 7E,8A 7E,0x04022 0x04023
248,hangul,이,03,32,166,89 8D,92 6E,380,8A A2,8A A2,0x04024 0x04025
249,space,␠,03,33,167,81 40,8D 96,,,81 40,0x04026 0x04027
250,hangul,됐,03,34,168,88 A1,8A 47,130,89 63,89 63,0x04028 0x04029
251,hangul,는,03,35,169,82 E3,82 F0,106,89 4B,89 4B,0x0402A 0x0402B
252,hangul,지,03,36,170,89 B3,81 49,430,8A D4,8A D4,0x0402C 0x0402D
253,punctuation,！,03,37,171,81 49,81 40,,,81 49,0x0402E 0x0402F
254,space,␠,03,38,172,81 40,83 8D,,,81 40,0x04030 0x04031
255,hangul,로,03,39,173,88 C5,83 4F,183,89 99,89 99,0x04032 0x04033
256,hangul,그,03,40,174,82 BD,83 8C,49,88 CF,88 CF,0x04034 0x04035
257,hangul,레,03,41,175,88 C0,83 58,177,89 93,89 93,0x04036 0x04037
258,hangul,스,03,42,176,89 56,97 6C,293,8A 4A,8A 4A,0x04038 0x04039
259,hangul,님,03,43,177,82 E6,82 AA,110,89 4F,89 4F,0x0403A 0x0403B
260,hangul,이,03,44,178,89 8D,96 53,380,8A A2,8A A2,0x0403C 0x0403D
261,space,␠,03,45,179,81 40,82 AD,,,81 40,0x0403E 0x0403F
262,hangul,사,03,46,180,89 43,82 C8,265,89 EB,89 EB,0x04040 0x04041
263,hangul,라,03,47,181,88 B6,82 E9,159,89 81,89 81,0x04042 0x04043
264,hangul,지,03,48,182,89 B3,82 C6,430,8A D4,8A D4,0x04044 0x04045
265,hangul,자,03,49,183,89 93,81 41,391,8A AD,8A AD,0x04046 0x04047
266,punctuation,、,03,50,184,81 41,82 A9,,,81 41,0x04048 0x04049
267,hangul,오,03,51,185,89 76,82 CB,344,8A 7D,8A 7D,0x0404A 0x0404B
268,hangul,래,03,52,186,88 B9,82 C4,166,89 88,89 88,0x0404C 0x0404D
269,hangul,전,03,53,187,89 9D,82 A9,401,8A B7,8A B7,0x0404E 0x0404F
270,hangul,부,03,54,188,88 FA,82 E7,255,89 E1,89 E1,0x04050 0x04051
271,hangul,터,03,55,189,89 D1,83 8D,486,8B 4F,8B 4F,0x04052 0x04053
272,space,␠,03,56,190,81 40,83 4F,,,81 40,0x04054 0x04055
273,hangul,대,03,57,191,82 EC,83 8C,118,89 57,89 57,0x04056 0x04057
274,hangul,립,03,58,192,88 D0,83 58,199,89 A9,89 A9,0x04058 0x04059
275,hangul,해,03,59,193,89 E8,97 6C,528,8B 79,8B 79,0x0405A 0x0405B
276,hangul,온,03,60,194,89 78,82 C6,346,8A 80,8A 80,0x0405C 0x0405D
277,space,␠,03,61,195,81 40,91 CE,,,81 40,0x0405E 0x0405F
278,hangul,반,03,62,196,88 EA,97 A7,236,89 CE,89 CE,0x04060 0x04061
279,hangul,란,03,63,197,88 B7,82 B5,161,89 83,89 83,0x04062 0x04063
280,hangul,분,03,64,198,88 FB,82 C4,256,89 E2,89 E2,0x04064 0x04065
281,hangul,자,03,65,199,89 93,82 A2,391,8A AD,8A AD,0x04066 0x04067
282,hangul,들,03,66,200,88 AA,82 BD,144,89 71,89 71,0x04068 0x04069
283,control,,,,,42,94,,,42,0x0406A
284,hangul,이,03,67,201,89 8D,BD 97,380,8A A2,8A A2,0x0406B 0x0406C
285,space,␠,03,68,202,81 40,90 95,,,81 40,0x0406D 0x0406E
286,hangul,기,03,69,203,82 C1,AA 8E,55,88 D5,88 D5,0x0406F 0x04070
287,hangul,세,03,70,204,89 4E,71 82,278,89 F8,89 F8,0x04071 0x04072
288,hangul,를,03,71,205,88 CA,BD 82,192,89 A2,89 A2,0x04073 0x04074
289,space,␠,03,72,206,81 40,BF 42,,,81 40,0x04075 0x04076
290,hangul,몰,03,73,207,88 E1,82 AA,221,89 BF,89 BF,0x04077 0x04078
291,hangul,아,03,74,208,89 60,81 41,309,8A 5A,8A 5A,0x04079 0x0407A
292,space,␠,03,75,209,81 40,82 A2,,,81 40,0x0407B 0x0407C
293,hangul,우,03,76,210,89 81,82 AB,360,8A 8E,8A 8E,0x0407D 0x0407E
294,hangul,리,03,77,211,88 CC,82 A8,194,89 A4,89 A4,0x0407F 0x04080
295,hangul,를,03,78,212,88 CA,82 A2,192,89 A2,89 A2,0x04081 0x04082
296,space,␠,03,79,213,81 40,89 E4,,,81 40,0x04083 0x04084
297,hangul,침,03,80,214,89 C1,82 E7,464,8A F6,8A F6,0x04085 0x04086
298,hangul,공,03,81,215,82 B3,83 8D,35,88 C1,88 C1,0x04087 0x04088
299,hangul,해,03,82,216,89 E8,83 4F,528,8B 79,8B 79,0x04089 0x0408A
300,hangul,왔,03,83,217,89 7B,83 8C,351,8A 85,8A 85,0x0408B 0x0408C
301,hangul,다,03,84,218,82 E7,83 58,111,89 50,89 50,0x0408D 0x0408E
302,punctuation,。,03,85,219,81 42,91 B0,,,81 42,0x0408F 0x04090
303,hangul,하,03,86,220,89 E2,82 C9,521,8B 72,8B 72,0x04091 0x04092
304,hangul,지,03,87,221,89 B3,8D 55,430,8A D4,8A D4,0x04093 0x04094
305,hangul,만,03,88,222,88 D2,8C 82,202,89 AC,89 AC,0x04095 0x04096
306,space,␠,03,89,223,81 40,82 F0,,,81 40,0x04097 0x04098
307,hangul,오,03,90,224,89 76,82 B5,344,8A 7D,8A 7D,0x04099 0x0409A
308,hangul,랫,03,91,225,88 BA,82 A9,168,89 8A,89 8A,0x0409B 0x0409C
309,hangul,동,03,92,226,88 A0,82 AF,128,89 61,89 61,0x0409D 0x0409E
310,hangul,안,03,93,227,89 62,82 C4,311,8A 5C,8A 5C,0x0409F 0x040A0
311,space,␠,03,94,228,81 40,82 AB,,,81 40,0x040A1 0x040A2
312,hangul,베,03,95,229,88 F2,82 BD,247,89 D9,89 D9,0x040A3 0x040A4
313,hangul,칸,03,96,230,89 C2,81 42,466,8A F8,8A F8,0x040A5 0x040A6
314,hangul,티,03,97,231,89 D7,82 C6,498,8B 5B,8B 5B,0x040A7 0x040A8
315,hangul,를,03,98,232,88 CA,82 CD,192,89 A2,89 A2,0x040A9 0x040AA
316,space,␠,03,99,233,81 40,82 A2,,,81 40,0x040AB 0x040AC
317,hangul,지,03,100,234,89 B3,82 A6,430,8A D4,8A D4,0x040AD 0x040AE
318,hangul,배,03,101,235,88 EF,92 B7,241,89 D3,89 D3,0x040AF 0x040B0
319,hangul,해,03,102,236,89 E8,82 A2,528,8B 79,8B 79,0x040B1 0x040B2
320,hangul,온,03,103,237,89 78,8A D4,346,8A 80,8A 80,0x040B3 0x040B4
321,space,␠,03,104,238,81 40,83 94,,,81 40,0x040B5 0x040B6
322,hangul,우,03,105,239,89 81,83 46,360,8A 8E,8A 8E,0x040B7 0x040B8
323,hangul,리,03,106,240,88 CC,83 4A,194,89 A4,89 A4,0x040B9 0x040BA
324,hangul,에,03,107,241,89 70,83 93,333,8A 72,8A 72,0x040BB 0x040BC
325,hangul,게,03,108,242,82 AB,83 65,19,88 B1,88 B1,0x040BD 0x040BE
326,punctuation,、,03,109,243,81 41,83 42,,,81 41,0x040BF 0x040C0
327,hangul,그,03,110,244,82 BD,82 F0,49,88 CF,88 CF,0x040C1 0x040C2
328,hangul,분,03,111,245,88 FB,8E 78,256,89 E2,89 E2,0x040C3 0x040C4
329,control,,,,,42,94,,,42,0x040C5
330,hangul,이,03,112,246,89 8D,7A 82,380,8A A2,8A A2,0x040C6 0x040C7
331,space,␠,03,113,247,81 40,B5 82,,,81 40,0x040C8 0x040C9
332,hangul,없,03,114,248,89 6E,C2 82,330,8A 6F,8A 6F,0x040CA 0x040CB
333,hangul,다,03,115,249,82 E7,C3 82,111,89 50,89 50,0x040CC 0x040CD
334,space,␠,03,116,250,81 40,AF 82,,,81 40,0x040CE 0x040CF
335,hangul,해,03,117,251,89 E8,C4 82,528,8B 79,8B 79,0x040D0 0x040D1
336,hangul,도,03,118,252,82 F1,AB 82,125,89 5E,89 5E,0x040D2 0x040D3
337,space,␠,03,119,253,81 40,BD 89,,,81 40,0x040D4 0x040D5
338,hangul,놈,03,120,254,82 DD,E4 82,97,89 42,89 42,0x040D6 0x040D7
339,hangul,들,03,121,255,88 AA,E7 81,144,89 71,89 71,0x040D8 0x040D9
340,hangul,이,03,122,256,89 8D,41 83,380,8A A2,8A A2,0x040DA 0x040DB
341,space,␠,03,123,257,81 40,8D 83,,,81 40,0x040DC 0x040DD
342,hangul,상,03,124,258,89 47,4F 83,269,89 EF,89 EF,0x040DE 0x040DF
343,hangul,대,03,125,259,82 EC,8C 83,118,89 57,89 57,0x040E0 0x040E1
344,hangul,가,03,126,260,82 9F,58 42,1,88 9F,88 9F,0x040E2 0x040E3
345,space,␠,03,127,261,81 40,97 6C,,,81 40,0x040E4 0x040E5
346,hangul,될,03,128,262,88 A4,82 F0,133,89 66,89 66,0x040E6 0x040E7
347,space,␠,03,129,263,81 40,8E B8,,,81 40,0x040E8 0x040E9
348,hangul,리,03,130,264,88 CC,82 C1,194,89 A4,89 A4,0x040EA 0x040EB
349,hangul,가,03,131,265,82 9F,82 BD,1,88 9F,88 9F,0x040EC 0x040ED
350,space,␠,03,132,266,81 40,82 A9,,,81 40,0x040EE 0x040EF
351,hangul,없,03,133,267,89 6E,82 E7,330,8A 6F,8A 6F,0x040F0 0x040F1
352,hangul,었,03,134,268,89 6F,82 C6,332,8A 71,8A 71,0x040F2 0x040F3
353,hangul,다,03,135,269,82 E7,82 A2,111,89 50,89 50,0x040F4 0x040F5
354,punctuation,。,03,136,270,81 42,82 C1,,,81 42,0x040F6 0x040F7
355,hangul,그,03,137,271,82 BD,82 C4,49,88 CF,88 CF,0x040F8 0x040F9
356,hangul,런,03,138,272,88 BC,81 41,171,89 8D,89 8D,0x040FA 0x040FB
357,hangul,데,03,139,273,82 F0,93 7A,124,89 5D,89 5D,0x040FC 0x040FD
358,space,␠,03,140,274,81 40,82 E7,,,81 40,0x040FE 0x040FF
359,hangul,승,03,141,275,89 59,82 B2,297,8A 4E,8A 4E,0x04100 0x04101
360,hangul,산,03,142,276,89 44,82 C6,266,89 EC,89 EC,0x04102 0x04103
361,hangul,이,03,143,277,89 8D,82 AB,380,8A A2,8A A2,0x04104 0x04105
362,control,,,,,42,93,,,42,0x04106
363,space,␠,03,144,278,81 40,47 82,,,81 40,0x04107 0x04108
364,hangul,없,03,145,279,89 6E,C5 82,330,8A 6F,8A 6F,0x04109 0x0410A
365,hangul,다,03,146,280,82 E7,CD 82,111,89 50,89 50,0x0410B 0x0410C
366,hangul,는,03,147,281,82 E3,C8 82,106,89 4B,89 4B,0x0410D 0x0410E
367,space,␠,03,148,282,81 40,A2 81,,,81 40,0x0410F 0x04110
368,hangul,걸,03,149,283,82 A8,42 82,15,88 AD,88 AD,0x04111 0x04112
369,space,␠,03,150,284,81 40,C6 82,,,81 40,0x04113 0x04114
370,hangul,깨,03,151,285,82 C6,B1 82,62,88 DC,88 DC,0x04115 0x04116
371,hangul,달,03,152,286,82 EA,EB 82,114,89 53,89 53,0x04117 0x04118
372,hangul,은,03,153,287,89 89,AA 81,375,8A 9D,8A 9D,0x04119 0x0411A
373,space,␠,03,154,288,81 40,41 93,,,81 40,0x0411B 0x0411C
374,hangul,놈,03,155,289,82 DD,7A 82,97,89 42,89 42,0x0411D 0x0411E
375,hangul,들,03,156,290,88 AA,E7 82,144,89 71,89 71,0x0411F 0x04120
376,hangul,이,03,157,291,89 8D,CD 42,380,8A A2,8A A2,0x04121 0x04122
377,space,␠,03,158,292,81 40,8F 9F,,,81 40,0x04123 0x04124
378,space,␠,03,159,293,81 40,82 C4,,,81 40,0x04125 0x04126
379,control,,,,,61,82,,,61,0x04127
380,control,,,,,0F 02 0F 03 0B,E9 8C A9 82 B1,,,0F 02 0F 03 0B,0x04128 0x04129 0x0412A 0x0412B 0x0412C
381,control,,,,,05 0F 86 41 9E 00,82 DD 82 AA 82 C8,,,05 0F 86 41 9E 00,0x0412D 0x0412E 0x0412F 0x04130 0x04131 0x04132
382,control,,,,,0E 0F 20 32 80,82 A2 82 C6 95,,,0E 0F 20 32 80,0x04133 0x04134 0x04135 0x04136 0x04137
383,control,,,,,13 D4 E7,AA 82 E9,,,13 D4 E7,0x04138 0x04139 0x0413A
384,control,,,,,14 00 0F 22,82 C6 81 41,,,14 00 0F 22,0x0413B 0x0413C 0x0413D 0x0413E
385,control,,,,,14 01 41 00,61 0F 02 0F,,,14 01 41 00,0x0413F 0x04140 0x04141 0x04142
386,hangul,금,03,160,294,82 BF,03 0B,53,88 D3,88 D3,0x04143 0x04144
387,hangul,단,03,161,295,82 E9,05 0F,113,89 52,89 52,0x04145 0x04146
388,hangul,의,03,162,296,89 8C,86 41,379,8A A1,8A A1,0x04147 0x04148
389,space,␠,03,163,297,81 40,9E 00,,,81 40,0x04149 0x0414A
390,hangul,문,03,164,298,88 E4,0E 0F,225,89 C3,89 C3,0x0414B 0x0414C
391,hangul,을,03,165,299,89 8A,20 32,376,8A 9E,8A 9E,0x0414D 0x0414E
392,space,␠,03,166,300,81 40,80 13,,,81 40,0x0414F 0x04150
393,hangul,열,03,167,301,89 74,D4 E7,338,8A 77,8A 77,0x04151 0x04152
394,hangul,어,03,168,302,89 6C,14 00,325,8A 6A,8A 6A,0x04153 0x04154
395,hangul,버,03,169,303,88 F0,0F 22,242,89 D4,89 D4,0x04155 0x04156
396,hangul,렸,03,170,304,88 C2,14 01,180,89 96,89 96,0x04157 0x04158
397,hangul,다,03,171,305,82 E7,41 00,111,89 50,89 50,0x04159 0x0415A
398,punctuation,。,03,172,306,81 42,8B D6,,,81 42,0x0415B 0x0415C
399,hangul,태,03,173,307,89 CF,92 66,484,8B 4D,8B 4D,0x0415D 0x0415E
400,hangul,고,03,174,308,82 B1,82 CC,29,88 BB,88 BB,0x0415F 0x04160
401,hangul,부,03,175,309,88 FA,94 E0,255,89 E1,89 E1,0x04161 0x04162
402,hangul,터,03,176,310,89 D1,82 F0,486,8B 4F,8B 4F,0x04163 0x04164
403,space,␠,03,177,311,81 40,8A 4A,,,81 40,0x04165 0x04166
404,hangul,전,03,178,312,89 9D,82 AF,401,8A B7,8A B7,0x04167 0x04168
405,hangul,해,03,179,313,89 E8,82 C4,528,8B 79,8B 79,0x04169 0x0416A
406,space,␠,03,180,314,81 40,82 B5,,,81 40,0x0416B 0x0416C
407,hangul,내,03,181,315,82 D3,82 DC,79,88 ED,88 ED,0x0416D 0x0416E
408,hangul,려,03,182,316,88 C1,82 C1,178,89 94,89 94,0x0416F 0x04170
409,hangul,오,03,183,317,89 76,82 BD,344,8A 7D,8A 7D,0x04171 0x04172
410,hangul,는,03,184,318,82 E3,82 CC,106,89 4B,89 4B,0x04173 0x04174
411,hangul,금,03,185,319,82 BF,82 BE,53,88 D3,88 D3,0x04175 0x04176
412,hangul,단,03,186,320,82 E9,81 42,113,89 52,89 52,0x04177 0x04178
413,hangul,의,03,187,321,89 8C,82 A2,379,8A A1,8A A1,0x04179 0x0417A
414,space,␠,03,188,322,81 40,82 C9,,,81 40,0x0417B 0x0417C
415,hangul,문,03,189,323,88 E4,82 B5,225,89 C3,89 C3,0x0417D 0x0417E
416,hangul,을,03,190,324,89 8A,82 A6,376,8A 9E,8A 9E,0x0417F 0x04180
417,punctuation,!,03,191,325,81 49,82 E6,,,81 49,0x04181 0x04182
418,space,␠,03,192,326,81 40,82 E8,,,81 40,0x04183 0x04184
419,hangul,잔,03,193,327,89 95,83 94,393,8A AF,8A AF,0x04185 0x04186
420,hangul,인,03,194,328,89 8E,83 46,382,8A A4,8A A4,0x04187 0x04188
421,hangul,왕,03,195,329,89 7C,83 4A,352,8A 86,8A 86,0x04189 0x0418A
422,space,␠,03,196,330,81 40,83 93,,,81 40,0x0418B 0x0418C
423,hangul,메,03,197,331,88 DA,83 65,213,89 B7,89 B7,0x0418D 0x0418E
424,hangul,가,03,198,332,82 9F,83 42,1,88 9F,88 9F,0x0418F 0x04190
425,hangul,스,03,199,333,89 56,82 C9,293,8A 4A,8A 4A,0x04191 0x04192
426,hangul,가,03,200,334,82 9F,93 60,1,88 9F,88 9F,0x04193 0x04194
427,space,␠,03,201,335,81 40,82 ED,,,81 40,0x04195 0x04196
428,hangul,다,03,202,336,82 E7,82 E9,111,89 50,89 50,0x04197 0x04198
429,hangul,시,03,203,337,89 5A,8B D6,298,8A 4F,8A 4F,0x04199 0x0419A
430,space,␠,03,204,338,81 40,92 66,,,81 40,0x0419B 0x0419C
431,hangul,세,03,205,339,89 4E,82 CC,278,89 F8,89 F8,0x0419D 0x0419E
432,hangul,상,03,206,340,89 47,94 E0,269,89 EF,89 EF,0x0419F 0x041A0
433,hangul,에,03,207,341,89 70,82 F0,333,8A 72,8A 72,0x041A1 0x041A2
434,space,␠,03,208,342,81 40,82 C8,,,81 40,0x041A3 0x041A4
435,hangul,풀,03,209,343,89 DF,81 49,512,8B 69,8B 69,0x041A5 0x041A6
436,hangul,려,03,210,344,88 C1,81 40,178,89 94,89 94,0x041A7 0x041A8
437,hangul,나,03,211,345,82 CE,82 BB,74,88 E8,88 E8,0x041A9 0x041AA
438,hangul,고,03,212,346,82 B1,82 B5,29,88 BB,88 BB,0x041AB 0x041AC
439,space,␠,03,213,347,81 40,82 C4,,,81 40,0x041AD 0x041AE
440,hangul,만,03,214,348,88 D2,8E 63,202,89 AC,89 AC,0x041AF 0x041B0
441,space,␠,03,215,349,81 40,94 45,,,81 40,0x041B1 0x041B2
442,hangul,것,03,216,350,82 AA,89 A4,18,88 B0,88 B0,0x041B3 0x041B4
443,hangul,이,03,217,351,89 8D,83 81,380,8A A2,8A A2,0x041B5 0x041B6
444,hangul,다,03,218,352,82 E7,83 4B,111,89 50,89 50,0x041B7 0x041B8
445,punctuation,！,03,219,353,81 49,83 58,,,81 49,0x041B9 0x041BA
446,control,,,,,16 7F E6,82 F0 8D,,,16 7F E6,0x041BB 0x041BC 0x041BD
447,control,,,,,0F 03 06 03 0F,0F 03 06 03 0F,,,0F 03 06 03 0F,0x0526F 0x05270 0x05271 0x05272 0x05273
448,control,,,,,16 95 E7,16 95 E7,,,16 95 E7,0x05274 0x05275 0x05276
449,control,,,,,1E 3C 08,1E 3C 08,,,1E 3C 08,0x05385 0x05386 0x05387
450,control,,,,,05 16 86 3A 9E 00,05 16 86 3A 9E 00,,,05 16 86 3A 9E 00,0x05388 0x05389 0x0538A 0x0538B 0x0538C 0x0538D
451,control,,,,,0E 16 20 24 80,0E 16 20 24 80,,,0E 16 20 24 80,0x0538E 0x0538F 0x05390 0x05391 0x05392
452,control,,,,,17,17,,,17,0x05393
453,control,,,,,14 00 16 22,14 00 16 22,,,14 00 16 22,0x05277 0x05278 0x05279 0x0527A
454,control,,,,,14 01 3B 00,14 01 3B 00,,,14 01 3B 00,0x0527B 0x0527C 0x0527D 0x0527E
455,control,,,,,16 AB E6,16 AB E6,,,16 AB E6,0x0527F 0x05280 0x05281
456,control,,,,,04 CA E8 41,04 CA E8 41,,,04 CA E8 41,0x0529B 0x0529C 0x0529D 0x0529E
457,control,,,,,04 DE E8 43,04 DE E8 43,,,04 DE E8 43,0x0529F 0x052A0 0x052A1 0x052A2
458,control,,,,,04 E8 E8 42,04 E8 E8 42,,,04 E8 E8 42,0x052A3 0x052A4 0x052A5 0x052A6
459,control,,,,,04 F2 E8 44,04 F2 E8 44,,,04 F2 E8 44,0x052A7 0x052A8 0x052A9 0x052AA
460,control,,,,,04 FC E8 45,04 FC E8 45,,,04 FC E8 45,0x052AB 0x052AC 0x052AD 0x052AE
461,control,,,,,04 06 E9 46,04 06 E9 46,,,04 06 E9 46,0x052AF 0x052B0 0x052B1 0x052B2
462,control,,,,,06 0E,06 0E,,,06 0E,0x052B3 0x052B4
463,control,,,,,45,45,,,45,0x052B5
464,control,,,,,46,46,,,46,0x052B6
465,control,,,,,01 05,01 05,,,01 05,0x052B7 0x052B8
466,control,,,,,25 2B,25 2B,,,25 2B,0x052B9 0x052BA
467,control,,,,,17,17,,,17,0x052BB
468,control,,,,,43,43,,,43,0x05282
469,control,,,,,63,63,,,63,0x05283
470,control,,,,,13 B4 E7,13 B4 E7,,,13 B4 E7,0x05284 0x05285 0x05286
471,control,,,,,17,17,,,17,0x05287
472,control,,,,,41,C4,,,41,0x041BE
473,control,,,,,44,82,,,44,0x041BF
474,control,,,,,64,D1,,,64,0x041C0
475,hangul,잔,04,1,354,89 95,82 B1,393,8A AF,8A AF,0x041C1 0x041C2
476,hangul,인,04,2,355,89 8E,82 CC,382,8A A4,8A A4,0x041C3 0x041C4
477,hangul,왕,04,3,356,89 7C,92 6E,352,8A 86,8A 86,0x041C5 0x041C6
478,space,␠,04,4,357,81 40,8F E3,,,81 40,0x041C7 0x041C8
479,hangul,메,04,5,358,88 DA,82 C9,213,89 B7,89 B7,0x041C9 0x041CA
480,hangul,가,04,6,359,82 9F,89 F0,1,88 9F,88 9F,0x041CB 0x041CC
481,hangul,스,04,7,360,89 56,82 AB,293,8A 4A,8A 4A,0x041CD 0x041CE
482,punctuation,！,04,8,361,81 49,95 FA,,,81 49,0x041CF 0x041D0
483,punctuation,？,04,9,362,81 48,82 C1,,,81 48,0x041D1 0x041D2
484,control,,,,,44,82,,,44,0x041D3
485,space,␠,04,10,363,81 40,C4 82,,,81 40,0x041D4 0x041D5
486,hangul,그,04,11,364,82 BD,B5 82,49,88 CF,88 CF,0x041D6 0x041D7
487,hangul,자,04,12,365,89 93,DC 82,391,8A AD,8A AD,0x041D8 0x041D9
488,hangul,가,04,13,366,82 9F,C1 82,1,88 9F,88 9F,0x041DA 0x041DB
489,space,␠,04,14,367,81 40,BD 82,,,81 40,0x041DC 0x041DD
490,hangul,대,04,15,368,82 EC,CC 82,118,89 57,89 57,0x041DE 0x041DF
491,hangul,체,04,16,369,89 BB,BE 81,453,8A EB,8A EB,0x041E0 0x041E1
492,space,␠,04,17,370,81 40,49 16,,,81 40,0x041E2 0x041E3
493,hangul,누,04,18,371,82 DF,7F E6,102,89 47,89 47,0x041E4 0x041E5
494,hangul,구,04,19,372,82 B7,41 44,41,88 C7,88 C7,0x041E6 0x041E7
495,hangul,야,04,20,373,89 6B,64 8E,321,8A 66,8A 66,0x041E8 0x041E9
496,punctuation,！,04,21,374,81 49,63 94,,,81 49,0x041EA 0x041EB
497,punctuation,？,04,22,375,81 48,45 89,,,81 48,0x041EC 0x041ED
498,control,,,,,41,A4,,,41,0x041EE
499,control,,,,,65,83,,,65,0x041EF
500,control,,,,,66,81,,,66,0x041F0
501,control,,,,,16 3C E6,83 4B 83,,,16 3C E6,0x041F1 0x041F2 0x041F3
502,control,,,,,65,65,,,65,0x0522C
503,control,,,,,66,66,,,66,0x0522D
504,control,,,,,0F 04 0D 03 08,0F 04 0D 03 08,,,0F 04 0D 03 08,0x0522E 0x0522F 0x05230 0x05231 0x05232
505,control,,,,,16 95 E7,16 95 E7,,,16 95 E7,0x05233 0x05234 0x05235
506,control,,,,,1E 3C 08,1E 3C 08,,,1E 3C 08,0x05385 0x05386 0x05387
507,control,,,,,05 16 86 3A 9E 00,05 16 86 3A 9E 00,,,05 16 86 3A 9E 00,0x05388 0x05389 0x0538A 0x0538B 0x0538C 0x0538D
508,control,,,,,0E 16 20 24 80,0E 16 20 24 80,,,0E 16 20 24 80,0x0538E 0x0538F 0x05390 0x05391 0x05392
509,control,,,,,17,17,,,17,0x05393
510,control,,,,,13 A4 E7,13 A4 E7,,,13 A4 E7,0x05236 0x05237 0x05238
511,control,,,,,14 00 16 22,14 00 16 22,,,14 00 16 22,0x05239 0x0523A 0x0523B 0x0523C
512,control,,,,,14 01 3B 00,14 01 3B 00,,,14 01 3B 00,0x0523D 0x0523E 0x0523F 0x05240
513,control,,,,,04 AC E8 41,04 AC E8 41,,,04 AC E8 41,0x05241 0x05242 0x05243 0x05244
514,control,,,,,04 B6 E8 42,04 B6 E8 42,,,04 B6 E8 42,0x05245 0x05246 0x05247 0x05248
515,control,,,,,04 C0 E8 43,04 C0 E8 43,,,04 C0 E8 43,0x05249 0x0524A 0x0524B 0x0524C
516,control,,,,,06 12,06 12,,,06 12,0x0524D 0x0524E
517,control,,,,,25 30,25 30,,,25 30,0x0524F 0x05250
518,control,,,,,17,17,,,17,0x05251
519,control,,,,,41,58,,,41,0x041F4
520,hangul,메,05,1,376,88 DA,81 49,213,89 B7,89 B7,0x041F5 0x041F6
521,hangul,가,05,2,377,82 9F,81 48,1,88 9F,88 9F,0x041F7 0x041F8
522,hangul,스,05,3,378,89 56,81 40,293,8A 4A,8A 4A,0x041F9 0x041FA
523,hangul,는,05,4,379,82 E3,44 82,106,89 4B,89 4B,0x041FB 0x041FC
524,space,␠,05,5,380,81 40,BB 82,,,81 40,0x041FD 0x041FE
525,hangul,한,05,6,381,89 E4,EA 82,523,8B 74,8B 74,0x041FF 0x04200
526,hangul,때,05,7,382,88 AD,CD 88,149,89 76,89 76,0x04201 0x04202
527,space,␠,05,8,383,81 40,EA 91,,,81 40,0x04203 0x04204
528,hangul,베,05,9,384,88 F2,CC 89,247,89 D9,89 D9,0x04205 0x04206
529,hangul,칸,05,10,385,89 C2,BD 8E,466,8A F8,8A F8,0x04207 0x04208
530,hangul,티,05,11,386,89 D7,D2 82,498,8B 5B,8B 5B,0x04209 0x0420A
531,hangul,의,05,12,387,89 8C,C8 82,379,8A A1,8A A1,0x0420B 0x0420C
532,control,,,,,42,CC,,,42,0x0420D
533,space,␠,05,13,388,81 40,81 49,,,81 40,0x0420E 0x0420F
534,hangul,왕,05,14,389,89 7C,81 48,352,8A 86,8A 86,0x04210 0x04211
535,hangul,자,05,15,390,89 93,41 65,391,8A AD,8A AD,0x04212 0x04213
536,hangul,였,05,16,391,89 75,66 16,341,8A 7A,8A 7A,0x04214 0x04215
537,hangul,으,05,17,392,89 88,3C E6,373,8A 9B,8A 9B,0x04216 0x04217
538,hangul,나,05,18,393,82 CE,41 83,74,88 E8,88 E8,0x04218 0x04219
539,punctuation,、,05,19,394,81 41,81 83,,,81 41,0x0421A 0x0421B
540,hangul,그,05,20,395,82 BD,4B 83,49,88 CF,88 CF,0x0421C 0x0421D
541,space,␠,05,21,396,81 40,58 82,,,81 40,0x0421E 0x0421F
542,hangul,잔,05,22,397,89 95,CD 82,393,8A AF,8A AF,0x04220 0x04221
543,hangul,혹,05,23,398,89 F1,A9 82,542,8B 88,8B 88,0x04222 0x04223
544,hangul,한,05,24,399,89 E4,C2 82,523,8B 74,8B 74,0x04224 0x04225
545,space,␠,05,25,400,81 40,C4 83,,,81 40,0x04226 0x04227
546,hangul,성,05,26,401,89 4D,94 83,277,89 F7,89 F7,0x04228 0x04229
547,hangul,정,05,27,402,89 A0,46 83,404,8A BA,8A BA,0x0422A 0x0422B
548,space,␠,05,28,403,81 40,4A 83,,,81 40,0x0422C 0x0422D
549,hangul,탓,05,29,404,89 CE,93 83,483,8B 4C,8B 4C,0x0422E 0x0422F
550,hangul,에,05,30,405,89 70,65 83,333,8A 72,8A 72,0x04230 0x04231
551,space,␠,05,31,406,81 40,42 82,,,81 40,0x04232 0x04233
552,hangul,친,05,32,407,89 C0,CC 42,463,8A F5,8A F5,0x04234 0x04235
553,hangul,족,05,33,408,89 A4,89 A4,410,8A C0,8A C0,0x04236 0x04237
554,hangul,들,05,34,409,88 AA,8E 71,144,89 71,89 71,0x04238 0x04239
555,hangul,마,05,35,410,88 D1,82 C6,200,89 AA,89 AA,0x0423A 0x0423B
556,hangul,저,05,36,411,89 9B,82 B5,399,8A B5,8A B5,0x0423C 0x0423D
557,space,␠,05,37,412,81 40,82 C4,,,81 40,0x0423E 0x0423F
558,hangul,목,05,38,413,88 E0,90 B6,219,89 BD,89 BD,0x04240 0x04241
559,hangul,숨,05,39,414,89 55,82 DC,290,8A 47,8A 47,0x04242 0x04243
560,hangul,의,05,40,415,89 8C,82 EA,379,8A A1,8A A1,0x04244 0x04245
561,control,,,,,42,82,,,42,0x04246
562,space,␠,05,41,416,81 40,C8 82,,,81 40,0x04247 0x04248
563,hangul,위,05,42,417,89 85,AA 82,369,8A 97,8A 97,0x04249 0x0424A
564,hangul,협,05,43,418,89 ED,E7 81,538,8B 84,8B 84,0x0424B 0x0424C
565,hangul,을,05,44,419,89 8A,41 82,376,8A 9E,8A 9E,0x0424D 0x0424E
566,space,␠,05,45,420,81 40,BB 82,,,81 40,0x0424F 0x04250
567,hangul,느,05,46,421,82 E2,CC 8E,105,89 4A,89 4A,0x04251 0x04252
568,hangul,끼,05,47,422,82 CD,63 94,73,88 E7,88 E7,0x04253 0x04254
569,hangul,고,05,48,423,82 B1,45 82,29,88 BB,88 BB,0x04255 0x04256
570,space,␠,05,49,424,81 40,B3 82,,,81 40,0x04257 0x04258
571,hangul,앞,05,50,425,89 6A,E4 82,319,8A 64,8A 64,0x04259 0x0425A
572,hangul,날,05,51,426,82 D0,A6 81,76,88 EA,88 EA,0x0425B 0x0425C
573,hangul,을,05,52,427,89 8A,41 90,376,8A 9E,8A 9E,0x0425D 0x0425E
574,space,␠,05,53,428,81 40,65 91,,,81 40,0x0425F 0x04260
575,hangul,두,05,54,429,88 A5,B0 82,135,89 68,89 68,0x04261 0x04262
576,hangul,려,05,55,430,88 C1,B3 82,178,89 94,89 94,0x04263 0x04264
577,hangul,워,05,56,431,89 83,A6 82,365,8A 93,8A 93,0x04265 0x04266
578,hangul,했,05,57,432,89 E9,E0 82,529,8B 7A,8B 7A,0x04267 0x04268
579,hangul,기,05,58,433,82 C1,AA 90,55,88 D5,88 D5,0x04269 0x0426A
580,hangul,에,05,59,434,89 70,67 82,333,8A 72,8A 72,0x0426B 0x0426C
581,punctuation,、,05,60,435,81 41,CC 42,,,81 41,0x0426D 0x0426E
582,hangul,결,05,61,436,82 AE,8A EB,25,88 B7,88 B7,0x0426F 0x04270
583,hangul,국,05,62,437,82 B8,8C AF,42,88 C8,88 C8,0x04271 0x04272
584,space,␠,05,63,438,81 40,82 F0,,,81 40,0x04273 0x04274
585,hangul,친,05,64,439,89 C0,8A EB,463,8A F5,8A F5,0x04275 0x04276
586,hangul,아,05,65,440,89 60,82 D4,309,8A 5A,8A 5A,0x04277 0x04278
587,hangul,버,05,66,441,88 F0,82 DD,242,89 D4,89 D4,0x04279 0x0427A
588,hangul,지,05,67,442,89 B3,81 41,430,8A D4,8A D4,0x0427B 0x0427C
589,hangul,에,05,68,443,89 70,8D 73,333,8A 72,8A 72,0x0427D 0x0427E
590,space,␠,05,69,444,81 40,82 AD,,,81 40,0x0427F 0x04280
591,hangul,의,05,70,445,89 8C,96 96,379,8A A1,8A A1,0x04281 0x04282
592,hangul,해,05,71,446,89 E8,82 F0,528,8B 79,8B 79,0x04283 0x04284
593,space,␠,05,72,447,81 40,8B B0,,,81 40,0x04285 0x04286
594,hangul,차,05,73,448,89 B7,82 EA,441,8A DF,8A DF,0x04287 0x04288
595,hangul,원,05,74,449,89 84,81 41,366,8A 94,8A 94,0x04289 0x0428A
596,hangul,의,05,75,450,89 8C,8E C0,379,8A A1,8A A1,0x0428B 0x0428C
597,control,,,,,42,82,,,42,0x0428D
598,space,␠,05,76,451,81 40,CC 95,,,81 40,0x0428E 0x0428F
599,hangul,균,05,77,452,82 BC,83 82,48,88 CE,88 CE,0x04290 0x04291
600,hangul,열,05,78,453,89 74,C9 82,338,8A 77,8A 77,0x04292 0x04293
601,hangul,로,05,79,454,88 C5,E6 82,183,89 99,89 99,0x04294 0x04295
602,space,␠,05,80,455,81 40,E8 8E,,,81 40,0x04296 0x04297
603,hangul,추,05,81,456,89 BD,9F 8C,456,8A EE,8A EE,0x04298 0x04299
604,hangul,방,05,82,457,88 EE,B3 82,240,89 D2,89 D2,0x0429A 0x0429B
605,hangul,당,05,83,458,82 EB,CC 97,117,89 56,89 56,0x0429C 0x0429D
606,hangul,했,05,84,459,89 E9,F4 82,529,8B 7A,8B 7A,0x0429E 0x0429F
607,hangul,다,05,85,460,82 E7,AF 96,111,89 50,89 50,0x042A0 0x042A1
608,punctuation,。,05,86,461,81 42,DA 82,,,81 42,0x042A2 0x042A3
609,control,,,,,61,C9,,,61,0x042A4
610,control,,,,,16 7F E6,42 92 C7,,,16 7F E6,0x042A5 0x042A6 0x042A7
611,control,,,,,0F 03 06 03 0F,0F 03 06 03 0F,,,0F 03 06 03 0F,0x0526F 0x05270 0x05271 0x05272 0x05273
612,control,,,,,16 95 E7,16 95 E7,,,16 95 E7,0x05274 0x05275 0x05276
613,control,,,,,1E 3C 08,1E 3C 08,,,1E 3C 08,0x05385 0x05386 0x05387
614,control,,,,,05 16 86 3A 9E 00,05 16 86 3A 9E 00,,,05 16 86 3A 9E 00,0x05388 0x05389 0x0538A 0x0538B 0x0538C 0x0538D
615,control,,,,,0E 16 20 24 80,0E 16 20 24 80,,,0E 16 20 24 80,0x0538E 0x0538F 0x05390 0x05391 0x05392
616,control,,,,,17,17,,,17,0x05393
617,control,,,,,14 00 16 22,14 00 16 22,,,14 00 16 22,0x05277 0x05278 0x05279 0x0527A
618,control,,,,,14 01 3B 00,14 01 3B 00,,,14 01 3B 00,0x0527B 0x0527C 0x0527D 0x0527E
619,control,,,,,16 AB E6,16 AB E6,,,16 AB E6,0x0527F 0x05280 0x05281
620,control,,,,,04 CA E8 41,04 CA E8 41,,,04 CA E8 41,0x0529B 0x0529C 0x0529D 0x0529E
621,control,,,,,04 DE E8 43,04 DE E8 43,,,04 DE E8 43,0x0529F 0x052A0 0x052A1 0x052A2
622,control,,,,,04 E8 E8 42,04 E8 E8 42,,,04 E8 E8 42,0x052A3 0x052A4 0x052A5 0x052A6
623,control,,,,,04 F2 E8 44,04 F2 E8 44,,,04 F2 E8 44,0x052A7 0x052A8 0x052A9 0x052AA
624,control,,,,,04 FC E8 45,04 FC E8 45,,,04 FC E8 45,0x052AB 0x052AC 0x052AD 0x052AE
625,control,,,,,04 06 E9 46,04 06 E9 46,,,04 06 E9 46,0x052AF 0x052B0 0x052B1 0x052B2
626,control,,,,,06 0E,06 0E,,,06 0E,0x052B3 0x052B4
627,control,,,,,45,45,,,45,0x052B5
628,control,,,,,46,46,,,46,0x052B6
629,control,,,,,01 05,01 05,,,01 05,0x052B7 0x052B8
630,control,,,,,25 2B,25 2B,,,25 2B,0x052B9 0x052BA
631,control,,,,,17,17,,,17,0x052BB
632,control,,,,,43,43,,,43,0x05282
633,control,,,,,63,63,,,63,0x05283
634,control,,,,,13 B4 E7,13 B4 E7,,,13 B4 E7,0x05284 0x05285 0x05286
635,control,,,,,17,17,,,17,0x05287
636,control,,,,,25 30,95 FA,,,25 30,0x042A8 0x042A9
637,control,,,,,06 12,82 B3,,,06 12,0x042AA 0x042AB
638,hangul,그,05,87,462,82 BD,82 EA,49,88 CF,88 CF,0x042AC 0x042AD
639,hangul,러,05,88,463,88 BB,82 BD,170,89 8C,89 8C,0x042AE 0x042AF
640,hangul,나,05,89,464,82 CE,82 CC,74,88 E8,88 E8,0x042B0 0x042B1
641,space,␠,05,90,465,81 40,82 BE,,,81 40,0x042B2 0x042B3
642,hangul,그,05,91,466,82 BD,81 42,49,88 CF,88 CF,0x042B4 0x042B5
643,hangul,는,05,92,467,82 E3,61 16,106,89 4B,89 4B,0x042B6 0x042B7
644,space,␠,05,93,468,81 40,7F E6,,,81 40,0x042B8 0x042B9
645,hangul,스,05,94,469,89 56,25 30,293,8A 4A,8A 4A,0x042BA 0x042BB
646,hangul,스,05,95,470,89 56,06 12,293,8A 4A,8A 4A,0x042BC 0x042BD
647,hangul,로,05,96,471,88 C5,82 C6,183,89 99,89 99,0x042BE 0x042BF
648,hangul,의,05,97,472,89 8C,82 B1,379,8A A1,8A A1,0x042C0 0x042C1
649,space,␠,05,98,473,81 40,82 EB,,,81 40,0x042C2 0x042C3
650,hangul,힘,05,99,474,89 F8,82 AA,558,8B 98,8B 98,0x042C4 0x042C5
651,hangul,만,05,100,475,88 D2,83 81,202,89 AC,89 AC,0x042C6 0x042C7
652,hangul,으,05,101,476,89 88,83 4B,373,8A 9B,8A 9B,0x042C8 0x042C9
653,hangul,로,05,102,477,88 C5,83 58,183,89 99,89 99,0x042CA 0x042CB
654,space,␠,05,103,478,81 40,82 CD,,,81 40,0x042CC 0x042CD
655,hangul,그,05,104,479,82 BD,8E A9,49,88 CF,88 CF,0x042CE 0x042CF
656,hangul,곳,05,105,480,82 B2,97 CD,34,88 C0,88 C0,0x042D0 0x042D1
657,hangul,에,05,106,481,89 70,82 C5,333,8A 72,8A 72,0x042D2 0x042D3
658,hangul,서,05,107,482,89 49,97 F4,272,89 F2,89 F2,0x042D4 0x042D5
659,space,␠,05,108,483,81 40,82 AF,,,81 40,0x042D6 0x042D7
660,hangul,탈,05,109,484,89 CD,96 DA,482,8B 4B,8B 4B,0x042D8 0x042D9
661,control,,,,,43,43,,,43,0x042DA
662,hangul,출,05,110,485,89 BE,82 E6,458,8A F0,8A F0,0x042DB 0x042DC
663,hangul,해,05,111,486,89 E8,82 E8,528,8B 79,8B 79,0x042DD 0x042DE
664,punctuation,、,05,112,487,81 41,82 CD,,,81 41,0x042DF 0x042E0
665,hangul,아,05,113,488,89 60,82 A2,309,8A 5A,8A 5A,0x042E1 0x042E2
666,hangul,녀,05,114,489,82 DA,8F E3,92,88 FA,88 FA,0x042E3 0x042E4
667,hangul,자,05,115,490,89 93,82 AA,391,8A AD,8A AD,0x042E5 0x042E6
668,hangul,를,05,116,491,88 CA,82 E8,192,89 A2,89 A2,0x042E7 0x042E8
669,space,␠,05,117,492,81 40,81 41,,,81 40,0x042E9 0x042EA
670,hangul,가,05,118,493,82 9F,8F 97,1,88 9F,88 9F,0x042EB 0x042EC
671,hangul,리,05,119,494,88 CC,8E 71,194,89 A4,89 A4,0x042ED 0x042EE
672,hangul,지,05,120,495,89 B3,8B 9F,430,8A D4,8A D4,0x042EF 0x042F0
673,space,␠,05,121,496,81 40,82 F0,,,81 40,0x042F1 0x042F2
674,hangul,않,05,122,497,89 64,96 E2,313,8A 5E,8A 5E,0x042F3 0x042F4
675,hangul,고,05,123,498,82 B1,82 ED,29,88 BB,88 BB,0x042F5 0x042F6
676,space,␠,05,124,499,81 40,82 B8,,,81 40,0x042F7 0x042F8
677,hangul,친,05,125,500,89 C0,90 65,463,8A F5,8A F5,0x042F9 0x042FA
678,hangul,족,05,126,501,89 A4,91 B0,410,8A C0,8A C0,0x042FB 0x042FC
679,hangul,들,05,127,502,88 AA,82 C7,144,89 71,89 71,0x042FD 0x042FE
680,hangul,을,05,128,503,89 8A,82 E0,376,8A 9E,8A 9E,0x042FF 0x04300
681,space,␠,05,129,504,81 40,82 F0,,,81 40,0x04301 0x04302
682,hangul,전,05,130,505,89 9D,8C 8C,401,8A B7,8A B7,0x04303 0x04304
683,hangul,부,05,131,506,88 FA,8D D5,255,89 E1,89 E1,0x04305 0x04306
684,space,␠,05,132,507,81 40,82 E8,,,81 40,0x04307 0x04308
685,hangul,피,05,133,508,89 E0,82 C9,518,8B 6F,8B 6F,0x04309 0x0430A
686,hangul,의,05,134,509,89 8C,8F E3,379,8A A1,8A A1,0x0430B 0x0430C
687,space,␠,05,135,510,81 40,82 B0,,,81 40,0x0430D 0x0430E
688,hangul,제,05,136,511,89 A1,81 41,405,8A BB,8A BB,0x0430F 0x04310
689,hangul,물,05,137,512,88 E5,8C 5A,226,89 C4,89 C4,0x04311 0x04312
690,hangul,로,05,138,513,88 C5,92 ED,183,89 99,89 99,0x04313 0x04314
691,space,␠,05,139,514,81 40,8E 6F,,,81 40,0x04315 0x04316
692,hangul,삼,05,140,515,89 46,96 85,268,89 EE,89 EE,0x04317 0x04318
693,hangul,았,05,141,516,89 68,82 F0,317,8A 62,8A 62,0x04319 0x0431A
694,hangul,다,05,142,517,82 E7,94 AA,111,89 50,89 50,0x0431B 0x0431C
695,punctuation,。,05,143,518,81 42,82 C2,,,81 42,0x0431D 0x0431E
696,hangul,형,05,144,519,89 EF,97 F4,540,8B 86,8B 86,0x0431F 0x04320
697,hangul,제,05,145,520,89 A1,82 AB,405,8A BB,8A BB,0x04321 0x04322
698,hangul,자,05,146,521,89 93,82 C9,391,8A AD,8A AD,0x04323 0x04324
699,hangul,매,05,147,522,88 D7,82 B5,208,89 B2,89 B2,0x04325 0x04326
700,hangul,를,05,148,523,88 CA,81 41,192,89 A2,89 A2,0x04327 0x04328
701,space,␠,05,149,524,81 40,8E C0,,,81 40,0x04329 0x0432A
702,hangul,갈,05,150,525,82 A2,82 CC,4,88 A2,88 A2,0x0432B 0x0432C
703,hangul,기,05,151,526,82 C1,95 EA,55,88 D5,88 D5,0x0432D 0x0432E
704,hangul,갈,05,152,527,82 A2,82 CC,4,88 A2,88 A2,0x0432F 0x04330
705,hangul,기,05,153,528,82 C1,43 8C,55,88 D5,88 D5,0x04331 0x04332
706,space,␠,05,154,529,81 40,8C 82,,,81 40,0x04333 0x04334
707,hangul,찢,05,155,530,89 B6,F0 88,440,8A DE,8A DE,0x04335 0x04336
708,hangul,었,05,156,531,89 6F,F9 82,332,8A 71,8A 71,0x04337 0x04338
709,hangul,으,05,157,532,89 88,DD 8A,373,8A 9B,8A 9B,0x04339 0x0433A
710,hangul,며,05,158,533,88 DB,B1 82,214,89 B8,89 B8,0x0433B 0x0433C
711,punctuation,、,05,159,534,81 41,B5 93,,,81 41,0x0433D 0x0433E
712,hangul,친,05,160,535,89 C0,F7 82,463,8A F5,8A F5,0x0433F 0x04340
713,hangul,어,05,161,536,89 6C,F0 90,325,8A 6A,8A 6A,0x04341 0x04342
714,hangul,머,05,162,537,88 D8,48 82,209,89 B3,89 B3,0x04343 0x04344
715,hangul,니,05,163,538,82 E4,A2 8E,108,89 4D,89 4D,0x04345 0x04346
716,control,,,,,43,55,,,43,0x04347
717,hangul,의,05,164,539,89 8C,82 E7,379,8A A1,8A A1,0x04348 0x04349
718,space,␠,05,165,540,81 40,82 B5,,,81 40,0x0434A 0x0434B
719,hangul,피,05,166,541,89 E0,82 BD,518,8B 6F,8B 6F,0x0434C 0x0434D
720,hangul,와,05,167,542,89 7A,81 42,349,8A 83,8A 83,0x0434E 0x0434F
721,space,␠,05,168,543,81 40,89 A4,,,81 40,0x04350 0x04351
722,hangul,살,05,169,544,89 45,82 C5,267,89 ED,89 ED,0x04352 0x04353
723,hangul,점,05,170,545,89 9F,82 A0,403,8A B9,8A B9,0x04354 0x04355
724,hangul,까,05,171,546,82 C4,82 C1,60,88 DA,88 DA,0x04356 0x04357
725,hangul,지,05,172,547,89 B3,82 BD,430,8A D4,8A D4,0x04358 0x04359
726,space,␠,05,173,548,81 40,95 83,,,81 40,0x0435A 0x0435B
727,hangul,뜯,05,174,549,88 B4,82 CD,157,89 7E,89 7E,0x0435C 0x0435D
728,hangul,어,05,175,550,89 6C,90 ED,325,8A 6A,8A 6A,0x0435E 0x0435F
729,hangul,먹,05,176,551,88 D9,82 A2,210,89 B4,89 B4,0x04360 0x04361
730,hangul,었,05,177,552,89 6F,82 CC,332,8A 71,8A 71,0x04362 0x04363
731,hangul,다,05,178,553,82 E7,96 96,111,89 50,89 50,0x04364 0x04365
732,punctuation,。,05,179,554,81 42,81 41,,,81 42,0x04366 0x04367
733,hangul,그,05,180,555,82 BD,8C 88,49,88 CF,88 CF,0x04368 0x04369
734,hangul,의,05,181,556,89 8C,8E 80,379,8A A1,8A A1,0x0436A 0x0436B
735,space,␠,05,182,557,81 40,82 CC,,,81 40,0x0436C 0x0436D
736,hangul,아,05,183,558,89 60,8A 6F,309,8A 5A,8A 5A,0x0436E 0x0436F
737,hangul,버,05,184,559,88 F0,8C E5,242,89 D4,89 D4,0x04370 0x04371
738,hangul,지,05,185,560,89 B3,82 C5,430,8A D4,8A D4,0x04372 0x04373
739,hangul,는,05,186,561,82 E3,83 81,106,89 4B,89 4B,0x04374 0x04375
740,space,␠,05,187,562,81 40,83 4B,,,81 40,0x04376 0x04377
741,hangul,치,05,188,563,89 BF,83 58,462,8A F4,8A F4,0x04378 0x04379
742,hangul,열,05,189,564,89 74,82 C6,338,8A 77,8A 77,0x0437A 0x0437B
743,hangul,한,05,190,565,89 E4,82 E0,523,8B 74,8B 74,0x0437C 0x0437D
744,space,␠,05,191,566,81 40,82 C7,,,81 40,0x0437E 0x0437F
745,hangul,전,05,192,567,89 9D,43 82,401,8A B7,8A B7,0x04380 0x04381
746,hangul,투,05,193,568,89 D5,E0 8E,495,8B 58,8B 58,0x04382 0x04383
747,space,␠,05,194,569,81 40,9F 8C,,,81 40,0x04384 0x04385
748,hangul,끝,05,195,570,82 CC,B3 82,72,88 E6,88 E6,0x04386 0x04387
749,hangul,에,05,196,571,89 70,CC 97,333,8A 72,8A 72,0x04388 0x04389
750,space,␠,05,197,572,81 40,F4 82,,,81 40,0x0438A 0x0438B
751,hangul,결,05,198,573,82 AE,AF 96,25,88 B7,88 B7,0x0438C 0x0438D
752,hangul,사,05,199,574,89 43,DA 82,265,89 EB,89 EB,0x0438E 0x0438F
753,hangul,의,05,200,575,89 8C,D6 97,379,8A A1,8A A1,0x04390 0x04391
754,space,␠,05,201,576,81 40,8E 82,,,81 40,0x04392 0x04393
755,hangul,각,05,202,577,82 A0,BF 82,2,88 A0,88 A0,0x04394 0x04395
756,hangul,오,05,203,578,89 76,C4 8D,344,8A 7D,8A 7D,0x04396 0x04397
757,hangul,로,05,204,579,88 C5,73 82,183,89 99,89 99,0x04398 0x04399
758,space,␠,05,205,580,81 40,C1 82,,,81 40,0x0439A 0x0439B
759,hangul,그,05,206,581,82 BD,BD 81,49,88 CF,88 CF,0x0439C 0x0439D
760,control,,,,,43,42,,,43,0x0439E
761,hangul,와,05,207,582,89 7A,65 66,349,8A 83,8A 83,0x0439F 0x043A0
762,space,␠,05,208,583,81 40,16 3C,,,81 40,0x043A1 0x043A2
763,hangul,함,05,209,584,89 E6,E6 41,525,8B 76,8B 76,0x043A3 0x043A4
764,hangul,께,05,210,585,82 C9,82 BB,65,88 DF,88 DF,0x043A5 0x043A6
765,space,␠,05,211,586,81 40,82 CC,,,81 40,0x043A7 0x043A8
766,hangul,균,05,212,587,82 BC,8C E3,48,88 CE,88 CE,0x043A9 0x043AA
767,hangul,열,05,213,588,89 74,81 41,338,8A 77,8A 77,0x043AB 0x043AC
768,hangul,로,05,214,589,88 C5,97 F4,183,89 99,89 99,0x043AD 0x043AE
769,space,␠,05,215,590,81 40,82 AF,,,81 40,0x043AF 0x043C0
770,hangul,떨,05,216,591,88 AF,96 DA,151,89 78,89 78,0x043C1 0x043C2
771,hangul,어,05,217,592,89 6C,82 C9,325,8A 6A,8A 6A,0x043C3 0x043C4
772,hangul,졌,05,218,593,89 A2,82 CD,408,8A BE,8A BE,0x043C5 0x043C6
773,hangul,다,05,219,594,82 E7,42 95,111,89 50,89 50,0x043C7 0x043C8
774,punctuation,。,05,220,595,81 42,95 88,,,81 42,0x043C9 0x043CA
775,control,,,,,65,F3,,,65,0x043CB
776,control,,,,,66,82,,,66,0x043CC
777,control,,,,,16 3C E6,AA 82 D9,,,16 3C E6,0x043CD 0x043CE 0x043CF
778,control,,,,,65,65,,,65,0x0522C
779,control,,,,,66,66,,,66,0x0522D
780,control,,,,,0F 04 0D 03 08,0F 04 0D 03 08,,,0F 04 0D 03 08,0x0522E 0x0522F 0x05230 0x05231 0x05232
781,control,,,,,16 95 E7,16 95 E7,,,16 95 E7,0x05233 0x05234 0x05235
782,control,,,,,1E 3C 08,1E 3C 08,,,1E 3C 08,0x05385 0x05386 0x05387
783,control,,,,,05 16 86 3A 9E 00,05 16 86 3A 9E 00,,,05 16 86 3A 9E 00,0x05388 0x05389 0x0538A 0x0538B 0x0538C 0x0538D
784,control,,,,,0E 16 20 24 80,0E 16 20 24 80,,,0E 16 20 24 80,0x0538E 0x0538F 0x05390 0x05391 0x05392
785,control,,,,,17,17,,,17,0x05393
786,control,,,,,13 A4 E7,13 A4 E7,,,13 A4 E7,0x05236 0x05237 0x05238
787,control,,,,,14 00 16 22,14 00 16 22,,,14 00 16 22,0x05239 0x0523A 0x0523B 0x0523C
788,control,,,,,14 01 3B 00,14 01 3B 00,,,14 01 3B 00,0x0523D 0x0523E 0x0523F 0x05240
789,control,,,,,04 AC E8 41,04 AC E8 41,,,04 AC E8 41,0x05241 0x05242 0x05243 0x05244
790,control,,,,,04 B6 E8 42,04 B6 E8 42,,,04 B6 E8 42,0x05245 0x05246 0x05247 0x05248
791,control,,,,,04 C0 E8 43,04 C0 E8 43,,,04 C0 E8 43,0x05249 0x0524A 0x0524B 0x0524C
792,control,,,,,06 12,06 12,,,06 12,0x0524D 0x0524E
793,control,,,,,25 30,25 30,,,25 30,0x0524F 0x05250
794,control,,,,,17,17,,,17,0x05251
795,control,,,,,41,82,,,41,0x043D0
796,hangul,이,05,221,596,89 8D,C7 82,380,8A A2,8A A2,0x043D1 0x043D2
797,hangul,후,05,222,597,89 F5,B1 82,551,8B 91,8B 91,0x043D3 0x043D4
798,space,␠,05,223,598,81 40,B3 82,,,81 40,0x043D5 0x043D6
799,hangul,균,05,224,599,82 BC,EA 81,48,88 CE,88 CE,0x043D7 0x043D8
800,hangul,열,05,225,600,89 74,41 89,338,8A 77,8A 77,0x043D9 0x043DA
801,hangul,은,05,226,601,89 89,BD 82,375,8A 9D,8A 9D,0x043DB 0x043DC
802,control,,,,,42,AA,,,42,0x043DD
803,space,␠,05,227,602,81 40,82 A0,,,81 40,0x043DE 0x043DF
804,hangul,봉,05,228,603,88 F8,82 EB,253,89 DF,89 DF,0x043E0 0x043E1
805,hangul,인,05,229,604,89 8E,82 A4,382,8A A4,8A A4,0x043E2 0x043E3
806,hangul,되,05,230,605,88 A2,82 C6,131,89 64,89 64,0x043E4 0x043E5
807,hangul,었,05,231,606,89 6F,82 E0,332,8A 71,8A 71,0x043E6 0x043E7
808,hangul,고,05,232,607,82 B1,95 95,29,88 BB,88 BB,0x043E8 0x043E9
809,punctuation,、,05,233,608,81 41,88 F3,,,81 41,0x043EA 0x043EB
810,hangul,무,05,234,609,88 E3,82 F0,224,89 C2,89 C2,0x043EC 0x043ED
811,hangul,슨,05,235,610,89 57,89 F0,294,8A 4B,8A 4B,0x043EE 0x043EF
812,space,␠,05,236,611,81 40,82 AD,,,81 40,0x043F0 0x043F1
813,hangul,일,05,237,612,89 8F,82 B1,383,8A A5,8A A5,0x043F2 0x043F3
814,hangul,이,05,238,613,89 8D,82 C6,380,8A A2,8A A2,0x043F4 0x043F5
815,hangul,있,05,239,614,89 92,82 CC,389,8A AB,8A AB,0x043F6 0x043F7
816,hangul,어,05,240,615,89 6C,82 C8,325,8A 6A,8A 6A,0x043F8 0x043F9
817,hangul,도,05,241,616,82 F1,82 A2,125,89 5E,89 5E,0x043FA 0x043FB
818,space,␠,05,242,617,81 40,82 E6,,,81 40,0x043FC 0x043FD
819,hangul,결,05,243,618,82 AE,82 A4,25,88 B7,88 B7,0x043FE 0x043FF
820,hangul,코,05,244,619,89 C5,96 96,470,8A FC,8A FC,0x04400 0x04401
821,space,␠,05,245,620,81 40,91 E3,,,81 40,0x04402 0x04403
822,hangul,봉,05,246,621,88 F8,82 CC,253,89 DF,89 DF,0x04404 0x04405
823,hangul,인,05,247,622,89 8E,89 A4,382,8A A4,8A A4,0x04406 0x04407
824,hangul,을,05,248,623,89 8A,82 D6,376,8A 9E,8A 9E,0x04408 0x04409
825,space,␠,05,249,624,81 40,82 C6,,,81 40,0x0440A 0x0440B
826,hangul,풀,05,250,625,89 DF,93 60,512,8B 69,8B 69,0x0440C 0x0440D
827,hangul,지,05,251,626,89 B3,82 A6,430,8A D4,8A D4,0x0440E 0x0440F
828,space,␠,05,252,627,81 40,82 E7,,,81 40,0x04410 0x04411
829,hangul,말,05,253,628,88 D3,82 EA,203,89 AD,89 AD,0x04412 0x04413
830,hangul,라,05,254,629,88 B6,82 C4,159,89 81,89 81,0x04414 0x04415
831,hangul,는,05,255,630,82 E3,82 A2,106,89 4B,89 4B,0x04416 0x04417
832,space,␠,05,256,631,81 40,82 C1,,,81 40,0x04418 0x04419
833,hangul,계,05,257,632,82 B0,82 BD,28,88 BA,88 BA,0x0441A 0x0441B
834,hangul,율,05,258,633,89 87,82 CC,372,8A 9A,8A 9A,0x0441C 0x0441D
835,hangul,이,05,259,634,89 8D,82 BE,380,8A A2,8A A2,0x0441E 0x0441F
836,space,␠,05,260,635,81 40,81 42,,,81 40,0x04420 0x04421
837,hangul,대,05,261,636,82 EC,82 BE,118,89 57,89 57,0x04422 0x04423
838,hangul,대,05,262,637,82 EC,82 AA,118,89 57,89 57,0x04424 0x04425
839,hangul,로,05,263,638,88 C5,81 41,183,89 99,89 99,0x04426 0x04427
840,space,␠,05,264,639,81 40,82 B1,,,81 40,0x04428 0x04429
841,hangul,왕,05,265,640,89 7C,82 EA,352,8A 86,8A 86,0x0442A 0x0442B
842,hangul,들,05,266,641,88 AA,82 DC,144,89 71,89 71,0x0442C 0x0442D
843,hangul,에,05,267,642,89 70,82 C5,333,8A 72,8A 72,0x0442E 0x0442F
844,hangul,게,05,268,643,82 AB,82 E0,19,88 B1,88 B1,0x04430 0x04431
845,space,␠,05,269,644,81 40,89 BD,,,81 40,0x04432 0x04433
846,hangul,전,05,270,645,89 9D,90 6C,401,8A B7,8A B7,0x04434 0x04435
847,hangul,해,05,271,646,89 E8,82 A9,528,8B 79,8B 79,0x04436 0x04437
848,hangul,졌,05,272,647,89 A2,82 CC,408,8A BE,8A BE,0x04438 0x04439
849,hangul,다,05,273,648,82 E7,89 A4,111,89 50,89 50,0x0443A 0x0443B
850,punctuation,。,05,274,649,81 42,82 AA,,,81 42,0x0443C 0x0443D
851,hangul,그,05,275,650,82 BD,95 95,49,88 CF,88 CF,0x0443E 0x0443F
852,hangul,러,05,276,651,88 BB,88 F3,170,89 8C,89 8C,0x04440 0x04441
853,hangul,나,05,277,652,82 CE,82 F0,74,88 E8,88 E8,0x04442 0x04443
854,space,␠,05,278,653,81 40,89 F0,,,81 40,0x04444 0x04445
855,hangul,봉,05,279,654,88 F8,82 AD,253,89 DF,89 DF,0x04446 0x04447
856,hangul,인,05,280,655,89 8E,42 97,382,8A A4,8A A4,0x04448 0x04449
857,hangul,을,05,281,656,89 8A,55 98,376,8A 9E,8A 9E,0x0444A 0x0444B
858,space,␠,05,282,657,81 40,66 82,,,81 40,0x0444C 0x0444D
859,hangul,풀,05,283,658,89 DF,C9 8B,512,8B 69,8B 69,0x0444E 0x0444F
860,hangul,려,05,284,659,88 C1,EC 82,178,89 94,89 94,0x04450 0x04451
861,hangul,는,05,285,660,82 E3,E7 82,106,89 4B,89 4B,0x04452 0x04453
862,control,,,,,42,EA,,,42,0x04454
863,space,␠,05,286,661,81 40,82 BD,,,81 40,0x04455 0x04456
864,hangul,유,05,287,662,89 86,82 E7,371,8A 99,8A 99,0x04457 0x04458
865,hangul,혹,05,288,663,89 F1,82 B5,542,8B 88,8B 88,0x04459 0x0445A
866,hangul,에,05,289,664,89 70,82 A2,333,8A 72,8A 72,0x0445B 0x0445C
867,space,␠,05,290,665,81 40,81 42,,,81 40,0x0445D 0x0445E
868,hangul,사,05,291,666,89 43,82 C8,265,89 EB,89 EB,0x0445F 0x04460
869,hangul,로,05,292,667,88 C5,82 BA,183,89 99,89 99,0x04461 0x04462
870,hangul,잡,05,293,668,89 98,82 C8,396,8A B2,8A B2,0x04463 0x04464
871,hangul,혔,05,294,669,89 EE,82 E7,539,8B 85,8B 85,0x04465 0x04466
872,hangul,던,05,295,670,82 EE,82 CE,121,89 5A,89 5A,0x04467 0x04468
873,space,␠,05,296,671,81 40,81 41,,,81 40,0x04469 0x0446A
874,hangul,왕,05,297,672,89 7C,82 E0,352,8A 86,8A 86,0x0446B 0x0446C
875,hangul,들,05,298,673,88 AA,82 B5,144,89 71,89 71,0x0446D 0x0446E
876,hangul,도,05,299,674,82 F1,83 81,125,89 5E,89 5E,0x0446F 0x04470
877,space,␠,05,300,675,81 40,83 4B,,,81 40,0x04471 0x04472
878,hangul,있,05,301,676,89 92,83 58,389,8A AB,8A AB,0x04473 0x04474
879,hangul,었,05,302,677,89 6F,82 AA,332,8A 71,8A 71,0x04475 0x04476
880,hangul,다,05,303,678,82 E7,95 9C,111,89 50,89 50,0x04477 0x04478
881,punctuation,。,05,304,679,81 42,8A 88,,,81 42,0x04479 0x0447A
882,hangul,그,05,305,680,82 BD,82 B7,49,88 CF,88 CF,0x0447B 0x0447C
883,hangul,가,05,306,681,82 9F,82 EA,1,88 9F,88 9F,0x0447D 0x0447E
884,space,␠,05,307,682,81 40,82 CE,,,81 40,0x0447F 0x04480
885,hangul,부,05,308,683,88 FA,81 41,255,89 E1,89 E1,0x04481 0x04482
886,hangul,활,05,309,684,89 F3,8A 6D,547,8B 8D,8B 8D,0x04483 0x04484
887,hangul,하,05,310,685,89 E2,8E C0,521,8B 72,8B 72,0x04485 0x04486
888,hangul,기,05,311,686,82 C1,82 C9,55,88 D5,88 D5,0x04487 0x04488
889,hangul,만,05,312,687,88 D2,83 94,202,89 AC,89 AC,0x04489 0x0448A
890,space,␠,05,313,688,81 40,83 40,,,81 40,0x0448B 0x0448C
891,hangul,하,05,314,689,89 E2,83 6A,521,8B 72,8B 72,0x0448D 0x0448E
892,hangul,면,05,315,690,88 DC,83 65,215,89 B9,89 B9,0x0448F 0x04490
893,space,␠,05,316,691,81 40,83 42,,,81 40,0x04491 0x04492
894,hangul,바,05,317,692,88 E9,82 E2,234,89 CC,89 CC,0x04493 0x04494
895,hangul,니,05,318,693,82 E4,83 8A,108,89 4D,89 4D,0x04495 0x04496
896,hangul,티,05,319,694,89 D7,83 41,498,8B 5B,8B 5B,0x04497 0x04498
897,hangul,와,05,320,695,89 7A,83 8A,349,8A 83,8A 83,0x04499 0x0449A
898,space,␠,05,321,696,81 40,83 65,,,81 40,0x0449B 0x0449C
899,hangul,리,05,322,697,88 CC,83 42,194,89 A4,89 A4,0x0449D 0x0449E
900,hangul,얼,05,323,698,89 6D,82 CD,328,8A 6D,8A 6D,0x0449F 0x044A0
901,hangul,리,05,324,699,88 CC,83 94,194,89 A4,89 A4,0x044A1 0x044A2
902,hangul,티,05,325,700,89 D7,83 46,498,8B 5B,8B 5B,0x044A3 0x044A4
903,hangul,를,05,326,701,88 CA,83 4A,192,89 A2,89 A2,0x044A5 0x044A6
904,space,␠,05,327,702,81 40,83 93,,,81 40,0x044A7 0x044A8
905,hangul,정,05,328,703,89 A0,83 65,404,8A BA,8A BA,0x044A9 0x044AA
906,hangul,복,05,329,704,88 F5,83 42,250,89 DC,89 DC,0x044AB 0x044AC
907,hangul,할,05,330,705,89 E5,82 CC,524,8B 75,8B 75,0x044AD 0x044AE
908,space,␠,05,331,706,81 40,82 E0,,,81 40,0x044AF 0x044B0
909,hangul,수,05,332,707,89 54,82 C6,288,8A 45,8A 45,0x044B1 0x044B2
910,space,␠,05,333,708,81 40,82 C9,,,81 40,0x044B3 0x044B4
911,hangul,있,05,334,709,89 92,90 AA,389,8A AB,8A AB,0x044B5 0x044B6
912,hangul,기,05,335,710,82 C1,95 9E,55,88 D5,88 D5,0x044B7 0x044B8
913,space,␠,05,336,711,81 40,82 B3,,,81 40,0x044B9 0x044BA
914,hangul,때,05,337,712,88 AD,82 EA,149,89 76,89 76,0x044BB 0x044BC
915,hangul,문,05,338,713,88 E4,93 BE,225,89 C3,89 C3,0x044BD 0x044BE
916,hangul,이,05,339,714,89 8D,82 E9,380,8A A2,8A A2,0x044BF 0x044C0
917,hangul,다,05,340,715,82 E7,82 A9,111,89 50,89 50,0x044C1 0x044C2
918,punctuation,。,05,341,716,81 42,82 E7,,,81 42,0x044C3 0x044C4
919,hangul,그,05,342,717,82 BD,82 BE,49,88 CF,88 CF,0x044C5 0x044C6
920,hangul,럼,05,343,718,88 BE,81 42,173,89 8F,89 8F,0x044C7 0x044C8
921,hangul,에,05,344,719,89 70,82 C9,333,8A 72,8A 72,0x044C9 0x044CA
922,hangul,도,05,345,720,82 F1,82 E0,125,89 5E,89 5E,0x044CB 0x044CC
923,control,,,,,42,82,,,42,0x044CD
924,space,␠,05,346,721,81 40,A9 82,,,81 40,0x044CE 0x044CF
925,hangul,여,05,347,722,89 72,A9 82,335,8A 74,8A 74,0x044D0 0x044D1
926,hangul,태,05,348,723,89 CF,ED 82,484,8B 4D,8B 4D,0x044D2 0x044D3
927,hangul,까,05,349,724,82 C4,E7 82,60,88 DA,88 DA,0x044D4 0x044D5
928,hangul,지,05,350,725,89 B3,B8 81,430,8A D4,8A D4,0x044D6 0x044D7
929,space,␠,05,351,726,81 40,41 42,,,81 40,0x044D8 0x044D9
930,hangul,봉,05,352,727,88 F8,82 B1,253,89 DF,89 DF,0x044DA 0x044DB
931,hangul,인,05,353,728,89 8E,82 EA,382,8A A4,8A A4,0x044DC 0x044DD
932,hangul,을,05,354,729,89 8A,82 DC,376,8A 9E,8A 9E,0x044DE 0x044DF
933,space,␠,05,355,730,81 40,82 C5,,,81 40,0x044E0 0x044E1
934,hangul,푼,05,356,731,89 DE,89 BD,511,8B 68,8B 68,0x044E2 0x044E3
935,space,␠,05,357,732,81 40,8E D2,,,81 40,0x044E4 0x044E5
936,hangul,자,05,358,733,89 93,82 E0,391,8A AD,8A AD,0x044E6 0x044E7
937,hangul,는,05,359,734,82 E3,95 95,106,89 4B,89 4B,0x044E8 0x044E9
938,space,␠,05,360,735,81 40,88 F3,,,81 40,0x044EA 0x044EB
939,hangul,아,05,361,736,89 60,82 F0,309,8A 5A,8A 5A,0x044EC 0x044ED
940,hangul,무,05,362,737,88 E3,89 F0,224,89 C2,89 C2,0x044EE 0x044EF
941,hangul,도,05,363,738,82 F1,82 AB,125,89 5E,89 5E,0x044F0 0x044F1
942,space,␠,05,364,739,81 40,82 CD,,,81 40,0x044F2 0x044F3
943,hangul,없,05,365,740,89 6E,82 B5,330,8A 6F,8A 6F,0x044F4 0x044F5
944,hangul,었,05,366,741,89 6F,82 C8,332,8A 71,8A 71,0x044F6 0x044F7
945,hangul,다,05,367,742,82 E7,82 A9,111,89 50,89 50,0x044F8 0x044F9
946,punctuation,。,05,368,743,81 42,82 C1,,,81 42,0x044FA 0x044FB
947,control,,,,,61,82,,,61,0x044FC
948,control,,,,,16 7F E6,BD 81 42,,,16 7F E6,0x044FD 0x044FE 0x044FF
949,control,,,,,0F 03 06 03 0F,0F 03 06 03 0F,,,0F 03 06 03 0F,0x0526F 0x05270 0x05271 0x05272 0x05273
950,control,,,,,16 95 E7,16 95 E7,,,16 95 E7,0x05274 0x05275 0x05276
951,control,,,,,1E 3C 08,1E 3C 08,,,1E 3C 08,0x05385 0x05386 0x05387
952,control,,,,,05 16 86 3A 9E 00,05 16 86 3A 9E 00,,,05 16 86 3A 9E 00,0x05388 0x05389 0x0538A 0x0538B 0x0538C 0x0538D
953,control,,,,,0E 16 20 24 80,0E 16 20 24 80,,,0E 16 20 24 80,0x0538E 0x0538F 0x05390 0x05391 0x05392
954,control,,,,,17,17,,,17,0x05393
955,control,,,,,14 00 16 22,14 00 16 22,,,14 00 16 22,0x05277 0x05278 0x05279 0x0527A
956,control,,,,,14 01 3B 00,14 01 3B 00,,,14 01 3B 00,0x0527B 0x0527C 0x0527D 0x0527E
957,control,,,,,16 AB E6,16 AB E6,,,16 AB E6,0x0527F 0x05280 0x05281
958,control,,,,,04 CA E8 41,04 CA E8 41,,,04 CA E8 41,0x0529B 0x0529C 0x0529D 0x0529E
959,control,,,,,04 DE E8 43,04 DE E8 43,,,04 DE E8 43,0x0529F 0x052A0 0x052A1 0x052A2
960,control,,,,,04 E8 E8 42,04 E8 E8 42,,,04 E8 E8 42,0x052A3 0x052A4 0x052A5 0x052A6
961,control,,,,,04 F2 E8 44,04 F2 E8 44,,,04 F2 E8 44,0x052A7 0x052A8 0x052A9 0x052AA
962,control,,,,,04 FC E8 45,04 FC E8 45,,,04 FC E8 45,0x052AB 0x052AC 0x052AD 0x052AE
963,control,,,,,04 06 E9 46,04 06 E9 46,,,04 06 E9 46,0x052AF 0x052B0 0x052B1 0x052B2
964,control,,,,,06 0E,06 0E,,,06 0E,0x052B3 0x052B4
965,control,,,,,45,45,,,45,0x052B5
966,control,,,,,46,46,,,46,0x052B6
967,control,,,,,01 05,01 05,,,01 05,0x052B7 0x052B8
968,control,,,,,25 2B,25 2B,,,25 2B,0x052B9 0x052BA
969,control,,,,,17,17,,,17,0x052BB
970,control,,,,,43,43,,,43,0x05282
971,control,,,,,63,63,,,63,0x05283
972,control,,,,,13 B4 E7,13 B4 E7,,,13 B4 E7,0x05284 0x05285 0x05286
973,control,,,,,17,17,,,17,0x05287
974,control,,,,,25 30,61 16,,,25 30,0x04500 0x04501
975,control,,,,,06 12,7F E6,,,06 12,0x04502 0x04503
976,hangul,왠,06,1,744,89 7E,25 30,354,8A 88,8A 88,0x04504 0x04505
977,hangul,지,06,2,745,89 B3,06 12,430,8A D4,8A D4,0x04506 0x04507
978,space,␠,06,3,746,81 40,82 C8,,,81 40,0x04508 0x04509
979,hangul,아,06,4,747,89 60,82 BA,309,8A 5A,8A 5A,0x0450A 0x0450B
980,hangul,느,06,5,748,82 E2,82 BE,105,89 4A,89 4A,0x0450C 0x0450D
981,hangul,냐,06,6,749,82 D5,82 A9,82,88 F0,88 F0,0x0450E 0x0450F
982,punctuation,?,06,7,750,81 48,95 AA,,,81 48,0x04510 0x04511
983,space,␠,06,8,751,81 40,82 E9,,,81 40,0x04512 0x04513
984,hangul,모,06,9,752,88 DF,82 A9,218,89 BC,89 BC,0x04514 0x04515
985,hangul,르,06,10,753,88 C9,81 48,190,89 A0,89 A0,0x04516 0x04517
986,hangul,겠,06,11,754,82 AC,81 40,20,88 B2,88 B2,0x04518 0x04519
987,hangul,지,06,12,755,89 B3,95 AA,430,8A D4,8A D4,0x0451A 0x0451B
988,punctuation,、,06,13,756,81 41,82 E9,,,81 41,0x0451C 0x0451D
989,hangul,메,06,14,757,88 DA,82 DC,213,89 B7,89 B7,0x0451E 0x0451F
990,hangul,가,06,15,758,82 9F,82 A2,1,88 9F,88 9F,0x04520 0x04521
991,hangul,스,06,16,759,89 56,81 41,293,8A 4A,8A 4A,0x04522 0x04523
992,hangul,라,06,17,760,88 B6,83 81,159,89 81,89 81,0x04524 0x04525
993,hangul,는,06,18,761,82 E3,83 4B,106,89 4B,89 4B,0x04526 0x04527
994,control,,,,,43,83,,,43,0x04528
995,hangul,재,06,19,762,89 9A,58 82,398,8A B4,8A B4,0x04529 0x0452A
996,hangul,앙,06,20,763,89 69,CC 43,318,8A 63,8A 63,0x0452B 0x0452C
997,hangul,을,06,21,764,89 8A,8B C1,376,8A 9E,8A 9E,0x0452D 0x0452E
998,space,␠,06,22,765,81 40,88 D9,,,81 40,0x0452F 0x04530
999,hangul,겪,06,23,766,82 AD,82 F0,23,88 B5,88 B5,0x04531 0x04532
1000,hangul,어,06,24,767,89 6C,82 B6,325,8A 6A,8A 6A,0x04533 0x04534
1001,hangul,본,06,25,768,88 F6,82 A9,251,89 DD,89 DD,0x04535 0x04536
1002,space,␠,06,26,769,81 40,82 C9,,,81 40,0x04537 0x04538
1003,hangul,적,06,27,770,89 9C,8A B4,400,8A B6,8A B6,0x04539 0x0453A
1004,space,␠,06,28,771,81 40,82 B6,,,81 40,0x0453B 0x0453C
1005,hangul,없,06,29,772,89 6E,82 BD,330,8A 6F,8A 6F,0x0453D 0x0453E
1006,hangul,는,06,30,773,82 E3,82 B1,106,89 4B,89 4B,0x0453F 0x04540
1007,space,␠,06,31,774,81 40,82 C6,,,81 40,0x04541 0x04542
1008,hangul,네,06,32,775,82 D9,82 CC,90,88 F8,88 F8,0x04543 0x04544
1009,hangul,가,06,33,776,82 9F,82 C8,1,88 9F,88 9F,0x04545 0x04546
1010,space,␠,06,34,777,81 40,82 A2,,,81 40,0x04547 0x04548
1011,hangul,알,06,35,778,89 65,82 A8,314,8A 5F,8A 5F,0x04549 0x0454A
1012,space,␠,06,36,779,81 40,82 DC,,,81 40,0x0454B 0x0454C
1013,hangul,리,06,37,780,88 CC,82 A6,194,89 A4,89 A4,0x0454D 0x0454E
1014,hangul,가,06,38,781,82 9F,82 C9,1,88 9F,88 9F,0x0454F 0x04550
1015,space,␠,06,39,782,81 40,82 CD,,,81 40,0x04551 0x04552
1016,hangul,없,06,40,783,89 6E,95 AA,330,8A 6F,8A 6F,0x04553 0x04554
1017,hangul,겠,06,41,784,82 AC,82 E9,20,88 B2,88 B2,0x04555 0x04556
1018,hangul,지,06,42,785,89 B3,82 DC,430,8A D4,8A D4,0x04557 0x04558
1019,punctuation,！,06,43,786,81 49,82 A2,,,81 49,0x04559 0x0455A
1020,space,␠,06,44,787,81 40,81 49,,,81 40,0x0455B 0x0455C
1021,hangul,누,06,45,788,82 DF,81 40,102,89 47,89 47,0x0455D 0x0455E
1022,control,,,,,43,43,,,43,0x0455F
1023,hangul,구,06,46,789,82 B7,89 BD,41,88 C7,88 C7,0x04560 0x04561
1024,hangul,도,06,47,790,82 F1,8E D2,125,89 5E,89 5E,0x04562 0x04563
1025,space,␠,06,48,791,81 40,82 E0,,,81 40,0x04564 0x04565
1026,hangul,확,06,49,792,89 F2,8A 6D,546,8B 8C,8B 8C,0x04566 0x04567
1027,hangul,신,06,50,793,89 5B,90 4D,299,8A 50,8A 50,0x04568 0x04569
1028,hangul,할,06,51,794,89 E5,82 F0,524,8B 75,8B 75,0x0456A 0x0456B
1029,space,␠,06,52,795,81 40,8E 9D,,,81 40,0x0456C 0x0456D
1030,hangul,수,06,53,796,89 54,82 C4,288,8A 45,8A 45,0x0456E 0x0456F
1031,space,␠,06,54,797,81 40,82 C8,,,81 40,0x04570 0x04571
1032,hangul,없,06,55,798,89 6E,82 A9,330,8A 6F,8A 6F,0x04572 0x04573
1033,hangul,었,06,56,799,89 6F,82 C1,332,8A 71,8A 71,0x04574 0x04575
1034,hangul,던,06,57,800,82 EE,82 BD,121,89 5A,89 5A,0x04576 0x04577
1035,space,␠,06,58,801,81 40,82 CC,,,81 40,0x04578 0x04579
1036,hangul,거,06,59,802,82 A6,82 BE,12,88 AA,88 AA,0x0457A 0x0457B
1037,hangul,다,06,60,803,82 E7,81 49,111,89 50,89 50,0x0457C 0x0457D
1038,punctuation,！,06,61,804,81 49,81 40,,,81 49,0x0457E 0x0457F
1039,space,␠,06,62,805,81 40,83 81,,,81 40,0x04580 0x04581
1040,hangul,그,06,63,806,82 BD,83 4B,49,88 CF,88 CF,0x04582 0x04583
1041,hangul,가,06,64,807,82 9F,83 58,1,88 9F,88 9F,0x04584 0x04585
1042,space,␠,06,65,808,81 40,95 9C,,,81 40,0x04586 0x04587
1043,hangul,부,06,66,809,88 FA,8A 88,255,89 E1,89 E1,0x04588 0x04589
1044,hangul,활,06,67,810,89 F3,82 CC,547,8B 8D,8B 8D,0x0458A 0x0458B
1045,hangul,한,06,68,811,89 E4,8C E3,523,8B 74,8B 74,0x0458C 0x0458D
1046,space,␠,06,69,812,81 40,82 C9,,,81 40,0x0458E 0x0458F
1047,hangul,뒤,06,70,813,88 A7,82 E0,138,89 6B,89 6B,0x04590 0x04591
1048,hangul,에,06,71,814,89 70,81 41,333,8A 72,8A 72,0x04592 0x04593
1049,hangul,도,06,72,815,82 F1,89 CA,125,89 5E,89 5E,0x04594 0x04595
1050,hangul,베,06,73,816,88 F2,82 BD,247,89 D9,89 D9,0x04596 0x04597
1051,hangul,칸,06,74,817,89 C2,82 B5,466,8A F8,8A F8,0x04598 0x04599
1052,hangul,티,06,75,818,89 D7,82 C4,498,8B 5B,8B 5B,0x0459A 0x0459B
1053,hangul,가,06,76,819,82 9F,82 B1,1,88 9F,88 9F,0x0459C 0x0459D
1054,space,␠,06,77,820,81 40,82 CC,,,81 40,0x0459E 0x0459F
1055,hangul,존,06,78,821,89 A5,83 94,411,8A C1,8A C1,0x045A0 0x045A1
1056,hangul,속,06,79,822,89 51,83 46,284,8A 41,8A 41,0x045A2 0x045A3
1057,hangul,할,06,80,823,89 E5,83 4A,524,8B 75,8B 75,0x045A4 0x045A5
1058,space,␠,06,81,824,81 40,83 93,,,81 40,0x045A6 0x045A7
1059,hangul,수,06,82,825,89 54,83 65,288,8A 45,8A 45,0x045A8 0x045A9
1060,space,␠,06,83,826,81 40,83 42,,,81 40,0x045AA 0x045AB
1061,hangul,있,06,84,827,89 92,82 AA,389,8A AB,8A AB,0x045AC 0x045AD
1062,hangul,을,06,85,828,89 8A,8D DD,376,8A 9E,8A 9E,0x045AE 0x045AF
1063,hangul,까,06,86,829,82 C4,82 E8,60,88 DA,88 DA,0x045B0 0x045B1
1064,punctuation,！,06,87,830,81 49,93 BE,,,81 49,0x045B2 0x045B3
1065,space,␠,06,88,831,81 40,82 E9,,,81 40,0x045B4 0x045B5
1066,control,,,,,43,82,,,43,0x045B6
1067,hangul,그,06,89,832,82 BD,CC 82,49,88 CF,88 CF,0x045B7 0x045B8
1068,hangul,의,06,90,833,89 8C,A9 82,379,8A A1,8A A1,0x045B9 0x045BA
1069,hangul,광,06,91,834,82 B5,C7 82,38,88 C4,88 C4,0x045BB 0x045BC
1070,hangul,기,06,92,835,82 C1,A4 82,55,88 D5,88 D5,0x045BD 0x045BE
1071,hangul,가,06,93,836,82 9F,A9 81,1,88 9F,88 9F,0x045BF 0x045C0
1072,space,␠,06,94,837,81 40,49 81,,,81 40,0x045C1 0x045C2
1073,hangul,바,06,95,838,88 E9,40 43,234,89 CC,89 CC,0x045C3 0x045C4
1074,hangul,니,06,96,839,82 E4,83 81,108,89 4D,89 4D,0x045C5 0x045C6
1075,hangul,티,06,97,840,89 D7,83 4B,498,8B 5B,8B 5B,0x045C7 0x045C8
1076,hangul,와,06,98,841,89 7A,83 58,349,8A 83,8A 83,0x045C9 0x045CA
1077,space,␠,06,99,842,81 40,82 CC,,,81 40,0x045CB 0x045CC
1078,hangul,리,06,100,843,88 CC,8B B6,194,89 A4,89 A4,0x045CD 0x045CE
1079,hangul,얼,06,101,844,89 6D,8B 43,328,8A 6D,8A 6D,0x045CF 0x045D0
1080,hangul,리,06,102,845,88 CC,82 CD,194,89 A4,89 A4,0x045D1 0x045D2
1081,hangul,티,06,103,846,89 D7,81 41,498,8B 5B,8B 5B,0x045D3 0x045D4
1082,hangul,뿐,06,104,847,89 42,83 94,264,89 EA,89 EA,0x045D5 0x045D6
1083,hangul,만,06,105,848,88 D2,83 40,202,89 AC,89 AC,0x045D7 0x045D8
1084,space,␠,06,106,849,81 40,83 6A,,,81 40,0x045D9 0x045DA
1085,hangul,아,06,107,850,89 60,83 65,309,8A 5A,8A 5A,0x045DB 0x045DC
1086,hangul,니,06,108,851,82 E4,83 42,108,89 4D,89 4D,0x045DD 0x045DE
1087,hangul,라,06,109,852,88 B6,82 E2,159,89 81,89 81,0x045DF 0x045E0
1088,punctuation,、,06,110,853,81 41,83 8A,,,81 41,0x045E1 0x045E2
1089,hangul,베,06,111,854,88 F2,83 41,247,89 D9,89 D9,0x045E3 0x045E4
1090,hangul,칸,06,112,855,89 C2,83 8A,466,8A F8,8A F8,0x045E5 0x045E6
1091,hangul,티,06,113,856,89 D7,83 65,498,8B 5B,8B 5B,0x045E7 0x045E8
1092,hangul,마,06,114,857,88 D1,83 42,200,89 AA,89 AA,0x045E9 0x045EA
1093,hangul,저,06,115,858,89 9B,82 CD,399,8A B5,8A B5,0x045EB 0x045EC
1094,control,,,,,43,82,,,43,0x045ED
1095,space,␠,06,116,859,81 40,A8 82,,,81 40,0x045EE 0x045EF
1096,hangul,파,06,117,860,89 D8,EB 82,500,8B 5D,8B 5D,0x045F0 0x045F1
1097,hangul,멸,06,118,861,88 DD,A9 81,216,89 BA,89 BA,0x045F2 0x045F3
1098,hangul,시,06,119,862,89 5A,41 82,298,8A 4F,8A 4F,0x045F4 0x045F5
1099,hangul,키,06,120,863,89 C9,B1 82,477,8B 46,8B 46,0x045F6 0x045F7
1100,hangul,지,06,121,864,89 B3,CC 83,430,8A D4,8A D4,0x045F8 0x045F9
1101,space,␠,06,122,865,81 40,94 83,,,81 40,0x045FA 0x045FB
1102,hangul,않,06,123,866,89 64,46 83,313,8A 5E,8A 5E,0x045FC 0x045FD
1103,hangul,을,06,124,867,89 8A,4A 83,376,8A 9E,8A 9E,0x045FE 0x045FF
1104,hangul,까,06,125,868,82 C4,93 83,60,88 DA,88 DA,0x04600 0x04601
1105,punctuation,！,06,126,869,81 49,65 83,,,81 49,0x04602 0x04603
1106,hangul,그,06,127,870,82 BD,42 82,49,88 CF,88 CF,0x04604 0x04605
1107,hangul,의,06,128,871,89 8C,B3 82,379,8A A1,8A A1,0x04606 0x04607
1108,space,␠,06,129,872,81 40,A6 43,,,81 40,0x04608 0x04609
1109,hangul,부,06,130,873,88 FA,94 6A,255,89 E1,89 E1,0x0460A 0x0460B
1110,hangul,활,06,131,874,89 F3,89 F3,547,8B 8D,8B 8D,0x0460C 0x0460D
1111,hangul,이,06,132,875,89 8D,82 B5,380,8A A2,8A A2,0x0460E 0x0460F
1112,space,␠,06,133,876,81 40,90 73,,,81 40,0x04610 0x04611
1113,hangul,베,06,134,877,88 F2,82 AD,247,89 D9,89 D9,0x04612 0x04613
1114,hangul,칸,06,135,878,89 C2,82 B5,466,8A F8,8A F8,0x04614 0x04615
1115,hangul,티,06,136,879,89 D7,82 CD,498,8B 5B,8B 5B,0x04616 0x04617
1116,hangul,의,06,137,880,89 8C,82 B5,379,8A A1,8A A1,0x04618 0x04619
1117,space,␠,06,138,881,81 40,82 DC,,,81 40,0x0461A 0x0461B
1118,control,,,,,43,82,,,43,0x0461C
1119,hangul,종,06,139,882,89 A6,A2 82,413,8A C3,8A C3,0x0461D 0x0461E
1120,hangul,말,06,140,883,88 D3,A9 81,203,89 AD,89 AD,0x0461F 0x04620
1121,hangul,을,06,141,884,89 8A,49 81,376,8A 9E,8A 9E,0x04621 0x04622
1122,space,␠,06,142,885,81 40,40 83,,,81 40,0x04623 0x04624
1123,hangul,의,06,143,886,89 8C,81 83,379,8A A1,8A A1,0x04625 0x04626
1124,hangul,미,06,144,887,88 E7,4B 83,231,89 C9,89 C9,0x04627 0x04628
1125,hangul,하,06,145,888,89 E2,58 95,521,8B 72,8B 72,0x04629 0x0462A
1126,hangul,는,06,146,889,82 E3,9C 8A,106,89 4B,89 4B,0x0462B 0x0462C
1127,space,␠,06,147,890,81 40,88 82,,,81 40,0x0462D 0x0462E
1128,hangul,게,06,148,891,82 AB,CD 83,19,88 B1,88 B1,0x0462F 0x04630
1129,space,␠,06,149,892,81 40,94 83,,,81 40,0x04631 0x04632
1130,hangul,아,06,150,893,89 60,46 83,309,8A 5A,8A 5A,0x04633 0x04634
1131,hangul,닐,06,151,894,82 E5,4A 83,109,89 4E,89 4E,0x04635 0x04636
1132,hangul,까,06,152,895,82 C4,93 83,60,88 DA,88 DA,0x04637 0x04638
1133,punctuation,！,06,153,896,81 49,65 83,,,81 49,0x04639 0x0463A
1134,space,␠,06,154,897,81 40,42 82,,,81 40,0x0463B 0x0463C
1135,hangul,누,06,155,898,82 DF,CC 43,102,89 47,89 47,0x0463D 0x0463E
1136,hangul,구,06,156,899,82 B7,8E 80,41,88 C7,88 C7,0x0463F 0x04640
1137,hangul,도,06,157,900,82 F1,82 F0,125,89 5E,89 5E,0x04641 0x04642
1138,space,␠,06,158,901,81 40,88 D3,,,81 40,0x04643 0x04644
1139,hangul,이,06,159,902,89 8D,96 A1,380,8A A2,8A A2,0x04645 0x04646
1140,control,,,,,43,82,,,43,0x04647
1141,space,␠,06,160,903,81 40,B5 82,,,81 40,0x04648 0x04649
1142,hangul,의,06,161,904,89 8C,CD 82,379,8A A1,8A A1,0x0464A 0x0464B
1143,hangul,문,06,162,905,88 E4,B5 82,225,89 C3,89 C3,0x0464C 0x0464D
1144,hangul,을,06,163,906,89 8A,DC 82,376,8A 9E,8A 9E,0x0464E 0x0464F
1145,space,␠,06,164,907,81 40,A2 82,,,81 40,0x04650 0x04651
1146,hangul,부,06,165,908,88 FA,A9 81,255,89 E1,89 E1,0x04652 0x04653
1147,hangul,정,06,166,909,89 A0,49 81,404,8A BA,8A BA,0x04654 0x04655
1148,hangul,할,06,167,910,89 E5,40 89,524,8B 75,8B 75,0x04656 0x04657
1149,space,␠,06,168,911,81 40,BD 8E,,,81 40,0x04658 0x04659
1150,hangul,수,06,169,912,89 54,D2 82,288,8A 45,8A 45,0x0465A 0x0465B
1151,space,␠,06,170,913,81 40,E0 82,,,81 40,0x0465C 0x0465D
1152,hangul,없,06,171,914,89 6E,B1 82,330,8A 6F,8A 6F,0x0465E 0x0465F
1153,hangul,었,06,172,915,89 6F,EA 82,332,8A 71,8A 71,0x04660 0x04661
1154,hangul,던,06,173,916,82 EE,E7 82,121,89 5A,89 5A,0x04662 0x04663
1155,space,␠,06,174,917,81 40,CC 43,,,81 40,0x04664 0x04665
1156,hangul,것,06,175,918,82 AA,8B 5E,18,88 B0,88 B0,0x04666 0x04667
1157,hangul,이,06,176,919,89 8D,96 E2,380,8A A2,8A A2,0x04668 0x04669
1158,hangul,다,06,177,920,82 E7,82 F0,111,89 50,89 50,0x0466A 0x0466B
1159,punctuation,！,06,178,921,81 49,94 DB,,,81 49,0x0466C 0x0466D
1160,control,,,,,65,92,,,65,0x0466E
1161,control,,,,,66,E8,,,66,0x0466F
1162,control,,,,,16 CC E6,82 B5 93,,,16 CC E6,0x04670 0x04671 0x04672
1163,control,,,,,0F 03 11 03 0A,0F 03 11 03 0A,,,0F 03 11 03 0A,0x052BC 0x052BD 0x052BE 0x052BF 0x052C0
1164,control,,,,,05 0F 86 41 9E 00,05 0F 86 41 9E 00,,,05 0F 86 41 9E 00,0x052C1 0x052C2 0x052C3 0x052C4 0x052C5 0x052C6
1165,control,,,,,0E 0F 20 32 80,0E 0F 20 32 80,,,0E 0F 20 32 80,0x052C7 0x052C8 0x052C9 0x052CA 0x052CB
1166,control,,,,,13 E4 E7,13 E4 E7,,,13 E4 E7,0x052CC 0x052CD 0x052CE
1167,control,,,,,10 0F 22,10 0F 22,,,10 0F 22,0x052CF 0x052D0 0x052D1
1168,control,,,,,17,17,,,17,0x052D2
1169,hangul,그,07,1,922,82 BD,BE 82,49,88 CF,88 CF,0x04673 0x04674
1170,hangul,런,07,2,923,88 BC,C8 82,171,89 8D,89 8D,0x04675 0x04676
1171,hangul,데,07,3,924,82 F0,A9 82,124,89 5D,89 5D,0x04677 0x04678
1172,hangul,도,07,4,925,82 F1,C1 82,125,89 5E,89 5E,0x04679 0x0467A
1173,control,,,,,01 01,BD 82,,,01 01,0x0467B 0x0467C
1174,space,␠,07,5,926,81 40,CC 82,,,81 40,0x0467D 0x0467E
1175,hangul,놈,07,6,927,82 DD,BE 81,97,89 42,89 42,0x0467F 0x04680
1176,hangul,들,07,7,928,88 AA,49 65,144,89 71,89 71,0x04681 0x04682
1177,hangul,은,07,8,929,89 89,66 16,375,8A 9D,8A 9D,0x04683 0x04684
1178,space,␠,07,9,930,81 40,CC E6,,,81 40,0x04685 0x04686
1179,hangul,반,07,10,931,88 EA,82 A0,236,89 CE,89 CE,0x04687 0x04688
1180,hangul,란,07,11,932,88 B7,82 A0,161,89 83,89 83,0x04689 0x0468A
1181,hangul,이,07,12,933,89 8D,81 41,380,8A A2,8A A2,0x0468B 0x0468C
1182,space,␠,07,13,934,81 40,82 BB,,,81 40,0x0468D 0x0468E
1183,hangul,실,07,14,935,89 5C,82 EA,300,8A 51,8A 51,0x0468F 0x04690
1184,hangul,패,07,15,936,89 DA,82 BE,502,8B 5F,8B 5F,0x04691 0x04692
1185,hangul,하,07,16,937,89 E2,82 CC,521,8B 72,8B 72,0x04693 0x04694
1186,hangul,고,07,17,938,82 B1,82 C9,29,88 BB,88 BB,0x04695 0x04696
1187,space,␠,07,18,939,81 40,01 01,,,81 40,0x04697 0x04698
1188,hangul,자,07,19,940,89 93,81 41,391,8A AD,8A AD,0x04699 0x0469A
1189,hangul,신,07,20,941,89 5B,93 7A,299,8A 50,8A 50,0x0469B 0x0469C
1190,hangul,들,07,21,942,88 AA,82 E7,144,89 71,89 71,0x0469D 0x0469E
1191,hangul,의,07,22,943,89 8C,82 CD,379,8A A1,8A A1,0x0469F 0x046A0
1192,space,␠,07,23,944,81 40,81 41,,,81 40,0x046A1 0x046A2
1193,hangul,죽,07,24,945,89 AB,89 E4,419,8A C9,8A C9,0x046A3 0x046A4
1194,hangul,음,07,25,946,89 8B,82 E7,377,8A 9F,8A 9F,0x046A5 0x046A6
1195,hangul,이,07,26,947,89 8D,82 D6,380,8A A2,8A A2,0x046A7 0x046A8
1196,space,␠,07,27,948,81 40,82 CC,,,81 40,0x046A9 0x046AA
1197,hangul,확,07,28,949,89 F2,94 BD,546,8B 8C,8B 8C,0x046AB 0x046AC
1198,hangul,실,07,29,950,89 5C,8B 74,300,8A 51,8A 51,0x046AD 0x046AE
1199,hangul,해,07,30,951,89 E8,82 AA,528,8B 79,8B 79,0x046AF 0x046B0
1200,hangul,지,07,31,952,89 B3,8E B8,430,8A D4,8A D4,0x046B1 0x046B2
1201,hangul,자,07,32,953,89 93,94 73,391,8A AD,8A AD,0x046B3 0x046B4
1202,punctuation,、,07,33,954,81 41,82 B5,,,81 41,0x046B5 0x046B6
1203,hangul,광,07,34,955,82 B5,81 41,38,88 C4,88 C4,0x046B7 0x046B8
1204,hangul,기,07,35,956,82 C1,8C C8,55,88 D5,88 D5,0x046B9 0x046BA
1205,hangul,에,07,36,957,89 70,82 EA,333,8A 72,8A 72,0x046BB 0x046BC
1206,space,␠,07,37,958,81 40,82 CC,,,81 40,0x046BD 0x046BE
1207,hangul,사,07,38,959,89 43,8E 80,265,89 EB,89 EB,0x046BF 0x046C0
1208,hangul,로,07,39,960,88 C5,82 AA,183,89 99,89 99,0x046C1 0x046C2
1209,hangul,잡,07,40,961,89 98,8A 6D,396,8A B2,8A B2,0x046C3 0x046C4
1210,hangul,혀,07,41,962,89 EB,8E C0,536,8B 82,8B 82,0x046C5 0x046C6
1211,control,,,,,01 02,82 C9,,,01 02,0x046C7 0x046C8
1212,space,␠,07,42,963,81 40,82 C8,,,81 40,0x046C9 0x046CA
1213,hangul,금,07,43,964,82 BF,82 E9,53,88 D3,88 D3,0x046CB 0x046CC
1214,hangul,단,07,44,965,82 E9,82 C6,113,89 52,89 52,0x046CD 0x046CE
1215,hangul,의,07,45,966,89 8C,81 41,379,8A A1,8A A1,0x046CF 0x046D0
1216,space,␠,07,46,967,81 40,89 BD,,,81 40,0x046D1 0x046D2
1217,hangul,문,07,47,968,88 E4,82 F0,225,89 C3,89 C3,0x046D3 0x046D4
1218,hangul,을,07,48,969,89 8A,8C 8C,376,8A 9E,8A 9E,0x046D5 0x046D6
1219,space,␠,07,49,970,81 40,96 C0,,,81 40,0x046D7 0x046D8
1220,hangul,열,07,50,971,89 74,82 A4,338,8A 77,8A 77,0x046D9 0x046DA
1221,hangul,어,07,51,972,89 6C,82 BD,325,8A 6A,8A 6A,0x046DB 0x046DC
1222,hangul,버,07,52,973,88 F0,82 A9,242,89 D4,89 D4,0x046DD 0x046DE
1223,hangul,렸,07,53,974,88 C2,81 41,180,89 96,89 96,0x046DF 0x046E0
1224,hangul,다,07,54,975,82 E7,01 02,111,89 50,89 50,0x046E1 0x046E2
1225,punctuation,！,07,55,976,81 49,95 95,,,81 49,0x046E3 0x046E4
1226,space,␠,07,56,977,81 40,88 F3,,,81 40,0x046E5 0x046E6
1227,control,,,,,16 E3 E6,82 F0 81,,,16 E3 E6,0x046E7 0x046E8 0x046E9
1228,control,,,,,0F 03 17 03 03,0F 03 17 03 03,,,0F 03 17 03 03,0x052D3 0x052D4 0x052D5 0x052D6 0x052D7
1229,control,,,,,16 95 E7,16 95 E7,,,16 95 E7,0x052D8 0x052D9 0x052DA
1230,control,,,,,1E 3C 08,1E 3C 08,,,1E 3C 08,0x05385 0x05386 0x05387
1231,control,,,,,05 16 86 3A 9E 00,05 16 86 3A 9E 00,,,05 16 86 3A 9E 00,0x05388 0x05389 0x0538A 0x0538B 0x0538C 0x0538D
1232,control,,,,,0E 16 20 24 80,0E 16 20 24 80,,,0E 16 20 24 80,0x0538E 0x0538F 0x05390 0x05391 0x05392
1233,control,,,,,17,17,,,17,0x05393
1234,control,,,,,1E 0C E6,1E 0C E6,,,1E 0C E6,0x052DB 0x052DC 0x052DD
1235,control,,,,,13 14 E8,13 14 E8,,,13 14 E8,0x052DE 0x052DF 0x052E0
1236,control,,,,,10 3A 00,10 3A 00,,,10 3A 00,0x052E1 0x052E2 0x052E3
1237,control,,,,,04 10 E9 41,04 10 E9 41,,,04 10 E9 41,0x052E4 0x052E5 0x052E6 0x052E7
1238,control,,,,,04 1A E9 42,04 1A E9 42,,,04 1A E9 42,0x052E8 0x052E9 0x052EA 0x052EB
1239,control,,,,,06 12,06 12,,,06 12,0x052EC 0x052ED
1240,control,,,,,17,17,,,17,0x052EE
1241,control,,,,,41,41,,,41,0x046EA
1242,hangul,메,08,1,978,88 DA,8B D6,213,89 B7,89 B7,0x046EB 0x046EC
1243,hangul,가,08,2,979,82 9F,92 66,1,88 9F,88 9F,0x046ED 0x046EE
1244,hangul,스,08,3,980,89 56,82 CC,293,8A 4A,8A 4A,0x046EF 0x046F0
1245,hangul,가,08,4,981,82 9F,94 E0,1,88 9F,88 9F,0x046F1 0x046F2
1246,space,␠,08,5,982,81 40,82 F0,,,81 40,0x046F3 0x046F4
1247,hangul,부,08,6,983,88 FA,8A 4A,255,89 E1,89 E1,0x046F5 0x046F6
1248,hangul,활,08,7,984,89 F3,82 AF,547,8B 8D,8B 8D,0x046F7 0x046F8
1249,hangul,했,08,8,985,89 E9,82 C4,529,8B 7A,8B 7A,0x046F9 0x046FA
1250,hangul,다,08,9,986,82 E7,82 B5,111,89 50,89 50,0x046FB 0x046FC
1251,punctuation,。,08,10,987,81 42,82 DC,,,81 42,0x046FD 0x046FE
1252,control,,,,,22 0C,82 C1,,,22 0C,0x046FF 0x04700
1253,control,,,,,42,82,,,42,0x04701
1254,hangul,메,08,11,988,88 DA,BD 82,213,89 B7,89 B7,0x04702 0x04703
1255,hangul,가,08,12,989,82 9F,CC 82,1,88 9F,88 9F,0x04704 0x04705
1256,hangul,스,08,13,990,89 56,BE 81,293,8A 4A,8A 4A,0x04706 0x04707
1257,hangul,의,08,14,991,89 8C,49 16,379,8A A1,8A A1,0x04708 0x04709
1258,space,␠,08,15,992,81 40,E3 E6,,,81 40,0x0470A 0x0470B
1259,hangul,전,08,16,993,89 9D,41 83,401,8A B7,8A B7,0x0470C 0x0470D
1260,hangul,설,08,17,994,89 4C,81 83,275,89 F5,89 F5,0x0470E 0x0470F
1261,hangul,이,08,18,995,89 8D,4B 83,380,8A A2,8A A2,0x04710 0x04711
1262,hangul,현,08,19,996,89 EC,58 82,537,8B 83,8B 83,0x04712 0x04713
1263,hangul,실,08,20,997,89 5C,CD 91,300,8A 51,8A 51,0x04714 0x04715
1264,hangul,이,08,21,998,89 8D,68 82,380,8A A2,8A A2,0x04716 0x04717
1265,space,␠,08,22,999,81 40,C1 82,,,81 40,0x04718 0x04719
1266,hangul,된,08,23,1000,88 A3,BD 81,132,89 65,89 65,0x0471A 0x0471B
1267,space,␠,08,24,1001,81 40,42 22,,,81 40,0x0471C 0x0471D
1268,hangul,것,08,25,1002,82 AA,0C 42,18,88 B0,88 B0,0x0471E 0x0471F
1269,hangul,이,08,26,1003,89 8D,83 81,380,8A A2,8A A2,0x04720 0x04721
1270,hangul,다,08,27,1004,82 E7,83 4B,111,89 50,89 50,0x04722 0x04723
1271,punctuation,！,08,28,1005,81 49,83 58,,,81 49,0x04724 0x04725
1272,control,,,,,16 7F E6,82 CC 93,,,16 7F E6,0x04726 0x04727 0x04728
1273,control,,,,,0F 03 06 03 0F,0F 03 06 03 0F,,,0F 03 06 03 0F,0x0526F 0x05270 0x05271 0x05272 0x05273
1274,control,,,,,16 95 E7,16 95 E7,,,16 95 E7,0x05274 0x05275 0x05276
1275,control,,,,,1E 3C 08,1E 3C 08,,,1E 3C 08,0x05385 0x05386 0x05387
1276,control,,,,,05 16 86 3A 9E 00,05 16 86 3A 9E 00,,,05 16 86 3A 9E 00,0x05388 0x05389 0x0538A 0x0538B 0x0538C 0x0538D
1277,control,,,,,0E 16 20 24 80,0E 16 20 24 80,,,0E 16 20 24 80,0x0538E 0x0538F 0x05390 0x05391 0x05392
1278,control,,,,,17,17,,,17,0x05393
1279,control,,,,,14 00 16 22,14 00 16 22,,,14 00 16 22,0x05277 0x05278 0x05279 0x0527A
1280,control,,,,,14 01 3B 00,14 01 3B 00,,,14 01 3B 00,0x0527B 0x0527C 0x0527D 0x0527E
1281,control,,,,,16 AB E6,16 AB E6,,,16 AB E6,0x0527F 0x05280 0x05281
1282,control,,,,,04 CA E8 41,04 CA E8 41,,,04 CA E8 41,0x0529B 0x0529C 0x0529D 0x0529E
1283,control,,,,,04 DE E8 43,04 DE E8 43,,,04 DE E8 43,0x0529F 0x052A0 0x052A1 0x052A2
1284,control,,,,,04 E8 E8 42,04 E8 E8 42,,,04 E8 E8 42,0x052A3 0x052A4 0x052A5 0x052A6
1285,control,,,,,04 F2 E8 44,04 F2 E8 44,,,04 F2 E8 44,0x052A7 0x052A8 0x052A9 0x052AA
1286,control,,,,,04 FC E8 45,04 FC E8 45,,,04 FC E8 45,0x052AB 0x052AC 0x052AD 0x052AE
1287,control,,,,,04 06 E9 46,04 06 E9 46,,,04 06 E9 46,0x052AF 0x052B0 0x052B1 0x052B2
1288,control,,,,,06 0E,06 0E,,,06 0E,0x052B3 0x052B4
1289,control,,,,,45,45,,,45,0x052B5
1290,control,,,,,46,46,,,46,0x052B6
1291,control,,,,,01 05,01 05,,,01 05,0x052B7 0x052B8
1292,control,,,,,25 2B,25 2B,,,25 2B,0x052B9 0x052BA
1293,control,,,,,17,17,,,17,0x052BB
1294,control,,,,,43,43,,,43,0x05282
1295,control,,,,,63,63,,,63,0x05283
1296,control,,,,,13 B4 E7,13 B4 E7,,,13 B4 E7,0x05284 0x05285 0x05286
1297,control,,,,,17,17,,,17,0x05287
1298,control,,,,,25 30,60 90,,,25 30,0x04729 0x0472A
1299,control,,,,,06 12,E0 82,,,06 12,0x0472B 0x0472C
1300,control,,,,,44,CD,,,44,0x0472D
1301,control,,,,,64,8C,,,64,0x0472E
1302,hangul,메,09,1,1006,88 DA,BB 8E,213,89 B7,89 B7,0x0472F 0x04730
1303,hangul,가,09,2,1007,82 9F,C0 82,1,88 9F,88 9F,0x04731 0x04732
1304,hangul,스,09,3,1008,89 56,C6 89,293,8A 4A,8A 4A,0x04733 0x04734
1305,hangul,의,09,4,1009,89 8C,BB 82,379,8A A1,8A A1,0x04735 0x04736
1306,space,␠,09,5,1010,81 40,B5 82,,,81 40,0x04737 0x04738
1307,hangul,학,09,6,1011,89 E3,BD 82,522,8B 73,8B 73,0x04739 0x0473A
1308,hangul,살,09,7,1012,89 45,CC 82,267,89 ED,89 ED,0x0473B 0x0473C
1309,hangul,이,09,8,1013,89 8D,BE 81,380,8A A2,8A A2,0x0473D 0x0473E
1310,control,,,,,44,49,,,44,0x0473F
1311,space,␠,09,9,1014,81 40,16 7F,,,81 40,0x04740 0x04741
1312,hangul,시,09,10,1015,89 5A,E6 25,298,8A 4F,8A 4F,0x04742 0x04743
1313,hangul,작,09,11,1016,89 94,30 06,392,8A AE,8A AE,0x04744 0x04745
1314,hangul,되,09,12,1017,88 A2,12 44,131,89 64,89 64,0x04746 0x04747
1315,hangul,었,09,13,1018,89 6F,64 83,332,8A 71,8A 71,0x04748 0x04749
1316,hangul,다,09,14,1019,82 E7,81 83,111,89 50,89 50,0x0474A 0x0474B
1317,punctuation,。,09,15,1020,81 42,4B 83,,,81 42,0x0474C 0x0474D
1318,hangul,베,09,16,1021,88 F2,58 82,247,89 D9,89 D9,0x0474E 0x0474F
1319,hangul,칸,09,17,1022,89 C2,CC 8E,466,8A F8,8A F8,0x04750 0x04751
1320,hangul,티,09,18,1023,89 D7,45 82,498,8B 5B,8B 5B,0x04752 0x04753
1321,hangul,는,09,19,1024,82 E3,E8 82,106,89 4B,89 4B,0x04754 0x04755
1322,space,␠,09,20,1025,81 40,AD 82,,,81 40,0x04756 0x04757
1323,hangul,지,09,21,1026,89 B3,AA 44,430,8A D4,8A D4,0x04758 0x04759
1324,hangul,옥,09,22,1027,89 77,8E 6E,345,8A 7E,8A 7E,0x0475A 0x0475B
1325,hangul,으,09,23,1028,89 88,82 DC,373,8A 9B,8A 9B,0x0475C 0x0475D
1326,hangul,로,09,24,1029,88 C5,82 C1,183,89 99,89 99,0x0475E 0x0475F
1327,space,␠,09,25,1030,81 40,82 BD,,,81 40,0x04760 0x04761
1328,hangul,변,09,26,1031,88 F3,81 42,248,89 DA,89 DA,0x04762 0x04763
1329,hangul,했,09,27,1032,89 E9,83 94,529,8B 7A,8B 7A,0x04764 0x04765
1330,hangul,고,09,28,1033,82 B1,83 46,29,88 BB,88 BB,0x04766 0x04767
1331,punctuation,、,09,29,1034,81 41,83 4A,,,81 41,0x04768 0x04769
1332,hangul,그,09,30,1035,82 BD,83 93,49,88 CF,88 CF,0x0476A 0x0476B
1333,hangul,가,09,31,1036,82 9F,83 65,1,88 9F,88 9F,0x0476C 0x0476D
1334,space,␠,09,32,1037,81 40,83 42,,,81 40,0x0476E 0x0476F
1335,hangul,베,09,33,1038,88 F2,82 CD,247,89 D9,89 D9,0x04770 0x04771
1336,hangul,칸,09,34,1039,89 C2,92 6E,466,8A F8,8A F8,0x04772 0x04773
1337,hangul,티,09,35,1040,89 D7,8D 96,498,8B 5B,8B 5B,0x04774 0x04775
1338,hangul,를,09,36,1041,88 CA,82 C6,192,89 A2,89 A2,0x04776 0x04777
1339,hangul,장,09,37,1042,89 99,89 BB,397,8A B3,8A B3,0x04778 0x04779
1340,hangul,악,09,38,1043,89 61,82 B5,310,8A 5B,8A 5B,0x0477A 0x0477B
1341,hangul,하,09,39,1044,89 E2,82 BD,521,8B 72,8B 72,0x0477C 0x0477D
1342,hangul,는,09,40,1045,82 E3,81 42,106,89 4B,89 4B,0x0477E 0x0477F
1343,hangul,데,09,41,1046,82 F0,83 81,124,89 5D,89 5D,0x04780 0x04781
1344,control,,,,,44,83,,,44,0x04782
1345,space,␠,09,42,1047,81 40,4B 83,,,81 40,0x04783 0x04784
1346,hangul,하,09,43,1048,89 E2,58 82,521,8B 72,8B 72,0x04785 0x04786
1347,hangul,룻,09,44,1049,88 C8,AA 83,188,89 9E,89 9E,0x04787 0x04788
1348,hangul,밤,09,45,1050,88 ED,94 83,239,89 D1,89 D1,0x04789 0x0478A
1349,hangul,도,09,46,1051,82 F1,46 83,125,89 5E,89 5E,0x0478B 0x0478C
1350,space,␠,09,47,1052,81 40,4A 83,,,81 40,0x0478D 0x0478E
1351,hangul,걸,09,48,1053,82 A8,93 83,15,88 AD,88 AD,0x0478F 0x04790
1352,hangul,리,09,49,1054,88 CC,65 83,194,89 A4,89 A4,0x04791 0x04792
1353,hangul,지,09,50,1055,89 B3,42 82,430,8A D4,8A D4,0x04793 0x04794
1354,hangul,가,09,51,1056,82 9F,F0 93,1,88 9F,88 9F,0x04795 0x04796
1355,space,␠,09,52,1057,81 40,9D 8E,,,81 40,0x04797 0x04798
1356,hangul,않,09,53,1058,89 64,A1 82,313,8A 5E,8A 5E,0x04799 0x0479A
1357,hangul,았,09,54,1059,89 68,B7 82,317,8A 62,8A 62,0x0479B 0x0479C
1358,hangul,다,09,55,1060,82 E7,E9 82,111,89 50,89 50,0x0479D 0x0479E
1359,punctuation,。,09,56,1061,81 42,CC 82,,,81 42,0x0479F 0x047A0
1360,hangul,하,09,57,1062,89 E2,C9 44,521,8B 72,8B 72,0x047A1 0x047A2
1361,hangul,지,09,58,1063,89 B3,88 EA,430,8A D4,8A D4,0x047A3 0x047A4
1362,hangul,만,09,59,1064,88 D2,96 E9,202,89 AC,89 AC,0x047A5 0x047A6
1363,space,␠,09,60,1065,81 40,82 C6,,,81 40,0x047A7 0x047A8
1364,hangul,우,09,61,1066,89 81,82 A9,360,8A 8E,8A 8E,0x047A9 0x047AA
1365,hangul,리,09,62,1067,88 CC,82 A9,194,89 A4,89 A4,0x047AB 0x047AC
1366,space,␠,09,63,1068,81 40,82 E7,,,81 40,0x047AD 0x047AE
1367,hangul,로,09,64,1069,88 C5,82 C8,183,89 99,89 99,0x047AF 0x047B0
1368,hangul,그,09,65,1070,82 BD,82 A9,49,88 CF,88 CF,0x047B1 0x047B2
1369,hangul,레,09,66,1071,88 C0,82 C1,177,89 93,89 93,0x047B3 0x047B4
1370,hangul,스,09,67,1072,89 56,82 BD,293,8A 4A,8A 4A,0x047B5 0x047B6
1371,hangul,족,09,68,1073,89 A4,81 42,410,8A C0,8A C0,0x047B7 0x047B8
1372,hangul,은,09,69,1074,89 89,82 BE,375,8A 9D,8A 9D,0x047B9 0x047BA
1373,control,,,,,44,82,,,44,0x047BB
1374,space,␠,09,70,1075,81 40,AA 81,,,81 40,0x047BC 0x047BD
1375,hangul,끝,09,71,1076,82 CC,41 89,72,88 E6,88 E6,0x047BE 0x047BF
1376,hangul,까,09,72,1077,82 C4,E4 82,60,88 DA,88 DA,0x047D0 0x047D1
1377,hangul,지,09,73,1078,89 B3,E7 83,430,8A D4,8A D4,0x047D2 0x047D3
1378,space,␠,09,74,1079,81 40,8D 83,,,81 40,0x047D4 0x047D5
1379,hangul,저,09,75,1080,89 9B,4F 83,399,8A B5,8A B5,0x047D6 0x047D7
1380,hangul,항,09,76,1081,89 E7,8C 83,527,8B 78,8B 78,0x047D8 0x047D9
1381,hangul,했,09,77,1082,89 E9,58 91,529,8B 7A,8B 7A,0x047DA 0x047DB
1382,hangul,다,09,78,1083,82 E7,B0 82,111,89 50,89 50,0x047DC 0x047DD
1383,punctuation,。,09,79,1084,81 42,CD 81,,,81 42,0x047DE 0x047DF
1384,hangul,그,09,80,1085,82 BD,41 44,49,88 CF,88 CF,0x047E0 0x047E1
1385,hangul,는,09,81,1086,82 E3,82 A0,106,89 4B,89 4B,0x047E2 0x047E3
1386,space,␠,09,82,1087,81 40,82 AD,,,81 40,0x047E4 0x047E5
1387,hangul,우,09,83,1088,89 81,82 DC,360,8A 8E,8A 8E,0x047E6 0x047E7
1388,hangul,리,09,84,1089,88 CC,82 C5,194,89 A4,89 A4,0x047E8 0x047E9
1389,hangul,를,09,85,1090,88 CA,82 E0,192,89 A2,89 A2,0x047EA 0x047EB
1390,control,,,,,44,94,,,44,0x047EC
1391,space,␠,09,86,1091,81 40,BD 8D,,,81 40,0x047ED 0x047EE
1392,hangul,몰,09,87,1092,88 E1,52 82,221,89 BF,89 BF,0x047EF 0x047F0
1393,hangul,살,09,88,1093,89 45,B5 82,267,89 ED,89 ED,0x047F1 0x047F2
1394,hangul,시,09,89,1094,89 5A,BD 82,298,8A 4F,8A 4F,0x047F3 0x047F4
1395,hangul,키,09,90,1095,89 C9,CC 82,477,8B 46,8B 46,0x047F5 0x047F6
1396,hangul,라,09,91,1096,88 B6,BE 81,159,89 81,89 81,0x047F7 0x047F8
1397,hangul,고,09,92,1097,82 B1,42 83,29,88 BB,88 BB,0x047F9 0x047FA
1398,space,␠,09,93,1098,81 40,81 83,,,81 40,0x047FB 0x047FC
1399,hangul,명,09,94,1099,88 DE,4B 83,217,89 BB,89 BB,0x047FD 0x047FE
1400,hangul,령,09,95,1100,88 C3,58 82,181,89 97,89 97,0x047FF 0x04800
1401,hangul,했,09,96,1101,89 E9,CD 83,529,8B 7A,8B 7A,0x04801 0x04802
1402,hangul,고,09,97,1102,82 B1,8D 83,29,88 BB,88 BB,0x04803 0x04804
1403,punctuation,、,09,98,1103,81 41,4F 83,,,81 41,0x04805 0x04806
1404,hangul,동,09,99,1104,88 A0,8C 83,128,89 61,89 61,0x04807 0x04808
1405,hangul,료,09,100,1105,88 C6,58 91,186,89 9C,89 9C,0x04809 0x0480A
1406,hangul,들,09,101,1106,88 AA,B0 44,144,89 71,89 71,0x0480B 0x0480C
1407,hangul,은,09,102,1107,89 89,8A 46,375,8A 9D,8A 9D,0x0480D 0x0480E
1408,space,␠,09,103,1108,81 40,8E 45,,,81 40,0x0480F 0x04810
1409,hangul,하,09,104,1109,89 E2,82 B5,521,8B 72,8B 72,0x04811 0x04812
1410,hangul,나,09,105,1110,82 CE,82 F0,74,88 E8,88 E8,0x04813 0x04814
1411,hangul,둘,09,106,1111,88 A6,96 BD,136,89 69,89 69,0x04815 0x04816
1412,space,␠,09,107,1112,81 40,82 B6,,,81 40,0x04817 0x04818
1413,hangul,붙,09,108,1113,89 40,81 41,259,89 E5,89 E5,0x04819 0x0481A
1414,hangul,잡,09,109,1114,89 98,92 87,396,8A B2,8A B2,0x0481B 0x0481C
1415,hangul,혀,09,110,1115,89 EB,8A D4,536,8B 82,8B 82,0x0481D 0x0481E
1416,space,␠,09,111,1116,81 40,82 AA,,,81 40,0x0481F 0x04820
1417,hangul,본,09,112,1117,88 F6,8E 9F,251,89 DD,89 DD,0x04821 0x04822
1418,hangul,보,09,113,1118,88 F4,81 58,249,89 DB,89 DB,0x04823 0x04824
1419,hangul,기,09,114,1119,82 C1,82 C6,55,88 D5,88 D5,0x04825 0x04826
1420,hangul,로,09,115,1120,88 C5,95 DF,183,89 99,89 99,0x04827 0x04828
1421,hangul,서,09,116,1121,89 49,82 A6,272,89 F2,89 F2,0x04829 0x0482A
1422,space,␠,09,117,1122,81 40,82 E7,,,81 40,0x0482B 0x0482C
1423,hangul,가,09,118,1123,82 9F,82 EA,1,88 9F,88 9F,0x0482D 0x0482E
1424,hangul,장,09,119,1124,89 99,81 41,397,8A B3,8A B3,0x0482F 0x04830
1425,space,␠,09,120,1125,81 40,8C A9,,,81 40,0x04831 0x04832
1426,hangul,잔,09,121,1126,89 95,82 B9,393,8A AF,8A AF,0x04833 0x04834
1427,hangul,혹,09,122,1127,89 F1,82 B5,542,8B 88,8B 88,0x04835 0x04836
1428,hangul,하,09,123,1128,89 E2,82 DF,521,8B 72,8B 72,0x04837 0x04838
1429,hangul,게,09,124,1129,82 AB,82 CC,19,88 B1,88 B1,0x04839 0x0483A
1430,control,,,,,44,82,,,44,0x0483B
1431,space,␠,09,125,1130,81 40,BD 82,,,81 40,0x0483C 0x0483D
1432,hangul,처,09,126,1131,89 BA,DF 81,449,8A E7,8A E7,0x0483E 0x0483F
1433,hangul,형,09,127,1132,89 EF,41 8D,540,8B 86,8B 86,0x04840 0x04841
1434,hangul,당,09,128,1133,82 EB,C5 82,117,89 56,89 56,0x04842 0x04843
1435,hangul,했,09,129,1134,89 E9,E0 8E,529,8B 7A,8B 7A,0x04844 0x04845
1436,hangul,다,09,130,1135,82 E7,63 94,111,89 50,89 50,0x04846 0x04847
1437,punctuation,。,09,131,1136,81 42,45 82,,,81 42,0x04848 0x04849
1438,control,,,,,65,C8,,,65,0x0484A
1439,control,,,,,66,82,,,66,0x0484B
1440,control,,,,,16 3C E6,E2 82 E8,,,16 3C E6,0x0484C 0x0484D 0x0484E
1441,control,,,,,65,65,,,65,0x0522C
1442,control,,,,,66,66,,,66,0x0522D
1443,control,,,,,0F 04 0D 03 08,0F 04 0D 03 08,,,0F 04 0D 03 08,0x0522E 0x0522F 0x05230 0x05231 0x05232
1444,control,,,,,16 95 E7,16 95 E7,,,16 95 E7,0x05233 0x05234 0x05235
1445,control,,,,,1E 3C 08,1E 3C 08,,,1E 3C 08,0x05385 0x05386 0x05387
1446,control,,,,,05 16 86 3A 9E 00,05 16 86 3A 9E 00,,,05 16 86 3A 9E 00,0x05388 0x05389 0x0538A 0x0538B 0x0538C 0x0538D
1447,control,,,,,0E 16 20 24 80,0E 16 20 24 80,,,0E 16 20 24 80,0x0538E 0x0538F 0x05390 0x05391 0x05392
1448,control,,,,,17,17,,,17,0x05393
1449,control,,,,,13 A4 E7,13 A4 E7,,,13 A4 E7,0x05236 0x05237 0x05238
1450,control,,,,,14 00 16 22,14 00 16 22,,,14 00 16 22,0x05239 0x0523A 0x0523B 0x0523C
1451,control,,,,,14 01 3B 00,14 01 3B 00,,,14 01 3B 00,0x0523D 0x0523E 0x0523F 0x05240
1452,control,,,,,04 AC E8 41,04 AC E8 41,,,04 AC E8 41,0x05241 0x05242 0x05243 0x05244
1453,control,,,,,04 B6 E8 42,04 B6 E8 42,,,04 B6 E8 42,0x05245 0x05246 0x05247 0x05248
1454,control,,,,,04 C0 E8 43,04 C0 E8 43,,,04 C0 E8 43,0x05249 0x0524A 0x0524B 0x0524C
1455,control,,,,,06 12,06 12,,,06 12,0x0524D 0x0524E
1456,control,,,,,25 30,25 30,,,25 30,0x0524F 0x05250
1457,control,,,,,17,17,,,17,0x05251
1458,control,,,,,41,95,,,41,0x0484F
1459,hangul,이,09,132,1137,89 8D,FB 82,380,8A A2,8A A2,0x04850 0x04851
1460,space,␠,09,133,1138,81 40,C5 44,,,81 40,0x04852 0x04853
1461,hangul,모,09,134,1139,88 DF,8F 88,218,89 BC,89 BC,0x04854 0x04855
1462,hangul,든,09,135,1140,88 A9,8C 59,142,89 6F,89 6F,0x04856 0x04857
1463,space,␠,09,136,1141,81 40,82 B3,,,81 40,0x04858 0x04859
1464,hangul,비,09,137,1142,89 41,82 EA,260,89 E6,89 E6,0x0485A 0x0485B
1465,hangul,극,09,138,1143,82 BE,82 C4,50,88 D0,88 D0,0x0485C 0x0485D
1466,hangul,의,09,139,1144,89 8C,82 A2,379,8A A1,8A A1,0x0485E 0x0485F
1467,space,␠,09,140,1145,81 40,82 C1,,,81 40,0x04860 0x04861
1468,hangul,원,09,141,1146,89 84,82 BD,366,8A 94,8A 94,0x04862 0x04863
1469,hangul,인,09,142,1147,89 8E,81 42,382,8A A4,8A A4,0x04864 0x04865
1470,hangul,은,09,143,1148,89 89,65 66,375,8A 9D,8A 9D,0x04866 0x04867
1471,control,,,,,42,16,,,42,0x04868
1472,space,␠,09,144,1149,81 40,3C E6,,,81 40,0x04869 0x0486A
1473,hangul,결,09,145,1150,82 AE,41 82,25,88 B7,88 B7,0x0486B 0x0486C
1474,hangul,국,09,146,1151,82 B8,BB 82,42,88 C8,88 C8,0x0486D 0x0486E
1475,space,␠,09,147,1152,81 40,EA 82,,,81 40,0x0486F 0x04870
1476,hangul,로,09,148,1153,88 C5,E0 82,183,89 99,89 99,0x04871 0x04872
1477,hangul,그,09,149,1154,82 BD,B1 82,49,88 CF,88 CF,0x04873 0x04874
1478,hangul,레,09,150,1155,88 C0,EA 82,177,89 93,89 93,0x04875 0x04876
1479,hangul,스,09,151,1156,89 56,E0 8C,293,8A 4A,8A 4A,0x04877 0x04878
1480,hangul,님,09,152,1157,82 E6,B3 82,110,89 4F,89 4F,0x04879 0x0487A
1481,hangul,을,09,153,1158,89 8A,CD 82,376,8A 9E,8A 9E,0x0487B 0x0487C
1482,space,␠,09,154,1159,81 40,C6 82,,,81 40,0x0487D 0x0487E
1483,hangul,죽,09,155,1160,89 AB,A2 82,419,8A C9,8A C9,0x0487F 0x04880
1484,hangul,인,09,156,1161,89 8E,A6 82,382,8A A4,8A A4,0x04881 0x04882
1485,space,␠,09,157,1162,81 40,CE 81,,,81 40,0x04883 0x04884
1486,hangul,너,09,158,1163,82 D6,41 42,85,88 F3,88 F3,0x04885 0x04886
1487,space,␠,09,159,1164,81 40,82 B7,,,81 40,0x04887 0x04888
1488,hangul,때,09,160,1165,88 AD,82 D7,149,89 76,89 76,0x04889 0x0488A
1489,hangul,문,09,161,1166,88 E4,82 C4,225,89 C3,89 C3,0x0488B 0x0488C
1490,hangul,이,09,162,1167,89 8D,83 8D,380,8A A2,8A A2,0x0488D 0x0488E
1491,hangul,다,09,163,1168,82 E7,83 4F,111,89 50,89 50,0x0488F 0x04890
1492,punctuation,。,09,164,1169,81 42,83 8C,,,81 42,0x04891 0x04892
1493,hangul,살,09,165,1170,89 45,83 58,267,89 ED,89 ED,0x04893 0x04894
1494,hangul,아,09,166,1171,89 60,97 6C,309,8A 5A,8A 5A,0x04895 0x04896
1495,hangul,남,09,167,1172,82 D1,82 F0,77,88 EB,88 EB,0x04897 0x04898
1496,hangul,은,09,168,1173,89 89,96 53,375,8A 9D,8A 9D,0x04899 0x0489A
1497,space,␠,09,169,1174,81 40,82 AB,,,81 40,0x0489B 0x0489C
1498,hangul,우,09,170,1175,89 81,8E D2,360,8A 8E,8A 8E,0x0489D 0x0489E
1499,hangul,리,09,171,1176,88 CC,82 C9,194,89 A4,89 A4,0x0489F 0x048A0
1500,hangul,가,09,172,1177,82 9F,82 B5,1,88 9F,88 9F,0x048A1 0x048A2
1501,space,␠,09,173,1178,81 40,82 BD,,,81 40,0x048A3 0x048A4
1502,hangul,할,09,174,1179,89 E5,82 A8,524,8B 75,8B 75,0x048A5 0x048A6
1503,space,␠,09,175,1180,81 40,82 DC,,,81 40,0x048A7 0x048A8
1504,hangul,수,09,176,1181,89 54,82 A6,288,8A 45,8A 45,0x048A9 0x048AA
1505,space,␠,09,177,1182,81 40,82 CC,,,81 40,0x048AB 0x048AC
1506,hangul,있,09,178,1183,89 92,8E 64,389,8A AB,8A AB,0x048AD 0x048AE
1507,hangul,는,09,179,1184,82 E3,8B C6,106,89 4B,89 4B,0x048AF 0x048B0
1508,space,␠,09,180,1185,81 40,81 41,,,81 40,0x048B1 0x048B2
1509,hangul,건,09,181,1186,82 A7,8E 63,14,88 AC,88 AC,0x048B3 0x048B4
1510,space,␠,09,182,1187,81 40,82 B3,,,81 40,0x048B5 0x048B6
1511,hangul,유,09,183,1188,89 86,82 EA,371,8A 99,8A 99,0x048B7 0x048B8
1512,hangul,코,09,184,1189,89 C5,82 BD,470,8A FC,8A FC,0x048B9 0x048BA
1513,punctuation,、,09,185,1190,81 41,89 E4,,,81 41,0x048BB 0x048BC
1514,hangul,널,09,186,1191,82 D7,82 E7,87,88 F5,88 F5,0x048BD 0x048BE
1515,space,␠,09,187,1192,81 40,82 C9,,,81 40,0x048BF 0x048C0
1516,hangul,죽,09,188,1193,89 AB,82 C5,419,8A C9,8A C9,0x048C1 0x048C2
1517,hangul,이,09,189,1194,89 8D,82 AB,380,8A A2,8A A2,0x048C3 0x048C4
1518,hangul,는,09,190,1195,82 E3,82 E9,106,89 4B,89 4B,0x048C5 0x048C6
1519,space,␠,09,191,1196,81 40,82 B1,,,81 40,0x048C7 0x048C8
1520,hangul,복,09,192,1197,88 F5,82 C6,250,89 DC,89 DC,0x048C9 0x048CA
1521,hangul,수,09,193,1198,89 54,82 CD,288,8A 45,8A 45,0x048CB 0x048CC
1522,hangul,뿐,09,194,1199,89 42,81 41,264,89 EA,89 EA,0x048CD 0x048CE
1523,hangul,이,09,195,1200,89 8D,97 44,380,8A A2,8A A2,0x048CF 0x048D0
1524,hangul,다,09,196,1201,82 E7,8E 71,111,89 50,89 50,0x048D1 0x048D2
1525,punctuation,！,09,197,1202,81 49,81 41,,,81 49,0x048D3 0x048D4
1526,space,␠,09,198,1203,81 40,82 A8,,,81 40,0x048D5 0x048D6
1527,control,,,,,42,82,,,42,0x048D7
1528,hangul,그,09,199,1204,82 BD,DC 82,49,88 CF,88 CF,0x048D8 0x048D9
1529,hangul,분,09,200,1205,88 FB,A6 82,256,89 E2,89 E2,0x048DA 0x048DB
1530,hangul,의,09,201,1206,89 8C,D6 82,379,8A A1,8A A1,0x048DC 0x048DD
1531,space,␠,09,202,1207,81 40,CC 95,,,81 40,0x048DE 0x048DF
1532,hangul,원,09,203,1208,89 84,9C 8F,366,8A 94,8A 94,0x048E0 0x048E1
1533,hangul,수,09,204,1209,89 54,51 82,288,8A 45,8A 45,0x048E2 0x048E3
1534,hangul,를,09,205,1210,88 CA,BE 82,192,89 A2,89 A2,0x048E4 0x048E5
1535,space,␠,09,206,1211,81 40,AF 82,,,81 40,0x048E6 0x048E7
1536,hangul,갚,09,207,1212,82 A5,BE 81,10,88 A8,88 A8,0x048E8 0x048E9
1537,hangul,지,09,208,1213,89 B3,49 81,430,8A D4,8A D4,0x048EA 0x048EB
1538,space,␠,09,209,1214,81 40,40 42,,,81 40,0x048EC 0x048ED
1539,hangul,못,09,210,1215,88 E2,82 B9,223,89 C1,89 C1,0x048EE 0x048EF
1540,hangul,하,09,211,1216,89 E2,82 DF,521,8B 72,8B 72,0x048F0 0x048F1
1541,hangul,면,09,212,1217,88 DC,82 C4,215,89 B9,89 B9,0x048F2 0x048F3
1542,space,␠,09,213,1218,81 40,83 8D,,,81 40,0x048F4 0x048F5
1543,hangul,죽,09,214,1219,89 AB,83 4F,419,8A C9,8A C9,0x048F6 0x048F7
1544,hangul,어,09,215,1220,89 6C,83 8C,325,8A 6A,8A 6A,0x048F8 0x048F9
1545,hangul,도,09,216,1221,82 F1,83 58,125,89 5E,89 5E,0x048FA 0x048FB
1546,space,␠,09,217,1222,81 40,97 6C,,,81 40,0x048FC 0x048FD
1547,hangul,눈,09,218,1223,82 E0,82 CC,103,89 48,89 48,0x048FE 0x048FF
1548,hangul,을,09,219,1224,89 8A,82 A9,376,8A 9E,8A 9E,0x04900 0x04901
1549,space,␠,09,220,1225,81 40,82 BD,,,81 40,0x04902 0x04903
1550,hangul,감,09,221,1226,82 A3,82 AB,6,88 A4,88 A4,0x04904 0x04905
1551,hangul,지,09,222,1227,89 B3,82 F0,430,8A D4,8A D4,0x04906 0x04907
1552,space,␠,09,223,1228,81 40,91 C5,,,81 40,0x04908 0x04909
1553,hangul,못,09,224,1229,88 E2,82 BD,223,89 C1,89 C1,0x0490A 0x0490B
1554,hangul,한,09,225,1230,89 E4,82 CB,523,8B 74,8B 74,0x0490C 0x0490D
1555,hangul,다,09,226,1231,82 E7,82 CE,111,89 50,89 50,0x0490E 0x0490F
1556,punctuation,！,09,227,1232,81 49,81 41,,,81 49,0x04910 0x04911
1557,punctuation,！,09,228,1233,81 49,8E 80,,,81 49,0x04912 0x04913
1558,space,␠,09,229,1234,81 40,82 F1,,,81 40,0x04914 0x04915
1559,control,,,,,42,82,,,42,0x04916
1560,hangul,바,09,230,1235,88 E9,C5 82,234,89 CC,89 CC,0x04917 0x04918
1561,hangul,리,09,231,1236,88 CC,E0 8E,194,89 A4,89 A4,0x04919 0x0491A
1562,hangul,스,09,232,1237,89 56,80 82,293,8A 4A,8A 4A,0x0491B 0x0491C
1563,hangul,의,09,233,1238,89 8C,C9 90,379,8A A1,8A A1,0x0491D 0x0491E
1564,space,␠,09,234,1239,81 40,D8 82,,,81 40,0x0491F 0x04920
1565,hangul,전,09,235,1240,89 9D,EA 82,401,8A B7,8A B7,0x04921 0x04922
1566,hangul,사,09,236,1241,89 43,F1 81,265,89 EB,89 EB,0x04923 0x04924
1567,hangul,여,09,237,1242,89 72,49 81,335,8A 74,8A 74,0x04925 0x04926
1568,punctuation,、,09,238,1243,81 41,49 81,,,81 41,0x04927 0x04928
1569,hangul,이,09,239,1244,89 8D,40 42,380,8A A2,8A A2,0x04929 0x0492A
1570,hangul,번,09,240,1245,88 F1,82 B3,243,89 D5,89 D5,0x0492B 0x0492C
1571,hangul,엔,09,241,1246,89 71,82 A0,334,8A 73,8A 73,0x0492D 0x0492E
1572,space,␠,09,242,1247,81 40,83 94,,,81 40,0x0492F 0x04930
1573,hangul,네,09,243,1248,82 D9,83 40,90,88 F8,88 F8,0x04931 0x04932
1574,hangul,가,09,244,1249,82 9F,83 8A,1,88 9F,88 9F,0x04933 0x04934
1575,space,␠,09,245,1250,81 40,83 58,,,81 40,0x04935 0x04936
1576,hangul,지,09,246,1251,89 B3,82 CC,430,8A D4,8A D4,0x04937 0x04938
1577,hangul,옥,09,247,1252,89 77,90 ED,345,8A 7E,8A 7E,0x04939 0x0493A
1578,hangul,을,09,248,1253,89 8A,8E 6D,376,8A 9E,8A 9E,0x0493B 0x0493C
1579,space,␠,09,249,1254,81 40,82 E6,,,81 40,0x0493D 0x0493E
1580,hangul,맛,09,250,1255,88 D5,81 41,205,89 AF,89 AF,0x0493F 0x04940
1581,hangul,볼,09,251,1256,88 F7,8D A1,252,89 DE,89 DE,0x04941 0x04942
1582,space,␠,09,252,1257,81 40,93 78,,,81 40,0x04943 0x04944
1583,hangul,차,09,253,1258,89 B7,82 CD,441,8A DF,8A DF,0x04945 0x04946
1584,hangul,례,09,254,1259,88 C4,82 A8,182,89 98,89 98,0x04947 0x04948
1585,hangul,다,09,255,1260,82 E7,82 DC,111,89 50,89 50,0x04949 0x0494A
1586,punctuation,！,09,256,1261,81 49,82 A6,,,81 49,0x0494B 0x0494C
1587,space,␠,09,257,1262,81 40,82 AA,,,81 40,0x0494D 0x0494E
1588,hangul,그,09,258,1263,82 BD,92 6E,49,88 CF,88 CF,0x0494F 0x04950
1589,hangul,리,09,259,1264,88 CC,8D 96,194,89 A4,89 A4,0x04951 0x04952
1590,hangul,고,09,260,1265,82 B1,82 F0,29,88 BB,88 BB,0x04953 0x04954
1591,control,,,,,42,8C,,,42,0x04955
1592,space,␠,09,261,1266,81 40,A9 82,,,81 40,0x04956 0x04957
1593,hangul,바,09,262,1267,88 E9,E9 94,234,89 CC,89 CC,0x04958 0x04959
1594,hangul,니,09,263,1268,82 E4,D4 82,108,89 4D,89 4D,0x0495A 0x0495B
1595,hangul,티,09,264,1269,89 D7,BE 81,498,8B 5B,8B 5B,0x0495C 0x0495D
1596,hangul,와,09,265,1270,89 7A,49 81,349,8A 83,8A 83,0x0495E 0x0495F
1597,control,,,,,1E 40 A4,40 82 BB,,,1E 40 A4,0x04960 0x04961 0x04962
1598,space,␠,09,266,1271,81 40,82 B5,,,81 40,0x04963 0x04964
1599,hangul,리,09,267,1272,88 CC,82 C4,194,89 A4,89 A4,0x04965 0x04966
1600,hangul,얼,09,268,1273,89 6D,42 83,328,8A 6D,8A 6D,0x04967 0x04968
1601,hangul,리,09,269,1274,88 CC,94 83,194,89 A4,89 A4,0x04969 0x0496A
1602,hangul,티,09,270,1275,89 D7,40 83,498,8B 5B,8B 5B,0x0496B 0x0496C
1603,hangul,도,09,271,1276,82 F1,6A 83,125,89 5E,89 5E,0x0496D 0x0496E
1604,space,␠,09,272,1277,81 40,65 83,,,81 40,0x0496F 0x04970
1605,hangul,함,09,273,1278,89 E6,42 82,525,8B 76,8B 76,0x04971 0x04972
1606,hangul,께,09,274,1279,82 C9,E0 1E,65,88 DF,88 DF,0x04973 0x04974
1607,space,␠,09,275,1280,81 40,40 A4,,,81 40,0x04975 0x04976
1608,hangul,멸,09,276,1281,88 DD,83 8A,216,89 BA,89 BA,0x04977 0x04978
1609,hangul,망,09,277,1282,88 D6,83 41,206,89 B0,89 B0,0x04979 0x0497A
1610,control,,,,,43,83,,,43,0x0497B
1611,hangul,할,09,278,1283,89 E5,8A 83,524,8B 75,8B 75,0x0497C 0x0497D
1612,space,␠,09,279,1284,81 40,65 83,,,81 40,0x0497E 0x0497F
1613,hangul,것,09,280,1285,82 AA,42 82,18,88 B0,88 B0,0x04980 0x04981
1614,hangul,이,09,281,1286,89 8D,E0 96,380,8A A2,8A A2,0x04982 0x04983
1615,hangul,다,09,282,1287,82 E7,C5 82,111,89 50,89 50,0x04984 0x04985
1616,punctuation,！,09,283,1288,81 49,D1 43,,,81 49,0x04986 0x04987
1617,punctuation,！,09,284,1289,81 49,90 E2,,,81 49,0x04988 0x04989
1618,control,,,,,61,82,,,61,0x0498A
1619,control,,,,,15 64,A6 82,,,15 64,0x0498B 0x0498C
1620,control,,,,,16 62 E6,E9 82 CC,,,16 62 E6,0x0498D 0x0498E 0x0498F
1621,control,,,,,0F 03 06 03 0F,0F 03 06 03 0F,,,0F 03 06 03 0F,0x05252 0x05253 0x05254 0x05255 0x05256
1622,control,,,,,16 95 E7,16 95 E7,,,16 95 E7,0x05257 0x05258 0x05259
1623,control,,,,,1E 3C 08,1E 3C 08,,,1E 3C 08,0x05385 0x05386 0x05387
1624,control,,,,,05 16 86 3A 9E 00,05 16 86 3A 9E 00,,,05 16 86 3A 9E 00,0x05388 0x05389 0x0538A 0x0538B 0x0538C 0x0538D
1625,control,,,,,0E 16 20 24 80,0E 16 20 24 80,,,0E 16 20 24 80,0x0538E 0x0538F 0x05390 0x05391 0x05392
1626,control,,,,,17,17,,,17,0x05393
1627,control,,,,,14 00 16 22,14 00 16 22,,,14 00 16 22,0x0525A 0x0525B 0x0525C 0x0525D
1628,control,,,,,14 01 3B 00,14 01 3B 00,,,14 01 3B 00,0x0525E 0x0525F 0x05260 0x05261
1629,control,,,,,04 D4 E8 41,04 D4 E8 41,,,04 D4 E8 41,0x05262 0x05263 0x05264 0x05265
1630,control,,,,,41,41,,,41,0x05266
1631,control,,,,,13 B4 E7,13 B4 E7,,,13 B4 E7,0x05267 0x05268 0x05269
1632,control,,,,,06 0E,06 0E,,,06 0E,0x0526A 0x0526B
1633,control,,,,,09 AB E6,09 AB E6,,,09 AB E6,0x0526C 0x0526D 0x0526E
1634,control,,,,,04 CA E8 41,04 CA E8 41,,,04 CA E8 41,0x0529B 0x0529C 0x0529D 0x0529E
1635,control,,,,,04 DE E8 43,04 DE E8 43,,,04 DE E8 43,0x0529F 0x052A0 0x052A1 0x052A2
1636,control,,,,,04 E8 E8 42,04 E8 E8 42,,,04 E8 E8 42,0x052A3 0x052A4 0x052A5 0x052A6
1637,control,,,,,04 F2 E8 44,04 F2 E8 44,,,04 F2 E8 44,0x052A7 0x052A8 0x052A9 0x052AA
1638,control,,,,,04 FC E8 45,04 FC E8 45,,,04 FC E8 45,0x052AB 0x052AC 0x052AD 0x052AE
1639,control,,,,,04 06 E9 46,04 06 E9 46,,,04 06 E9 46,0x052AF 0x052B0 0x052B1 0x052B2
1640,control,,,,,06 0E,06 0E,,,06 0E,0x052B3 0x052B4
1641,control,,,,,45,45,,,45,0x052B5
1642,control,,,,,46,46,,,46,0x052B6
1643,control,,,,,01 05,01 05,,,01 05,0x052B7 0x052B8
1644,control,,,,,25 2B,25 2B,,,25 2B,0x052B9 0x052BA
1645,control,,,,,17,17,,,17,0x052BB
1646,control,,,,,41,82,,,41,0x04990
1647,hangul,맙,10,1,1290,88 D4,BE 81,204,89 AE,89 AE,0x04991 0x04992
1648,hangul,소,10,2,1291,89 50,49 81,283,8A 40,8A 40,0x04993 0x04994
1649,hangul,사,10,3,1292,89 43,49 61,265,89 EB,89 EB,0x04995 0x04996
1650,punctuation,！,10,4,1293,81 49,15 64,,,81 49,0x04997 0x04998
1651,control,,,,,42,16,,,42,0x04999
1652,space,␠,10,5,1294,81 40,62 E6,,,81 40,0x0499A 0x0499B
1653,hangul,로,10,6,1295,88 C5,41 82,183,89 99,89 99,0x0499C 0x0499D
1654,hangul,그,10,7,1296,82 BD,C8 82,49,88 CF,88 CF,0x0499E 0x0499F
1655,hangul,레,10,8,1297,88 C0,F1 82,177,89 93,89 93,0x049A0 0x049A1
1656,hangul,스,10,9,1298,89 56,C4 82,293,8A 4A,8A 4A,0x049A2 0x049A3
1657,hangul,를,10,10,1299,88 CA,A2 82,192,89 A2,89 A2,0x049A4 0x049A5
1658,space,␠,10,11,1300,81 40,A4 82,,,81 40,0x049A6 0x049A7
1659,hangul,쓰,10,12,1301,89 5F,B1 82,307,8A 58,8A 58,0x049A8 0x049A9
1660,hangul,러,10,13,1302,88 BB,C6 42,170,89 8C,89 8C,0x049AA 0x049AB
1661,hangul,뜨,10,14,1303,88 B3,81 49,156,89 7D,89 7D,0x049AC 0x049AD
1662,hangul,린,10,15,1304,88 CD,81 40,196,89 A6,89 A6,0x049AE 0x049AF
1663,space,␠,10,16,1305,81 40,83 8D,,,81 40,0x049B0 0x049B1
1664,hangul,탓,10,17,1306,89 CE,83 4F,483,8B 4C,8B 4C,0x049B2 0x049B3
1665,hangul,에,10,18,1307,89 70,83 8C,333,8A 72,8A 72,0x049B4 0x049B5
1666,control,,,,,42,83,,,42,0x049B6
1667,hangul,더,10,19,1308,82 ED,58 82,119,89 58,89 58,0x049B7 0x049B8
1668,space,␠,10,20,1309,81 40,F0 93,,,81 40,0x049B9 0x049BA
1669,hangul,잔,10,21,1310,89 95,7C 82,393,8A AF,8A AF,0x049BB 0x049BC
1670,hangul,혹,10,22,1311,89 F1,B5 82,542,8B 88,8B 88,0x049BD 0x049BE
1671,hangul,한,10,23,1312,89 E4,BD 82,523,8B 74,8B 74,0x049BF 0x049C0
1672,space,␠,10,24,1313,81 40,CE 82,,,81 40,0x049C1 0x049C2
1673,hangul,왕,10,25,1314,89 7C,A9 82,352,8A 86,8A 86,0x049C3 0x049C4
1674,hangul,이,10,26,1315,89 8D,E8 82,380,8A A2,8A A2,0x049C5 0x049C6
1675,space,␠,10,27,1316,81 40,C9 81,,,81 40,0x049C7 0x049C8
1676,hangul,부,10,28,1317,88 FA,41 42,255,89 E1,89 E1,0x049C9 0x049CA
1677,hangul,활,10,29,1318,89 F3,82 E0,547,8B 8D,8B 8D,0x049CB 0x049CC
1678,hangul,했,10,30,1319,89 E9,82 C1,529,8B 7A,8B 7A,0x049CD 0x049CE
1679,hangul,다,10,31,1320,82 E7,82 C6,111,89 50,89 50,0x049CF 0x049D0
1680,hangul,니,10,32,1321,82 E4,8E 63,108,89 4D,89 4D,0x049D1 0x049D2
1681,punctuation,！,10,33,1322,81 49,94 45,,,81 49,0x049D3 0x049D4
1682,space,␠,10,34,1323,81 40,82 C8,,,81 40,0x049D5 0x049D6
1683,hangul,이,10,35,1324,89 8D,89 A4,380,8A A2,8A A2,0x049D7 0x049D8
1684,hangul,제,10,36,1325,89 A1,82 F0,405,8A BB,8A BB,0x049D9 0x049DA
1685,hangul,어,10,37,1326,89 6C,95 9C,325,8A 6A,8A 6A,0x049DB 0x049DC
1686,hangul,떻,10,38,1327,88 B0,8A 88,152,89 79,89 79,0x049DD 0x049DE
1687,hangul,게,10,39,1328,82 AB,82 B3,19,88 B1,88 B1,0x049DF 0x049E0
1688,space,␠,10,40,1329,81 40,82 B9,,,81 40,0x049E1 0x049E2
1689,hangul,해,10,41,1330,89 E8,82 C4,528,8B 79,8B 79,0x049E3 0x049E4
1690,hangul,야,10,42,1331,89 6B,82 B5,321,8A 66,8A 66,0x049E5 0x049E6
1691,space,␠,10,43,1332,81 40,82 DC,,,81 40,0x049E7 0x049E8
1692,hangul,하,10,44,1333,89 E2,82 C1,521,8B 72,8B 72,0x049E9 0x049EA
1693,hangul,지,10,45,1334,89 B3,82 BD,430,8A D4,8A D4,0x049EB 0x049EC
1694,punctuation,！,10,46,1335,81 49,82 C6,,,81 49,0x049ED 0x049EE
1695,punctuation,？,10,47,1336,81 48,82 A2,,,81 48,0x049EF 0x049F0
1696,space,␠,10,48,1337,81 40,82 A4,,,81 40,0x049F1 0x049F2
1697,control,,,,,42,82,,,42,0x049F3
1698,hangul,정,10,49,1338,89 A0,CC 81,404,8A BA,8A BA,0x049F4 0x049F5
1699,hangul,말,10,50,1339,88 D3,49 81,203,89 AD,89 AD,0x049F6 0x049F7
1700,space,␠,10,51,1340,81 40,40 82,,,81 40,0x049F8 0x049F9
1701,hangul,메,10,52,1341,88 DA,A0 82,213,89 B7,89 B7,0x049FA 0x049FB
1702,hangul,가,10,53,1342,82 9F,A0 81,1,88 9F,88 9F,0x049FC 0x049FD
1703,hangul,스,10,54,1343,89 56,41 83,293,8A 4A,8A 4A,0x049FE 0x049FF
1704,hangul,와,10,55,1344,89 7A,8F 83,349,8A 83,8A 83,0x04A00 0x04A01
1705,space,␠,10,56,1345,81 40,5E 83,,,81 40,0x04A02 0x04A03
1706,hangul,싸,10,57,1346,89 5E,56 82,304,8A 55,8A 55,0x04A04 0x04A05
1707,hangul,워,10,58,1347,89 83,CD 82,365,8A 93,8A 93,0x04A06 0x04A07
1708,hangul,야,10,59,1348,89 6B,C7 82,321,8A 66,8A 66,0x04A08 0x04A09
1709,space,␠,10,60,1349,81 40,A4 82,,,81 40,0x04A0A 0x04A0B
1710,hangul,하,10,61,1350,89 E2,B7 82,521,8B 72,8B 72,0x04A0C 0x04A0D
1711,hangul,나,10,62,1351,82 CE,EA 82,74,88 E8,88 E8,0x04A0E 0x04A0F
1712,punctuation,？,10,63,1352,81 48,CE 82,,,81 48,0x04A10 0x04A11
1713,space,␠,10,64,1353,81 40,A2 82,,,81 40,0x04A12 0x04A13
1714,hangul,내,10,65,1354,82 D3,A2 82,79,88 ED,88 ED,0x04A14 0x04A15
1715,hangul,가,10,66,1355,82 9F,CC 81,1,88 9F,88 9F,0x04A16 0x04A17
1716,space,␠,10,67,1356,81 40,49 81,,,81 40,0x04A18 0x04A19
1717,hangul,메,10,68,1357,88 DA,48 81,213,89 B7,89 B7,0x04A1A 0x04A1B
1718,hangul,가,10,69,1358,82 9F,40 42,1,88 9F,88 9F,0x04A1C 0x04A1D
1719,hangul,스,10,70,1359,89 56,83 8F,293,8A 4A,8A 4A,0x04A1E 0x04A1F
1720,hangul,를,10,71,1360,88 CA,83 5E,192,89 A2,89 A2,0x04A20 0x04A21
1721,space,␠,10,72,1361,81 40,83 56,,,81 40,0x04A22 0x04A23
1722,hangul,쓰,10,73,1362,89 5F,82 C9,307,8A 58,8A 58,0x04A24 0x04A25
1723,hangul,러,10,74,1363,88 BB,83 81,170,89 8C,89 8C,0x04A26 0x04A27
1724,hangul,뜨,10,75,1364,88 B3,83 4B,156,89 7D,89 7D,0x04A28 0x04A29
1725,hangul,릴,10,76,1365,88 CE,83 58,197,89 A7,89 A7,0x04A2A 0x04A2B
1726,space,␠,10,77,1366,81 40,82 C6,,,81 40,0x04A2C 0x04A2D
1727,hangul,수,10,78,1367,89 54,90 ED,288,8A 45,8A 45,0x04A2E 0x04A2F
1728,space,␠,10,79,1368,81 40,82 A6,,,81 40,0x04A30 0x04A31
1729,hangul,있,10,80,1369,89 92,82 C6,389,8A AB,8A AB,0x04A32 0x04A33
1730,hangul,을,10,81,1370,89 8A,82 A2,376,8A 9E,8A 9E,0x04A34 0x04A35
1731,hangul,까,10,82,1371,82 C4,82 A4,60,88 DA,88 DA,0x04A36 0x04A37
1732,punctuation,！,10,83,1372,81 49,82 CC,,,81 49,0x04A38 0x04A39
1733,punctuation,？,10,84,1373,81 48,81 49,,,81 48,0x04A3A 0x04A3B
1734,space,␠,10,85,1374,81 40,81 48,,,81 40,0x04A3C 0x04A3D
1735,control,,,,,42,81,,,42,0x04A3E
1736,hangul,무,10,86,1375,88 E3,40 83,224,89 C2,89 C2,0x04A3F 0x04A40
1737,hangul,서,10,87,1376,89 49,8F 83,272,89 F2,89 F2,0x04A41 0x04A42
1738,hangul,워,10,88,1377,89 83,5E 83,365,8A 93,8A 93,0x04A43 0x04A44
1739,punctuation,・,10,89,1378,81 45,56 82,,,81 45,0x04A45 0x04A46
1740,punctuation,・,10,90,1379,81 45,CD 83,,,81 45,0x04A47 0x04A48
1741,punctuation,・,10,91,1380,81 45,81 83,,,81 45,0x04A49 0x04A4A
1742,control,,,,,42,4B,,,42,0x04A4B
1743,space,␠,10,92,1381,81 40,83 58,,,81 40,0x04A4C 0x04A4D
1744,hangul,너,10,93,1382,82 D6,82 F0,85,88 F3,88 F3,0x04A4E 0x04A4F
1745,hangul,무,10,94,1383,88 E3,93 7C,224,89 C2,89 C2,0x04A50 0x04A51
1746,space,␠,10,95,1384,81 40,82 B7,,,81 40,0x04A52 0x04A53
1747,hangul,무,10,96,1385,88 E3,82 B1,224,89 C2,89 C2,0x04A54 0x04A55
1748,hangul,서,10,97,1386,89 49,82 C6,272,89 F2,89 F2,0x04A56 0x04A57
1749,hangul,워,10,98,1387,89 83,82 AA,365,8A 93,8A 93,0x04A58 0x04A59
1750,punctuation,。,10,99,1388,81 42,82 C5,,,81 42,0x04A5A 0x04A5B
1751,control,,,,,61,82,,,61,0x04A5C
1752,control,,,,,1F 02 00 03 02 04 00 03 02 00 88,AB 82 E9 82 CC 81 49 81 48 81 40,,,1F 02 00 03 02 04 00 03 02 00 88,0x04A5D 0x04A5E 0x04A5F 0x04A60 0x04A61 0x04A62 0x04A63 0x04A64 0x04A65 0x04A66 0x04A67
1753,control,,,,,15 3C,42 82,,,15 3C,0x04A68 0x04A69
1754,control,,,,,05 16 86 3B 9E 00,A0 82 A0 81 41 95,,,05 16 86 3B 9E 00,0x04A6A 0x04A6B 0x04A6C 0x04A6D 0x04A6E 0x04A6F
1755,control,,,,,19 03,7C 82,,,19 03,0x04A70 0x04A71
1756,control,,,,,1E 16 A4,A2 81 45,,,1E 16 A4,0x04A72 0x04A73 0x04A74
1757,control,,,,,25 2E,81 45,,,25 2E,0x04A75 0x04A76
1758,hangul,유,11,1,1389,89 86,81 45,371,8A 99,8A 99,0x04A77 0x04A78
1759,hangul,코,11,2,1390,89 C5,42 82,470,8A FC,8A FC,0x04A79 0x04A7A
1760,punctuation,、,11,3,1391,81 41,C7 82,,,81 41,0x04A7B 0x04A7C
1761,hangul,유,11,4,1392,89 86,A4 82,371,8A 99,8A 99,0x04A7D 0x04A7E
1762,hangul,코,11,5,1393,89 C5,B5 82,470,8A FC,8A FC,0x04A7F 0x04A80
1763,punctuation,、,11,6,1394,81 41,E6 82,,,81 41,0x04A81 0x04A82
1764,hangul,진,11,7,1395,89 B4,A4 82,432,8A D6,8A D6,0x04A83 0x04A84
1765,hangul,정,11,8,1396,89 A0,E0 82,404,8A BA,8A BA,0x04A85 0x04A86
1766,hangul,하,11,9,1397,89 E2,C8 82,521,8B 72,8B 72,0x04A87 0x04A88
1767,hangul,세,11,10,1398,89 4E,AD 95,278,89 F8,89 F8,0x04A89 0x04A8A
1768,hangul,요,11,11,1399,89 80,7C 82,356,8A 8A,8A 8A,0x04A8B 0x04A8C
1769,punctuation,。,11,12,1400,81 42,A2 81,,,81 42,0x04A8D 0x04A8E
1770,hangul,눈,11,13,1401,82 E0,42 61,103,89 48,89 48,0x04A8F 0x04A90
1771,hangul,을,11,14,1402,89 8A,1F 02,376,8A 9E,8A 9E,0x04A91 0x04A92
1772,space,␠,11,15,1403,81 40,00 03,,,81 40,0x04A93 0x04A94
1773,hangul,감,11,16,1404,82 A3,02 04,6,88 A4,88 A4,0x04A95 0x04A96
1774,hangul,고,11,17,1405,82 B1,00 03,29,88 BB,88 BB,0x04A97 0x04A98
1775,punctuation,、,11,18,1406,81 41,02 00,,,81 41,0x04A99 0x04A9A
1776,space,␠,11,19,1407,81 40,88 15,,,81 40,0x04A9B 0x04A9C
1777,hangul,제,11,20,1408,89 A1,3C 05,405,8A BB,8A BB,0x04A9D 0x04A9E
1778,space,␠,11,21,1409,81 40,16 86,,,81 40,0x04A9F 0x04AA0
1779,hangul,목,11,22,1410,88 E0,3B 9E,219,89 BD,89 BD,0x04AA1 0x04AA2
1780,hangul,소,11,23,1411,89 50,00 19,283,8A 40,8A 40,0x04AA3 0x04AA4
1781,hangul,리,11,24,1412,88 CC,03 1E,194,89 A4,89 A4,0x04AA5 0x04AA6
1782,hangul,를,11,25,1413,88 CA,16 A4,192,89 A2,89 A2,0x04AA7 0x04AA8
1783,space,␠,11,26,1414,81 40,25 2E,,,81 40,0x04AA9 0x04AAA
1784,hangul,들,11,27,1415,88 AA,97 44,144,89 71,89 71,0x04AAB 0x04AAC
1785,hangul,으,11,28,1416,89 88,8E 71,373,8A 9B,8A 9B,0x04AAD 0x04AAE
1786,hangul,세,11,29,1417,89 4E,81 41,278,89 F8,89 F8,0x04AAF 0x04AB0
1787,hangul,요,11,30,1418,89 80,97 44,356,8A 8A,8A 8A,0x04AB1 0x04AB2
1788,punctuation,。,11,31,1419,81 42,8E 71,,,81 42,0x04AB3 0x04AB4
1789,space,␠,11,32,1420,81 40,81 41,,,81 40,0x04AB5 0x04AB6
1790,control,,,,,65,97,,,65,0x04AB7
1791,control,,,,,66,8E,,,66,0x04AB8
1792,control,,,,,19 07,82 BF,,,19 07,0x04AB9 0x04ABA
1793,control,,,,,16 58 E7,82 C2 82,,,16 58 E7,0x04ABB 0x04ABC 0x04ABD
1794,control,,,,,0F 01 18 03 0E,0F 01 18 03 0E,,,0F 01 18 03 0E,0x05348 0x05349 0x0534A 0x0534B 0x0534C
1795,control,,,,,1E 3C 08,1E 3C 08,,,1E 3C 08,0x0534D 0x0534E 0x0534F
1796,control,,,,,05 16 86 3A 9E 01,05 16 86 3A 9E 01,,,05 16 86 3A 9E 01,0x05350 0x05351 0x05352 0x05353 0x05354 0x05355
1797,control,,,,,0E 16 20 24 80,0E 16 20 24 80,,,0E 16 20 24 80,0x05356 0x05357 0x05358 0x05359 0x0535A
1798,control,,,,,13 24 E8,13 24 E8,,,13 24 E8,0x0535B 0x0535C 0x0535D
1799,control,,,,,17,17,,,17,0x0535E
1800,control,,,,,01 03,AB 82,,,01 03,0x04ABE 0x04ABF
1801,control,,,,,06 02,C8 82,,,06 02,0x04AC0 0x04AC1
1802,control,,,,,25 2B,B3 82,,,25 2B,0x04AC2 0x04AC3
1803,hangul,이,12,1,1421,89 8D,A2 81,380,8A A2,8A A2,0x04AC4 0x04AC5
1804,punctuation,、,12,2,1422,81 41,42 96,,,81 41,0x04AC6 0x04AC7
1805,hangul,이,12,3,1423,89 8D,DA 82,380,8A A2,8A A2,0x04AC8 0x04AC9
1806,space,␠,12,4,1424,81 40,F0 95,,,81 40,0x04ACA 0x04ACB
1807,hangul,목,12,5,1425,88 E0,C2 82,219,89 BD,89 BD,0x04ACC 0x04ACD
1808,hangul,소,12,6,1426,89 50,B6 82,283,8A 40,8A 40,0x04ACE 0x04ACF
1809,hangul,리,12,7,1427,88 CC,C4 81,194,89 A4,89 A4,0x04AD0 0x04AD1
1810,hangul,는,12,8,1428,82 E3,41 82,106,89 4B,89 4B,0x04AD2 0x04AD3
1811,punctuation,・,12,9,1429,81 45,ED 82,,,81 45,0x04AD4 0x04AD5
1812,punctuation,・,12,10,1430,81 45,BD 82,,,81 45,0x04AD6 0x04AD7
1813,punctuation,・,12,11,1431,81 45,B5 82,,,81 45,0x04AD8 0x04AD9
1814,space,␠,12,12,1432,81 40,CC 90,,,81 40,0x04ADA 0x04ADB
1815,hangul,바,12,13,1433,88 E9,BA 82,234,89 CC,89 CC,0x04ADC 0x04ADD
1816,hangul,리,12,14,1434,88 CC,F0 95,194,89 A4,89 A4,0x04ADE 0x04ADF
1817,hangul,아,12,15,1435,89 60,B7 82,309,8A 5A,8A 5A,0x04AE0 0x04AE1
1818,hangul,님,12,16,1436,82 E6,AB 82,110,89 4F,89 4F,0x04AE2 0x04AE3
1819,punctuation,！,12,17,1437,81 49,C8 82,,,81 49,0x04AE4 0x04AE5
1820,space,␠,12,18,1438,81 40,B3 82,,,81 40,0x04AE6 0x04AE7
1821,control,,,,,11,A2,,,11,0x04AE8
1822,control,,,,,06 0E,81 42,,,06 0E,0x04AE9 0x04AEA
1823,control,,,,,19 03,65 66,,,19 03,0x04AEB 0x04AEC
1824,control,,,,,05 16 86 3A 9E 01,19 07 16 58 E7 01,,,05 16 86 3A 9E 01,0x04AED 0x04AEE 0x04AEF 0x04AF0 0x04AF1 0x04AF2
1825,control,,,,,25 2E,03 06,,,25 2E,0x04AF3 0x04AF4
1826,hangul,유,13,1,1439,89 86,02 25,371,8A 99,8A 99,0x04AF5 0x04AF6
1827,hangul,코,13,2,1440,89 C5,2B 82,470,8A FC,8A FC,0x04AF7 0x04AF8
1828,punctuation,、,13,3,1441,81 41,A0 82,,,81 41,0x04AF9 0x04AFA
1829,hangul,당,13,4,1442,82 EB,A0 81,117,89 56,89 56,0x04AFB 0x04AFC
1830,hangul,신,13,5,1443,89 5B,41 82,299,8A 50,8A 50,0x04AFD 0x04AFE
1831,hangul,은,13,6,1444,89 89,BB 82,375,8A 9D,8A 9D,0x04AFF 0x04B00
1832,space,␠,13,7,1445,81 40,CC 90,,,81 40,0x04B01 0x04B02
1833,hangul,바,13,8,1446,88 E9,BA 82,234,89 CC,89 CC,0x04B03 0x04B04
1834,hangul,리,13,9,1447,88 CC,CD 81,194,89 A4,89 A4,0x04B05 0x04B06
1835,hangul,스,13,10,1448,89 56,45 81,293,8A 4A,8A 4A,0x04B07 0x04B08
1836,hangul,의,13,11,1449,89 8C,45 81,379,8A A1,8A A1,0x04B09 0x04B0A
1837,space,␠,13,12,1450,81 40,45 83,,,81 40,0x04B0B 0x04B0C
1838,hangul,전,13,13,1451,89 9D,94 83,401,8A B7,8A B7,0x04B0D 0x04B0E
1839,hangul,사,13,14,1452,89 43,40 83,265,89 EB,89 EB,0x04B0F 0x04B10
1840,hangul,로,13,15,1453,88 C5,8A 83,183,89 99,89 99,0x04B11 0x04B12
1841,space,␠,13,16,1454,81 40,41 97,,,81 40,0x04B13 0x04B14
1842,hangul,선,13,17,1455,89 4B,6C 81,274,89 F4,89 F4,0x04B15 0x04B16
1843,hangul,택,13,18,1456,89 D0,49 81,485,8B 4E,8B 4E,0x04B17 0x04B18
1844,hangul,받,13,19,1457,88 EB,40 11,237,89 CF,89 CF,0x04B19 0x04B1A
1845,hangul,은,13,20,1458,89 89,06 0E,375,8A 9D,8A 9D,0x04B1B 0x04B1C
1846,space,␠,13,21,1459,81 40,19 03,,,81 40,0x04B1D 0x04B1E
1847,hangul,사,13,22,1460,89 43,05 16,265,89 EB,89 EB,0x04B1F 0x04B20
1848,hangul,람,13,23,1461,88 B8,86 3A,162,89 84,89 84,0x04B21 0x04B22
1849,hangul,입,13,24,1462,89 91,9E 01,387,8A A9,8A A9,0x04B23 0x04B24
1850,hangul,니,13,25,1463,82 E4,25 2E,108,89 4D,89 4D,0x04B25 0x04B26
1851,hangul,다,13,26,1464,82 E7,97 44,111,89 50,89 50,0x04B27 0x04B28
1852,punctuation,。,13,27,1465,81 42,8E 71,,,81 42,0x04B29 0x04B2A
1853,hangul,자,13,28,1466,89 93,81 41,391,8A AD,8A AD,0x04B2B 0x04B2C
1854,hangul,신,13,29,1467,89 5B,82 A0,299,8A 50,8A 50,0x04B2D 0x04B2E
1855,hangul,의,13,30,1468,89 8C,82 C8,379,8A A1,8A A1,0x04B2F 0x04B30
1856,space,␠,13,31,1469,81 40,82 BD,,,81 40,0x04B31 0x04B32
1857,hangul,힘,13,32,1470,89 F8,82 CD,558,8B 98,8B 98,0x04B33 0x04B34
1858,hangul,을,13,33,1471,89 8A,83 94,376,8A 9E,8A 9E,0x04B35 0x04B36
1859,space,␠,13,34,1472,81 40,83 40,,,81 40,0x04B37 0x04B38
1860,hangul,믿,13,35,1473,88 E8,83 8A,232,89 CA,89 CA,0x04B39 0x04B3A
1861,hangul,으,13,36,1474,89 88,83 58,373,8A 9B,8A 9B,0x04B3B 0x04B3C
1862,hangul,세,13,37,1475,89 4E,82 CC,278,89 F8,89 F8,0x04B3D 0x04B3E
1863,hangul,요,13,38,1476,89 80,90 ED,356,8A 8A,8A 8A,0x04B3F 0x04B40
1864,punctuation,。,13,39,1477,81 42,8E 6D,,,81 42,0x04B41 0x04B42
1865,space,␠,13,40,1478,81 40,82 C6,,,81 40,0x04B43 0x04B44
1866,control,,,,,16 FF E6,82 B5 82,,,16 FF E6,0x04B45 0x04B46 0x04B47
1867,control,,,,,0F 05 1A 03 07,0F 05 1A 03 07,,,0F 05 1A 03 07,0x052EF 0x052F0 0x052F1 0x052F2 0x052F3
1868,control,,,,,16 95 E7,16 95 E7,,,16 95 E7,0x052F4 0x052F5 0x052F6
1869,control,,,,,1E 3C 08,1E 3C 08,,,1E 3C 08,0x05385 0x05386 0x05387
1870,control,,,,,05 16 86 3A 9E 00,05 16 86 3A 9E 00,,,05 16 86 3A 9E 00,0x05388 0x05389 0x0538A 0x0538B 0x0538C 0x0538D
1871,control,,,,,0E 16 20 24 80,0E 16 20 24 80,,,0E 16 20 24 80,0x0538E 0x0538F 0x05390 0x05391 0x05392
1872,control,,,,,17,17,,,17,0x05393
1873,control,,,,,10 16 22,10 16 22,,,10 16 22,0x052F7 0x052F8 0x052F9
1874,control,,,,,13 34 E8,13 34 E8,,,13 34 E8,0x052FA 0x052FB 0x052FC
1875,control,,,,,1D 01 38 47,1D 01 38 47,,,1D 01 38 47,0x052FD 0x052FE 0x052FF 0x05300
1876,control,,,,,1D 05 07 47,1D 05 07 47,,,1D 05 07 47,0x05301 0x05302 0x05303 0x05304
1877,control,,,,,04 24 E9 41,04 24 E9 41,,,04 24 E9 41,0x05305 0x05306 0x05307 0x05308
1878,control,,,,,25 2E,25 2E,,,25 2E,0x05309 0x0530A
1879,control,,,,,17,17,,,17,0x0530B
1880,control,,,,,06 0E,C4 91,,,06 0E,0x04B48 0x04B49
1881,control,,,,,19 F7,49 82,,,19 F7,0x04B4A 0x04B4B
1882,control,,,,,08 5E FB 24 04 00,CE 82 EA 82 BD 8E,,,08 5E FB 24 04 00,0x04B4C 0x04B4D 0x04B4E 0x04B4F 0x04B50 0x04B51
1883,control,,,,,41,D2,,,41,0x04B52
1884,hangul,당,13,41,1479,82 EB,81 42,117,89 56,89 56,0x04B53 0x04B54
1885,hangul,신,13,42,1480,89 5B,8E A9,299,8A 50,8A 50,0x04B55 0x04B56
1886,hangul,에,13,43,1481,89 70,95 AA,333,8A 72,8A 72,0x04B57 0x04B58
1887,hangul,게,13,44,1482,82 AB,82 CC,19,88 B1,88 B1,0x04B59 0x04B5A
1888,space,␠,13,45,1483,81 40,97 CD,,,81 40,0x04B5B 0x04B5C
1889,hangul,그,13,46,1484,82 BD,82 F0,49,88 CF,88 CF,0x04B5D 0x04B5E
1890,space,␠,13,47,1485,81 40,90 4D,,,81 40,0x04B5F 0x04B60
1891,hangul,누,13,48,1486,82 DF,82 B6,102,89 47,89 47,0x04B61 0x04B62
1892,hangul,구,13,49,1487,82 B7,82 C8,41,88 C7,88 C7,0x04B63 0x04B64
1893,hangul,에,13,50,1488,89 70,82 B3,333,8A 72,8A 72,0x04B65 0x04B66
1894,hangul,도,13,51,1489,82 F1,82 A2,125,89 5E,89 5E,0x04B67 0x04B68
1895,space,␠,13,52,1490,81 40,81 42,,,81 40,0x04B69 0x04B6A
1896,hangul,굴,13,53,1491,82 BB,16 FF,45,88 CB,88 CB,0x04B6B 0x04B6C
1897,hangul,하,13,54,1492,89 E2,E6 06,521,8B 72,8B 72,0x04B6D 0x04B6E
1898,hangul,지,13,55,1493,89 B3,0E 19,430,8A D4,8A D4,0x04B6F 0x04B70
1899,space,␠,13,56,1494,81 40,F7 08,,,81 40,0x04B71 0x04B72
1900,hangul,않,13,57,1495,89 64,5E FB,313,8A 5E,8A 5E,0x04B73 0x04B74
1901,hangul,을,13,58,1496,89 8A,24 04,376,8A 9E,8A 9E,0x04B75 0x04B76
1902,hangul,미,13,59,1497,88 E7,00 41,231,89 C9,89 C9,0x04B77 0x04B78
1903,hangul,지,13,60,1498,89 B3,82 A0,430,8A D4,8A D4,0x04B79 0x04B7A
1904,hangul,의,13,61,1499,89 8C,82 C8,379,8A A1,8A A1,0x04B7B 0x04B7C
1905,space,␠,13,62,1500,81 40,82 BD,,,81 40,0x04B7D 0x04B7E
1906,hangul,힘,13,63,1501,89 F8,82 C9,558,8B 98,8B 98,0x04B7F 0x04B80
1907,hangul,이,13,64,1502,89 8D,82 CD,380,8A A2,8A A2,0x04B81 0x04B82
1908,space,␠,13,65,1503,81 40,89 BD,,,81 40,0x04B83 0x04B84
1909,hangul,잠,13,66,1504,89 97,8E D2,395,8A B1,8A B1,0x04B85 0x04B86
1910,hangul,들,13,67,1505,88 AA,82 C9,144,89 71,89 71,0x04B87 0x04B88
1911,hangul,어,13,68,1506,89 6C,82 E0,325,8A 6A,8A 6A,0x04B89 0x04B8A
1912,hangul,있,13,69,1507,89 92,95 89,389,8A AB,8A AB,0x04B8B 0x04B8C
1913,hangul,어,13,70,1508,89 6C,82 AF,325,8A 6A,8A 6A,0x04B8D 0x04B8E
1914,hangul,요,13,71,1509,89 80,82 C8,356,8A 8A,8A 8A,0x04B8F 0x04B90
1915,punctuation,。,13,72,1510,81 42,82 A2,,,81 42,0x04B91 0x04B92
1916,hangul,바,13,73,1511,88 E9,81 41,234,89 CC,89 CC,0x04B93 0x04B94
1917,hangul,로,13,74,1512,88 C5,96 A2,183,89 99,89 99,0x04B95 0x04B96
1918,space,␠,13,75,1513,81 40,92 6D,,,81 40,0x04B97 0x04B98
1919,hangul,그,13,76,1514,82 BD,82 CC,49,88 CF,88 CF,0x04B99 0x04B9A
1920,hangul,힘,13,77,1515,89 F8,97 CD,558,8B 98,8B 98,0x04B9B 0x04B9C
1921,hangul,이,13,78,1516,89 8D,82 AA,380,8A A2,8A A2,0x04B9D 0x04B9E
1922,hangul,야,13,79,1517,89 6B,94 E9,321,8A 66,8A 66,0x04B9F 0x04BA0
1923,hangul,말,13,80,1518,88 D3,82 DF,203,89 AD,89 AD,0x04BA1 0x04BA2
1924,hangul,로,13,81,1519,88 C5,82 E7,183,89 99,89 99,0x04BA3 0x04BA4
1925,space,␠,13,82,1520,81 40,82 EA,,,81 40,0x04BA5 0x04BA6
1926,hangul,베,13,83,1521,88 F2,82 C4,247,89 D9,89 D9,0x04BA7 0x04BA8
1927,hangul,칸,13,84,1522,89 C2,82 A2,466,8A F8,8A F8,0x04BA9 0x04BAA
1928,hangul,티,13,85,1523,89 D7,82 E9,498,8B 5B,8B 5B,0x04BAB 0x04BAC
1929,hangul,가,13,86,1524,82 9F,82 CC,1,88 9F,88 9F,0x04BAD 0x04BAE
1930,space,␠,13,87,1525,81 40,82 C5,,,81 40,0x04BAF 0x04BB0
1931,hangul,가,13,88,1526,82 9F,82 B7,1,88 9F,88 9F,0x04BB1 0x04BB2
1932,hangul,장,13,89,1527,89 99,81 42,397,8A B3,8A B3,0x04BB3 0x04BB4
1933,space,␠,13,90,1528,81 40,82 BB,,,81 40,0x04BB5 0x04BB6
1934,hangul,두,13,91,1529,88 A5,82 CC,135,89 68,89 68,0x04BB7 0x04BB8
1935,hangul,려,13,92,1530,88 C1,97 CD,178,89 94,89 94,0x04BB9 0x04BBA
1936,hangul,워,13,93,1531,89 83,82 B1,365,8A 93,8A 93,0x04BBB 0x04BBC
1937,hangul,하,13,94,1532,89 E2,82 BB,521,8B 72,8B 72,0x04BBD 0x04BBE
1938,hangul,는,13,95,1533,82 E3,81 41,106,89 4B,89 4B,0x04BBF 0x04BC0
1939,space,␠,13,96,1534,81 40,83 94,,,81 40,0x04BC1 0x04BC2
1940,hangul,겁,13,97,1535,82 A9,83 46,17,88 AF,88 AF,0x04BC3 0x04BC4
1941,hangul,니,13,98,1536,82 E4,83 4A,108,89 4D,89 4D,0x04BC5 0x04BC6
1942,hangul,다,13,99,1537,82 E7,83 93,111,89 50,89 50,0x04BC7 0x04BC8
1943,punctuation,。,13,100,1538,81 42,83 65,,,81 42,0x04BC9 0x04BCA
1944,hangul,들,13,101,1539,88 AA,83 42,144,89 71,89 71,0x04BCB 0x04BCC
1945,hangul,으,13,102,1540,89 88,82 CC,373,8A 9B,8A 9B,0x04BCD 0x04BCE
1946,hangul,신,13,103,1541,89 5B,8E D2,299,8A 50,8A 50,0x04BCF 0x04BE0
1947,hangul,대,13,104,1542,82 EC,82 BD,118,89 57,89 57,0x04BE1 0x04BE2
1948,hangul,로,13,105,1543,88 C5,82 BF,183,89 99,89 99,0x04BE3 0x04BE4
1949,punctuation,、,13,106,1544,81 41,82 AA,,,81 41,0x04BE5 0x04BE6
1950,hangul,잔,13,107,1545,89 95,8D C5,393,8A AF,8A AF,0x04BE7 0x04BE8
1951,hangul,인,13,108,1546,89 8E,82 E0,382,8A A4,8A A4,0x04BE9 0x04BEA
1952,hangul,왕,13,109,1547,89 7C,8B B0,352,8A 86,8A 86,0x04BEB 0x04BEC
1953,space,␠,13,110,1548,81 40,82 EA,,,81 40,0x04BED 0x04BEE
1954,hangul,메,13,111,1549,88 DA,82 E9,213,89 B7,89 B7,0x04BEF 0x04BF0
1955,hangul,가,13,112,1550,82 9F,82 E0,1,88 9F,88 9F,0x04BF1 0x04BF2
1956,hangul,스,13,113,1551,89 56,82 CC,293,8A 4A,8A 4A,0x04BF3 0x04BF4
1957,hangul,의,13,114,1552,89 8C,82 C8,379,8A A1,8A A1,0x04BF5 0x04BF6
1958,space,␠,13,115,1553,81 40,82 CC,,,81 40,0x04BF7 0x04BF8
1959,hangul,부,13,116,1554,88 FA,82 C5,255,89 E1,89 E1,0x04BF9 0x04BFA
1960,hangul,활,13,117,1555,89 F3,82 B7,547,8B 8D,8B 8D,0x04BFB 0x04BFC
1961,hangul,로,13,118,1556,88 C5,81 42,183,89 99,89 99,0x04BFD 0x04BFE
1962,space,␠,13,119,1557,81 40,98 62,,,81 40,0x04BFF 0x04C00
1963,hangul,바,13,120,1558,88 E9,82 CD,234,89 CC,89 CC,0x04C01 0x04C02
1964,hangul,니,13,121,1559,82 E4,95 B7,108,89 4D,89 4D,0x04C03 0x04C04
1965,hangul,티,13,122,1560,89 D7,82 A2,498,8B 5B,8B 5B,0x04C05 0x04C06
1966,hangul,와,13,123,1561,89 7A,82 BD,349,8A 83,8A 83,0x04C07 0x04C08
1967,space,␠,13,124,1562,81 40,82 C6,,,81 40,0x04C09 0x04C0A
1968,hangul,리,13,125,1563,88 CC,82 A8,194,89 A4,89 A4,0x04C0B 0x04C0C
1969,hangul,얼,13,126,1564,89 6D,82 E8,328,8A 6D,8A 6D,0x04C0D 0x04C0E
1970,hangul,리,13,127,1565,88 CC,82 C5,194,89 A4,89 A4,0x04C0F 0x04C10
1971,hangul,티,13,128,1566,89 D7,82 B7,498,8B 5B,8B 5B,0x04C11 0x04C12
1972,hangul,에,13,129,1567,89 70,81 42,333,8A 72,8A 72,0x04C13 0x04C14
1973,space,␠,13,130,1568,81 40,8E 63,,,81 40,0x04C15 0x04C16
1974,hangul,다,13,131,1569,82 E7,94 45,111,89 50,89 50,0x04C17 0x04C18
1975,hangul,시,13,132,1570,89 5A,89 A4,298,8A 4F,8A 4F,0x04C19 0x04C1A
1976,space,␠,13,133,1571,81 40,83 81,,,81 40,0x04C1B 0x04C1C
1977,hangul,위,13,134,1572,89 85,83 4B,369,8A 97,8A 97,0x04C1D 0x04C1E
1978,hangul,기,13,135,1573,82 C1,83 58,55,88 D5,88 D5,0x04C1F 0x04C20
1979,hangul,가,13,136,1574,82 9F,82 CC,1,88 9F,88 9F,0x04C21 0x04C22
1980,space,␠,13,137,1575,81 40,82 E0,,,81 40,0x04C23 0x04C24
1981,hangul,닥,13,138,1576,82 E8,82 C6,112,89 51,89 51,0x04C25 0x04C26
1982,hangul,쳐,13,139,1577,89 BC,82 C5,454,8A EC,8A EC,0x04C27 0x04C28
1983,hangul,오,13,140,1578,89 76,81 41,344,8A 7D,8A 7D,0x04C29 0x04C2A
1984,hangul,고,13,141,1579,82 B1,83 94,29,88 BB,88 BB,0x04C2B 0x04C2C
1985,space,␠,13,142,1580,81 40,83 40,,,81 40,0x04C2D 0x04C2E
1986,hangul,있,13,143,1581,89 92,83 6A,389,8A AB,8A AB,0x04C2F 0x04C30
1987,hangul,어,13,144,1582,89 6C,83 65,325,8A 6A,8A 6A,0x04C31 0x04C32
1988,hangul,요,13,145,1583,89 80,83 42,356,8A 8A,8A 8A,0x04C33 0x04C34
1989,punctuation,。,13,146,1584,81 42,82 C6,,,81 42,0x04C35 0x04C36
1990,hangul,여,13,147,1585,89 72,83 8A,335,8A 74,8A 74,0x04C37 0x04C38
1991,hangul,태,13,148,1586,89 CF,83 41,484,8B 4D,8B 4D,0x04C39 0x04C3A
1992,hangul,껏,13,149,1587,82 C8,83 8A,64,88 DE,88 DE,0x04C3B 0x04C3C
1993,space,␠,13,150,1588,81 40,83 65,,,81 40,0x04C3D 0x04C3E
1994,hangul,겪,13,151,1589,82 AD,83 42,23,88 B5,88 B5,0x04C3F 0x04C40
1995,hangul,지,13,152,1590,89 B3,82 C9,430,8A D4,8A D4,0x04C41 0x04C42
1996,space,␠,13,153,1591,81 40,8D C4,,,81 40,0x04C43 0x04C44
1997,hangul,못,13,154,1592,88 E2,82 D1,223,89 C1,89 C1,0x04C45 0x04C46
1998,hangul,한,13,155,1593,89 E4,8A EB,523,8B 74,8B 74,0x04C47 0x04C48
1999,space,␠,13,156,1594,81 40,8B 40,,,81 40,0x04C49 0x04C4A
2000,hangul,재,13,157,1595,89 9A,82 AA,398,8A B4,8A B4,0x04C4B 0x04C4C
2001,hangul,앙,13,158,1596,89 69,96 4B,318,8A 63,8A 63,0x04C4D 0x04C4E
2002,hangul,입,13,159,1597,89 91,82 EA,387,8A A9,8A A9,0x04C4F 0x04C50
2003,hangul,니,13,160,1598,82 E4,82 C4,108,89 4D,89 4D,0x04C51 0x04C52
2004,hangul,다,13,161,1599,82 E7,82 A2,111,89 50,89 50,0x04C53 0x04C54
2005,punctuation,。,13,162,1600,81 42,82 DC,,,81 42,0x04C55 0x04C56
2006,hangul,로,13,163,1601,88 C5,82 B7,183,89 99,89 99,0x04C57 0x04C58
2007,hangul,그,13,164,1602,82 BD,81 42,49,88 CF,88 CF,0x04C59 0x04C5A
2008,hangul,레,13,165,1603,88 C0,82 B1,177,89 93,89 93,0x04C5B 0x04C5C
2009,hangul,스,13,166,1604,89 56,82 EA,293,8A 4A,8A 4A,0x04C5D 0x04C5E
2010,hangul,의,13,167,1605,89 8C,82 DC,379,8A A1,8A A1,0x04C5F 0x04C60
2011,space,␠,13,168,1606,81 40,82 C5,,,81 40,0x04C61 0x04C62
2012,hangul,잔,13,169,1607,89 95,82 C9,393,8A AF,8A AF,0x04C63 0x04C64
2013,hangul,당,13,170,1608,82 EB,82 C8,117,89 56,89 56,0x04C65 0x04C66
2014,hangul,들,13,171,1609,88 AA,82 A2,144,89 71,89 71,0x04C67 0x04C68
2015,hangul,이,13,172,1610,89 8D,8B B0,380,8A A2,8A A2,0x04C69 0x04C6A
2016,space,␠,13,173,1611,81 40,82 EB,,,81 40,0x04C6B 0x04C6C
2017,hangul,당,13,174,1612,82 EB,82 B5,117,89 56,89 56,0x04C6D 0x04C6E
2018,hangul,신,13,175,1613,89 5B,82 A2,299,8A 50,8A 50,0x04C6F 0x04C70
2019,hangul,을,13,176,1614,89 8A,8A EB,376,8A 9E,8A 9E,0x04C71 0x04C72
2020,space,␠,13,177,1615,81 40,8B 40,,,81 40,0x04C73 0x04C74
2021,hangul,노,13,178,1616,82 DC,82 C5,95,89 40,89 40,0x04C75 0x04C76
2022,hangul,리,13,179,1617,88 CC,82 B7,194,89 A4,89 A4,0x04C77 0x04C78
2023,hangul,며,13,180,1618,88 DB,81 42,214,89 B8,89 B8,0x04C79 0x04C7A
2024,punctuation,、,13,181,1619,81 41,83 8D,,,81 41,0x04C7B 0x04C7C
2025,hangul,메,13,182,1620,88 DA,83 4F,213,89 B7,89 B7,0x04C7D 0x04C7E
2026,hangul,가,13,183,1621,82 9F,83 8C,1,88 9F,88 9F,0x04C7F 0x04C80
2027,hangul,스,13,184,1622,89 56,83 58,293,8A 4A,8A 4A,0x04C81 0x04C82
2028,hangul,의,13,185,1623,89 8C,82 CC,379,8A A1,8A A1,0x04C83 0x04C84
2029,space,␠,13,186,1624,81 40,8E 63,,,81 40,0x04C85 0x04C86
2030,hangul,군,13,187,1625,82 B9,93 7D,43,88 C9,88 C9,0x04C87 0x04C88
2031,hangul,단,13,188,1626,82 E9,82 AA,113,89 52,89 52,0x04C89 0x04C8A
2032,hangul,이,13,189,1627,89 8D,82 A0,380,8A A2,8A A2,0x04C8B 0x04C8C
2033,space,␠,13,190,1628,81 40,82 C8,,,81 40,0x04C8D 0x04C8E
2034,hangul,침,13,191,1629,89 C1,82 BD,464,8A F6,8A F6,0x04C8F 0x04C90
2035,hangul,공,13,192,1630,82 B3,82 F0,35,88 C1,88 C1,0x04C91 0x04C92
2036,hangul,해,13,193,1631,89 E8,91 5F,528,8B 79,8B 79,0x04C93 0x04C94
2037,space,␠,13,194,1632,81 40,82 C1,,,81 40,0x04C95 0x04C96
2038,hangul,오,13,195,1633,89 76,82 C4,344,8A 7D,8A 7D,0x04C97 0x04C98
2039,hangul,는,13,196,1634,82 E3,82 A2,106,89 4B,89 4B,0x04C99 0x04C9A
2040,space,␠,13,197,1635,81 40,82 DC,,,81 40,0x04C9B 0x04C9C
2041,hangul,것,13,198,1636,82 AA,82 B7,18,88 B0,88 B0,0x04C9D 0x04C9E
2042,hangul,도,13,199,1637,82 F1,81 42,125,89 5E,89 5E,0x04C9F 0x04CA0
2043,space,␠,13,200,1638,81 40,83 81,,,81 40,0x04CA1 0x04CA2
2044,hangul,시,13,201,1639,89 5A,83 4B,298,8A 4F,8A 4F,0x04CA3 0x04CA4
2045,hangul,간,13,202,1640,82 A1,83 58,3,88 A1,88 A1,0x04CA5 0x04CA6
2046,hangul,문,13,203,1641,88 E4,82 CC,225,89 C3,89 C3,0x04CA7 0x04CA8
2047,hangul,제,13,204,1642,89 A1,8C 52,405,8A BB,8A BB,0x04CA9 0x04CAA
2048,hangul,입,13,205,1643,89 91,92 63,387,8A A9,8A A9,0x04CAB 0x04CAC
2049,hangul,니,13,206,1644,82 E4,82 AA,108,89 4D,89 4D,0x04CAD 0x04CAE
2050,hangul,다,13,207,1645,82 E7,8D 55,111,89 50,89 50,0x04CAF 0x04CB0
2051,punctuation,。,13,208,1646,81 42,82 DF,,,81 42,0x04CB1 0x04CB2
2052,hangul,당,13,209,1647,82 EB,82 C4,117,89 56,89 56,0x04CB3 0x04CB4
2053,hangul,신,13,210,1648,89 5B,97 88,299,8A 50,8A 50,0x04CB5 0x04CB6
2054,hangul,에,13,211,1649,89 70,82 E9,333,8A 72,8A 72,0x04CB7 0x04CB8
2055,hangul,게,13,212,1650,82 AB,82 CC,19,88 B1,88 B1,0x04CB9 0x04CBA
2056,space,␠,13,213,1651,81 40,82 E0,,,81 40,0x04CBB 0x04CBC
2057,hangul,힘,13,214,1652,89 F8,8E 9E,558,8B 98,8B 98,0x04CBD 0x04CBE
2058,hangul,을,13,215,1653,89 8A,8A D4,376,8A 9E,8A 9E,0x04CBF 0x04CC0
2059,space,␠,13,216,1654,81 40,82 CC,,,81 40,0x04CC1 0x04CC2
2060,hangul,드,13,217,1655,88 A8,96 E2,140,89 6D,89 6D,0x04CC3 0x04CC4
2061,hangul,리,13,218,1656,88 CC,91 E8,194,89 A4,89 A4,0x04CC5 0x04CC6
2062,hangul,겠,13,219,1657,82 AC,82 C5,20,88 B2,88 B2,0x04CC7 0x04CC8
2063,hangul,습,13,220,1658,89 58,82 B5,296,8A 4D,8A 4D,0x04CC9 0x04CCA
2064,hangul,니,13,221,1659,82 E4,82 E5,108,89 4D,89 4D,0x04CCB 0x04CCC
2065,hangul,다,13,222,1660,82 E7,82 A4,111,89 50,89 50,0x04CCD 0x04CCE
2066,punctuation,。,13,223,1661,81 42,81 42,,,81 42,0x04CCF 0x04CD0
2067,control,,,,,16 6F E7,82 A0 82,,,16 6F E7,0x04CD1 0x04CD2 0x04CD3
2068,control,,,,,0F 02 1C 03 14,0F 02 1C 03 14,,,0F 02 1C 03 14,0x0535F 0x05360 0x05361 0x05362 0x05363
2069,control,,,,,0E 00 00 50 C8,0E 00 00 50 C8,,,0E 00 00 50 C8,0x05364 0x05365 0x05366 0x05367 0x05368
2070,control,,,,,08 C8 F3 50 19 FF,08 C8 F3 50 19 FF,,,08 C8 F3 50 19 FF,0x05369 0x0536A 0x0536B 0x0536C 0x0536D 0x0536E
2071,control,,,,,13 44 E8,13 44 E8,,,13 44 E8,0x0536F 0x05370 0x05371
2072,control,,,,,1D 04 07 40,1D 04 07 40,,,1D 04 07 40,0x05372 0x05373 0x05374 0x05375
2073,control,,,,,14 00 00 00,14 00 00 00,,,14 00 00 00,0x05376 0x05377 0x05378 0x05379
2074,control,,,,,14 01 2C 00,14 01 2C 00,,,14 01 2C 00,0x0537A 0x0537B 0x0537C 0x0537D
2075,control,,,,,04 38 E9 41,04 38 E9 41,,,04 38 E9 41,0x0537E 0x0537F 0x05380 0x05381
2076,control,,,,,25 2B,25 2B,,,25 2B,0x05382 0x05383
2077,control,,,,,17,17,,,17,0x05384
2078,control,,,,,01 04,C8 82,,,01 04,0x04CD4 0x04CD5
2079,control,,,,,11,BD,,,11,0x04CD6
2080,control,,,,,19 03,82 C9,,,19 03,0x04CD7 0x04CD8
2081,control,,,,,05 16 86 3A 9E 00,97 CD 82 F0 97 5E,,,05 16 86 3A 9E 00,0x04CD9 0x04CDA 0x04CDB 0x04CDC 0x04CDD 0x04CDE
2082,control,,,,,25 2E,82 A6,,,25 2E,0x04CDF 0x04CE0
2083,hangul,유,13,224,1662,89 86,82 DC,371,8A 99,8A 99,0x04CE1 0x04CE2
2084,hangul,코,13,225,1663,89 C5,82 B7,470,8A FC,8A FC,0x04CE3 0x04CE4
2085,punctuation,、,13,226,1664,81 41,81 42,,,81 41,0x04CE5 0x04CE6
2086,hangul,마,13,227,1665,88 D1,16 6F,200,89 AA,89 AA,0x04CE7 0x04CE8
2087,hangul,음,13,228,1666,89 8B,E7 01,377,8A 9F,8A 9F,0x04CE9 0x04CEA
2088,hangul,을,13,229,1667,89 8A,04 11,376,8A 9E,8A 9E,0x04CEB 0x04CEC
2089,space,␠,13,230,1668,81 40,19 03,,,81 40,0x04CED 0x04CEE
2090,hangul,굳,13,231,1669,82 BA,05 16,44,88 CA,88 CA,0x04CEF 0x04CF0
2091,hangul,게,13,232,1670,82 AB,86 3A,19,88 B1,88 B1,0x04CF1 0x04CF2
2092,space,␠,13,233,1671,81 40,9E 00,,,81 40,0x04CF3 0x04CF4
2093,hangul,먹,13,234,1672,88 D9,25 2E,210,89 B4,89 B4,0x04CF5 0x04CF6
2094,hangul,으,13,235,1673,89 88,82 B3,373,8A 9B,8A 9B,0x04CF7 0x04CF8
2095,hangul,세,13,236,1674,89 4E,82 A0,278,89 F8,89 F8,0x04CF9 0x04CFA
2096,hangul,요,13,237,1675,89 80,81 41,356,8A 8A,8A 8A,0x04CFB 0x04CFC
2097,punctuation,！,13,238,1676,81 49,97 44,,,81 49,0x04CFD 0x04CFE
2098,space,␠,13,239,1677,81 40,8E 71,,,81 40,0x04CFF 0x04D00
2099,hangul,싸,13,240,1678,89 5E,81 41,304,8A 55,8A 55,0x04D01 0x04D02
2100,hangul,움,13,241,1679,89 82,82 B5,363,8A 91,8A 91,0x04D03 0x04D04
2101,hangul,을,13,242,1680,89 8A,82 C1,376,8A 9E,8A 9E,0x04D05 0x04D06
2102,space,␠,13,243,1681,81 40,82 A9,,,81 40,0x04D07 0x04D08
2103,hangul,이,13,244,1682,89 8D,82 E8,380,8A A2,8A A2,0x04D09 0x04D0A
2104,hangul,미,13,245,1683,88 E7,82 B5,231,89 C9,89 C9,0x04D0B 0x04D0C
2105,space,␠,13,246,1684,81 40,82 C4,,,81 40,0x04D0D 0x04D0E
2106,hangul,시,13,247,1685,89 5A,81 49,298,8A 4F,8A 4F,0x04D0F 0x04D10
2107,hangul,작,13,248,1686,89 94,81 40,392,8A AE,8A AE,0x04D11 0x04D12
2108,hangul,됐,13,249,1687,88 A1,90 ED,130,89 63,89 63,0x04D13 0x04D14
2109,hangul,어,13,250,1688,89 6C,82 A2,325,8A 6A,8A 6A,0x04D15 0x04D16
2110,hangul,요,13,251,1689,89 80,82 CD,356,8A 8A,8A 8A,0x04D17 0x04D18
2111,punctuation,！,13,252,1690,81 49,82 B7,,,81 49,0x04D19 0x04D1A
2112,space,␠,13,253,1691,81 40,82 C5,,,81 40,0x04D1B 0x04D1C
2113,control,,,,,61,82,,,61,0x04D1D
2114,control,,,,,19 07,C9 8E,,,19 07,0x04D1E 0x04D1F
2115,control,,,,,25 2B,6E 82,,,25 2B,0x04D20 0x04D21
2116,hangul,네,14,1,1692,82 D9,C1 82,90,88 F8,88 F8,0x04D22 0x04D23
2117,punctuation,、,14,2,1693,81 41,C4 82,,,81 41,0x04D24 0x04D25
2118,hangul,바,14,3,1694,88 E9,A2 82,234,89 CC,89 CC,0x04D26 0x04D27
2119,hangul,리,14,4,1695,88 CC,DC 82,194,89 A4,89 A4,0x04D28 0x04D29
2120,hangul,스,14,5,1696,89 56,B7 81,293,8A 4A,8A 4A,0x04D2A 0x04D2B
2121,hangul,님,14,6,1697,82 E6,49 61,110,89 4F,89 4F,0x04D2C 0x04D2D
2122,punctuation,！,14,7,1698,81 49,19 07,,,81 49,0x04D2E 0x04D2F
2123,control,,,,,1E 40 A4,25 2B 82,,,1E 40 A4,0x04D30 0x04D31 0x04D32
2124,control,,,,,15 64,CD 82,,,15 64,0x04D33 0x04D34
2125,control,,,,,1F 03 4B 03 02 03 4B 03 02 00 88,A2 81 41 83 94 83 40 83 8A 83 41,,,1F 03 4B 03 02 03 4B 03 02 00 88,0x04D35 0x04D36 0x04D37 0x04D38 0x04D39 0x04D3A 0x04D3B 0x04D3C 0x04D3D 0x04D3E 0x04D3F
2126,control,,,,,1B 05,97 6C,,,1B 05,0x04D40 0x04D41
2127,control,,,,,01 00,81 49,,,01 00,0x04D42 0x04D43
2128,control,,,,,11,1E,,,11,0x04D44
2129,control,,,,,16 1C E7,40 A4 15,,,16 1C E7,0x04D45 0x04D46 0x04D47
2130,control,,,,,0F 03 22 03 0D,0F 03 22 03 0D,,,0F 03 22 03 0D,0x0530C 0x0530D 0x0530E 0x0530F 0x05310
2131,control,,,,,1E 3C 08,1E 3C 08,,,1E 3C 08,0x05311 0x05312 0x05313
2132,control,,,,,05 0D A4 44 BC 00,05 0D A4 44 BC 00,,,05 0D A4 44 BC 00,0x05314 0x05315 0x05316 0x05317 0x05318 0x05319
2133,control,,,,,0E 0D 00 37 C0,0E 0D 00 37 C0,,,0E 0D 00 37 C0,0x0531A 0x0531B 0x0531C 0x0531D 0x0531E
2134,control,,,,,13 54 E8,13 54 E8,,,13 54 E8,0x0531F 0x05320 0x05321
2135,control,,,,,10 0D 04,10 0D 04,,,10 0D 04,0x05322 0x05323 0x05324
2136,control,,,,,17,17,,,17,0x05325
2137,control,,,,,25 2F,64 1F,,,25 2F,0x04D48 0x04D49
2138,hangul,메,15,1,1699,88 DA,03 4B,213,89 B7,89 B7,0x04D4A 0x04D4B
2139,hangul,가,15,2,1700,82 9F,03 02,1,88 9F,88 9F,0x04D4C 0x04D4D
2140,hangul,스,15,3,1701,89 56,03 4B,293,8A 4A,8A 4A,0x04D4E 0x04D4F
2141,hangul,님,15,4,1702,82 E6,03 02,110,89 4F,89 4F,0x04D50 0x04D51
2142,punctuation,、,15,5,1703,81 41,00 88,,,81 41,0x04D52 0x04D53
2143,space,␠,15,6,1704,81 40,1B 05,,,81 40,0x04D54 0x04D55
2144,space,␠,15,7,1705,81 40,01 00,,,81 40,0x04D56 0x04D57
2145,control,,,,,16 16 E6,11 16 1C,,,16 16 E6,0x04D58 0x04D59 0x04D5A
2146,control,,,,,0F 05 27 03 0B,0F 05 27 03 0B,,,0F 05 27 03 0B,0x05206 0x05207 0x05208 0x05209 0x0520A
2147,control,,,,,16 95 E7,16 95 E7,,,16 95 E7,0x0520B 0x0520C 0x0520D
2148,control,,,,,1E 3C 08,1E 3C 08,,,1E 3C 08,0x05385 0x05386 0x05387
2149,control,,,,,05 16 86 3A 9E 00,05 16 86 3A 9E 00,,,05 16 86 3A 9E 00,0x05388 0x05389 0x0538A 0x0538B 0x0538C 0x0538D
2150,control,,,,,0E 16 20 24 80,0E 16 20 24 80,,,0E 16 20 24 80,0x0538E 0x0538F 0x05390 0x05391 0x05392
2151,control,,,,,17,17,,,17,0x05393
2152,control,,,,,13 74 E8,13 74 E8,,,13 74 E8,0x0520E 0x0520F 0x05210
2153,control,,,,,14 00 16 22,14 00 16 22,,,14 00 16 22,0x05211 0x05212 0x05213 0x05214
2154,control,,,,,14 01 3B 00,14 01 3B 00,,,14 01 3B 00,0x05215 0x05216 0x05217 0x05218
2155,control,,,,,04 84 E8 41,04 84 E8 41,,,04 84 E8 41,0x05219 0x0521A 0x0521B 0x0521C
2156,control,,,,,04 8E E8 42,04 8E E8 42,,,04 8E E8 42,0x0521D 0x0521E 0x0521F 0x05220
2157,control,,,,,04 98 E8 43,04 98 E8 43,,,04 98 E8 43,0x05221 0x05222 0x05223 0x05224
2158,control,,,,,04 A2 E8 44,04 A2 E8 44,,,04 A2 E8 44,0x05225 0x05226 0x05227 0x05228
2159,control,,,,,25 2F,25 2F,,,25 2F,0x05229 0x0522A
2160,control,,,,,17,17,,,17,0x0522B
2161,control,,,,,43,E7,,,43,0x04D5B
2162,control,,,,,44,25,,,44,0x04D5C
2163,control,,,,,41,2F,,,41,0x04D5D
2164,hangul,바,15,8,1706,88 E9,83 81,234,89 CC,89 CC,0x04D5E 0x04D5F
2165,hangul,리,15,9,1707,88 CC,83 4B,194,89 A4,89 A4,0x04D60 0x04D61
2166,hangul,아,15,10,1708,89 60,83 58,309,8A 5A,8A 5A,0x04D62 0x04D63
2167,hangul,의,15,11,1709,89 8C,97 6C,379,8A A1,8A A1,0x04D64 0x04D65
2168,space,␠,15,12,1710,81 40,81 41,,,81 40,0x04D66 0x04D67
2169,hangul,신,15,13,1711,89 5B,81 40,299,8A 50,8A 50,0x04D68 0x04D69
2170,hangul,호,15,14,1712,89 F0,81 40,541,8B 87,8B 87,0x04D6A 0x04D6B
2171,hangul,를,15,15,1713,88 CA,16 16,192,89 A2,89 A2,0x04D6C 0x04D6D
2172,space,␠,15,16,1714,81 40,E6 43,,,81 40,0x04D6E 0x04D6F
2173,hangul,포,15,17,1715,89 DC,44 41,508,8B 65,8B 65,0x04D70 0x04D71
2174,hangul,착,15,18,1716,89 B8,82 C7,442,8A E0,8A E0,0x04D72 0x04D73
2175,hangul,했,15,19,1717,89 E9,82 A4,529,8B 7A,8B 7A,0x04D74 0x04D75
2176,hangul,습,15,20,1718,89 58,82 E2,296,8A 4D,8A 4D,0x04D76 0x04D77
2177,hangul,니,15,21,1719,82 E4,82 E7,108,89 4D,89 4D,0x04D78 0x04D79
2178,hangul,다,15,22,1720,82 E7,83 94,111,89 50,89 50,0x04D7A 0x04D7B
2179,control,,,,,61,83,,,61,0x04D7C
2180,punctuation,。,15,23,1721,81 42,40 83,,,81 42,0x04D7D 0x04D7E
2181,control,,,,,42,8A,,,42,0x04D7F
2182,hangul,즉,15,24,1722,89 AF,83 41,426,8A D0,8A D0,0x04D80 0x04D81
2183,hangul,시,15,25,1723,89 5A,82 CC,298,8A 4F,8A 4F,0x04D82 0x04D83
2184,hangul,베,15,26,1724,88 F2,92 CA,247,89 D9,89 D9,0x04D84 0x04D85
2185,hangul,칸,15,27,1725,89 C2,90 4D,466,8A F8,8A F8,0x04D86 0x04D87
2186,hangul,타,15,28,1726,89 CA,94 67,479,8B 48,8B 48,0x04D88 0x04D89
2187,hangul,포,15,29,1727,89 DC,82 F0,508,8B 65,8B 65,0x04D8A 0x04D8B
2188,hangul,의,15,30,1728,89 8C,95 DF,379,8A A1,8A A1,0x04D8C 0x04D8D
2189,space,␠,15,31,1729,81 40,82 A6,,,81 40,0x04D8E 0x04D8F
2190,hangul,조,15,32,1730,89 A3,82 BD,409,8A BF,8A BF,0x04D90 0x04D91
2191,hangul,준,15,33,1731,89 AC,82 E6,420,8A CA,8A CA,0x04D92 0x04D93
2192,hangul,신,15,34,1732,89 5B,82 A4,299,8A 50,8A 50,0x04D94 0x04D95
2193,hangul,호,15,35,1733,89 F0,82 C5,541,8B 87,8B 87,0x04D96 0x04D97
2194,hangul,를,15,36,1734,88 CA,82 B7,192,89 A2,89 A2,0x04D98 0x04D99
2195,control,,,,,62,61,,,62,0x04D9A
2196,control,,,,,41,81,,,41,0x04D9B
2197,space,␠,15,37,1735,81 40,42 42,,,81 40,0x04D9C 0x04D9D
2198,hangul,동,15,38,1736,88 A0,82 BD,128,89 61,89 61,0x04D9E 0x04D9F
2199,hangul,조,15,39,1737,89 A3,82 BE,409,8A BF,8A BF,0x04DA0 0x04DA1
2200,hangul,시,15,40,1738,89 5A,82 BF,298,8A 4F,8A 4F,0x04DA2 0x04DA3
2201,hangul,켜,15,41,1739,89 C4,82 C9,469,8A FB,8A FB,0x04DA4 0x04DA5
2202,space,␠,15,42,1740,81 40,83 94,,,81 40,0x04DA6 0x04DA7
2203,hangul,크,15,43,1741,89 C7,83 46,473,8B 42,8B 42,0x04DA8 0x04DA9
2204,hangul,루,15,44,1742,88 C7,83 4A,187,89 9D,89 9D,0x04DAA 0x04DAB
2205,hangul,스,15,45,1743,89 56,83 93,293,8A 4A,8A 4A,0x04DAC 0x04DAD
2206,hangul,칼,15,46,1744,89 C3,83 5E,467,8A F9,8A F9,0x04DAE 0x04DAF
2207,space,␠,15,47,1745,81 40,96 43,,,81 40,0x04DB0 0x04DB1
2208,hangul,좌,15,48,1746,89 A8,82 CC,415,8A C5,8A C5,0x04DB2 0x04DB3
2209,hangul,표,15,49,1747,89 DD,8F C6,510,8B 67,8B 67,0x04DB4 0x04DB5
2210,hangul,계,15,50,1748,82 B0,8F 80,28,88 BA,88 BA,0x04DB6 0x04DB7
2211,hangul,에,15,51,1749,89 70,94 67,333,8A 72,8A 72,0x04DB8 0x04DB9
2212,control,,,,,61,82,,,61,0x04DBA
2213,control,,,,,42,F0,,,42,0x04DBB
2214,space,␠,15,52,1750,81 40,62 41,,,81 40,0x04DBC 0x04DBD
2215,hangul,집,15,53,1751,89 B5,93 AF,435,8A D9,8A D9,0x04DBE 0x04DBF
2216,hangul,중,15,54,1752,89 AE,92 B2,422,8A CC,8A CC,0x04DC0 0x04DC1
2217,hangul,시,15,55,1753,89 5A,82 B3,298,8A 4F,8A 4F,0x04DC2 0x04DC3
2218,hangul,켜,15,56,1754,89 C4,82 B9,469,8A FB,8A FB,0x04DC4 0x04DC5
2219,space,␠,15,57,1755,81 40,81 41,,,81 40,0x04DC6 0x04DC7
2220,hangul,놓,15,58,1756,82 DE,83 4E,100,89 45,89 45,0x04DC8 0x04DC9
2221,hangul,겠,15,59,1757,82 AC,83 8B,20,88 B2,88 B2,0x04DCA 0x04DCB
2222,hangul,습,15,60,1758,89 58,83 58,296,8A 4D,8A 4D,0x04DCC 0x04DCD
2223,hangul,니,15,61,1759,82 E4,83 56,108,89 4D,89 4D,0x04DCE 0x04DCF
2224,hangul,다,15,62,1760,82 E7,83 8B,111,89 50,89 50,0x04DD0 0x04DD1
2225,punctuation,。,15,63,1761,81 42,83 68,,,81 42,0x04DD2 0x04DD3
2226,hangul,다,15,64,1762,82 E7,8D C0,111,89 50,89 50,0x04DD4 0x04DD5
2227,hangul,시,15,65,1763,89 5A,95 57,298,8A 4F,8A 4F,0x04DD6 0x04DD7
2228,space,␠,15,66,1764,81 40,8C 6E,,,81 40,0x04DD8 0x04DD9
2229,hangul,그,15,67,1765,82 BD,82 C9,49,88 CF,88 CF,0x04DDA 0x04DDB
2230,hangul,녀,15,68,1766,82 DA,61 42,92,88 FA,88 FA,0x04DDC 0x04DDD
2231,control,,,,,62,8F,,,62,0x04DDE
2232,control,,,,,41,57,,,41,0x04DDF
2233,hangul,가,15,69,1767,82 9F,92 86,1,88 9F,88 9F,0x04DE0 0x04DE1
2234,space,␠,15,70,1768,81 40,82 B3,,,81 40,0x04DE2 0x04DE3
2235,hangul,나,15,71,1769,82 CE,82 B9,74,88 E8,88 E8,0x04DE4 0x04DE5
2236,hangul,타,15,72,1770,89 CA,82 C4,479,8B 48,8B 48,0x04DE6 0x04DE7
2237,hangul,나,15,73,1771,82 CE,82 A8,74,88 E8,88 E8,0x04DE8 0x04DE9
2238,space,␠,15,74,1772,81 40,82 AB,,,81 40,0x04DEA 0x04DEB
2239,hangul,좌,15,75,1773,89 A8,82 DC,415,8A C5,8A C5,0x04DEC 0x04DED
2240,hangul,표,15,76,1774,89 DD,82 B5,510,8B 67,8B 67,0x04DEE 0x04DEF
2241,hangul,계,15,77,1775,82 B0,82 E5,28,88 BA,88 BA,0x04DF0 0x04DF1
2242,hangul,가,15,78,1776,82 9F,82 A4,1,88 9F,88 9F,0x04DF2 0x04DF3
2243,space,␠,15,79,1777,81 40,81 42,,,81 40,0x04DF4 0x04DF5
2244,hangul,신,15,80,1778,89 5B,8E 9F,299,8A 50,8A 50,0x04DF6 0x04DF7
2245,hangul,호,15,81,1779,89 F0,82 C9,541,8B 87,8B 87,0x04DF8 0x04DF9
2246,hangul,를,15,82,1780,88 CA,83 94,192,89 A2,89 A2,0x04DFA 0x04DFB
2247,space,␠,15,83,1781,81 40,83 40,,,81 40,0x04DFC 0x04DFD
2248,hangul,포,15,84,1782,89 DC,83 8A,508,8B 65,8B 65,0x04DFE 0x04DFF
2249,hangul,착,15,85,1783,89 B8,83 41,442,8A E0,8A E0,0x04E00 0x04E01
2250,hangul,하,15,86,1784,89 E2,62 41,521,8B 72,8B 72,0x04E02 0x04E03
2251,hangul,면,15,87,1785,88 DC,82 AA,215,89 B9,89 B9,0x04E04 0x04E05
2252,punctuation,、,15,88,1786,81 41,8C BB,,,81 41,0x04E06 0x04E07
2253,hangul,베,15,89,1787,88 F2,82 EA,247,89 D9,89 D9,0x04E08 0x04E09
2254,hangul,칸,15,90,1788,89 C2,8D C0,466,8A F8,8A F8,0x04E0A 0x04E0B
2255,hangul,타,15,91,1789,89 CA,95 57,479,8B 48,8B 48,0x04E0C 0x04E0D
2256,hangul,포,15,92,1790,89 DC,8C 6E,508,8B 65,8B 65,0x04E0E 0x04E0F
2257,hangul,를,15,93,1791,88 CA,82 AA,192,89 A2,89 A2,0x04E10 0x04E11
2258,control,,,,,61,92,,,61,0x04E12
2259,control,,,,,42,CA,,,42,0x04E13
2260,space,␠,15,94,1792,81 40,90 4D,,,81 40,0x04E14 0x04E15
2261,hangul,발,15,95,1793,88 EC,94 67,238,89 D0,89 D0,0x04E16 0x04E17
2262,hangul,사,15,96,1794,89 43,82 F0,265,89 EB,89 EB,0x04E18 0x04E19
2263,hangul,해,15,97,1795,89 E8,95 DF,528,8B 79,8B 79,0x04E1A 0x04E1B
2264,hangul,그,15,98,1796,82 BD,82 E7,49,88 CF,88 CF,0x04E1C 0x04E1D
2265,hangul,녀,15,99,1797,82 DA,82 A6,92,88 FA,88 FA,0x04E1E 0x04E1F
2266,hangul,를,15,100,1798,88 CA,82 BD,192,89 A2,89 A2,0x04E20 0x04E21
2267,space,␠,15,101,1799,81 40,8E 9E,,,81 40,0x04E22 0x04E23
2268,hangul,생,15,102,1800,89 48,81 41,271,89 F1,89 F1,0x04E24 0x04E25
2269,hangul,포,15,103,1801,89 DC,83 94,508,8B 65,8B 65,0x04E26 0x04E27
2270,hangul,해,15,104,1802,89 E8,83 46,528,8B 79,8B 79,0x04E28 0x04E29
2271,space,␠,15,105,1803,81 40,83 4A,,,81 40,0x04E2A 0x04E2B
2272,hangul,이,15,106,1804,89 8D,83 93,380,8A A2,8A A2,0x04E2C 0x04E2D
2273,hangul,곳,15,107,1805,82 B2,83 5E,34,88 C0,88 C0,0x04E2E 0x04E2F
2274,hangul,으,15,108,1806,89 88,96 43,373,8A 9B,8A 9B,0x04E30 0x04E31
2275,hangul,로,15,109,1807,88 C5,82 F0,183,89 99,89 99,0x04E32 0x04E33
2276,control,,,,,62,61,,,62,0x04E34
2277,control,,,,,41,42,,,41,0x04E35
2278,space,␠,15,110,1808,81 40,8F C6,,,81 40,0x04E36 0x04E37
2279,hangul,전,15,111,1809,89 9D,8E CB,401,8A B7,8A B7,0x04E38 0x04E39
2280,hangul,송,15,112,1810,89 53,82 B7,287,8A 44,8A 44,0x04E3A 0x04E3B
2281,hangul,할,15,113,1811,89 E5,82 EA,524,8B 75,8B 75,0x04E3C 0x04E3D
2282,space,␠,15,114,1812,81 40,82 CE,,,81 40,0x04E3E 0x04E3F
2283,hangul,수,15,115,1813,89 54,81 41,288,8A 45,8A 45,0x04E40 0x04E41
2284,hangul,있,15,116,1814,89 92,83 94,389,8A AB,8A AB,0x04E42 0x04E43
2285,hangul,습,15,117,1815,89 58,83 40,296,8A 4D,8A 4D,0x04E44 0x04E45
2286,hangul,니,15,118,1816,82 E4,83 8A,108,89 4D,89 4D,0x04E46 0x04E47
2287,hangul,다,15,119,1817,82 E7,83 41,111,89 50,89 50,0x04E48 0x04E49
2288,punctuation,。,15,120,1818,81 42,82 F0,,,81 42,0x04E4A 0x04E4B
2289,hangul,그,15,121,1819,82 BD,95 DF,49,88 CF,88 CF,0x04E4C 0x04E4D
2290,hangul,때,15,122,1820,88 AD,8A 6C,149,89 76,89 76,0x04E4E 0x04E4F
2291,hangul,야,15,123,1821,89 6B,82 B5,321,8A 66,8A 66,0x04E50 0x04E51
2292,hangul,말,15,124,1822,88 D3,81 41,203,89 AD,89 AD,0x04E52 0x04E53
2293,hangul,로,15,125,1823,88 C5,82 B1,183,89 99,89 99,0x04E54 0x04E55
2294,space,␠,15,126,1824,81 40,82 BF,,,81 40,0x04E56 0x04E57
2295,hangul,그,15,127,1825,82 BD,82 E7,49,88 CF,88 CF,0x04E58 0x04E59
2296,hangul,녀,15,128,1826,82 DA,82 D6,92,88 FA,88 FA,0x04E5A 0x04E5B
2297,hangul,는,15,129,1827,82 E3,93 5D,106,89 4B,89 4B,0x04E5C 0x04E5D
2298,space,␠,15,130,1828,81 40,91 97,,,81 40,0x04E5E 0x04E5F
2299,hangul,메,15,131,1829,88 DA,82 B7,213,89 B7,89 B7,0x04E60 0x04E61
2300,hangul,가,15,132,1830,82 9F,82 E9,1,88 9F,88 9F,0x04E62 0x04E63
2301,hangul,스,15,133,1831,89 56,82 B1,293,8A 4A,8A 4A,0x04E64 0x04E65
2302,hangul,님,15,134,1832,82 E6,82 C6,110,89 4F,89 4F,0x04E66 0x04E67
2303,hangul,의,15,135,1833,89 8C,82 AA,379,8A A1,8A A1,0x04E68 0x04E69
2304,space,␠,15,136,1834,81 40,62 41,,,81 40,0x04E6A 0x04E6B
2305,hangul,것,15,137,1835,82 AA,82 C5,18,88 B0,88 B0,0x04E6C 0x04E6D
2306,hangul,이,15,138,1836,89 8D,82 AB,380,8A A2,8A A2,0x04E6E 0x04E6F
2307,space,␠,15,139,1837,81 40,82 DC,,,81 40,0x04E70 0x04E71
2308,hangul,될,15,140,1838,88 A4,82 B7,133,89 66,89 66,0x04E72 0x04E73
2309,space,␠,15,141,1839,81 40,81 42,,,81 40,0x04E74 0x04E75
2310,hangul,겁,15,142,1840,82 A9,82 BB,17,88 AF,88 AF,0x04E76 0x04E77
2311,hangul,니,15,143,1841,82 E4,82 CC,108,89 4D,89 4D,0x04E78 0x04E79
2312,hangul,다,15,144,1842,82 E7,8E 9E,111,89 50,89 50,0x04E7A 0x04E7B
2313,punctuation,。,15,145,1843,81 42,82 B1,,,81 42,0x04E7C 0x04E7D
2314,hangul,바,15,146,1844,88 E9,82 BB,234,89 CC,89 CC,0x04E7E 0x04E7F
2315,hangul,니,15,147,1845,82 E4,83 94,108,89 4D,89 4D,0x04E80 0x04E81
2316,hangul,티,15,148,1846,89 D7,83 40,498,8B 5B,8B 5B,0x04E82 0x04E83
2317,hangul,도,15,149,1847,82 F1,83 8A,125,89 5E,89 5E,0x04E84 0x04E85
2318,punctuation,、,15,150,1848,81 41,83 41,,,81 41,0x04E86 0x04E87
2319,hangul,리,15,151,1849,88 CC,82 CD,194,89 A4,89 A4,0x04E88 0x04E89
2320,hangul,얼,15,152,1850,89 6D,83 81,328,8A 6D,8A 6D,0x04E8A 0x04E8B
2321,hangul,리,15,153,1851,88 CC,83 4B,194,89 A4,89 A4,0x04E8C 0x04E8D
2322,hangul,티,15,154,1852,89 D7,83 58,498,8B 5B,8B 5B,0x04E8E 0x04E8F
2323,hangul,도,15,155,1853,82 F1,97 6C,125,89 5E,89 5E,0x04E90 0x04E91
2324,space,␠,15,156,1854,81 40,82 CC,,,81 40,0x04E92 0x04E93
2325,hangul,전,15,157,1855,89 9D,82 E0,401,8A B7,8A B7,0x04E94 0x04E95
2326,hangul,부,15,158,1856,88 FA,82 CC,255,89 E1,89 E1,0x04E96 0x04E97
2327,space,␠,15,159,1857,81 40,82 C6,,,81 40,0x04E98 0x04E99
2328,hangul,말,15,160,1858,88 D3,82 C8,203,89 AD,89 AD,0x04E9A 0x04E9B
2329,hangul,입,15,161,1859,89 91,82 E9,387,8A A9,8A A9,0x04E9C 0x04E9D
2330,hangul,니,15,162,1860,82 E4,82 CC,108,89 4D,89 4D,0x04E9E 0x04E9F
2331,hangul,다,15,163,1861,82 E7,82 C5,111,89 50,89 50,0x04EA0 0x04EA1
2332,punctuation,。,15,164,1862,81 42,82 B7,,,81 42,0x04EA2 0x04EA3
2333,control,,,,,61,81,,,61,0x04EA4
2334,control,,,,,63,42,,,63,0x04EA5
2335,control,,,,,64,82,,,64,0x04EA6
2336,control,,,,,16 36 E7,BB 82 B5,,,16 36 E7,0x04EA7 0x04EA8 0x04EA9
2337,control,,,,,0F 01 25 03 0E,0F 01 25 03 0E,,,0F 01 25 03 0E,0x05326 0x05327 0x05328 0x05329 0x0532A
2338,control,,,,,05 11 92 3E AA 00,05 11 92 3E AA 00,,,05 11 92 3E AA 00,0x0532B 0x0532C 0x0532D 0x0532E 0x0532F 0x05330
2339,control,,,,,0E 11 10 2E A0,0E 11 10 2E A0,,,0E 11 10 2E A0,0x05331 0x05332 0x05333 0x05334 0x05335
2340,control,,,,,13 64 E8,13 64 E8,,,13 64 E8,0x05336 0x05337 0x05338
2341,control,,,,,14 00 11 16,14 00 11 16,,,14 00 11 16,0x05339 0x0533A 0x0533B 0x0533C
2342,control,,,,,14 01 40 00,14 01 40 00,,,14 01 40 00,0x0533D 0x0533E 0x0533F 0x05340
2343,control,,,,,04 2E E9 41,04 2E E9 41,,,04 2E E9 41,0x05341 0x05342 0x05343 0x05344
2344,control,,,,,25 2D,25 2D,,,25 2D,0x05345 0x05346
2345,control,,,,,17,17,,,17,0x05347
2346,control,,,,,41,82,,,41,0x04EAA
2347,hangul,바,16,1,1863,88 E9,C4 83,234,89 CC,89 CC,0x04EAB 0x04EAC
2348,hangul,리,16,2,1864,88 CC,94 83,194,89 A4,89 A4,0x04EAD 0x04EAE
2349,hangul,아,16,3,1865,89 60,40 83,309,8A 5A,8A 5A,0x04EAF 0x04EB0
2350,punctuation,、,16,4,1866,81 41,6A 83,,,81 41,0x04EB1 0x04EB2
2351,hangul,드,16,5,1867,88 A8,65 83,140,89 6D,89 6D,0x04EB3 0x04EB4
2352,hangul,디,16,6,1868,88 AB,42 82,145,89 72,89 72,0x04EB5 0x04EB6
2353,hangul,어,16,7,1869,89 6C,E0 81,325,8A 6A,8A 6A,0x04EB7 0x04EB8
2354,space,␠,16,8,1870,81 40,41 83,,,81 40,0x04EB9 0x04EBA
2355,hangul,나,16,9,1871,82 CE,8A 83,74,88 E8,88 E8,0x04EBB 0x04EBC
2356,hangul,타,16,10,1872,89 CA,41 83,479,8B 48,8B 48,0x04EBD 0x04EBE
2357,hangul,났,16,11,1873,82 D2,8A 83,78,88 EC,88 EC,0x04EBF 0x04EC0
2358,hangul,군,16,12,1874,82 B9,65 83,43,88 C9,88 C9,0x04EC1 0x04EC2
2359,punctuation,。,16,13,1875,81 42,42 82,,,81 42,0x04EC3 0x04EC4
2360,hangul,죽,16,14,1876,89 AB,E0 81,419,8A C9,8A C9,0x04EC5 0x04EC6
2361,hangul,이,16,15,1877,89 8D,42 61,380,8A A2,8A A2,0x04EC7 0x04EC8
2362,hangul,기,16,16,1878,82 C1,63 64,55,88 D5,88 D5,0x04EC9 0x04ECA
2363,space,␠,16,17,1879,81 40,16 36,,,81 40,0x04ECB 0x04ECC
2364,hangul,전,16,18,1880,89 9D,E7 41,401,8A B7,8A B7,0x04ECD 0x04ECE
2365,hangul,에,16,19,1881,89 70,83 94,333,8A 72,8A 72,0x04ECF 0x04ED0
2366,space,␠,16,20,1882,81 40,83 40,,,81 40,0x04ED1 0x04ED2
2367,hangul,그,16,21,1883,82 BD,83 8A,49,88 CF,88 CF,0x04ED3 0x04ED4
2368,space,␠,16,22,1884,81 40,83 41,,,81 40,0x04ED5 0x04ED6
2369,hangul,아,16,23,1885,89 60,82 DF,309,8A 5A,8A 5A,0x04ED7 0x04ED8
2370,hangul,름,16,24,1886,88 CB,81 41,193,89 A3,89 A3,0x04ED9 0x04EDA
2371,hangul,다,16,25,1887,82 E7,82 C2,111,89 50,89 50,0x04EDB 0x04EDC
2372,hangul,움,16,26,1888,89 82,82 A2,363,8A 91,8A 91,0x04EDD 0x04EDE
2373,hangul,을,16,27,1889,89 8A,82 C9,376,8A 9E,8A 9E,0x04EDF 0x04EE0
2374,space,␠,16,28,1890,81 40,8C BB,,,81 40,0x04EE1 0x04EE2
2375,hangul,한,16,29,1891,89 E4,82 EA,523,8B 74,8B 74,0x04EE3 0x04EE4
2376,space,␠,16,30,1892,81 40,82 A8,,,81 40,0x04EE5 0x04EE6
2377,hangul,번,16,31,1893,88 F1,82 C1,243,89 D5,89 D5,0x04EE7 0x04EE8
2378,space,␠,16,32,1894,81 40,82 BD,,,81 40,0x04EE9 0x04EEA
2379,hangul,맛,16,33,1895,88 D5,82 A9,205,89 AF,89 AF,0x04EEB 0x04EEC
2380,hangul,봐,16,34,1896,88 F9,81 42,254,89 E0,89 E0,0x04EED 0x04EEE
2381,hangul,야,16,35,1897,89 6B,8E 45,321,8A 66,8A 66,0x04EEF 0x04EF0
2382,hangul,겠,16,36,1898,82 AC,82 B7,20,88 B2,88 B2,0x04EF1 0x04EF2
2383,hangul,지,16,37,1899,89 B3,82 DC,430,8A D4,8A D4,0x04EF3 0x04EF4
2384,punctuation,。,16,38,1900,81 42,82 A6,,,81 42,0x04EF5 0x04EF6
2385,hangul,그,16,39,1901,82 BD,82 C9,49,88 CF,88 CF,0x04EF7 0x04EF8
2386,hangul,런,16,40,1902,88 BC,88 EA,171,89 8D,89 8D,0x04EF9 0x04EFA
2387,hangul,데,16,41,1903,82 F0,93 78,124,89 5D,89 5D,0x04EFB 0x04EFC
2388,space,␠,16,42,1904,81 40,81 41,,,81 40,0x04EFD 0x04EFE
2389,hangul,다,16,43,1905,82 E7,82 BB,111,89 50,89 50,0x04EFF 0x04F00
2390,hangul,리,16,44,1906,88 CC,82 CC,194,89 A4,89 A4,0x04F01 0x04F02
2391,hangul,스,16,45,1907,89 56,94 FC,293,8A 4A,8A 4A,0x04F03 0x04F04
2392,punctuation,、,16,46,1908,81 41,82 B5,,,81 41,0x04F05 0x04F06
2393,hangul,저,16,47,1909,89 9B,82 B3,399,8A B5,8A B5,0x04F07 0x04F08
2394,space,␠,16,48,1910,81 40,82 F0,,,81 40,0x04F09 0x04F0A
2395,hangul,계,16,49,1911,82 B0,96 A1,28,88 BA,88 BA,0x04F0B 0x04F0C
2396,hangul,집,16,50,1912,89 B5,82 ED,435,8A D9,8A D9,0x04F0D 0x04F0E
2397,hangul,은,16,51,1913,89 89,82 C1,375,8A 9D,8A 9D,0x04F0F 0x04F10
2398,space,␠,16,52,1914,81 40,82 C4,,,81 40,0x04F11 0x04F12
2399,hangul,뭐,16,53,1915,88 E6,82 E2,227,89 C5,89 C5,0x04F13 0x04F14
2400,hangul,지,16,54,1916,89 B3,82 E9,430,8A D4,8A D4,0x04F15 0x04F16
2401,punctuation,？,16,55,1917,81 48,81 42,,,81 48,0x04F17 0x04F18
2402,control,,,,,61,82,,,61,0x04F19
2403,control,,,,,16 16 E6,C6 82 B1,,,16 16 E6,0x04F1A 0x04F1B 0x04F1C
2404,control,,,,,0F 05 27 03 0B,0F 05 27 03 0B,,,0F 05 27 03 0B,0x05206 0x05207 0x05208 0x05209 0x0520A
2405,control,,,,,16 95 E7,16 95 E7,,,16 95 E7,0x0520B 0x0520C 0x0520D
2406,control,,,,,1E 3C 08,1E 3C 08,,,1E 3C 08,0x05385 0x05386 0x05387
2407,control,,,,,05 16 86 3A 9E 00,05 16 86 3A 9E 00,,,05 16 86 3A 9E 00,0x05388 0x05389 0x0538A 0x0538B 0x0538C 0x0538D
2408,control,,,,,0E 16 20 24 80,0E 16 20 24 80,,,0E 16 20 24 80,0x0538E 0x0538F 0x05390 0x05391 0x05392
2409,control,,,,,17,17,,,17,0x05393
2410,control,,,,,13 74 E8,13 74 E8,,,13 74 E8,0x0520E 0x0520F 0x05210
2411,control,,,,,14 00 16 22,14 00 16 22,,,14 00 16 22,0x05211 0x05212 0x05213 0x05214
2412,control,,,,,14 01 3B 00,14 01 3B 00,,,14 01 3B 00,0x05215 0x05216 0x05217 0x05218
2413,control,,,,,04 84 E8 41,04 84 E8 41,,,04 84 E8 41,0x05219 0x0521A 0x0521B 0x0521C
2414,control,,,,,04 8E E8 42,04 8E E8 42,,,04 8E E8 42,0x0521D 0x0521E 0x0521F 0x05220
2415,control,,,,,04 98 E8 43,04 98 E8 43,,,04 98 E8 43,0x05221 0x05222 0x05223 0x05224
2416,control,,,,,04 A2 E8 44,04 A2 E8 44,,,04 A2 E8 44,0x05225 0x05226 0x05227 0x05228
2417,control,,,,,25 2F,25 2F,,,25 2F,0x05229 0x0522A
2418,control,,,,,17,17,,,17,0x0522B
2419,control,,,,,41,82,,,41,0x04F1D
2420,hangul,저,17,1,1918,89 9B,EB 82,399,8A B5,8A B5,0x04F1E 0x04F1F
2421,hangul,년,17,2,1919,82 DB,C5 81,93,88 FB,88 FB,0x04F20 0x04F21
2422,hangul,이,17,3,1920,89 8D,41 83,380,8A A2,8A A2,0x04F22 0x04F23
2423,space,␠,17,4,1921,81 40,5F 83,,,81 40,0x04F24 0x04F25
2424,hangul,바,17,5,1922,88 E9,8A 83,234,89 CC,89 CC,0x04F26 0x04F27
2425,hangul,로,17,6,1923,88 C5,58 81,183,89 99,89 99,0x04F28 0x04F29
2426,space,␠,17,7,1924,81 40,41 82,,,81 40,0x04F2A 0x04F2B
2427,hangul,바,17,8,1925,88 E9,A0 82,234,89 CC,89 CC,0x04F2C 0x04F2D
2428,hangul,리,17,9,1926,88 CC,CC 8F,194,89 A4,89 A4,0x04F2E 0x04F2F
2429,hangul,스,17,10,1927,89 56,AC 96,293,8A 4A,8A 4A,0x04F30 0x04F31
2430,hangul,의,17,11,1928,89 8C,BA 82,379,8A A1,8A A1,0x04F32 0x04F33
2431,space,␠,17,12,1929,81 40,CD 81,,,81 40,0x04F34 0x04F35
2432,hangul,전,17,13,1930,89 9D,48 61,401,8A B7,8A B7,0x04F36 0x04F37
2433,hangul,사,17,14,1931,89 43,16 16,265,89 EB,89 EB,0x04F38 0x04F39
2434,space,␠,17,15,1932,81 40,E6 41,,,81 40,0x04F3A 0x04F3B
2435,hangul,유,17,16,1933,89 86,82 A0,371,8A 99,8A 99,0x04F3C 0x04F3D
2436,hangul,코,17,17,1934,89 C5,82 EA,470,8A FC,8A FC,0x04F3E 0x04F3F
2437,punctuation,、,17,18,1935,81 41,82 B1,,,81 41,0x04F40 0x04F41
2438,hangul,로,17,19,1936,88 C5,82 BB,183,89 99,89 99,0x04F42 0x04F43
2439,hangul,그,17,20,1937,82 BD,83 94,49,88 CF,88 CF,0x04F44 0x04F45
2440,hangul,레,17,21,1938,88 C0,83 40,177,89 93,89 93,0x04F46 0x04F47
2441,hangul,스,17,22,1939,89 56,83 8A,293,8A 4A,8A 4A,0x04F48 0x04F49
2442,hangul,를,17,23,1940,88 CA,83 58,192,89 A2,89 A2,0x04F4A 0x04F4B
2443,space,␠,17,24,1941,81 40,82 CC,,,81 40,0x04F4C 0x04F4D
2444,hangul,쓰,17,25,1942,89 5F,90 ED,307,8A 58,8A 58,0x04F4E 0x04F4F
2445,hangul,러,17,26,1943,88 BB,8E 6D,170,89 8C,89 8C,0x04F50 0x04F51
2446,hangul,뜨,17,27,1944,88 B3,81 41,156,89 7D,89 7D,0x04F52 0x04F53
2447,hangul,린,17,28,1945,88 CD,97 44,196,89 A6,89 A6,0x04F54 0x04F55
2448,space,␠,17,29,1946,81 40,8E 71,,,81 40,0x04F56 0x04F57
2449,hangul,인,17,30,1947,89 8E,81 42,382,8A A4,8A A4,0x04F58 0x04F59
2450,hangul,간,17,31,1948,82 A1,83 8D,3,88 A1,88 A1,0x04F5A 0x04F5B
2451,hangul,입,17,32,1949,89 91,83 4F,387,8A A9,8A A9,0x04F5C 0x04F5D
2452,hangul,니,17,33,1950,82 E4,83 8C,108,89 4D,89 4D,0x04F5E 0x04F5F
2453,hangul,다,17,34,1951,82 E7,83 58,111,89 50,89 50,0x04F60 0x04F61
2454,punctuation,。,17,35,1952,81 42,82 F0,,,81 42,0x04F62 0x04F63
2455,hangul,전,17,36,1953,89 9D,91 92,401,8A B7,8A B7,0x04F64 0x04F65
2456,hangul,사,17,37,1954,89 43,82 C1,265,89 EB,89 EB,0x04F66 0x04F67
2457,hangul,의,17,38,1955,89 8C,82 BD,379,8A A1,8A A1,0x04F68 0x04F69
2458,space,␠,17,39,1956,81 40,90 6C,,,81 40,0x04F6A 0x04F6B
2459,hangul,힘,17,40,1957,89 F8,8A D4,558,8B 98,8B 98,0x04F6C 0x04F6D
2460,space,␠,17,41,1958,81 40,82 C5,,,81 40,0x04F6E 0x04F6F
2461,punctuation,“,17,42,1959,81 67,82 B7,,,81 67,0x04F70 0x04F71
2462,hangul,바,17,43,1960,88 E9,81 42,234,89 CC,89 CC,0x04F72 0x04F73
2463,hangul,리,17,44,1961,88 CC,90 ED,194,89 A4,89 A4,0x04F74 0x04F75
2464,hangul,스,17,45,1962,89 56,8E 6D,293,8A 4A,8A 4A,0x04F76 0x04F77
2465,punctuation,”,17,46,1963,81 68,82 CC,,,81 68,0x04F78 0x04F79
2466,hangul,가,17,47,1964,82 9F,97 CD,1,88 9F,88 9F,0x04F7A 0x04F7B
2467,space,␠,17,48,1965,81 40,81 68,,,81 40,0x04F7C 0x04F7D
2468,hangul,깃,17,49,1966,82 C3,83 94,59,88 D9,88 D9,0x04F7E 0x04F7F
2469,hangul,든,17,50,1967,88 A9,83 40,142,89 6F,89 6F,0x04F80 0x04F81
2470,space,␠,17,51,1968,81 40,83 8A,,,81 40,0x04F82 0x04F83
2471,hangul,판,17,52,1969,89 D9,83 58,501,8B 5E,8B 5E,0x04F84 0x04F85
2472,hangul,타,17,53,1970,89 CA,81 68,479,8B 48,8B 48,0x04F86 0x04F87
2473,hangul,즘,17,54,1971,89 B1,82 F0,428,8A D2,8A D2,0x04F88 0x04F89
2474,hangul,주,17,55,1972,89 AA,92 7E,418,8A C8,8A C8,0x04F8A 0x04F8B
2475,hangul,얼,17,56,1973,89 6D,82 A6,328,8A 6D,8A 6D,0x04F8C 0x04F8D
2476,hangul,리,17,57,1974,88 CC,82 BD,194,89 A4,89 A4,0x04F8E 0x04F8F
2477,hangul,를,17,58,1975,88 CA,81 41,192,89 A2,89 A2,0x04F90 0x04F91
2478,space,␠,17,59,1976,81 40,83 74,,,81 40,0x04F92 0x04F93
2479,hangul,지,17,60,1977,89 B3,83 40,430,8A D4,8A D4,0x04F94 0x04F95
2480,hangul,니,17,61,1978,82 E4,83 93,108,89 4D,89 4D,0x04F96 0x04F97
2481,hangul,고,17,62,1979,82 B1,83 5E,29,88 BB,88 BB,0x04F98 0x04F99
2482,space,␠,17,63,1980,81 40,83 59,,,81 40,0x04F9A 0x04F9B
2483,hangul,있,17,64,1981,89 92,83 80,389,8A AB,8A AB,0x04F9C 0x04F9D
2484,hangul,을,17,65,1982,89 8A,81 45,376,8A 9E,8A 9E,0x04F9E 0x04F9F
2485,space,␠,17,66,1983,81 40,83 57,,,81 40,0x04FA0 0x04FA1
2486,hangul,겁,17,67,1984,82 A9,83 85,17,88 AF,88 AF,0x04FA2 0x04FA3
2487,hangul,니,17,68,1985,82 E4,83 47,108,89 4D,89 4D,0x04FA4 0x04FA5
2488,hangul,다,17,69,1986,82 E7,83 8A,111,89 50,89 50,0x04FA6 0x04FA7
2489,punctuation,。,17,70,1987,81 42,81 5B,,,81 42,0x04FA8 0x04FA9
2490,control,,,,,61,82,,,61,0x04FAA
2491,control,,,,,16 36 E7,F0 8E 9D,,,16 36 E7,0x04FAB 0x04FAC 0x04FAD
2492,control,,,,,0F 01 25 03 0E,0F 01 25 03 0E,,,0F 01 25 03 0E,0x05326 0x05327 0x05328 0x05329 0x0532A
2493,control,,,,,05 11 92 3E AA 00,05 11 92 3E AA 00,,,05 11 92 3E AA 00,0x0532B 0x0532C 0x0532D 0x0532E 0x0532F 0x05330
2494,control,,,,,0E 11 10 2E A0,0E 11 10 2E A0,,,0E 11 10 2E A0,0x05331 0x05332 0x05333 0x05334 0x05335
2495,control,,,,,13 64 E8,13 64 E8,,,13 64 E8,0x05336 0x05337 0x05338
2496,control,,,,,14 00 11 16,14 00 11 16,,,14 00 11 16,0x05339 0x0533A 0x0533B 0x0533C
2497,control,,,,,14 01 40 00,14 01 40 00,,,14 01 40 00,0x0533D 0x0533E 0x0533F 0x05340
2498,control,,,,,04 2E E9 41,04 2E E9 41,,,04 2E E9 41,0x05341 0x05342 0x05343 0x05344
2499,control,,,,,25 2D,25 2D,,,25 2D,0x05345 0x05346
2500,control,,,,,17,17,,,17,0x05347
2501,control,,,,,41,82,,,41,0x04FAE
2502,hangul,뭐,18,1,1988,88 E6,C1 82,227,89 C5,89 C5,0x04FAF 0x04FB0
2503,punctuation,？,18,2,1989,81 48,C4 82,,,81 48,0x04FB1 0x04FB2
2504,space,␠,18,3,1990,81 40,A2 82,,,81 40,0x04FB3 0x04FB4
2505,hangul,인,18,4,1991,89 8E,E9 82,382,8A A4,8A A4,0x04FB5 0x04FB6
2506,hangul,간,18,5,1992,82 A1,CD 82,3,88 A1,88 A1,0x04FB7 0x04FB8
2507,space,␠,18,6,1993,81 40,B8 81,,,81 40,0x04FB9 0x04FBA
2508,hangul,주,18,7,1994,89 AA,42 61,418,8A C8,8A C8,0x04FBB 0x04FBC
2509,hangul,제,18,8,1995,89 A1,16 36,405,8A BB,8A BB,0x04FBD 0x04FBE
2510,hangul,에,18,9,1996,89 70,E7 41,333,8A 72,8A 72,0x04FBF 0x04FC0
2511,space,␠,18,10,1997,81 40,82 C8,,,81 40,0x04FC1 0x04FC2
2512,hangul,로,18,11,1998,88 C5,82 C9,183,89 99,89 99,0x04FC3 0x04FC4
2513,hangul,그,18,12,1999,82 BD,81 48,49,88 CF,88 CF,0x04FC5 0x04FC6
2514,hangul,레,18,13,2000,88 C0,81 40,177,89 93,89 93,0x04FC7 0x04FC8
2515,hangul,스,18,14,2001,89 56,90 6C,293,8A 4A,8A 4A,0x04FC9 0x04FCA
2516,hangul,를,18,15,2002,88 CA,8A D4,192,89 A2,89 A2,0x04FCB 0x04FCC
2517,punctuation,・,18,16,2003,81 45,82 CC,,,81 45,0x04FCD 0x04FCE
2518,punctuation,・,18,17,2004,81 45,95 AA,,,81 45,0x04FCF 0x04FD0
2519,punctuation,・,18,18,2005,81 45,8D DB,,,81 45,0x04FD1 0x04FD2
2520,punctuation,。,18,19,2006,81 42,82 C5,,,81 42,0x04FD3 0x04FD4
2521,hangul,바,18,20,2007,88 E9,83 8D,234,89 CC,89 CC,0x04FD5 0x04FD6
2522,hangul,리,18,21,2008,88 CC,83 4F,194,89 A4,89 A4,0x04FD7 0x04FD8
2523,hangul,아,18,22,2009,89 60,83 8C,309,8A 5A,8A 5A,0x04FD9 0x04FDA
2524,hangul,의,18,23,2010,89 8C,83 58,379,8A A1,8A A1,0x04FDB 0x04FDC
2525,hangul,도,18,24,2011,82 F1,82 F0,125,89 5E,89 5E,0x04FDD 0x04FDE
2526,hangul,움,18,25,2012,89 82,81 45,363,8A 91,8A 91,0x04FDF 0x04FF0
2527,hangul,이,18,26,2013,89 8D,81 45,380,8A A2,8A A2,0x04FF1 0x04FF2
2528,space,␠,18,27,2014,81 40,81 45,,,81 40,0x04FF3 0x04FF4
2529,hangul,있,18,28,2015,89 92,81 42,389,8A AB,8A AB,0x04FF5 0x04FF6
2530,hangul,다,18,29,2016,82 E7,83 94,111,89 50,89 50,0x04FF7 0x04FF8
2531,space,␠,18,30,2017,81 40,83 40,,,81 40,0x04FF9 0x04FFA
2532,hangul,쳐,18,31,2018,89 BC,83 8A,454,8A EC,8A EC,0x04FFB 0x04FFC
2533,hangul,도,18,32,2019,82 F1,83 41,125,89 5E,89 5E,0x04FFD 0x04FFE
2534,punctuation,、,18,33,2020,81 41,82 CC,,,81 41,0x04FFF 0x05000
2535,hangul,인,18,34,2021,89 8E,8F 95,382,8A A4,8A A4,0x05001 0x05002
2536,hangul,간,18,35,2022,82 A1,82 AF,3,88 A1,88 A1,0x05003 0x05004
2537,hangul,이,18,36,2023,89 8D,82 AA,380,8A A2,8A A2,0x05005 0x05006
2538,space,␠,18,37,2024,81 40,82 A0,,,81 40,0x05007 0x05008
2539,hangul,해,18,38,2025,89 E8,82 E9,528,8B 79,8B 79,0x05009 0x0500A
2540,hangul,낼,18,39,2026,82 D4,82 C6,80,88 EE,88 EE,0x0500B 0x0500C
2541,space,␠,18,40,2027,81 40,82 CD,,,81 40,0x0500D 0x0500E
2542,hangul,일,18,41,2028,89 8F,82 A2,383,8A A5,8A A5,0x0500F 0x05010
2543,hangul,이,18,42,2029,89 8D,82 A6,380,8A A2,8A A2,0x05011 0x05012
2544,space,␠,18,43,2030,81 40,81 41,,,81 40,0x05013 0x05014
2545,hangul,아,18,44,2031,89 60,95 C0,309,8A 5A,8A 5A,0x05015 0x05016
2546,hangul,닐,18,45,2032,82 E5,82 DD,109,89 4E,89 4E,0x05017 0x05018
2547,space,␠,18,46,2033,81 40,82 CC,,,81 40,0x05019 0x0501A
2548,hangul,텐,18,47,2034,89 D3,90 6C,489,8B 52,8B 52,0x0501B 0x0501C
2549,hangul,데,18,48,2035,82 F0,8A D4,124,89 5D,89 5D,0x0501D 0x0501E
2550,punctuation,。,18,49,2036,81 42,82 CC,,,81 42,0x0501F 0x05020
2551,hangul,좋,18,50,2037,89 A7,8B C6,414,8A C4,8A C4,0x05021 0x05022
2552,hangul,아,18,51,2038,89 60,82 C5,309,8A 5A,8A 5A,0x05023 0x05024
2553,punctuation,、,18,52,2039,81 41,82 CD,,,81 41,0x05025 0x05026
2554,hangul,얼,18,53,2040,89 6D,82 A0,328,8A 6D,8A 6D,0x05027 0x05028
2555,hangul,마,18,54,2041,88 D1,82 E9,200,89 AA,89 AA,0x05029 0x0502A
2556,hangul,나,18,55,2042,82 CE,82 DC,74,88 E8,88 E8,0x0502B 0x0502C
2557,space,␠,18,56,2043,81 40,82 A2,,,81 40,0x0502D 0x0502E
2558,hangul,날,18,57,2044,82 D0,81 42,76,88 EA,88 EA,0x0502F 0x05030
2559,space,␠,18,58,2045,81 40,82 DC,,,81 40,0x05031 0x05032
2560,hangul,즐,18,59,2046,89 B0,82 A0,427,8A D1,8A D1,0x05033 0x05034
2561,hangul,겁,18,60,2047,82 A9,82 B9,17,88 AF,88 AF,0x05035 0x05036
2562,hangul,게,18,61,2048,82 AB,82 A2,19,88 B1,88 B1,0x05037 0x05038
2563,space,␠,18,62,2049,81 40,82 BA,,,81 40,0x05039 0x0503A
2564,hangul,해,18,63,2050,89 E8,82 A2,528,8B 79,8B 79,0x0503B 0x0503C
2565,hangul,줄,18,64,2051,89 AD,8A 79,421,8A CB,8A CB,0x0503D 0x0503E
2566,hangul,지,18,65,2052,89 B3,82 B5,430,8A D4,8A D4,0x0503F 0x05040
2567,space,␠,18,66,2053,81 40,82 DC,,,81 40,0x05041 0x05042
2568,hangul,지,18,67,2054,89 B3,82 B9,430,8A D4,8A D4,0x05043 0x05044
2569,hangul,켜,18,68,2055,89 C4,82 C4,469,8A FB,8A FB,0x05045 0x05046
2570,hangul,볼,18,69,2056,88 F7,82 E0,252,89 DE,89 DE,0x05047 0x05048
2571,hangul,까,18,70,2057,82 C4,82 E7,60,88 DA,88 DA,0x05049 0x0504A
2572,punctuation,。,18,71,2058,81 42,82 A4,,,81 42,0x0504B 0x0504C
2573,control,,,,,61,82,,,61,0x0504D
2574,control,,,,,16 16 E6,C6 82 B7,,,16 16 E6,0x0504E 0x0504F 0x05050
2575,control,,,,,0F 05 27 03 0B,0F 05 27 03 0B,,,0F 05 27 03 0B,0x05206 0x05207 0x05208 0x05209 0x0520A
2576,control,,,,,16 95 E7,16 95 E7,,,16 95 E7,0x0520B 0x0520C 0x0520D
2577,control,,,,,1E 3C 08,1E 3C 08,,,1E 3C 08,0x05385 0x05386 0x05387
2578,control,,,,,05 16 86 3A 9E 00,05 16 86 3A 9E 00,,,05 16 86 3A 9E 00,0x05388 0x05389 0x0538A 0x0538B 0x0538C 0x0538D
2579,control,,,,,0E 16 20 24 80,0E 16 20 24 80,,,0E 16 20 24 80,0x0538E 0x0538F 0x05390 0x05391 0x05392
2580,control,,,,,17,17,,,17,0x05393
2581,control,,,,,13 74 E8,13 74 E8,,,13 74 E8,0x0520E 0x0520F 0x05210
2582,control,,,,,14 00 16 22,14 00 16 22,,,14 00 16 22,0x05211 0x05212 0x05213 0x05214
2583,control,,,,,14 01 3B 00,14 01 3B 00,,,14 01 3B 00,0x05215 0x05216 0x05217 0x05218
2584,control,,,,,04 84 E8 41,04 84 E8 41,,,04 84 E8 41,0x05219 0x0521A 0x0521B 0x0521C
2585,control,,,,,04 8E E8 42,04 8E E8 42,,,04 8E E8 42,0x0521D 0x0521E 0x0521F 0x05220
2586,control,,,,,04 98 E8 43,04 98 E8 43,,,04 98 E8 43,0x05221 0x05222 0x05223 0x05224
2587,control,,,,,04 A2 E8 44,04 A2 E8 44,,,04 A2 E8 44,0x05225 0x05226 0x05227 0x05228
2588,control,,,,,25 2F,25 2F,,,25 2F,0x05229 0x0522A
2589,control,,,,,17,17,,,17,0x0522B
2590,control,,,,,41,82,,,41,0x05051
2591,hangul,메,19,1,2059,88 DA,E9 82,213,89 B7,89 B7,0x05052 0x05053
2592,hangul,가,19,2,2060,82 9F,A9 81,1,88 9F,88 9F,0x05054 0x05055
2593,hangul,스,19,3,2061,89 56,42 61,293,8A 4A,8A 4A,0x05056 0x05057
2594,hangul,님,19,4,2062,82 E6,16 16,110,89 4F,89 4F,0x05058 0x05059
2595,hangul,이,19,5,2063,89 8D,E6 41,380,8A A2,8A A2,0x0505A 0x0505B
2596,space,␠,19,6,2064,81 40,82 B5,,,81 40,0x0505C 0x0505D
2597,hangul,로,19,7,2065,88 C5,82 A9,183,89 99,89 99,0x0505E 0x0505F
2598,hangul,그,19,8,2066,82 BD,82 B5,49,88 CF,88 CF,0x05060 0x05061
2599,hangul,레,19,9,2067,88 C0,83 81,177,89 93,89 93,0x05062 0x05063
2600,hangul,스,19,10,2068,89 56,83 4B,293,8A 4A,8A 4A,0x05064 0x05065
2601,hangul,의,19,11,2069,89 8C,83 58,379,8A A1,8A A1,0x05066 0x05067
2602,space,␠,19,12,2070,81 40,97 6C,,,81 40,0x05068 0x05069
2603,hangul,잔,19,13,2071,89 95,81 41,393,8A AF,8A AF,0x0506A 0x0506B
2604,hangul,당,19,14,2072,82 EB,82 A0,117,89 56,89 56,0x0506C 0x0506D
2605,hangul,에,19,15,2073,89 70,82 C8,333,8A 72,8A 72,0x0506E 0x0506F
2606,space,␠,19,16,2074,81 40,82 BD,,,81 40,0x05070 0x05071
2607,hangul,대,19,17,2075,82 EC,97 6C,118,89 57,89 57,0x05072 0x05073
2608,hangul,한,19,18,2076,89 E4,82 AA,523,8B 74,8B 74,0x05074 0x05075
2609,hangul,탄,19,19,2077,89 CC,83 8D,481,8B 4A,8B 4A,0x05076 0x05077
2610,hangul,압,19,20,2078,89 66,83 4F,315,8A 60,8A 60,0x05078 0x05079
2611,hangul,을,19,21,2079,89 8A,83 8C,376,8A 9E,8A 9E,0x0507A 0x0507B
2612,space,␠,19,22,2080,81 40,83 58,,,81 40,0x0507C 0x0507D
2613,hangul,중,19,23,2081,89 AE,82 CC,422,8A CC,8A CC,0x0507E 0x0507F
2614,hangul,단,19,24,2082,82 E9,8E 63,113,89 52,89 52,0x05080 0x05081
2615,hangul,하,19,25,2083,89 E2,93 7D,521,8B 72,8B 72,0x05082 0x05083
2616,hangul,라,19,26,2084,88 B6,94 97,159,89 81,89 81,0x05084 0x05085
2617,hangul,고,19,27,2085,82 B1,8A 51,29,88 BB,88 BB,0x05086 0x05087
2618,space,␠,19,28,2086,81 40,92 86,,,81 40,0x05088 0x05089
2619,hangul,명,19,29,2087,88 DE,8E 7E,217,89 BB,89 BB,0x0508A 0x0508B
2620,hangul,하,19,30,2088,89 E2,82 CC,521,8B 72,8B 72,0x0508C 0x0508D
2621,hangul,셨,19,31,2089,89 4F,96 BD,282,89 FC,89 FC,0x0508E 0x0508F
2622,hangul,을,19,32,2090,89 8A,97 DF,376,8A 9E,8A 9E,0x05090 0x05091
2623,space,␠,19,33,2091,81 40,82 F0,,,81 40,0x05092 0x05093
2624,hangul,때,19,34,2092,88 AD,89 BA,149,89 76,89 76,0x05094 0x05095
2625,hangul,는,19,35,2093,82 E3,82 B3,106,89 4B,89 4B,0x05096 0x05097
2626,space,␠,19,36,2094,81 40,82 EA,,,81 40,0x05098 0x05099
2627,hangul,무,19,37,2095,88 E3,82 BD,224,89 C2,89 C2,0x0509A 0x0509B
2628,hangul,슨,19,38,2096,89 57,8E 9E,294,8A 4B,8A 4B,0x0509C 0x0509D
2629,space,␠,19,39,2097,81 40,82 CD,,,81 40,0x0509E 0x0509F
2630,hangul,뜻,19,40,2098,88 B5,81 41,158,89 80,89 80,0x050A0 0x050A1
2631,hangul,인,19,41,2099,89 8E,82 C8,382,8A A4,8A A4,0x050A2 0x050A3
2632,hangul,가,19,42,2100,82 9F,82 C9,1,88 9F,88 9F,0x050A4 0x050A5
2633,space,␠,19,43,2101,81 40,82 B2,,,81 40,0x050A6 0x050A7
2634,hangul,싶,19,44,2102,89 5D,82 C6,303,8A 54,8A 54,0x050A8 0x050A9
2635,hangul,었,19,45,2103,89 6F,82 A9,332,8A 71,8A 71,0x050AA 0x050AB
2636,hangul,는,19,46,2104,82 E3,82 C6,106,89 4B,89 4B,0x050AC 0x050AD
2637,hangul,데,19,47,2105,82 F0,8E 76,124,89 5D,89 5D,0x050AE 0x050AF
2638,punctuation,、,19,48,2106,81 41,82 A2,,,81 41,0x050B0 0x050B1
2639,hangul,과,19,49,2107,82 B4,82 DC,36,88 C2,88 C2,0x050B2 0x050B3
2640,hangul,연,19,50,2108,89 73,82 B5,337,8A 76,8A 76,0x050B4 0x050B5
2641,space,␠,19,51,2109,81 40,82 BD,,,81 40,0x050B6 0x050B7
2642,hangul,그,19,52,2110,82 BD,82 AA,49,88 CF,88 CF,0x050B8 0x050B9
2643,hangul,런,19,53,2111,88 BC,81 41,171,89 8D,89 8D,0x050BA 0x050BB
2644,space,␠,19,54,2112,81 40,82 C8,,,81 40,0x050BC 0x050BD
2645,hangul,거,19,55,2113,82 A6,82 E9,12,88 AA,88 AA,0x050BE 0x050BF
2646,hangul,였,19,56,2114,89 75,82 D9,341,8A 7A,8A 7A,0x050C0 0x050C1
2647,hangul,군,19,57,2115,82 B9,82 C7,43,88 C9,88 C9,0x050C2 0x050C3
2648,hangul,요,19,58,2116,89 80,81 41,356,8A 8A,8A 8A,0x050C4 0x050C5
2649,punctuation,。,19,59,2117,81 42,82 B1,,,81 42,0x050C6 0x050C7
2650,hangul,로,19,60,2118,88 C5,82 A4,183,89 99,89 99,0x050C8 0x050C9
2651,hangul,그,19,61,2119,82 BD,82 A2,49,88 CF,88 CF,0x050CA 0x050CB
2652,hangul,레,19,62,2120,88 C0,82 A4,177,89 93,89 93,0x050CC 0x050CD
2653,hangul,스,19,63,2121,89 56,82 B1,293,8A 4A,8A 4A,0x050CE 0x050CF
2654,hangul,의,19,64,2122,89 8C,82 C6,379,8A A1,8A A1,0x050D0 0x050D1
2655,space,␠,19,65,2123,81 40,82 C5,,,81 40,0x050D2 0x050D3
2656,hangul,잔,19,66,2124,89 95,82 B2,393,8A AF,8A AF,0x050D4 0x050D5
2657,hangul,당,19,67,2125,82 EB,82 B4,117,89 56,89 56,0x050D6 0x050D7
2658,hangul,과,19,68,2126,82 B4,82 A2,36,88 C2,88 C2,0x050D8 0x050D9
2659,space,␠,19,69,2127,81 40,82 DC,,,81 40,0x050DA 0x050DB
2660,hangul,바,19,70,2128,88 E9,82 B5,234,89 CC,89 CC,0x050DC 0x050DD
2661,hangul,리,19,71,2129,88 CC,82 BD,194,89 A4,89 A4,0x050DE 0x050DF
2662,hangul,스,19,72,2130,89 56,82 A9,293,8A 4A,8A 4A,0x050E0 0x050E1
2663,hangul,의,19,73,2131,89 8C,81 42,379,8A A1,8A A1,0x050E2 0x050E3
2664,space,␠,19,74,2132,81 40,83 8D,,,81 40,0x050E4 0x050E5
2665,hangul,전,19,75,2133,89 9D,83 4F,401,8A B7,8A B7,0x050E6 0x050E7
2666,hangul,사,19,76,2134,89 43,83 8C,265,89 EB,89 EB,0x050E8 0x050E9
2667,hangul,를,19,77,2135,88 CA,83 58,192,89 A2,89 A2,0x050EA 0x050EB
2668,space,␠,19,78,2136,81 40,82 CC,,,81 40,0x050EC 0x050ED
2669,hangul,서,19,79,2137,89 49,8E 63,272,89 F2,89 F2,0x050EE 0x050EF
2670,hangul,로,19,80,2138,88 C5,93 7D,183,89 99,89 99,0x050F0 0x050F1
2671,space,␠,19,81,2139,81 40,82 C6,,,81 40,0x050F2 0x050F3
2672,hangul,싸,19,82,2140,89 5E,83 94,304,8A 55,8A 55,0x050F4 0x050F5
2673,hangul,우,19,83,2141,89 81,83 40,360,8A 8E,8A 8E,0x050F6 0x050F7
2674,hangul,게,19,84,2142,82 AB,83 8A,19,88 B1,88 B1,0x050F8 0x050F9
2675,space,␠,19,85,2143,81 40,83 58,,,81 40,0x050FA 0x050FB
2676,hangul,해,19,86,2144,89 E8,82 CC,528,8B 79,8B 79,0x050FC 0x050FD
2677,punctuation,、,19,87,2145,81 41,90 ED,,,81 41,0x050FE 0x050FF
2678,hangul,저,19,88,2146,89 9B,8E 6D,399,8A B5,8A B5,0x05100 0x05101
2679,hangul,희,19,89,2147,89 F6,82 F0,556,8B 96,8B 96,0x05102 0x05103
2680,space,␠,19,90,2148,81 40,90 ED,,,81 40,0x05104 0x05105
2681,hangul,손,19,91,2149,89 52,82 ED,285,8A 42,8A 42,0x05106 0x05107
2682,hangul,을,19,92,2150,89 8A,82 B9,376,8A 9E,8A 9E,0x05108 0x05109
2683,space,␠,19,93,2151,81 40,81 41,,,81 40,0x0510A 0x0510B
2684,hangul,더,19,94,2152,82 ED,89 E4,119,89 58,89 58,0x0510C 0x0510D
2685,hangul,럽,19,95,2153,88 BF,82 E7,174,89 90,89 90,0x0510E 0x0510F
2686,hangul,히,19,96,2154,89 F7,82 AA,557,8B 97,8B 97,0x05110 0x05111
2687,hangul,는,19,97,2155,82 E3,82 A2,106,89 4B,89 4B,0x05112 0x05113
2688,space,␠,19,98,2156,81 40,82 BF,,,81 40,0x05114 0x05115
2689,hangul,수,19,99,2157,89 54,82 A2,288,8A 45,8A 45,0x05116 0x05117
2690,hangul,고,19,100,2158,82 B1,82 BF,29,88 BB,88 BB,0x05118 0x05119
2691,hangul,까,19,101,2159,82 C4,8E E8,60,88 DA,88 DA,0x0511A 0x0511B
2692,hangul,지,19,102,2160,89 B3,82 F0,430,8A D4,8A D4,0x0511C 0x0511D
2693,space,␠,19,103,2161,81 40,89 BA,,,81 40,0x0511E 0x0511F
2694,hangul,덜,19,104,2162,82 EF,82 B7,122,89 5B,89 5B,0x05120 0x05121
2695,hangul,겠,19,105,2163,82 AC,8E E8,20,88 B2,88 B2,0x05122 0x05123
2696,hangul,다,19,106,2164,82 E7,8A D4,111,89 50,89 50,0x05124 0x05125
2697,hangul,는,19,107,2165,82 E3,82 F0,106,89 4B,89 4B,0x05126 0x05127
2698,space,␠,19,108,2166,81 40,82 CD,,,81 40,0x05128 0x05129
2699,hangul,계,19,109,2167,82 B0,82 D4,28,88 BA,88 BA,0x0512A 0x0512B
2700,hangul,책,19,110,2168,89 B9,82 B1,448,8A E6,8A E6,0x0512C 0x0512D
2701,hangul,이,19,111,2169,89 8D,82 A4,380,8A A2,8A A2,0x0512E 0x0512F
2702,hangul,라,19,112,2170,88 B6,82 C6,159,89 81,89 81,0x05130 0x05131
2703,hangul,니,19,113,2171,82 E4,82 A2,108,89 4D,89 4D,0x05132 0x05133
2704,punctuation,。,19,114,2172,81 42,82 A4,,,81 42,0x05134 0x05135
2705,hangul,이,19,115,2173,89 8D,82 CC,380,8A A2,8A A2,0x05136 0x05137
2706,hangul,것,19,116,2174,82 AA,82 C5,18,88 B0,88 B0,0x05138 0x05139
2707,hangul,야,19,117,2175,89 6B,82 B7,321,8A 66,8A 66,0x0513A 0x0513B
2708,hangul,말,19,118,2176,88 D3,82 C8,203,89 AD,89 AD,0x0513C 0x0513D
2709,hangul,로,19,119,2177,88 C5,81 42,183,89 99,89 99,0x0513E 0x0513F
2710,space,␠,19,120,2178,81 40,82 DC,,,81 40,0x05140 0x05141
2711,hangul,일,19,121,2179,89 8F,82 B3,383,8A A5,8A A5,0x05142 0x05143
2712,hangul,석,19,122,2180,89 4A,82 C9,273,89 F3,89 F3,0x05144 0x05145
2713,hangul,이,19,123,2181,89 8D,88 EA,380,8A A2,8A A2,0x05146 0x05147
2714,hangul,조,19,124,2182,89 A3,90 CE,409,8A BF,8A BF,0x05148 0x05149
2715,punctuation,！,19,125,2183,81 49,93 F1,,,81 49,0x0514A 0x0514B
2716,space,␠,19,126,2184,81 40,92 B9,,,81 40,0x0514C 0x0514D
2717,hangul,편,19,127,2185,89 DB,81 49,506,8B 63,8B 63,0x0514E 0x0514F
2718,hangul,히,19,128,2186,89 F7,81 40,557,8B 97,8B 97,0x05150 0x05151
2719,space,␠,19,129,2187,81 40,89 E4,,,81 40,0x05152 0x05153
2720,hangul,앉,19,130,2188,89 63,82 E7,312,8A 5D,8A 5D,0x05154 0x05155
2721,hangul,아,19,131,2189,89 60,82 CD,309,8A 5A,8A 5A,0x05156 0x05157
2722,space,␠,19,132,2190,81 40,82 A0,,,81 40,0x05158 0x05159
2723,hangul,바,19,133,2191,88 E9,82 AE,234,89 CC,89 CC,0x0515A 0x0515B
2724,hangul,리,19,134,2192,88 CC,82 E7,194,89 A4,89 A4,0x0515C 0x0515D
2725,hangul,아,19,135,2193,89 60,82 F0,309,8A 5A,8A 5A,0x0515E 0x0515F
2726,hangul,가,19,136,2194,82 9F,82 A9,1,88 9F,88 9F,0x05160 0x05161
2727,space,␠,19,137,2195,81 40,82 A2,,,81 40,0x05162 0x05163
2728,hangul,모,19,138,2196,88 DF,82 BD,218,89 BC,89 BC,0x05164 0x05165
2729,hangul,습,19,139,2197,89 58,82 DC,296,8A 4D,8A 4D,0x05166 0x05167
2730,hangul,을,19,140,2198,89 8A,82 DC,376,8A 9E,8A 9E,0x05168 0x05169
2731,space,␠,19,141,2199,81 40,81 41,,,81 40,0x0516A 0x0516B
2732,hangul,드,19,142,2200,88 A8,82 BD,140,89 6D,89 6D,0x0516C 0x0516D
2733,hangul,러,19,143,2201,88 BB,82 BE,170,89 8C,89 8C,0x0516E 0x0516F
2734,hangul,내,19,144,2202,82 D3,83 94,79,88 ED,88 ED,0x05170 0x05171
2735,hangul,기,19,145,2203,82 C1,83 40,55,88 D5,88 D5,0x05172 0x05173
2736,hangul,만,19,146,2204,88 D2,83 8A,202,89 AC,89 AC,0x05174 0x05175
2737,space,␠,19,147,2205,81 40,83 41,,,81 40,0x05176 0x05177
2738,hangul,기,19,148,2206,82 C1,82 AA,55,88 D5,88 D5,0x05178 0x05179
2739,hangul,다,19,149,2207,82 E7,8F 6F,111,89 50,89 50,0x0517A 0x0517B
2740,hangul,리,19,150,2208,88 CC,82 C4,194,89 A4,89 A4,0x0517C 0x0517D
2741,hangul,면,19,151,2209,88 DC,97 88,215,89 B9,89 B9,0x0517E 0x0517F
2742,space,␠,19,152,2210,81 40,82 E9,,,81 40,0x05180 0x05181
2743,hangul,되,19,153,2211,88 A2,82 CC,131,89 64,89 64,0x05182 0x05183
2744,hangul,겠,19,154,2212,82 AC,82 F0,20,88 B2,88 B2,0x05184 0x05185
2745,hangul,군,19,155,2213,82 B9,91 D2,43,88 C9,88 C9,0x05186 0x05187
2746,hangul,요,19,156,2214,89 80,82 C2,356,8A 8A,8A 8A,0x05188 0x05189
2747,punctuation,。,19,157,2215,81 42,82 BE,,,81 42,0x0518A 0x0518B
2748,hangul,그,19,158,2216,82 BD,82 AF,49,88 CF,88 CF,0x0518C 0x0518D
2749,hangul,럼,19,159,2217,88 BE,81 42,173,89 8F,89 8F,0x0518E 0x0518F
2750,space,␠,19,160,2218,81 40,82 C5,,,81 40,0x05190 0x05191
2751,hangul,당,19,161,2219,82 EB,82 CD,117,89 56,89 56,0x05192 0x05193
2752,hangul,분,19,162,2220,88 FB,82 B5,256,89 E2,89 E2,0x05194 0x05195
2753,hangul,간,19,163,2221,82 A1,82 CE,3,88 A1,88 A1,0x05196 0x05197
2754,space,␠,19,164,2222,81 40,82 E7,,,81 40,0x05198 0x05199
2755,hangul,느,19,165,2223,82 E2,82 AD,105,89 4A,89 4A,0x0519A 0x0519B
2756,hangul,긋,19,166,2224,82 C0,8D 82,54,88 D4,88 D4,0x0519C 0x0519D
2757,hangul,하,19,167,2225,89 E2,8C A9,521,8B 72,8B 72,0x0519E 0x0519F
2758,hangul,게,19,168,2226,82 AB,82 CC,19,88 B1,88 B1,0x051A0 0x051A1
2759,space,␠,19,169,2227,81 40,8C A9,,,81 40,0x051A2 0x051A3
2760,hangul,구,19,170,2228,82 B7,95 A8,41,88 C7,88 C7,0x051A4 0x051A5
2761,hangul,경,19,171,2229,82 AF,82 C6,26,88 B8,88 B8,0x051A6 0x051A7
2762,hangul,이,19,172,2230,89 8D,82 A2,380,8A A2,8A A2,0x051A8 0x051A9
2763,hangul,나,19,173,2231,82 CE,82 AB,74,88 E8,88 E8,0x051AA 0x051AB
2764,space,␠,19,174,2232,81 40,82 DC,,,81 40,0x051AC 0x051AD
2765,hangul,해,19,175,2233,89 E8,82 B7,528,8B 79,8B 79,0x051AE 0x051AF
2766,hangul,볼,19,176,2234,88 F7,82 A9,252,89 DE,89 DE,0x051B0 0x051B1
2767,hangul,까,19,177,2235,82 C4,81 42,60,88 DA,88 DA,0x051B2 0x051B3
2768,hangul,요,19,178,2236,89 80,83 4E,356,8A 8A,8A 8A,0x051B4 0x051B5
2769,punctuation,、,19,179,2237,81 41,83 4E,,,81 41,0x051B6 0x051B7
2770,hangul,크,19,180,2238,89 C7,83 4E,473,8B 42,8B 42,0x051B8 0x051B9
2771,hangul,크,19,181,2239,89 C7,83 4E,473,8B 42,8B 42,0x051BA 0x051BB
2772,hangul,크,19,182,2240,89 C7,81 42,473,8B 42,8B 42,0x051BC 0x051BD
2773,punctuation,。,19,183,2241,81 42,61 16,,,81 42,0x051BE 0x051BF
2774,control,,,,,61,36,,,61,0x051C0
2775,control,,,,,16 36 E7,E7 41 83,,,16 36 E7,0x051C1 0x051C2 0x051C3
2776,control,,,,,0F 01 25 03 0E,0F 01 25 03 0E,,,0F 01 25 03 0E,0x05326 0x05327 0x05328 0x05329 0x0532A
2777,control,,,,,05 11 92 3E AA 00,05 11 92 3E AA 00,,,05 11 92 3E AA 00,0x0532B 0x0532C 0x0532D 0x0532E 0x0532F 0x05330
2778,control,,,,,0E 11 10 2E A0,0E 11 10 2E A0,,,0E 11 10 2E A0,0x05331 0x05332 0x05333 0x05334 0x05335
2779,control,,,,,13 64 E8,13 64 E8,,,13 64 E8,0x05336 0x05337 0x05338
2780,control,,,,,14 00 11 16,14 00 11 16,,,14 00 11 16,0x05339 0x0533A 0x0533B 0x0533C
2781,control,,,,,14 01 40 00,14 01 40 00,,,14 01 40 00,0x0533D 0x0533E 0x0533F 0x05340
2782,control,,,,,04 2E E9 41,04 2E E9 41,,,04 2E E9 41,0x05341 0x05342 0x05343 0x05344
2783,control,,,,,25 2D,25 2D,,,25 2D,0x05345 0x05346
2784,control,,,,,17,17,,,17,0x05347
2785,control,,,,,41,94,,,41,0x051C4
2786,hangul,바,20,1,2242,88 E9,83 40,234,89 CC,89 CC,0x051C5 0x051C6
2787,hangul,리,20,2,2243,88 CC,83 8A,194,89 A4,89 A4,0x051C7 0x051C8
2788,hangul,아,20,3,2244,89 60,83 41,309,8A 5A,8A 5A,0x051C9 0x051CA
2789,punctuation,・,20,4,2245,81 45,82 E6,,,81 45,0x051CB 0x051CC
2790,punctuation,・,20,5,2246,81 45,81 45,,,81 45,0x051CD 0x051CE
2791,punctuation,・,20,6,2247,81 45,81 45,,,81 45,0x051CF 0x051D0
2792,space,␠,20,7,2248,81 40,81 45,,,81 40,0x051D1 0x051D2
2793,hangul,네,20,8,2249,82 D9,82 B7,90,88 F8,88 F8,0x051D3 0x051D4
2794,hangul,년,20,9,2250,82 DB,82 C5,93,88 FB,88 FB,0x051D5 0x051D6
2795,hangul,도,20,10,2251,82 F1,82 C9,125,89 5E,89 5E,0x051D7 0x051D8
2796,space,␠,20,11,2252,81 40,82 A8,,,81 40,0x051D9 0x051DA
2797,hangul,어,20,12,2253,89 6C,82 DC,325,8A 6A,8A 6A,0x051DB 0x051DC
2798,hangul,차,20,13,2254,89 B7,82 A6,441,8A DF,8A DF,0x051DD 0x051DE
2799,hangul,피,20,14,2255,89 E0,82 CC,518,8B 6F,8B 6F,0x051DF 0x051E0
2800,space,␠,20,15,2256,81 40,96 BD,,,81 40,0x051E1 0x051E2
2801,hangul,내,20,16,2257,82 D3,81 41,79,88 ED,88 ED,0x051E3 0x051E4
2802,space,␠,20,17,2258,81 40,89 E4,,,81 40,0x051E5 0x051E6
2803,hangul,손,20,18,2259,89 52,82 AA,285,8A 42,8A 42,0x051E7 0x051E8
2804,hangul,바,20,19,2260,88 E9,8E E8,234,89 CC,89 CC,0x051E9 0x051EA
2805,hangul,닥,20,20,2261,82 E8,92 86,112,89 51,89 51,0x051EB 0x051EC
2806,space,␠,20,21,2262,81 40,82 C9,,,81 40,0x051ED 0x051EE
2807,hangul,안,20,22,2263,89 62,82 A0,311,8A 5C,8A 5C,0x051EF 0x051F0
2808,hangul,이,20,23,2264,89 8D,82 E9,380,8A A2,8A A2,0x051F1 0x051F2
2809,hangul,다,20,24,2265,82 E7,82 BC,111,89 50,89 50,0x051F3 0x051F4
2810,punctuation,！,20,25,2266,81 49,81 49,,,81 49,0x051F5 0x051F6
2811,control,,,,,61,61,,,61,0x051F7
2812,control,,,,,26,26,,,26,0x051F8
