순번,주소,바이트,분류,핵심 확인값
1,DB8D~DB8E,0C 01,기존 확인 0Ch 계열 / C008 파라미터 저장,파라미터 01; 다음 본류 DB8F
2,DB8F~DB93,0E 16 20 24 88,기존 확인 0Eh 계열 / 화면·버퍼 초기화·전개,인자 16 20 24 88; 다음 본류 DB94
3,DB94~DB99,05 16 86 3A 9E 00,기존 확인 05h 계열 / 영역·좌표 상태 설정·전개,인자 16 86 3A 9E 00; 다음 본류 DB9A
4,DB9A~DB9B,06 0E,기존 확인 06h 계열 / 상태 설정,파라미터 0E; 다음 본류 DB9C
5,DB9C~DBA3,2B 02 04 4D 04 04 00 88,런타임 확인 2Bh 계열 / 기능 미확인,길이 8바이트; 인자 02 04 4D 04 04 00 88; 다음 본류 DBA4
6,DBA4~DBA6,16 22 E5,기존 확인 16h 계열 / 서브스트림 호출·전환 → E522,16h 호출 → E522; 복귀 주소 DBA7
7,E522~E526,0F 02 04 05 0A,서브스트림 실행 / 기존 확인 0Fh 계열 제어토큰,인자 02 04 05 0A; 다음 주소 E527
8,E527~E529,16 30 E6,서브스트림 실행 / 기존 확인 16h 계열 / 서브스트림 호출·전환 → E630,16h 호출 → E630; 복귀 주소 E52A
9,E630~E632,1E 3C 08,서브스트림 실행 / 기존 확인 1Eh 계열 / 간접 CALL,호출 대상 083C; 처리 후 다음 주소 E633
10,E633~E638,05 16 86 3A 9E 00,서브스트림 실행 / 기존 확인 05h 계열 / 영역·좌표 상태 설정·전개,처리 후 다음 주소 E639
11,E639~E63D,0E 16 20 24 80,서브스트림 실행 / 기존 확인 0Eh 계열 / 화면·버퍼 초기화·전개,처리 후 다음 주소 E63E
12,E63E,17,서브스트림 실행 / 기존 확인 17h 계열 / 서브스트림 복귀,처리 후 E52A로 복귀
13,E52A~E52C,13 EF E6,서브스트림 실행 / 기존 확인 13h 계열 제어토큰,인자 EF E6; 다음 주소 E52D
14,E52D~E530,14 00 16 22,서브스트림 실행 / 기존 확인 14h 계열 / 버퍼·영역 처리,인자 00 16 22; 다음 주소 E531
15,E531~E534,14 01 3B 00,서브스트림 실행 / 기존 확인 14h 계열 / 버퍼·영역 처리,인자 01 3B 00; 다음 주소 E535
16,E535~E538,04 2F E7 41,서브스트림 실행 / 기존 확인 04h 계열 / CAA8 슬롯 포인터 설정,E72F 포인터를 41h 슬롯에 설정; 다음 주소 E539
17,E539~E53C,04 39 E7 42,서브스트림 실행 / 기존 확인 04h 계열 / CAA8 슬롯 포인터 설정,E739 포인터를 42h 슬롯에 설정; 다음 주소 E53D
18,E53D~E540,04 43 E7 43,서브스트림 실행 / 기존 확인 04h 계열 / CAA8 슬롯 포인터 설정,E743 포인터를 43h 슬롯에 설정; 다음 주소 E541
19,E541~E542,25 2B,서브스트림 실행 / 기존 확인 25h 계열 / CA1D 입 움직임 효과음 인덱스 설정,CA1D=2B; 다음 주소 E543
20,E543,17,서브스트림 실행 / 기존 확인 17h 계열 / 서브스트림 복귀,17h 복귀 → DBA7
21,DBA7~DBA9,1E 16 A4,런타임 확인 1Eh 계열 제어토큰,인자 16 A4; 다음 본류 DBAA
22,DBAA,41,기존 확인 41~50h 계열 / CAA8[0] 슬롯 실행,슬롯 토큰 41; 다음 본류 DBAB
23,DBAB~DBAC,88 DA,패치 슬롯 0001 | 한글 문자 | 메,원본 분석표 23번 DBAB~DBAC=83 81(メ) → 패치 DBAB~DBAC=88 DA(메); 번역 01-001/006 · 메 / 토큰 88 DA / KANJI A1C0 / 가나다순 152
24,DBAD~DBAE,82 9F,패치 슬롯 0002 | 한글 문자 | 가,원본 분석표 24번 DBAD~DBAE=83 4B(ガ) → 패치 DBAD~DBAE=82 9F(가); 번역 01-002/006 · 가 / 토큰 82 9F / KANJI 1810 / 가나다순 1
25,DBAF,42,기존 확인 41~50h 계열 / CAA8[1] 슬롯 실행,슬롯 토큰 42; 다음 본류 DBB0
26,DBB0~DBB1,89 56,패치 슬롯 0003 | 한글 문자 | 스,원본 분석표 26번 DBB0~DBB1=83 58(ス) → 패치 DBB0~DBB1=89 56(스); 번역 01-003/006 · 스 / 토큰 89 56 / KANJI 6370 / 가나다순 211
27,DBB2~DBB3,81 49,기존 확인 특수부호 / ！,Shift-JIS 81 49 = ！; JIS 212A; 다음 본류 DBB4
28,DBB4,61,기존 확인 61~70h 계열 / CAA8[0] 작업슬롯 비활성화,비활성화 토큰 61; 다음 본류 DBB5
29,DBB5,62,기존 확인 61~70h 계열 / CAA8[1] 작업슬롯 비활성화,비활성화 토큰 62; 다음 본류 DBB6
30,DBB6~DBB7,81 40,기존 확인 특수부호 / 전각 공백,Shift-JIS 81 40 = 전각 공백; JIS 2121; 다음 본류 DBB8
31,DBB8~DBB9,81 40,기존 확인 특수부호 / 전각 공백,Shift-JIS 81 40 = 전각 공백; JIS 2121; 다음 본류 DBBA
32,DBBA~DBBB,06 0E,기존 확인 06h 계열 / 상태 설정,파라미터 0E; 다음 본류 DBBC
33,DBBC~DBBE,16 F4 E4,기존 확인 16h 계열 / 서브스트림 호출·전환 → E4F4,16h 호출 → E4F4; 복귀 주소 DBBF
34,E4F4~E4F8,0F 02 1A 04 0D,서브스트림 실행 / 기존 확인 0Fh 계열 제어토큰,인자 02 1A 04 0D; 다음 주소 E4F9
35,E4F9~E4FB,16 30 E6,서브스트림 실행 / 기존 확인 16h 계열 / 서브스트림 호출·전환 → E630,복귀 주소 E4FC
36,E630~E632,1E 3C 08,서브스트림 실행 / 기존 확인 1Eh 계열 / 간접 CALL,호출 대상 083C; 처리 후 다음 주소 E633
37,E633~E638,05 16 86 3A 9E 00,서브스트림 실행 / 기존 확인 05h 계열 / 영역·좌표 상태 설정·전개,처리 후 다음 주소 E639; 내부 16 86 3A는 인자
38,E639~E63D,0E 16 20 24 80,서브스트림 실행 / 기존 확인 0Eh 계열 / 화면·버퍼 초기화·전개,처리 후 다음 주소 E63E; 내부 16 20 24는 인자
39,E63E,17,서브스트림 실행 / 기존 확인 17h 계열 / 서브스트림 복귀,17h 복귀 → E4FC
40,E4FC~E4FE,13 1F E7,서브스트림 실행 / 기존 확인 13h 계열 제어토큰,인자 1F E7; 다음 주소 E4FF
41,E4FF~E502,14 00 16 22,서브스트림 실행 / 기존 확인 14h 계열 / 버퍼·영역 처리,인자 00 16 22; 다음 주소 E503
42,E503~E506,14 01 3B 00,서브스트림 실행 / 기존 확인 14h 계열 / 버퍼·영역 처리,인자 01 3B 00; 다음 주소 E507
43,E507~E50A,04 E3 E7 41,서브스트림 실행 / 기존 확인 04h 계열 / CAA8 슬롯 포인터 설정,E7E3 포인터를 41h 슬롯에 설정; 다음 주소 E50B
44,E50B~E50E,04 ED E7 42,서브스트림 실행 / 기존 확인 04h 계열 / CAA8 슬롯 포인터 설정,E7ED 포인터를 42h 슬롯에 설정; 다음 주소 E50F
45,E50F~E512,04 F7 E7 44,서브스트림 실행 / 기존 확인 04h 계열 / CAA8 슬롯 포인터 설정,E7F7 포인터를 44h 슬롯에 설정; 다음 주소 E513
46,E513~E516,04 15 E8 43,서브스트림 실행 / 기존 확인 04h 계열 / CAA8 슬롯 포인터 설정,E815 포인터를 43h 슬롯에 설정; 다음 주소 E517
47,E517~E51A,04 01 E8 45,서브스트림 실행 / 기존 확인 04h 계열 / CAA8 슬롯 포인터 설정,E801 포인터를 45h 슬롯에 설정; 다음 주소 E51B
48,E51B~E51E,04 0B E8 46,서브스트림 실행 / 기존 확인 04h 계열 / CAA8 슬롯 포인터 설정,E80B 포인터를 46h 슬롯에 설정; 다음 주소 E51F
49,E51F~E520,25 2D,서브스트림 실행 / 기존 확인 25h 계열 / CA1D 입 움직임 효과음 인덱스 설정,CA1D=2D; 다음 주소 E521
50,E521,17,서브스트림 실행 / 기존 확인 17h 계열 / 서브스트림 복귀,17h 복귀 → DBBF
51,DBBF,41,기존 확인 41~50h 계열 / CAA8[0] 슬롯 실행,슬롯 토큰 41; 다음 본류 DBC0
52,DBC0~DBC1,89 A1,패치 슬롯 0007 | 한글 문자 | 제,원본 분석표 52번 DBC0~DBC1=83 94(ヴ) → 패치 DBC0~DBC1=89 A1(제); 번역 02-001/031 · 제 / 토큰 89 A1 / KANJI 6430 / 가나다순 291
53,DBC2~DBC3,8A 98,패치 슬롯 0008 | 한글 문자 | 법,원본 분석표 53번 DBC2~DBC3=83 40(ァ) → 패치 DBC2~DBC3=8A 98(법); 번역 02-002/031 · 법 / 토큰 8A 98 / KANJI E780 / 가나다순 453
54,DBC4~DBC5,89 8D,패치 슬롯 0009 | 한글 문자 | 이,원본 분석표 54번 DBC4~DBC5=83 8A(リ) → 패치 DBC4~DBC5=89 8D(이); 번역 02-003/031 · 이 / 토큰 89 8D / KANJI E2D0 / 가나다순 268
55,DBC6~DBC7,82 B7,패치 슬롯 0010 | 한글 문자 | 구,원본 분석표 55번 DBC6~DBC7=83 58(ス) → 패치 DBC6~DBC7=82 B7(구); 번역 02-004/031 · 구 / 토큰 82 B7 / KANJI 1990 / 가나다순 28
56,DBC8~DBC9,82 CE,패치 슬롯 0011 | 한글 문자 | 나,원본 분석표 56번 DBC8~DBC9=82 CC(の) → 패치 DBC8~DBC9=82 CE(나); 번역 02-005/031 · 나 / 토큰 82 CE / KANJI 2900 / 가나다순 52
57,DBCA~DBCB,81 41,패치 슬롯 0012 | 문장부호 | 、,원본 분석표 57번 DBCA~DBCB=90 ED(戦) → 패치 DBCA~DBCB=81 41(、); 번역 02-006/031 · 、 / 토큰 81 41 / PC-88 전각 쉼표 토큰
58,DBCC~DBCD,88 E9,패치 슬롯 0013 | 한글 문자 | 바,원본 분석표 58번 DBCC~DBCD=8E 6D(士) → 패치 DBCC~DBCD=88 E9(바); 번역 02-007/031 · 바 / 토큰 88 E9 / KANJI E0B0 / 가나다순 168
59,DBCE~DBCF,88 CC,패치 슬롯 0014 | 한글 문자 | 리,원본 분석표 59번 DBCE~DBCF=82 E6(よ) → 패치 DBCE~DBCF=88 CC(리); 번역 02-008/031 · 리 / 토큰 88 CC / KANJI A0E0 / 가나다순 137
60,DBD0~DBD1,89 56,패치 슬롯 0015 | 한글 문자 | 스,원본 분석표 60번 DBD0~DBD1=81 42(。) → 패치 DBD0~DBD1=89 56(스); 번역 02-009/031 · 스 / 토큰 89 56 / KANJI 6370 / 가나다순 211
61,DBD2~DBD3,89 8C,패치 슬롯 0016 | 한글 문자 | 의,원본 분석표 61번 DBD2~DBD3=82 C8(な) → 패치 DBD2~DBD3=89 8C(의); 번역 02-010/031 · 의 / 토큰 89 8C / KANJI E2C0 / 가나다순 267
62,DBD4~DBD5,81 40,패치 슬롯 0017 | 전각 공백 | ␠,원본 분석표 62번 DBD4~DBD5=82 A9(か) → 패치 DBD4~DBD5=81 40(␠); 번역 02-011/031 · ␠ / 토큰 81 40 / PC-88 전각 공백 토큰
63,DBD6~DBD7,89 9D,패치 슬롯 0018 | 한글 문자 | 전,원본 분석표 63번 DBD6~DBD7=82 C8(な) → 패치 DBD6~DBD7=89 9D(전); 번역 02-012/031 · 전 / 토큰 89 9D / KANJI E3D0 / 가나다순 287
64,DBD8~DBD9,89 43,패치 슬롯 0019 | 한글 문자 | 사,원본 분석표 64번 DBD8~DBD9=82 A9(か) → 패치 DBD8~DBD9=89 43(사); 번역 02-013/031 · 사 / 토큰 89 43 / KANJI 6240 / 가나다순 191
65,DBDA~DBDB,89 72,패치 슬롯 0020 | 한글 문자 | 여,원본 분석표 65번 DBDA~DBDB=82 E2(や) → 패치 DBDA~DBDB=89 72(여); 번역 02-014/031 · 여 / 토큰 89 72 / KANJI A330 / 가나다순 241
66,DBDC~DBDD,81 42,패치 슬롯 0021 | 문장부호 | 。,원본 분석표 66번 DBDC~DBDD=82 E9(る) → 패치 DBDC~DBDD=81 42(。); 번역 02-015/031 · 。 / 토큰 81 42 / PC-88 전각 마침표 토큰
67,DBDE,44,기존 확인 41~50h 계열 / CAA8[3] 슬롯 실행,원본 분석표 69번 DBE2 → 현재 DBDE; 슬롯 토큰 44; 다음 본류 DBE3
68,DBDF~DBE0,89 47,패치 슬롯 0022 | 한글 문자 | 상,원본 분석표 70번 DBE3~DBE4=82 D9(ほ) → 패치 DBDF~DBE0=89 47(상); 번역 02-016/031 · 상 / 토큰 89 47 / KANJI 6280 / 가나다순 195
69,DBE1~DBE2,89 88,패치 슬롯 0023 | 한글 문자 | 으,원본 분석표 71번 DBE5~DBE6=82 A4(う) → 패치 DBE1~DBE2=89 88(으); 번역 02-017/031 · 으 / 토큰 89 88 / KANJI E280 / 가나다순 263
70,DBE3~DBE4,88 C5,패치 슬롯 0024 | 한글 문자 | 로,원본 분석표 72번 DBE7~DBE8=82 D1(び) → 패치 DBE3~DBE4=88 C5(로); 번역 02-018/031 · 로 / 토큰 88 C5 / KANJI A070 / 가나다순 130
71,DBE5~DBE6,89 9A,패치 슬롯 0025 | 한글 문자 | 재,원본 분석표 74번 DBEB~DBEC=82 A8(お) → 패치 DBE5~DBE6=89 9A(재); 번역 02-019/031 · 재 / 토큰 89 9A / KANJI E3A0 / 가나다순 284
72,DBE7~DBE8,88 E7,패치 슬롯 0026 | 한글 문자 | 미,원본 분석표 75번 DBED~DBEE=82 E0(も) → 패치 DBE7~DBE8=88 E7(미); 번역 02-020/031 · 미 / 토큰 88 E7 / KANJI E090 / 가나다순 166
73,DBE9~DBEA,89 92,패치 슬롯 0027 | 한글 문자 | 있,원본 분석표 76번 DBEF~DBF0=82 B5(し) → 패치 DBE9~DBEA=89 92(있); 번역 02-021/031 · 있 / 토큰 89 92 / KANJI E320 / 가나다순 276
74,DBEB~DBEC,82 E3,패치 슬롯 0028 | 한글 문자 | 는,원본 분석표 77번 DBF1~DBF2=82 EB(ろ) → 패치 DBEB~DBEC=82 E3(는); 번역 02-022/031 · 는 / 토큰 82 E3 / KANJI 3850 / 가나다순 74
75,DBED~DBEE,81 40,패치 슬롯 0029 | 전각 공백 | ␠,원본 분석표 78번 DBF3~DBF4=82 A2(い) → 패치 DBED~DBEE=81 40(␠); 번역 02-023/031 · ␠ / 토큰 81 40 / PC-88 전각 공백 토큰
76,DBEF~DBF0,82 AA,패치 슬롯 0030 | 한글 문자 | 것,원본 분석표 79번 DBF5~DBF6=82 E0(も) → 패치 DBEF~DBF0=82 AA(것); 번역 02-024/031 · 것 / 토큰 82 AA / KANJI 18C0 / 가나다순 12
77,DBF1~DBF2,89 8A,패치 슬롯 0031 | 한글 문자 | 을,원본 분석표 80번 DBF7~DBF8=82 CC(の) → 패치 DBF1~DBF2=89 8A(을); 번역 02-025/031 · 을 / 토큰 89 8A / KANJI E2A0 / 가나다순 265
78,DBF3~DBF4,81 40,패치 슬롯 0032 | 전각 공백 | ␠,원본 분석표 81번 DBF9~DBFA=82 F0(を) → 패치 DBF3~DBF4=81 40(␠); 번역 02-026/031 · ␠ / 토큰 81 40 / PC-88 전각 공백 토큰
79,DBF5~DBF6,88 F4,패치 슬롯 0033 | 한글 문자 | 보,원본 분석표 82번 DBFB~DBFC=8C A9(見) → 패치 DBF5~DBF6=88 F4(보); 번역 02-027/031 · 보 / 토큰 88 F4 / KANJI E160 / 가나다순 179
80,DBF7~DBF8,89 72,패치 슬롯 0034 | 한글 문자 | 여,원본 분석표 83번 DBFD~DBFE=82 B9(せ) → 패치 DBF7~DBF8=89 72(여); 번역 02-028/031 · 여 / 토큰 89 72 / KANJI A330 / 가나다순 241
81,DBF9,45,기존 확인 41~50h 계열 / CAA8[4] 슬롯 실행,원본 분석표 85번 DC01 → 현재 DBF9; 슬롯 토큰 45; 다음 본류 DC02
82,DBFA~DBFB,89 AA,패치 슬롯 0035 | 한글 문자 | 주,원본 분석표 86번 DC02~DC03=82 E2(や) → 패치 DBFA~DBFB=89 AA(주); 번역 02-029/031 · 주 / 토큰 89 AA / KANJI 64C0 / 가나다순 300
83,DBFC~DBFD,88 D1,패치 슬롯 0036 | 한글 문자 | 마,원본 분석표 87번 DC04~DC05=82 EB(ろ) → 패치 DBFC~DBFD=88 D1(마); 번역 02-030/031 · 마 / 토큰 88 D1 / KANJI A130 / 가나다순 142
84,DBFE~DBFF,81 42,패치 슬롯 0037 | 문장부호 | 。,원본 분석표 89번 DC08~DC09 → 현재 DBFE~DBFF; 번역 02-031/031 · 。 / 토큰 81 42 / PC-88 전각 마침표 토큰
85,DC00,61,기존 확인 61~70h 계열 / CAA8[0] 작업슬롯 비활성화,원본 분석표 90번 DC0A → 현재 DC00; 비활성화 토큰 61; 다음 본류 DC0B
86,DC01,42,기존 확인 41~50h 계열 / CAA8[1] 슬롯 실행,원본 분석표 91번 DC0B → 현재 DC01; 슬롯 토큰 42; 다음 본류 DC0C
87,DC02,62,기존 확인 61~70h 계열 / CAA8[1] 작업슬롯 비활성화,원본 분석표 92번 DC0C → 현재 DC02; 비활성화 토큰 62; 다음 본류 DC0D
88,DC03~DC05,16 22 E5,기존 확인 16h 계열 / 서브스트림 호출·전환 → E522,원본 분석표 93번 DC0D~DC0F → 현재 DC03~DC05; 16h 호출 → E522; 복귀 주소 DC10
89,E522~E526,0F 02 04 05 0A,서브스트림 실행 / 기존 확인 0Fh 계열 제어토큰,인자 02 04 05 0A; 다음 주소 E527
90,E527~E529,16 30 E6,서브스트림 실행 / 기존 확인 16h 계열 / 서브스트림 호출·전환 → E630,복귀 주소 E52A
91,E630~E632,1E 3C 08,서브스트림 실행 / 기존 확인 1Eh 계열 / 간접 CALL,호출 대상 083C; 처리 후 다음 주소 E633
92,E633~E638,05 16 86 3A 9E 00,서브스트림 실행 / 기존 확인 05h 계열 / 영역·좌표 상태 설정·전개,처리 후 다음 주소 E639; 내부 16 86 3A는 인자
93,E639~E63D,0E 16 20 24 80,서브스트림 실행 / 기존 확인 0Eh 계열 / 화면·버퍼 초기화·전개,처리 후 다음 주소 E63E; 내부 16 20 24는 인자
94,E63E,17,서브스트림 실행 / 기존 확인 17h 계열 / 서브스트림 복귀,17h 복귀 → E52A
95,E52A~E52C,13 EF E6,서브스트림 실행 / 기존 확인 13h 계열 제어토큰,인자 EF E6; 다음 주소 E52D
96,E52D~E530,14 00 16 22,서브스트림 실행 / 기존 확인 14h 계열 / 버퍼·영역 처리,인자 00 16 22; 다음 주소 E531
97,E531~E534,14 01 3B 00,서브스트림 실행 / 기존 확인 14h 계열 / 버퍼·영역 처리,인자 01 3B 00; 다음 주소 E535
98,E535~E538,04 2F E7 41,서브스트림 실행 / 기존 확인 04h 계열 / CAA8 슬롯 포인터 설정,E72F 포인터를 41h 슬롯에 설정; 다음 주소 E539
99,E539~E53C,04 39 E7 42,서브스트림 실행 / 기존 확인 04h 계열 / CAA8 슬롯 포인터 설정,E739 포인터를 42h 슬롯에 설정; 다음 주소 E53D
100,E53D~E540,04 43 E7 43,서브스트림 실행 / 기존 확인 04h 계열 / CAA8 슬롯 포인터 설정,E743 포인터를 43h 슬롯에 설정; 다음 주소 E541
101,E541~E542,25 2B,서브스트림 실행 / 기존 확인 25h 계열 / CA1D 입 움직임 효과음 인덱스 설정,CA1D=2B; 다음 주소 E543
102,E543,17,서브스트림 실행 / 기존 확인 17h 계열 / 서브스트림 복귀,17h 복귀 → DC10
103,DC06,43,기존 확인 41~50h 계열 / CAA8[2] 슬롯 실행,원본 분석표 108번 DC10 → 현재 DC06; 슬롯 토큰 43; 다음 본류 DC11
104,DC07~DC08,81 49,패치 슬롯 0038 | 문장부호 | ！,원본 분석표 109번 DC11~DC12 → 현재 DC07~DC08; 번역 03-001/002 · ！ / 토큰 81 49 / PC-88 전각 느낌표 토큰
105,DC09~DC0A,81 48,패치 슬롯 0039 | 문장부호 | ？,원본 분석표 110번 DC13~DC14 → 현재 DC09~DC0A; 번역 03-002/002 · ？ / 토큰 81 48 / PC-88 전각 물음표 토큰
106,DC0B~DC0D,16 D7 E4,기존 확인 16h 계열 / 서브스트림 호출·전환 → E4D7,원본 분석표 111번 DC15~DC17 → 현재 DC0B~DC0D; 16h 호출 → E4D7; 복귀 주소 DC18
107,E4D7~E4DB,0F 02 06 05 14,서브스트림 실행 / 기존 확인 0Fh 계열 제어토큰,인자 02 06 05 14; 다음 주소 E4DC
108,E4DC~E4DE,1E 3C 08,서브스트림 실행 / 기존 확인 1Eh 계열 / 간접 CALL,호출 대상 083C; 처리 후 다음 주소 E4DF
109,E4DF~E4E4,05 16 86 3A 9E 03,서브스트림 실행 / 기존 확인 05h 계열 / 영역·좌표 상태 설정·전개,처리 후 다음 주소 E4E5; 내부 16 86 3A는 인자
110,E4E5~E4E9,0E 16 20 24 80,서브스트림 실행 / 기존 확인 0Eh 계열 / 화면·버퍼 초기화·전개,처리 후 다음 주소 E4EA; 내부 16 20 24는 인자
111,E4EA~E4EC,13 0F E7,서브스트림 실행 / 기존 확인 13h 계열 제어토큰,인자 0F E7; 다음 주소 E4ED
112,E4ED~E4F0,14 02 3B 00,서브스트림 실행 / 기존 확인 14h 계열 / 버퍼·영역 처리,인자 02 3B 00; 다음 주소 E4F1
113,E4F1~E4F2,25 2D,서브스트림 실행 / 기존 확인 25h 계열 / CA1D 입 움직임 효과음 인덱스 설정,CA1D=2D; 다음 주소 E4F3
114,E4F3,17,서브스트림 실행 / 기존 확인 17h 계열 / 서브스트림 복귀,17h 복귀 → DC18
115,DC0E~DC0F,01 0C,런타임 확인 01h 계열 제어토큰,원본 분석표 120번 DC18~DC19 → 현재 DC0E~DC0F; 인자 0C; 다음 본류 DC1A
116,DC10,11,런타임 확인 11h 계열 제어토큰,원본 분석표 121번 DC1A → 현재 DC10; 1바이트 독립 토큰; 다음 본류 DC1B
117,DC11~DC13,16 44 E5,기존 확인 16h 계열 / 서브스트림 호출·전환 → E544,원본 분석표 122번 DC1B~DC1D → 현재 DC11~DC13; 16h 호출 → E544; 복귀 주소 DC1E
118,E544~E548,0F 02 0A 05 09,서브스트림 실행 / 기존 확인 0Fh 계열 제어토큰,인자 02 0A 05 09; 다음 주소 E549
119,E549~E54B,16 30 E6,서브스트림 실행 / 기존 확인 16h 계열 / 서브스트림 호출·전환 → E630,복귀 주소 E54C
120,E630~E632,1E 3C 08,서브스트림 실행 / 기존 확인 1Eh 계열 / 간접 CALL,호출 대상 083C; 처리 후 다음 주소 E633
121,E633~E638,05 16 86 3A 9E 00,서브스트림 실행 / 기존 확인 05h 계열 / 영역·좌표 상태 설정·전개,처리 후 다음 주소 E639; 내부 16 86 3A는 인자
122,E639~E63D,0E 16 20 24 80,서브스트림 실행 / 기존 확인 0Eh 계열 / 화면·버퍼 초기화·전개,처리 후 다음 주소 E63E; 내부 16 20 24는 인자
123,E63E,17,서브스트림 실행 / 기존 확인 17h 계열 / 서브스트림 복귀,17h 복귀 → E54C
124,E54C~E54E,13 EF E6,서브스트림 실행 / 기존 확인 13h 계열 제어토큰,인자 EF E6; 다음 주소 E54F
125,E54F~E552,14 00 16 22,서브스트림 실행 / 기존 확인 14h 계열 / 버퍼·영역 처리,인자 00 16 22; 다음 주소 E553
126,E553~E556,14 01 3B 00,서브스트림 실행 / 기존 확인 14h 계열 / 버퍼·영역 처리,인자 01 3B 00; 다음 주소 E557
127,E557~E55A,04 4D E7 41,서브스트림 실행 / 기존 확인 04h 계열 / CAA8 슬롯 포인터 설정,E74D 포인터를 41h 슬롯에 설정; 다음 주소 E55B
128,E55B~E55E,04 57 E7 42,서브스트림 실행 / 기존 확인 04h 계열 / CAA8 슬롯 포인터 설정,E757 포인터를 42h 슬롯에 설정; 다음 주소 E55F
129,E55F~E560,25 2B,서브스트림 실행 / 기존 확인 25h 계열 / CA1D 입 움직임 효과음 인덱스 설정,CA1D=2B; 다음 주소 E561
130,E561,17,서브스트림 실행 / 기존 확인 17h 계열 / 서브스트림 복귀,17h 복귀 → DC1E
131,DC14,41,기존 확인 41~50h 계열 / CAA8[0] 슬롯 실행,원본 분석표 136번 DC1E → 현재 DC14; 슬롯 토큰 41; 다음 본류 DC1F
132,DC15~DC16,88 E9,패치 슬롯 0040 | 한글 문자 | 바,원본 분석표 137번 DC1F~DC20=83 94(ヴ) → 패치 DC15~DC16=88 E9(바); 번역 04-001/005 · 바 / 토큰 88 E9 / KANJI E0B0 / 가나다순 168
133,DC17~DC18,88 CC,패치 슬롯 0041 | 한글 문자 | 리,원본 분석표 138번 DC21~DC22=83 40(ァ) → 패치 DC17~DC18=88 CC(리); 번역 04-002/005 · 리 / 토큰 88 CC / KANJI A0E0 / 가나다순 137
134,DC19,42,기존 확인 41~50h 계열 / CAA8[1] 슬롯 실행,원본 분석표 140번 DC25 → 현재 DC19; 슬롯 토큰 42; 다음 본류 DC26
135,DC1A~DC1B,89 60,패치 슬롯 0042 | 한글 문자 | 아,원본 분석표 141번 DC26~DC27=83 41(ア) → 패치 DC1A~DC1B=89 60(아); 번역 04-003/005 · 아 / 토큰 89 60 / KANJI A210 / 가나다순 223
136,DC1C~DC1D,82 E6,패치 슬롯 0043 | 한글 문자 | 님,원본 분석표 142번 DC28~DC29=97 6C(様) → 패치 DC1C~DC1D=82 E6(님); 번역 04-004/005 · 님 / 토큰 82 E6 / KANJI 3880 / 가나다순 77
137,DC1E~DC1F,81 49,패치 슬롯 0044 | 문장부호 | ！,원본 분석표 143번 DC2A~DC2B → 현재 DC1E~DC1F; 번역 04-005/005 · ！ / 토큰 81 49 / PC-88 전각 느낌표 토큰
138,DC20,61,기존 확인 61~70h 계열 / CAA8[0] 작업슬롯 비활성화,원본 분석표 144번 DC2C → 현재 DC20; 비활성화 토큰 61; 다음 본류 DC2D
139,DC21~DC23,16 D7 E4,기존 확인 16h 계열 / 서브스트림 호출·전환 → E4D7,원본 분석표 145번 DC2D~DC2F → 현재 DC21~DC23; 16h 호출 → E4D7; 복귀 주소 DC30
140,E4D7~E4DB,0F 02 06 05 14,서브스트림 실행 / 기존 확인 0Fh 계열 제어토큰,인자 02 06 05 14; 다음 주소 E4DC
141,E4DC~E4DE,1E 3C 08,서브스트림 실행 / 기존 확인 1Eh 계열 / 간접 CALL,호출 대상 083C; 처리 후 다음 주소 E4DF
142,E4DF~E4E4,05 16 86 3A 9E 03,서브스트림 실행 / 기존 확인 05h 계열 / 영역·좌표 상태 설정·전개,처리 후 다음 주소 E4E5; 내부 16 86 3A는 인자
143,E4E5~E4E9,0E 16 20 24 80,서브스트림 실행 / 기존 확인 0Eh 계열 / 화면·버퍼 초기화·전개,처리 후 다음 주소 E4EA; 내부 16 20 24는 인자
144,E4EA~E4EC,13 0F E7,서브스트림 실행 / 기존 확인 13h 계열 제어토큰,인자 0F E7; 다음 주소 E4ED
145,E4ED~E4F0,14 02 3B 00,서브스트림 실행 / 기존 확인 14h 계열 / 버퍼·영역 처리,인자 02 3B 00; 다음 주소 E4F1
146,E4F1~E4F2,25 2D,서브스트림 실행 / 기존 확인 25h 계열 / CA1D 입 움직임 효과음 인덱스 설정,CA1D=2D; 다음 주소 E4F3
147,E4F3,17,서브스트림 실행 / 기존 확인 17h 계열 / 서브스트림 복귀,17h 복귀 → DC30
148,DC24~DC26,1E 72 D1,런타임 확인 1Eh 계열 제어토큰,원본 분석표 154번 DC30~DC32 → 현재 DC24~DC26; 인자 72 D1; 다음 본류 DC33
149,DC27~DC2A,04 1F E8 41,기존 확인 04h 계열 / CAA8 슬롯 포인터 설정,원본 분석표 155번 DC33~DC36 → 현재 DC27~DC2A; E81F 포인터를 41h 슬롯에 설정; 다음 본류 DC37
150,DC2B,41,기존 확인 41~50h 계열 / CAA8[0] 슬롯 실행,원본 분석표 156번 DC37 → 현재 DC2B; 슬롯 토큰 41; 다음 본류 DC38
151,DC2C~DC2D,8A 9D,패치 슬롯 0045 | 한글 문자 | 얌,원본 분석표 157번 DC38~DC39=82 A8(お) → 패치 DC2C~DC2D=8A 9D(얌); 번역 05-001/068 · 얌 / 토큰 8A 9D / KANJI E7D0 / 가나다순 458
152,DC2E~DC2F,89 9D,패치 슬롯 0046 | 한글 문자 | 전,원본 분석표 158번 DC3A~DC3B=82 C6(と) → 패치 DC2E~DC2F=89 9D(전); 번역 05-002/068 · 전 / 토큰 89 9D / KANJI E3D0 / 가나다순 287
153,DC30~DC31,89 F7,패치 슬롯 0047 | 한글 문자 | 히,원본 분석표 159번 DC3C~DC3D=82 C8(な) → 패치 DC30~DC31=89 F7(히); 번역 05-003/068 · 히 / 토큰 89 F7 / KANJI E590 / 가나다순 387
154,DC32~DC33,81 40,패치 슬롯 0048 | 전각 공백 | ␠,원본 분석표 160번 DC3E~DC3F=82 B5(し) → 패치 DC32~DC33=81 40(␠); 번역 05-004/068 · ␠ / 토큰 81 40 / PC-88 전각 공백 토큰
155,DC34~DC35,82 D3,패치 슬롯 0049 | 한글 문자 | 내,원본 분석표 161번 DC40~DC41=82 AD(く) → 패치 DC34~DC35=82 D3(내); 번역 05-005/068 · 내 / 토큰 82 D3 / KANJI 2950 / 가나다순 57
156,DC36~DC37,81 40,패치 슬롯 0050 | 전각 공백 | ␠,원본 분석표 162번 DC42~DC43=88 D3(意) → 패치 DC36~DC37=81 40(␠); 번역 05-006/068 · ␠ / 토큰 81 40 / PC-88 전각 공백 토큰
157,DC38~DC39,88 B5,패치 슬롯 0051 | 한글 문자 | 뜻,원본 분석표 163번 DC44~DC45=82 CC(の) → 패치 DC38~DC39=88 B5(뜻); 번역 05-007/068 · 뜻 / 토큰 88 B5 / KANJI 6170 / 가나다순 113
158,DC3A~DC3B,82 EC,패치 슬롯 0052 | 한글 문자 | 대,원본 분석표 164번 DC46~DC47=82 DC(ま) → 패치 DC3A~DC3B=82 EC(대); 번역 05-008/068 · 대 / 토큰 82 EC / KANJI 38E0 / 가나다순 84
159,DC3C~DC3D,88 C5,패치 슬롯 0053 | 한글 문자 | 로,원본 분석표 165번 DC48~DC49=82 DC(ま) → 패치 DC3C~DC3D=88 C5(로); 번역 05-009/068 · 로 / 토큰 88 C5 / KANJI A070 / 가나다순 130
160,DC3E~DC3F,81 40,패치 슬롯 0054 | 전각 공백 | ␠,원본 분석표 166번 DC4A~DC4B=82 C9(に) → 패치 DC3E~DC3F=81 40(␠); 번역 05-010/068 · ␠ / 토큰 81 40 / PC-88 전각 공백 토큰
161,DC40~DC41,8A 68,패치 슬롯 0055 | 한글 문자 | 따,원본 분석표 167번 DC4C~DC4D=82 C8(な) → 패치 DC40~DC41=8A 68(따); 번역 05-011/068 · 따 / 토큰 8A 68 / KANJI A690 / 가나다순 406
162,DC42~DC43,8A 5A,패치 슬롯 0056 | 한글 문자 | 랐,원본 분석표 168번 DC4E~DC4F=82 EA(れ) → 패치 DC42~DC43=8A 5A(랐); 번역 05-012/068 · 랐 / 토큰 8A 5A / KANJI 67B0 / 가나다순 392
163,DC44~DC45,89 88,패치 슬롯 0057 | 한글 문자 | 으,원본 분석표 169번 DC50~DC51=82 CE(ば) → 패치 DC44~DC45=89 88(으); 번역 05-013/068 · 으 / 토큰 89 88 / KANJI E280 / 가나다순 263
164,DC46~DC47,88 DC,패치 슬롯 0058 | 한글 문자 | 면,원본 분석표 170번 DC52~DC53=82 E6(よ) → 패치 DC46~DC47=88 DC(면); 번역 05-014/068 · 면 / 토큰 88 DC / KANJI A1E0 / 가나다순 154
165,DC48~DC49,81 40,패치 슬롯 0059 | 전각 공백 | ␠,원본 분석표 171번 DC54~DC55=82 A2(い) → 패치 DC48~DC49=81 40(␠); 번역 05-015/068 · ␠ / 토큰 81 40 / PC-88 전각 공백 토큰
166,DC4A~DC4B,89 A7,패치 슬롯 0060 | 한글 문자 | 좋,원본 분석표 172번 DC56~DC57=82 E0(も) → 패치 DC4A~DC4B=89 A7(좋); 번역 05-016/068 · 좋 / 토큰 89 A7 / KANJI 6490 / 가나다순 297
167,DC4C~DC4D,89 68,패치 슬롯 0061 | 한글 문자 | 았,원본 분석표 173번 DC58~DC59=82 CC(の) → 패치 DC4C~DC4D=89 68(았); 번역 05-017/068 · 았 / 토큰 89 68 / KANJI A290 / 가나다순 231
168,DC4E~DC4F,89 8A,패치 슬롯 0062 | 한글 문자 | 을,원본 분석표 174번 DC5A~DC5B=82 F0(を) → 패치 DC4E~DC4F=89 8A(을); 번역 05-018/068 · 을 / 토큰 89 8A / KANJI E2A0 / 가나다순 265
169,DC50~DC51,82 AA,패치 슬롯 0063 | 한글 문자 | 것,편집기 추가 행; 번역 05-019/068 · 것 / 토큰 82 AA / KANJI 18C0 / 가나다순 12
170,DC52~DC53,89 8A,패치 슬롯 0064 | 한글 문자 | 을,편집기 추가 행; 번역 05-020/068 · 을 / 토큰 89 8A / KANJI E2A0 / 가나다순 265
171,DC54~DC55,81 41,패치 슬롯 0065 | 문장부호 | 、,편집기 추가 행; 번역 05-021/068 · 、 / 토큰 81 41 / PC-88 전각 쉼표 토큰
172,DC56~DC57,89 8D,패치 슬롯 0066 | 한글 문자 | 이,원본 분석표 176번 DC5E~DC5F=82 B1(こ) → 패치 DC56~DC57=89 8D(이); 번역 05-022/068 · 이 / 토큰 89 8D / KANJI E2D0 / 가나다순 268
173,DC58~DC59,81 40,패치 슬롯 0067 | 전각 공백 | ␠,편집기 추가 행; 번역 05-023/068 · ␠ / 토큰 81 40 / PC-88 전각 공백 토큰
174,DC5A~DC5B,88 DA,패치 슬롯 0068 | 한글 문자 | 메,편집기 추가 행; 번역 05-024/068 · 메 / 토큰 88 DA / KANJI A1C0 / 가나다순 152
175,DC5C~DC5D,82 9F,패치 슬롯 0069 | 한글 문자 | 가,편집기 추가 행; 번역 05-025/068 · 가 / 토큰 82 9F / KANJI 1810 / 가나다순 1
176,DC5E~DC5F,89 56,패치 슬롯 0070 | 한글 문자 | 스,편집기 추가 행; 번역 05-026/068 · 스 / 토큰 89 56 / KANJI 6370 / 가나다순 211
177,DC60~DC61,88 CA,패치 슬롯 0071 | 한글 문자 | 를,원본 분석표 177번 DC60~DC61=82 CC(の) → 패치 DC60~DC61=88 CA(를); 번역 05-027/068 · 를 / 토큰 88 CA / KANJI A0C0 / 가나다순 135
178,DC62~DC63,81 40,패치 슬롯 0072 | 전각 공백 | ␠,원본 분석표 178번 DC62~DC63=83 81(メ) → 패치 DC62~DC63=81 40(␠); 번역 05-028/068 · ␠ / 토큰 81 40 / PC-88 전각 공백 토큰
179,DC64~DC65,82 A6,패치 슬롯 0073 | 한글 문자 | 거,원본 분석표 179번 DC64~DC65=83 4B(ガ) → 패치 DC64~DC65=82 A6(거); 번역 05-029/068 · 거 / 토큰 82 A6 / KANJI 1880 / 가나다순 8
180,DC66~DC67,89 56,패치 슬롯 0074 | 한글 문자 | 스,원본 분석표 180번 DC66~DC67=83 58(ス) → 패치 DC66~DC67=89 56(스); 번역 05-030/068 · 스 / 토큰 89 56 / KANJI 6370 / 가나다순 211
181,DC68~DC69,8A 94,패치 슬롯 0075 | 한글 문자 | 른,원본 분석표 181번 DC68~DC69=82 F0(を) → 패치 DC68~DC69=8A 94(른); 번역 05-031/068 · 른 / 토큰 8A 94 / KANJI E740 / 가나다순 449
182,DC6A~DC6B,81 40,패치 슬롯 0076 | 전각 공백 | ␠,원본 분석표 182번 DC6A~DC6B=8B 91(拒) → 패치 DC6A~DC6B=81 40(␠); 번역 05-032/068 · ␠ / 토큰 81 40 / PC-88 전각 공백 토큰
183,DC6C~DC6D,82 EC,패치 슬롯 0077 | 한글 문자 | 대,원본 분석표 183번 DC6C~DC6D=82 DD(み) → 패치 DC6C~DC6D=82 EC(대); 번역 05-033/068 · 대 / 토큰 82 EC / KANJI 38E0 / 가나다순 84
184,DC6E~DC6F,82 9F,패치 슬롯 0078 | 한글 문자 | 가,원본 분석표 184번 DC6E~DC6F=82 A8(お) → 패치 DC6E~DC6F=82 9F(가); 번역 05-034/068 · 가 / 토큰 82 9F / KANJI 1810 / 가나다순 1
185,DC70~DC71,82 E7,패치 슬롯 0079 | 한글 문자 | 다,원본 분석표 185번 DC70~DC71=82 C1(っ) → 패치 DC70~DC71=82 E7(다); 번역 05-035/068 · 다 / 토큰 82 E7 / KANJI 3890 / 가나다순 78
186,DC72~DC73,81 42,패치 슬롯 0080 | 문장부호 | 。,원본 분석표 186번 DC72~DC73=82 BD(た) → 패치 DC72~DC73=81 42(。); 번역 05-036/068 · 。 / 토큰 81 42 / PC-88 전각 마침표 토큰
187,DC74~DC75,8A C8,패치 슬롯 0081 | 한글 문자 | 허,원본 분석표 190번 DC7A~DC7B=82 BE(だ) → 패치 DC74~DC75=8A C8(허); 번역 05-037/068 · 허 / 토큰 8A C8 / KANJI A8A0 / 가나다순 501
188,DC76~DC77,82 CE,패치 슬롯 0082 | 한글 문자 | 나,원본 분석표 191번 DC7C~DC7D=82 AA(が) → 패치 DC76~DC77=82 CE(나); 번역 05-038/068 · 나 / 토큰 82 CE / KANJI 2900 / 가나다순 52
189,DC78~DC79,81 40,패치 슬롯 0083 | 전각 공백 | ␠,원본 분석표 192번 DC7E~DC7F=82 DC(ま) → 패치 DC78~DC79=81 40(␠); 번역 05-039/068 · ␠ / 토큰 81 40 / PC-88 전각 공백 토큰
190,DC7A~DC7B,89 60,패치 슬롯 0084 | 한글 문자 | 아,원본 분석표 193번 DC80~DC81=82 BE(だ) → 패치 DC7A~DC7B=89 60(아); 번역 05-040/068 · 아 / 토큰 89 60 / KANJI A210 / 가나다순 223
191,DC7C~DC7D,8A 4D,패치 슬롯 0085 | 한글 문자 | 직,원본 분석표 194번 DC82~DC83=8E 80(死) → 패치 DC7C~DC7D=8A 4D(직); 번역 05-041/068 · 직 / 토큰 8A 4D / KANJI 66E0 / 가나다순 310
192,DC7E~DC7F,81 40,패치 슬롯 0086 | 전각 공백 | ␠,원본 분석표 195번 DC84~DC85=82 F1(ん) → 패치 DC7E~DC7F=81 40(␠); 번역 05-042/068 · ␠ / 토큰 81 40 / PC-88 전각 공백 토큰
193,DC80~DC81,89 55,패치 슬롯 0087 | 한글 문자 | 숨,원본 분석표 196번 DC86~DC87=82 C5(で) → 패치 DC80~DC81=89 55(숨); 번역 05-043/068 · 숨 / 토큰 89 55 / KANJI 6360 / 가나다순 210
194,DC82~DC83,89 8A,패치 슬롯 0088 | 한글 문자 | 을,원본 분석표 197번 DC88~DC89=82 CD(は) → 패치 DC82~DC83=89 8A(을); 번역 05-044/068 · 을 / 토큰 89 8A / KANJI E2A0 / 가나다순 265
195,DC84~DC85,81 40,패치 슬롯 0089 | 전각 공백 | ␠,원본 분석표 198번 DC8A~DC8B=82 A8(お) → 패치 DC84~DC85=81 40(␠); 번역 05-045/068 · ␠ / 토큰 81 40 / PC-88 전각 공백 토큰
196,DC86~DC87,89 40,패치 슬롯 0090 | 한글 문자 | 붙,원본 분석표 199번 DC8C~DC8D=82 E7(ら) → 패치 DC86~DC87=89 40(붙); 번역 05-046/068 · 붙 / 토큰 89 40 / KANJI 6210 / 가나다순 188
197,DC88~DC89,89 6C,패치 슬롯 0091 | 한글 문자 | 어,원본 분석표 200번 DC8E~DC8F=82 F1(ん) → 패치 DC88~DC89=89 6C(어); 번역 05-047/068 · 어 / 토큰 89 6C / KANJI A2D0 / 가나다순 235
198,DC8A~DC8B,81 40,패치 슬롯 0092 | 전각 공백 | ␠,원본 분석표 201번 DC90~DC91=81 42(。) → 패치 DC8A~DC8B=81 40(␠); 번역 05-048/068 · ␠ / 토큰 81 40 / PC-88 전각 공백 토큰
199,DC8C~DC8D,89 92,패치 슬롯 0093 | 한글 문자 | 있,원본 분석표 202번 DC92~DC93=8F 95(助) → 패치 DC8C~DC8D=89 92(있); 번역 05-049/068 · 있 / 토큰 89 92 / KANJI E320 / 가나다순 276
200,DC8E~DC8F,89 88,패치 슬롯 0094 | 한글 문자 | 으,원본 분석표 203번 DC94~DC95=82 AF(け) → 패치 DC8E~DC8F=89 88(으); 번역 05-050/068 · 으 / 토큰 89 88 / KANJI E280 / 가나다순 263
201,DC90~DC91,82 E4,패치 슬롯 0095 | 한글 문자 | 니,원본 분석표 204번 DC96~DC97=82 C4(て) → 패치 DC90~DC91=82 E4(니); 번역 05-051/068 · 니 / 토큰 82 E4 / KANJI 3860 / 가나다순 75
202,DC92~DC93,81 41,패치 슬롯 0096 | 문장부호 | 、,원본 분석표 205번 DC98~DC99=97 7E(欲) → 패치 DC92~DC93=81 41(、); 번역 05-052/068 · 、 / 토큰 81 41 / PC-88 전각 쉼표 토큰
203,DC94~DC95,89 45,패치 슬롯 0097 | 한글 문자 | 살,원본 분석표 206번 DC9A~DC9B=82 B5(し) → 패치 DC94~DC95=89 45(살); 번역 05-053/068 · 살 / 토큰 89 45 / KANJI 6260 / 가나다순 193
204,DC96~DC97,88 CC,패치 슬롯 0098 | 한글 문자 | 리,원본 분석표 207번 DC9C~DC9D=82 AD(く) → 패치 DC96~DC97=88 CC(리); 번역 05-054/068 · 리 / 토큰 88 CC / KANJI A0E0 / 가나다순 137
205,DC98~DC99,82 B1,패치 슬롯 0099 | 한글 문자 | 고,원본 분석표 208번 DC9E~DC9F=82 CE(ば) → 패치 DC98~DC99=82 B1(고); 번역 05-055/068 · 고 / 토큰 82 B1 / KANJI 1930 / 가나다순 21
206,DC9A~DC9B,81 40,패치 슬롯 0100 | 전각 공백 | ␠,원본 분석표 209번 DCA0~DCA1=81 41(、) → 패치 DC9A~DC9B=81 40(␠); 번역 05-056/068 · ␠ / 토큰 81 40 / PC-88 전각 공백 토큰
207,DC9C~DC9D,89 5D,패치 슬롯 0101 | 한글 문자 | 싶,원본 분석표 210번 DCA2~DCA3=82 BD(た) → 패치 DC9C~DC9D=89 5D(싶); 번역 05-057/068 · 싶 / 토큰 89 5D / KANJI 63E0 / 가나다순 220
208,DC9E~DC9F,82 E7,패치 슬롯 0102 | 한글 문자 | 다,원본 분석표 211번 DCA4~DCA5=82 BE(だ) → 패치 DC9E~DC9F=82 E7(다); 번역 05-058/068 · 다 / 토큰 82 E7 / KANJI 3890 / 가나다순 78
209,DCA0~DCA1,88 DC,패치 슬롯 0103 | 한글 문자 | 면,원본 분석표 212번 DCA6~DCA7=82 BF(ち) → 패치 DCA0~DCA1=88 DC(면); 번역 05-059/068 · 면 / 토큰 88 DC / KANJI A1E0 / 가나다순 154
210,DCA2~DCA3,81 40,패치 슬롯 0104 | 전각 공백 | ␠,원본 분석표 213번 DCA8~DCA9=82 C9(に) → 패치 DCA2~DCA3=81 40(␠); 번역 05-060/068 · ␠ / 토큰 81 40 / PC-88 전각 공백 토큰
211,DCA4~DCA5,82 EB,패치 슬롯 0105 | 한글 문자 | 당,원본 분석표 214번 DCAA~DCAB=8D 7E(降) → 패치 DCA4~DCA5=82 EB(당); 번역 05-061/068 · 당 / 토큰 82 EB / KANJI 38D0 / 가나다순 83
212,DCA6~DCA7,89 99,패치 슬롯 0106 | 한글 문자 | 장,원본 분석표 215번 DCAC~DCAD=95 9A(伏) → 패치 DCA6~DCA7=89 99(장); 번역 05-062/068 · 장 / 토큰 89 99 / KANJI E390 / 가나다순 283
213,DCA8~DCA9,81 40,패치 슬롯 0107 | 전각 공백 | ␠,원본 분석표 216번 DCAE~DCAF=82 B7(す) → 패치 DCA8~DCA9=81 40(␠); 번역 05-063/068 · ␠ / 토큰 81 40 / PC-88 전각 공백 토큰
214,DCAA~DCAB,89 E7,패치 슬롯 0108 | 한글 문자 | 항,원본 분석표 217번 DCB0~DCB1=82 E9(る) → 패치 DCAA~DCAB=89 E7(항); 번역 05-064/068 · 항 / 토큰 89 E7 / KANJI E490 / 가나다순 368
215,DCAC~DCAD,88 F5,패치 슬롯 0109 | 한글 문자 | 복,원본 분석표 218번 DCB2~DCB3=82 CC(の) → 패치 DCAC~DCAD=88 F5(복); 번역 05-065/068 · 복 / 토큰 88 F5 / KANJI E170 / 가나다순 180
216,DCAE~DCAF,89 E8,패치 슬롯 0110 | 한글 문자 | 해,원본 분석표 219번 DCB4~DCB5=82 BE(だ) → 패치 DCAE~DCAF=89 E8(해); 번역 05-066/068 · 해 / 토큰 89 E8 / KANJI E4A0 / 가나다순 369
217,DCB0~DCB1,88 B6,패치 슬롯 0111 | 한글 문자 | 라,원본 분석표 220번 DCB6~DCB7=81 42(。) → 패치 DCB0~DCB1=88 B6(라); 번역 05-067/068 · 라 / 토큰 88 B6 / KANJI 6180 / 가나다순 114
218,DCB2~DCB3,81 42,패치 슬롯 0112 | 문장부호 | 。,편집기 추가 행; 번역 05-068/068 · 。 / 토큰 81 42 / PC-88 전각 마침표 토큰
219,DCB4,61,기존 확인 61~70h 계열 / CAA8[0] 작업슬롯 비활성화,원본 분석표 221번 DCB8 → 현재 DCB4; 비활성화 토큰 61; 다음 본류 DCB9
220,DCB5~DCB7,16 62 E5,기존 확인 16h 계열 / 서브스트림 호출·전환 → E562,원본 분석표 222번 DCB9~DCBB → 현재 DCB5~DCB7; 16h 호출 → E562; 복귀 주소 DCBC
221,E562~E566,0F 01 0C 05 08,서브스트림 실행 / 기존 확인 0Fh 계열 제어토큰,인자 01 0C 05 08; 다음 주소 E567
222,E567~E569,16 30 E6,서브스트림 실행 / 기존 확인 16h 계열 / 서브스트림 호출·전환 → E630,복귀 주소 E56A
223,E630~E632,1E 3C 08,서브스트림 실행 / 기존 확인 1Eh 계열 / 간접 CALL,호출 대상 083C; 처리 후 다음 주소 E633
224,E633~E638,05 16 86 3A 9E 00,서브스트림 실행 / 기존 확인 05h 계열 / 영역·좌표 상태 설정·전개,처리 후 다음 주소 E639; 내부 16 86 3A는 인자
225,E639~E63D,0E 16 20 24 80,서브스트림 실행 / 기존 확인 0Eh 계열 / 화면·버퍼 초기화·전개,처리 후 다음 주소 E63E; 내부 16 20 24는 인자
226,E63E,17,서브스트림 실행 / 기존 확인 17h 계열 / 서브스트림 복귀,17h 복귀 → E56A
227,E56A~E56C,13 EF E6,서브스트림 실행 / 기존 확인 13h 계열 제어토큰,인자 EF E6; 다음 주소 E56D
228,E56D~E570,14 00 16 22,서브스트림 실행 / 기존 확인 14h 계열 / 버퍼·영역 처리,인자 00 16 22; 다음 주소 E571
229,E571~E574,14 01 3B 00,서브스트림 실행 / 기존 확인 14h 계열 / 버퍼·영역 처리,인자 01 3B 00; 다음 주소 E575
230,E575~E578,04 61 E7 41,서브스트림 실행 / 기존 확인 04h 계열 / CAA8 슬롯 포인터 설정,E761 포인터를 41h 슬롯에 설정; 다음 주소 E579
231,E579~E57C,04 6B E7 42,서브스트림 실행 / 기존 확인 04h 계열 / CAA8 슬롯 포인터 설정,E76B 포인터를 42h 슬롯에 설정; 다음 주소 E57D
232,E57D~E57E,25 2B,서브스트림 실행 / 기존 확인 25h 계열 / CA1D 입 움직임 효과음 인덱스 설정,CA1D=2B; 다음 주소 E57F
233,E57F,17,서브스트림 실행 / 기존 확인 17h 계열 / 서브스트림 복귀,17h 복귀 → DCBC
234,DCB8,41,기존 확인 41~50h 계열 / CAA8[0] 슬롯 실행,원본 분석표 236번 DCBC → 현재 DCB8; 슬롯 토큰 41; 다음 본류 DCBD
235,DCB9,42,기존 확인 41~50h 계열 / CAA8[1] 슬롯 실행,원본 분석표 237번 DCBD → 현재 DCB9; 슬롯 토큰 42; 다음 본류 DCBE
236,DCBA~DCBB,88 E9,패치 슬롯 0113 | 한글 문자 | 바,원본 분석표 238번 DCBE~DCBF=83 94(ヴ) → 패치 DCBA~DCBB=88 E9(바); 번역 06-001/008 · 바 / 토큰 88 E9 / KANJI E0B0 / 가나다순 168
237,DCBC~DCBD,88 CC,패치 슬롯 0114 | 한글 문자 | 리,원본 분석표 239번 DCC0~DCC1=83 40(ァ) → 패치 DCBC~DCBD=88 CC(리); 번역 06-002/008 · 리 / 토큰 88 CC / KANJI A0E0 / 가나다순 137
238,DCBE~DCBF,89 60,패치 슬롯 0115 | 한글 문자 | 아,원본 분석표 240번 DCC2~DCC3=83 8A(リ) → 패치 DCBE~DCBF=89 60(아); 번역 06-003/008 · 아 / 토큰 89 60 / KANJI A210 / 가나다순 223
239,DCC0~DCC1,82 E6,패치 슬롯 0116 | 한글 문자 | 님,원본 분석표 241번 DCC4~DCC5=83 41(ア) → 패치 DCC0~DCC1=82 E6(님); 번역 06-004/008 · 님 / 토큰 82 E6 / KANJI 3880 / 가나다순 77
240,DCC2~DCC3,81 45,패치 슬롯 0117 | 문장부호 | ・,원본 분석표 243번 DCC8~DCC9 → 현재 DCC2~DCC3; 번역 06-005/008 · ・ / 토큰 81 45 / PC-88 가운데점 토큰
241,DCC4~DCC5,81 45,패치 슬롯 0118 | 문장부호 | ・,원본 분석표 244번 DCCA~DCCB → 현재 DCC4~DCC5; 번역 06-006/008 · ・ / 토큰 81 45 / PC-88 가운데점 토큰
242,DCC6~DCC7,81 45,패치 슬롯 0119 | 문장부호 | ・,원본 분석표 245번 DCCC~DCCD → 현재 DCC6~DCC7; 번역 06-007/008 · ・ / 토큰 81 45 / PC-88 가운데점 토큰
243,DCC8~DCC9,81 49,패치 슬롯 0120 | 문장부호 | ！,원본 분석표 246번 DCCE~DCCF → 현재 DCC8~DCC9; 번역 06-008/008 · ！ / 토큰 81 49 / PC-88 전각 느낌표 토큰
244,DCCA,61,기존 확인 61~70h 계열 / CAA8[0] 작업슬롯 비활성화,원본 분석표 247번 DCD0 → 현재 DCCA; 비활성화 토큰 61; 다음 본류 DCD1
245,DCCB,62,기존 확인 61~70h 계열 / CAA8[1] 작업슬롯 비활성화,원본 분석표 248번 DCD1 → 현재 DCCB; 비활성화 토큰 62; 다음 본류 DCD2
246,DCCC~DCCE,16 FF E5,기존 확인 16h 계열 / 서브스트림 호출·전환 → E5FF,원본 분석표 249번 DCD2~DCD4 → 현재 DCCC~DCCE; 16h 호출 → E5FF; 복귀 주소 DCD5
247,E5FF~E603,0F 04 0D 05 0B,서브스트림 실행 / 기존 확인 0Fh 계열 제어토큰,인자 04 0D 05 0B; 다음 주소 E604
248,E604~E606,16 30 E6,서브스트림 실행 / 기존 확인 16h 계열 / 서브스트림 호출·전환 → E630,복귀 주소 E607
249,E630~E632,1E 3C 08,서브스트림 실행 / 기존 확인 1Eh 계열 / 간접 CALL,호출 대상 083C; 처리 후 다음 주소 E633
250,E633~E638,05 16 86 3A 9E 00,서브스트림 실행 / 기존 확인 05h 계열 / 영역·좌표 상태 설정·전개,처리 후 다음 주소 E639; 내부 16 86 3A는 인자
251,E639~E63D,0E 16 20 24 80,서브스트림 실행 / 기존 확인 0Eh 계열 / 화면·버퍼 초기화·전개,처리 후 다음 주소 E63E; 내부 16 20 24는 인자
252,E63E,17,서브스트림 실행 / 기존 확인 17h 계열 / 서브스트림 복귀,17h 복귀 → E607
253,E607~E609,13 CF E6,서브스트림 실행 / 기존 확인 13h 계열 제어토큰,인자 CF E6; 다음 주소 E60A
254,E60A~E60D,14 00 16 22,서브스트림 실행 / 기존 확인 14h 계열 / 버퍼·영역 처리,인자 00 16 22; 다음 주소 E60E
255,E60E~E611,14 01 3B 00,서브스트림 실행 / 기존 확인 14h 계열 / 버퍼·영역 처리,인자 01 3B 00; 다음 주소 E612
256,E612~E615,04 33 E8 41,서브스트림 실행 / 기존 확인 04h 계열 / CAA8 슬롯 포인터 설정,E833 포인터를 41h 슬롯에 설정; 다음 주소 E616
257,E616~E619,04 29 E8 42,서브스트림 실행 / 기존 확인 04h 계열 / CAA8 슬롯 포인터 설정,E829 포인터를 42h 슬롯에 설정; 다음 주소 E61A
258,E61A~E61B,25 2E,서브스트림 실행 / 기존 확인 25h 계열 / CA1D 입 움직임 효과음 인덱스 설정,CA1D=2E; 다음 주소 E61C
259,E61C,17,서브스트림 실행 / 기존 확인 17h 계열 / 서브스트림 복귀,17h 복귀 → DCD5
260,DCCF,41,기존 확인 41~50h 계열 / CAA8[0] 슬롯 실행,원본 분석표 263번 DCD5 → 현재 DCCF; 슬롯 토큰 41; 다음 본류 DCD6
261,DCD0~DCD1,81 45,패치 슬롯 0121 | 문장부호 | ・,원본 분석표 264번 DCD6~DCD7 → 현재 DCD0~DCD1; 번역 07-001/103 · ・ / 토큰 81 45 / PC-88 가운데점 토큰
262,DCD2~DCD3,81 45,패치 슬롯 0122 | 문장부호 | ・,원본 분석표 265번 DCD8~DCD9 → 현재 DCD2~DCD3; 번역 07-002/103 · ・ / 토큰 81 45 / PC-88 가운데점 토큰
263,DCD4~DCD5,81 45,패치 슬롯 0123 | 문장부호 | ・,원본 분석표 266번 DCDA~DCDB → 현재 DCD4~DCD5; 번역 07-003/103 · ・ / 토큰 81 45 / PC-88 가운데점 토큰
264,DCD6~DCD7,81 40,패치 슬롯 0124 | 전각 공백 | ␠,편집기 추가 행; 번역 07-004/103 · ␠ / 토큰 81 40 / PC-88 전각 공백 토큰
265,DCD8~DCD9,89 86,패치 슬롯 0125 | 한글 문자 | 유,원본 분석표 267번 DCDC~DCDD=83 86(ユ) → 패치 DCD8~DCD9=89 86(유); 번역 07-005/103 · 유 / 토큰 89 86 / KANJI E260 / 가나다순 261
266,DCDA~DCDB,89 C5,패치 슬롯 0126 | 한글 문자 | 코,원본 분석표 268번 DCDE~DCDF=81 5B(ー) → 패치 DCDA~DCDB=89 C5(코); 번역 07-006/103 · 코 / 토큰 89 C5 / KANJI A470 / 가나다순 331
267,DCDC~DCDD,81 42,패치 슬롯 0127 | 문장부호 | 。,원본 분석표 270번 DCE2~DCE3 → 현재 DCDC~DCDD; 번역 07-007/103 · 。 / 토큰 81 42 / PC-88 전각 마침표 토큰
268,DCDE~DCDF,89 E7,패치 슬롯 0128 | 한글 문자 | 항,원본 분석표 271번 DCE4~DCE5=8D 7E(降) → 패치 DCDE~DCDF=89 E7(항); 번역 07-008/103 · 항 / 토큰 89 E7 / KANJI E490 / 가나다순 368
269,DCE0~DCE1,88 F5,패치 슬롯 0129 | 한글 문자 | 복,원본 분석표 272번 DCE6~DCE7=95 9A(伏) → 패치 DCE0~DCE1=88 F5(복); 번역 07-009/103 · 복 / 토큰 88 F5 / KANJI E170 / 가나다순 180
270,DCE2~DCE3,89 E8,패치 슬롯 0130 | 한글 문자 | 해,원본 분석표 273번 DCE8~DCE9=82 B5(し) → 패치 DCE2~DCE3=89 E8(해); 번역 07-010/103 · 해 / 토큰 89 E8 / KANJI E4A0 / 가나다순 369
271,DCE4~DCE5,89 49,패치 슬롯 0131 | 한글 문자 | 서,원본 분석표 274번 DCEA~DCEB=82 C4(て) → 패치 DCE4~DCE5=89 49(서); 번역 07-011/103 · 서 / 토큰 89 49 / KANJI 62A0 / 가나다순 197
272,DCE6~DCE7,82 E3,패치 슬롯 0132 | 한글 문자 | 는,원본 분석표 275번 DCEC~DCED=82 CD(は) → 패치 DCE6~DCE7=82 E3(는); 번역 07-012/103 · 는 / 토큰 82 E3 / KANJI 3850 / 가나다순 74
273,DCE8~DCE9,81 40,패치 슬롯 0133 | 전각 공백 | ␠,원본 분석표 276번 DCEE~DCEF=82 C8(な) → 패치 DCE8~DCE9=81 40(␠); 번역 07-013/103 · ␠ / 토큰 81 40 / PC-88 전각 공백 토큰
274,DCEA~DCEB,89 62,패치 슬롯 0134 | 한글 문자 | 안,원본 분석표 277번 DCF0~DCF1=82 E8(り) → 패치 DCEA~DCEB=89 62(안); 번역 07-014/103 · 안 / 토큰 89 62 / KANJI A230 / 가나다순 225
275,DCEC~DCED,81 40,패치 슬롯 0135 | 전각 공백 | ␠,원본 분석표 278번 DCF2~DCF3=82 DC(ま) → 패치 DCEC~DCED=81 40(␠); 번역 07-015/103 · ␠ / 토큰 81 40 / PC-88 전각 공백 토큰
276,DCEE~DCEF,8A BA,패치 슬롯 0136 | 한글 문자 | 돼,원본 분석표 279번 DCF4~DCF5=82 B9(せ) → 패치 DCEE~DCEF=8A BA(돼); 번역 07-016/103 · 돼 / 토큰 8A BA / KANJI 69C0 / 가나다순 487
277,DCF0~DCF1,89 80,패치 슬롯 0137 | 한글 문자 | 요,원본 분석표 280번 DCF6~DCF7=82 F1(ん) → 패치 DCF0~DCF1=89 80(요); 번역 07-017/103 · 요 / 토큰 89 80 / KANJI E200 / 가나다순 255
278,DCF2~DCF3,81 42,패치 슬롯 0138 | 문장부호 | 。,원본 분석표 281번 DCF8~DCF9 → 현재 DCF2~DCF3; 번역 07-018/103 · 。 / 토큰 81 42 / PC-88 전각 마침표 토큰
279,DCF4~DCF5,89 6C,패치 슬롯 0139 | 한글 문자 | 어,원본 분석표 282번 DCFA~DCFB=82 C7(ど) → 패치 DCF4~DCF5=89 6C(어); 번역 07-019/103 · 어 / 토큰 89 6C / KANJI A2D0 / 가나다순 235
280,DCF6~DCF7,89 B7,패치 슬롯 0140 | 한글 문자 | 차,원본 분석표 283번 DCFC~DCFD=82 CC(の) → 패치 DCF6~DCF7=89 B7(차); 번역 07-020/103 · 차 / 토큰 89 B7 / KANJI 6590 / 가나다순 316
281,DCF8~DCF9,89 E0,패치 슬롯 0141 | 한글 문자 | 피,원본 분석표 284번 DCFE~DCFF=93 B9(道) → 패치 DCF8~DCF9=89 E0(피); 번역 07-021/103 · 피 / 토큰 89 E0 / KANJI E420 / 가나다순 360
282,DCFA~DCFB,81 40,패치 슬롯 0142 | 전각 공백 | ␠,원본 분석표 285번 DD00~DD01=81 41(、) → 패치 DCFA~DCFB=81 40(␠); 번역 07-022/103 · ␠ / 토큰 81 40 / PC-88 전각 공백 토큰
283,DCFC~DCFD,89 9B,패치 슬롯 0143 | 한글 문자 | 저,원본 분석표 286번 DD02~DD03=83 8F(ワ) → 패치 DCFC~DCFD=89 9B(저); 번역 07-023/103 · 저 / 토큰 89 9B / KANJI E3B0 / 가나다순 285
284,DCFE~DCFF,82 E3,패치 슬롯 0144 | 한글 문자 | 는,원본 분석표 287번 DD04~DD05=83 5E(タ) → 패치 DCFE~DCFF=82 E3(는); 번역 07-024/103 · 는 / 토큰 82 E3 / KANJI 3850 / 가나다순 74
285,DD00~DD01,81 40,패치 슬롯 0145 | 전각 공백 | ␠,원본 분석표 288번 DD06~DD07=83 56(シ) → 패치 DD00~DD01=81 40(␠); 번역 07-025/103 · ␠ / 토큰 81 40 / PC-88 전각 공백 토큰
286,DD02~DD03,89 8D,패치 슬롯 0146 | 한글 문자 | 이,원본 분석표 289번 DD08~DD09=82 CD(は) → 패치 DD02~DD03=89 8D(이); 번역 07-026/103 · 이 / 토큰 89 8D / KANJI E2D0 / 가나다순 268
287,DD04~DD05,88 E7,패치 슬롯 0147 | 한글 문자 | 미,원본 분석표 290번 DD0A~DD0B=82 E0(も) → 패치 DD04~DD05=88 E7(미); 번역 07-027/103 · 미 / 토큰 88 E7 / KANJI E090 / 가나다순 166
288,DD06~DD07,81 40,패치 슬롯 0148 | 전각 공백 | ␠,원본 분석표 291번 DD0C~DD0D=82 A4(う) → 패치 DD06~DD07=81 40(␠); 번역 07-028/103 · ␠ / 토큰 81 40 / PC-88 전각 공백 토큰
289,DD08~DD09,89 D6,패치 슬롯 0149 | 한글 문자 | 틀,원본 분석표 292번 DD0E~DD0F=8F 95(助) → 패치 DD08~DD09=89 D6(틀); 번역 07-029/103 · 틀 / 토큰 89 D6 / KANJI A580 / 가나다순 350
290,DD0A~DD0B,88 C2,패치 슬롯 0150 | 한글 문자 | 렸,원본 분석표 293번 DD10~DD11=82 A9(か) → 패치 DD0A~DD0B=88 C2(렸); 번역 07-030/103 · 렸 / 토큰 88 C2 / KANJI A040 / 가나다순 127
291,DD0C~DD0D,89 6C,패치 슬롯 0151 | 한글 문자 | 어,원본 분석표 294번 DD12~DD13=82 E8(り) → 패치 DD0C~DD0D=89 6C(어); 번역 07-031/103 · 어 / 토큰 89 6C / KANJI A2D0 / 가나다순 235
292,DD0E~DD0F,89 80,패치 슬롯 0152 | 한글 문자 | 요,원본 분석표 295번 DD14~DD15=82 DC(ま) → 패치 DD0E~DD0F=89 80(요); 번역 07-032/103 · 요 / 토큰 89 80 / KANJI E200 / 가나다순 255
293,DD10~DD11,81 42,패치 슬롯 0153 | 문장부호 | 。,원본 분석표 298번 DD1A~DD1B → 현재 DD10~DD11; 번역 07-033/103 · 。 / 토큰 81 42 / PC-88 전각 마침표 토큰
294,DD12~DD13,82 EB,패치 슬롯 0154 | 한글 문자 | 당,원본 분석표 299번 DD1C~DD1D=82 A0(あ) → 패치 DD12~DD13=82 EB(당); 번역 07-034/103 · 당 / 토큰 82 EB / KANJI 38D0 / 가나다순 83
295,DD14~DD15,89 5B,패치 슬롯 0155 | 한글 문자 | 신,원본 분석표 300번 DD1E~DD1F=82 C8(な) → 패치 DD14~DD15=89 5B(신); 번역 07-035/103 · 신 / 토큰 89 5B / KANJI 63C0 / 가나다순 216
296,DD16~DD17,89 70,패치 슬롯 0156 | 한글 문자 | 에,원본 분석표 301번 DD20~DD21=82 BD(た) → 패치 DD16~DD17=89 70(에); 번역 07-036/103 · 에 / 토큰 89 70 / KANJI A310 / 가나다순 239
297,DD18~DD19,82 AB,패치 슬롯 0157 | 한글 문자 | 게,원본 분석표 302번 DD22~DD23=82 C9(に) → 패치 DD18~DD19=82 AB(게); 번역 07-037/103 · 게 / 토큰 82 AB / KANJI 18D0 / 가나다순 13
298,DD1A~DD1B,82 E3,패치 슬롯 0158 | 한글 문자 | 는,원본 분석표 303번 DD24~DD25=82 CD(は) → 패치 DD1A~DD1B=82 E3(는); 번역 07-038/103 · 는 / 토큰 82 E3 / KANJI 3850 / 가나다순 74
299,DD1C~DD1D,81 40,패치 슬롯 0159 | 전각 공백 | ␠,원본 분석표 304번 DD26~DD27=91 E5(大) → 패치 DD1C~DD1D=81 40(␠); 번역 07-039/103 · ␠ / 토큰 81 40 / PC-88 전각 공백 토큰
300,DD1E~DD1F,8A 44,패치 슬롯 0160 | 한글 문자 | 막,원본 분석표 305번 DD28~DD29=90 D8(切) → 패치 DD1E~DD1F=8A 44(막); 번역 07-040/103 · 막 / 토큰 8A 44 / KANJI 6650 / 가나다순 143
301,DD20~DD21,89 AE,패치 슬롯 0161 | 한글 문자 | 중,원본 분석표 306번 DD2A~DD2B=82 C8(な) → 패치 DD20~DD21=89 AE(중); 번역 07-041/103 · 중 / 토큰 89 AE / KANJI 6500 / 가나다순 304
302,DD22~DD23,89 E4,패치 슬롯 0162 | 한글 문자 | 한,원본 분석표 307번 DD2C~DD2D=8E 67(使) → 패치 DD22~DD23=89 E4(한); 번역 07-042/103 · 한 / 토큰 89 E4 / KANJI E460 / 가나다순 364
303,DD24~DD25,81 40,패치 슬롯 0163 | 전각 공백 | ␠,원본 분석표 308번 DD2E~DD2F=96 BD(命) → 패치 DD24~DD25=81 40(␠); 번역 07-043/103 · ␠ / 토큰 81 40 / PC-88 전각 공백 토큰
304,DD26~DD27,89 43,패치 슬롯 0164 | 한글 문자 | 사,원본 분석표 309번 DD30~DD31=82 AA(が) → 패치 DD26~DD27=89 43(사); 번역 07-044/103 · 사 / 토큰 89 43 / KANJI 6240 / 가나다순 191
305,DD28~DD29,88 DE,패치 슬롯 0165 | 한글 문자 | 명,원본 분석표 310번 DD32~DD33=82 A0(あ) → 패치 DD28~DD29=88 DE(명); 번역 07-045/103 · 명 / 토큰 88 DE / KANJI E000 / 가나다순 156
306,DD2A~DD2B,89 8D,패치 슬롯 0166 | 한글 문자 | 이,원본 분석표 311번 DD34~DD35=82 E8(り) → 패치 DD2A~DD2B=89 8D(이); 번역 07-046/103 · 이 / 토큰 89 8D / KANJI E2D0 / 가나다순 268
307,DD2C~DD2D,81 40,패치 슬롯 0167 | 전각 공백 | ␠,원본 분석표 312번 DD36~DD37=82 DC(ま) → 패치 DD2C~DD2D=81 40(␠); 번역 07-047/103 · ␠ / 토큰 81 40 / PC-88 전각 공백 토큰
308,DD2E~DD2F,89 92,패치 슬롯 0168 | 한글 문자 | 있,원본 분석표 313번 DD38~DD39=82 B7(す) → 패치 DD2E~DD2F=89 92(있); 번역 07-048/103 · 있 / 토큰 89 92 / KANJI E320 / 가나다순 276
309,DD30~DD31,89 6C,패치 슬롯 0169 | 한글 문자 | 어,편집기 추가 행; 번역 07-049/103 · 어 / 토큰 89 6C / KANJI A2D0 / 가나다순 235
310,DD32~DD33,89 80,패치 슬롯 0170 | 한글 문자 | 요,편집기 추가 행; 번역 07-050/103 · 요 / 토큰 89 80 / KANJI E200 / 가나다순 255
311,DD34~DD35,81 42,패치 슬롯 0171 | 문장부호 | 。,원본 분석표 314번 DD3A~DD3B → 현재 DD34~DD35; 번역 07-051/103 · 。 / 토큰 81 42 / PC-88 전각 마침표 토큰
312,DD36~DD37,88 E3,패치 슬롯 0172 | 한글 문자 | 무,원본 분석표 315번 DD3C~DD3D=82 C8(な) → 패치 DD36~DD37=88 E3(무); 번역 07-052/103 · 무 / 토큰 88 E3 / KANJI E050 / 가나다순 161
313,DD38~DD39,8A 74,패치 슬롯 0173 | 한글 문자 | 엇,원본 분석표 316번 DD3E~DD3F=82 C9(に) → 패치 DD38~DD39=8A 74(엇); 번역 07-053/103 · 엇 / 토큰 8A 74 / KANJI A750 / 가나다순 418
314,DD3A~DD3B,88 F4,패치 슬롯 0174 | 한글 문자 | 보,원본 분석표 317번 DD40~DD41=82 E6(よ) → 패치 DD3A~DD3B=88 F4(보); 번역 07-054/103 · 보 / 토큰 88 F4 / KANJI E160 / 가나다순 179
315,DD3C~DD3D,82 E7,패치 슬롯 0175 | 한글 문자 | 다,원본 분석표 318번 DD42~DD43=82 E8(り) → 패치 DD3C~DD3D=82 E7(다); 번역 07-055/103 · 다 / 토큰 82 E7 / KANJI 3890 / 가나다순 78
316,DD3E~DD3F,81 40,패치 슬롯 0176 | 전각 공백 | ␠,원본 분석표 319번 DD44~DD45=82 E0(も) → 패치 DD3E~DD3F=81 40(␠); 번역 07-056/103 · ␠ / 토큰 81 40 / PC-88 전각 공백 토큰
317,DD40~DD41,89 4E,패치 슬롯 0177 | 한글 문자 | 세,원본 분석표 320번 DD46~DD47=90 A2(世) → 패치 DD40~DD41=89 4E(세); 번역 07-057/103 · 세 / 토큰 89 4E / KANJI 62F0 / 가나다순 202
318,DD42~DD43,82 B0,패치 슬롯 0178 | 한글 문자 | 계,원본 분석표 321번 DD48~DD49=8A 45(界) → 패치 DD42~DD43=82 B0(계); 번역 07-058/103 · 계 / 토큰 82 B0 / KANJI 1920 / 가나다순 20
319,DD44~DD45,89 8C,패치 슬롯 0179 | 한글 문자 | 의,원본 분석표 322번 DD4A~DD4B=82 C9(に) → 패치 DD44~DD45=89 8C(의); 번역 07-059/103 · 의 / 토큰 89 8C / KANJI E2C0 / 가나다순 267
320,DD46~DD47,81 40,패치 슬롯 0180 | 전각 공백 | ␠,원본 분석표 323번 DD4C~DD4D=95 BD(平) → 패치 DD46~DD47=81 40(␠); 번역 07-060/103 · ␠ / 토큰 81 40 / PC-88 전각 공백 토큰
321,DD48~DD49,8A C6,패치 슬롯 0181 | 한글 문자 | 평,원본 분석표 324번 DD4E~DD4F=98 61(和) → 패치 DD48~DD49=8A C6(평); 번역 07-061/103 · 평 / 토큰 8A C6 / KANJI A880 / 가나다순 499
322,DD4A~DD4B,8A CA,패치 슬롯 0182 | 한글 문자 | 화,원본 분석표 325번 DD50~DD51=82 F0(を) → 패치 DD4A~DD4B=8A CA(화); 번역 07-062/103 · 화 / 토큰 8A CA / KANJI A8C0 / 가나다순 503
323,DD4C~DD4D,88 CA,패치 슬롯 0183 | 한글 문자 | 를,원본 분석표 326번 DD52~DD53=8E E6(取) → 패치 DD4C~DD4D=88 CA(를); 번역 07-063/103 · 를 / 토큰 88 CA / KANJI A0C0 / 가나다순 135
324,DD4E~DD4F,81 40,패치 슬롯 0184 | 전각 공백 | ␠,원본 분석표 327번 DD54~DD55=82 E8(り) → 패치 DD4E~DD4F=81 40(␠); 번역 07-064/103 · ␠ / 토큰 81 40 / PC-88 전각 공백 토큰
325,DD50~DD51,88 A2,패치 슬롯 0185 | 한글 문자 | 되,원본 분석표 328번 DD56~DD57=96 DF(戻) → 패치 DD50~DD51=88 A2(되); 번역 07-065/103 · 되 / 토큰 88 A2 / KANJI 6040 / 가나다순 93
326,DD52~DD53,8A 58,패치 슬롯 0186 | 한글 문자 | 찾,원본 분석표 329번 DD58~DD59=82 B7(す) → 패치 DD52~DD53=8A 58(찾); 번역 07-066/103 · 찾 / 토큰 8A 58 / KANJI 6790 / 가나다순 390
327,DD54~DD55,82 E3,패치 슬롯 0187 | 한글 문자 | 는,원본 분석표 330번 DD5A~DD5B=82 B1(こ) → 패치 DD54~DD55=82 E3(는); 번역 07-067/103 · 는 / 토큰 82 E3 / KANJI 3850 / 가나다순 74
328,DD56~DD57,81 40,패치 슬롯 0188 | 전각 공백 | ␠,원본 분석표 331번 DD5C~DD5D=82 C6(と) → 패치 DD56~DD57=81 40(␠); 번역 07-068/103 · ␠ / 토큰 81 40 / PC-88 전각 공백 토큰
329,DD58~DD59,82 AA,패치 슬롯 0189 | 한글 문자 | 것,원본 분석표 332번 DD5E~DD5F=82 F0(を) → 패치 DD58~DD59=82 AA(것); 번역 07-069/103 · 것 / 토큰 82 AA / KANJI 18C0 / 가나다순 12
330,DD5A~DD5B,89 8A,패치 슬롯 0190 | 한글 문자 | 을,원본 분석표 333번 DD60~DD61=91 E6(第) → 패치 DD5A~DD5B=89 8A(을); 번역 07-070/103 · 을 / 토큰 89 8A / KANJI E2A0 / 가나다순 265
331,DD5C~DD5D,81 40,패치 슬롯 0191 | 전각 공백 | ␠,원본 분석표 334번 DD62~DD63=88 EA(一) → 패치 DD5C~DD5D=81 40(␠); 번역 07-071/103 · ␠ / 토큰 81 40 / PC-88 전각 공백 토큰
332,DD5E~DD5F,8A BC,패치 슬롯 0192 | 한글 문자 | 먼,원본 분석표 335번 DD64~DD65=82 C9(に) → 패치 DD5E~DD5F=8A BC(먼); 번역 07-072/103 · 먼 / 토큰 8A BC / KANJI 69E0 / 가나다순 489
333,DD60~DD61,89 9B,패치 슬롯 0193 | 한글 문자 | 저,원본 분석표 336번 DD66~DD67=8D 6C(考) → 패치 DD60~DD61=89 9B(저); 번역 07-073/103 · 저 / 토큰 89 9B / KANJI E3B0 / 가나다순 285
334,DD62~DD63,81 40,패치 슬롯 0194 | 전각 공백 | ␠,원본 분석표 337번 DD68~DD69=82 A6(え) → 패치 DD62~DD63=81 40(␠); 번역 07-074/103 · ␠ / 토큰 81 40 / PC-88 전각 공백 토큰
335,DD64~DD65,89 48,패치 슬롯 0195 | 한글 문자 | 생,원본 분석표 338번 DD6A~DD6B=82 C8(な) → 패치 DD64~DD65=89 48(생); 번역 07-075/103 · 생 / 토큰 89 48 / KANJI 6290 / 가나다순 196
336,DD66~DD67,82 A0,패치 슬롯 0196 | 한글 문자 | 각,원본 분석표 339번 DD6C~DD6D=82 B3(さ) → 패치 DD66~DD67=82 A0(각); 번역 07-076/103 · 각 / 토큰 82 A0 / KANJI 1820 / 가나다순 2
337,DD68~DD69,89 E2,패치 슬롯 0197 | 한글 문자 | 하,원본 분석표 340번 DD6E~DD6F=82 A2(い) → 패치 DD68~DD69=89 E2(하); 번역 07-077/103 · 하 / 토큰 89 E2 / KANJI E440 / 가나다순 362
338,DD6A~DD6B,89 4E,패치 슬롯 0198 | 한글 문자 | 세,원본 분석표 341번 DD70~DD71=81 42(。) → 패치 DD6A~DD6B=89 4E(세); 번역 07-078/103 · 세 / 토큰 89 4E / KANJI 62F0 / 가나다순 202
339,DD6C~DD6D,89 80,패치 슬롯 0199 | 한글 문자 | 요,원본 분석표 342번 DD72~DD73=83 8F(ワ) → 패치 DD6C~DD6D=89 80(요); 번역 07-079/103 · 요 / 토큰 89 80 / KANJI E200 / 가나다순 255
340,DD6E~DD6F,81 42,패치 슬롯 0200 | 문장부호 | 。,원본 분석표 343번 DD74~DD75=83 5E(タ) → 패치 DD6E~DD6F=81 42(。); 번역 07-080/103 · 。 / 토큰 81 42 / PC-88 전각 마침표 토큰
341,DD70~DD71,89 9B,패치 슬롯 0201 | 한글 문자 | 저,원본 분석표 344번 DD76~DD77=83 56(シ) → 패치 DD70~DD71=89 9B(저); 번역 07-081/103 · 저 / 토큰 89 9B / KANJI E3B0 / 가나다순 285
342,DD72~DD73,88 CA,패치 슬롯 0202 | 한글 문자 | 를,원본 분석표 345번 DD78~DD79=82 CC(の) → 패치 DD72~DD73=88 CA(를); 번역 07-082/103 · 를 / 토큰 88 CA / KANJI A0C0 / 가나다순 135
343,DD74~DD75,81 40,패치 슬롯 0203 | 전각 공백 | ␠,원본 분석표 346번 DD7A~DD7B=82 B1(こ) → 패치 DD74~DD75=81 40(␠); 번역 07-083/103 · ␠ / 토큰 81 40 / PC-88 전각 공백 토큰
344,DD76~DD77,8A B6,패치 슬롯 0204 | 한글 문자 | 개,원본 분석표 347번 DD7C~DD7D=82 C6(と) → 패치 DD76~DD77=8A B6(개); 번역 07-084/103 · 개 / 토큰 8A B6 / KANJI 6980 / 가나다순 483
345,DD78~DD79,89 8C,패치 슬롯 0205 | 한글 문자 | 의,원본 분석표 348번 DD7E~DD7F=82 CD(は) → 패치 DD78~DD79=89 8C(의); 번역 07-085/103 · 의 / 토큰 89 8C / KANJI E2C0 / 가나다순 267
346,DD7A~DD7B,89 BF,패치 슬롯 0206 | 한글 문자 | 치,원본 분석표 349번 DD80~DD81=82 A9(か) → 패치 DD7A~DD7B=89 BF(치); 번역 07-086/103 · 치 / 토큰 89 BF / KANJI A410 / 가나다순 325
347,DD7C~DD7D,81 40,패치 슬롯 0207 | 전각 공백 | ␠,원본 분석표 350번 DD82~DD83=82 DC(ま) → 패치 DD7C~DD7D=81 40(␠); 번역 07-087/103 · ␠ / 토큰 81 40 / PC-88 전각 공백 토큰
348,DD7E~DD7F,88 D3,패치 슬롯 0208 | 한글 문자 | 말,원본 분석표 351번 DD84~DD85=82 ED(わ) → 패치 DD7E~DD7F=88 D3(말); 번역 07-088/103 · 말 / 토큰 88 D3 / KANJI A150 / 가나다순 145
349,DD80~DD81,82 B1,패치 슬롯 0209 | 한글 문자 | 고,원본 분석표 352번 DD86~DD87=82 B8(ず) → 패치 DD80~DD81=82 B1(고); 번역 07-089/103 · 고 / 토큰 82 B1 / KANJI 1930 / 가나다순 21
350,DD82~DD83,81 41,패치 슬롯 0210 | 문장부호 | 、,원본 분석표 353번 DD88~DD89=82 C9(に) → 패치 DD82~DD83=81 41(、); 번역 07-090/103 · 、 / 토큰 81 41 / PC-88 전각 쉼표 토큰
351,DD84~DD85,88 DA,패치 슬롯 0211 | 한글 문자 | 메,원본 분석표 354번 DD8A~DD8B=81 41(、) → 패치 DD84~DD85=88 DA(메); 번역 07-091/103 · 메 / 토큰 88 DA / KANJI A1C0 / 가나다순 152
352,DD86~DD87,82 9F,패치 슬롯 0212 | 한글 문자 | 가,원본 분석표 355번 DD8C~DD8D=82 B3(さ) → 패치 DD86~DD87=82 9F(가); 번역 07-092/103 · 가 / 토큰 82 9F / KANJI 1810 / 가나다순 1
353,DD88~DD89,89 56,패치 슬롯 0213 | 한글 문자 | 스,원본 분석표 356번 DD8E~DD8F=82 A0(あ) → 패치 DD88~DD89=89 56(스); 번역 07-093/103 · 스 / 토큰 89 56 / KANJI 6370 / 가나다순 211
354,DD8A~DD8B,89 7A,패치 슬롯 0214 | 한글 문자 | 와,원본 분석표 357번 DD90~DD91=81 41(、) → 패치 DD8A~DD8B=89 7A(와); 번역 07-094/103 · 와 / 토큰 89 7A / KANJI A3B0 / 가나다순 250
355,DD8C~DD8D,81 40,패치 슬롯 0215 | 전각 공백 | ␠,원본 분석표 358번 DD92~DD93=83 81(メ) → 패치 DD8C~DD8D=81 40(␠); 번역 07-095/103 · ␠ / 토큰 81 40 / PC-88 전각 공백 토큰
356,DD8E~DD8F,8A 95,패치 슬롯 0216 | 한글 문자 | 맞,원본 분석표 359번 DD94~DD95=83 4B(ガ) → 패치 DD8E~DD8F=8A 95(맞); 번역 07-096/103 · 맞 / 토큰 8A 95 / KANJI E750 / 가나다순 450
357,DD90~DD91,89 49,패치 슬롯 0217 | 한글 문자 | 서,원본 분석표 360번 DD96~DD97=83 58(ス) → 패치 DD90~DD91=89 49(서); 번역 07-097/103 · 서 / 토큰 89 49 / KANJI 62A0 / 가나다순 197
358,DD92~DD93,81 40,패치 슬롯 0218 | 전각 공백 | ␠,원본 분석표 361번 DD98~DD99=82 C6(と) → 패치 DD92~DD93=81 40(␠); 번역 07-098/103 · ␠ / 토큰 81 40 / PC-88 전각 공백 토큰
359,DD94~DD95,89 5E,패치 슬롯 0219 | 한글 문자 | 싸,원본 분석표 362번 DD9A~DD9B=90 ED(戦) → 패치 DD94~DD95=89 5E(싸); 번역 07-099/103 · 싸 / 토큰 89 5E / KANJI 63F0 / 가나다순 221
360,DD96~DD97,89 81,패치 슬롯 0220 | 한글 문자 | 우,원본 분석표 363번 DD9C~DD9D=82 A4(う) → 패치 DD96~DD97=89 81(우); 번역 07-100/103 · 우 / 토큰 89 81 / KANJI E210 / 가나다순 256
361,DD98~DD99,89 4E,패치 슬롯 0221 | 한글 문자 | 세,원본 분석표 364번 DD9E~DD9F=82 CC(の) → 패치 DD98~DD99=89 4E(세); 번역 07-101/103 · 세 / 토큰 89 4E / KANJI 62F0 / 가나다순 202
362,DD9A~DD9B,89 80,패치 슬롯 0222 | 한글 문자 | 요,원본 분석표 365번 DDA0~DDA1=82 C5(で) → 패치 DD9A~DD9B=89 80(요); 번역 07-102/103 · 요 / 토큰 89 80 / KANJI E200 / 가나다순 255
363,DD9C~DD9D,81 49,패치 슬롯 0223 | 문장부호 | ！,원본 분석표 370번 DDAA~DDAB → 현재 DD9C~DD9D; 번역 07-103/103 · ！ / 토큰 81 49 / PC-88 전각 느낌표 토큰
364,DD9E,61,기존 확인 61~70h 계열 / CAA8[0] 작업슬롯 비활성화,원본 분석표 371번 DDAC → 현재 DD9E; 비활성화 토큰 61; 다음 본류 DDAD
365,DD9F~DDA1,16 62 E5,기존 확인 16h 계열 / 서브스트림 호출·전환 → E562,원본 분석표 372번 DDAD~DDAF → 현재 DD9F~DDA1; 16h 호출 → E562; 복귀 주소 DDB0
366,E562~E566,0F 01 0C 05 08,서브스트림 실행 / 기존 확인 0Fh 계열 제어토큰,인자 01 0C 05 08; 다음 주소 E567
367,E567~E569,16 30 E6,서브스트림 실행 / 기존 확인 16h 계열 / 서브스트림 호출·전환 → E630,복귀 주소 E56A
368,E630~E632,1E 3C 08,서브스트림 실행 / 기존 확인 1Eh 계열 / 간접 CALL,호출 대상 083C; 처리 후 다음 주소 E633
369,E633~E638,05 16 86 3A 9E 00,서브스트림 실행 / 기존 확인 05h 계열 / 영역·좌표 상태 설정·전개,처리 후 다음 주소 E639; 내부 16 86 3A는 인자
370,E639~E63D,0E 16 20 24 80,서브스트림 실행 / 기존 확인 0Eh 계열 / 화면·버퍼 초기화·전개,처리 후 다음 주소 E63E; 내부 16 20 24는 인자
371,E63E,17,서브스트림 실행 / 기존 확인 17h 계열 / 서브스트림 복귀,17h 복귀 → E56A
372,E56A~E56C,13 EF E6,서브스트림 실행 / 기존 확인 13h 계열 제어토큰,인자 EF E6; 다음 주소 E56D
373,E56D~E570,14 00 16 22,서브스트림 실행 / 기존 확인 14h 계열 / 버퍼·영역 처리,인자 00 16 22; 다음 주소 E571
374,E571~E574,14 01 3B 00,서브스트림 실행 / 기존 확인 14h 계열 / 버퍼·영역 처리,인자 01 3B 00; 다음 주소 E575
375,E575~E578,04 61 E7 41,서브스트림 실행 / 기존 확인 04h 계열 / CAA8 슬롯 포인터 설정,E761 포인터를 41h 슬롯에 설정; 다음 주소 E579
376,E579~E57C,04 6B E7 42,서브스트림 실행 / 기존 확인 04h 계열 / CAA8 슬롯 포인터 설정,E76B 포인터를 42h 슬롯에 설정; 다음 주소 E57D
377,E57D~E57E,25 2B,서브스트림 실행 / 기존 확인 25h 계열 / CA1D 입 움직임 효과음 인덱스 설정,CA1D=2B; 다음 주소 E57F
378,E57F,17,서브스트림 실행 / 기존 확인 17h 계열 / 서브스트림 복귀,17h 복귀 → DDB0
379,DDA2,41,기존 확인 41~50h 계열 / CAA8[0] 슬롯 실행,원본 분석표 386번 DDB0 → 현재 DDA2; 슬롯 토큰 41; 다음 본류 DDB1
380,DDA3,42,기존 확인 41~50h 계열 / CAA8[1] 슬롯 실행,원본 분석표 387번 DDB1 → 현재 DDA3; 슬롯 토큰 42; 다음 본류 DDB2
381,DDA4~DDA5,89 E2,패치 슬롯 0224 | 한글 문자 | 하,원본 분석표 388번 DDB2~DDB3=82 C5(で) → 패치 DDA4~DDA5=89 E2(하); 번역 08-001/009 · 하 / 토큰 89 E2 / KANJI E440 / 가나다순 362
382,DDA6~DDA7,89 B3,패치 슬롯 0225 | 한글 문자 | 지,원본 분석표 389번 DDB4~DDB5=82 E0(も) → 패치 DDA6~DDA7=89 B3(지); 번역 08-002/009 · 지 / 토큰 89 B3 / KANJI 6550 / 가나다순 309
383,DDA8~DDA9,88 D2,패치 슬롯 0226 | 한글 문자 | 만,원본 분석표 390번 DDB6~DDB7=81 41(、) → 패치 DDA8~DDA9=88 D2(만); 번역 08-003/009 · 만 / 토큰 88 D2 / KANJI A140 / 가나다순 144
384,DDAA~DDAB,81 41,패치 슬롯 0227 | 문장부호 | 、,원본 분석표 391번 DDB8~DDB9=83 94(ヴ) → 패치 DDAA~DDAB=81 41(、); 번역 08-004/009 · 、 / 토큰 81 41 / PC-88 전각 쉼표 토큰
385,DDAC~DDAD,88 E9,패치 슬롯 0228 | 한글 문자 | 바,원본 분석표 392번 DDBA~DDBB=83 40(ァ) → 패치 DDAC~DDAD=88 E9(바); 번역 08-005/009 · 바 / 토큰 88 E9 / KANJI E0B0 / 가나다순 168
386,DDAE~DDAF,88 CC,패치 슬롯 0229 | 한글 문자 | 리,원본 분석표 393번 DDBC~DDBD=83 8A(リ) → 패치 DDAE~DDAF=88 CC(리); 번역 08-006/009 · 리 / 토큰 88 CC / KANJI A0E0 / 가나다순 137
387,DDB0~DDB1,89 60,패치 슬롯 0230 | 한글 문자 | 아,원본 분석표 394번 DDBE~DDBF=83 41(ア) → 패치 DDB0~DDB1=89 60(아); 번역 08-007/009 · 아 / 토큰 89 60 / KANJI A210 / 가나다순 223
388,DDB2~DDB3,82 E6,패치 슬롯 0231 | 한글 문자 | 님,원본 분석표 395번 DDC0~DDC1=97 6C(様) → 패치 DDB2~DDB3=82 E6(님); 번역 08-008/009 · 님 / 토큰 82 E6 / KANJI 3880 / 가나다순 77
389,DDB4~DDB5,81 49,패치 슬롯 0232 | 문장부호 | ！,원본 분석표 396번 DDC2~DDC3 → 현재 DDB4~DDB5; 번역 08-009/009 · ！ / 토큰 81 49 / PC-88 전각 느낌표 토큰
390,DDB6,61,기존 확인 61~70h 계열 / CAA8[0] 작업슬롯 비활성화,원본 분석표 397번 DDC4 → 현재 DDB6; 비활성화 토큰 61; 다음 본류 DDC5
391,DDB7,62,기존 확인 61~70h 계열 / CAA8[1] 작업슬롯 비활성화,원본 분석표 398번 DDC5 → 현재 DDB7; 비활성화 토큰 62; 다음 본류 DDC6
392,DDB8~DDBA,16 F4 E4,기존 확인 16h 계열 / 서브스트림 호출·전환 → E4F4,원본 분석표 399번 DDC6~DDC8 → 현재 DDB8~DDBA; 16h 호출 → E4F4; 복귀 주소 DDC9
393,E4F4~E4F8,0F 02 1A 04 0D,서브스트림 실행 / 기존 확인 0Fh 계열 제어토큰,인자 02 1A 04 0D; 다음 주소 E4F9
394,E4F9~E4FB,16 30 E6,서브스트림 실행 / 기존 확인 16h 계열 / 서브스트림 호출·전환 → E630,복귀 주소 E4FC
395,E630~E632,1E 3C 08,서브스트림 실행 / 기존 확인 1Eh 계열 / 간접 CALL,호출 대상 083C; 처리 후 다음 주소 E633
396,E633~E638,05 16 86 3A 9E 00,서브스트림 실행 / 기존 확인 05h 계열 / 영역·좌표 상태 설정·전개,처리 후 다음 주소 E639; 내부 16 86 3A는 인자
397,E639~E63D,0E 16 20 24 80,서브스트림 실행 / 기존 확인 0Eh 계열 / 화면·버퍼 초기화·전개,처리 후 다음 주소 E63E; 내부 16 20 24는 인자
398,E63E,17,서브스트림 실행 / 기존 확인 17h 계열 / 서브스트림 복귀,17h 복귀 → E4FC
399,E4FC~E4FE,13 1F E7,서브스트림 실행 / 기존 확인 13h 계열 제어토큰,인자 1F E7; 다음 주소 E4FF
400,E4FF~E502,14 00 16 22,서브스트림 실행 / 기존 확인 14h 계열 / 버퍼·영역 처리,인자 00 16 22; 다음 주소 E503
401,E503~E506,14 01 3B 00,서브스트림 실행 / 기존 확인 14h 계열 / 버퍼·영역 처리,인자 01 3B 00; 다음 주소 E507
402,E507~E50A,04 E3 E7 41,서브스트림 실행 / 기존 확인 04h 계열 / CAA8 슬롯 포인터 설정,E7E3 포인터를 41h 슬롯에 설정; 다음 주소 E50B
403,E50B~E50E,04 ED E7 42,서브스트림 실행 / 기존 확인 04h 계열 / CAA8 슬롯 포인터 설정,E7ED 포인터를 42h 슬롯에 설정; 다음 주소 E50F
404,E50F~E512,04 F7 E7 44,서브스트림 실행 / 기존 확인 04h 계열 / CAA8 슬롯 포인터 설정,E7F7 포인터를 44h 슬롯에 설정; 다음 주소 E513
405,E513~E516,04 15 E8 43,서브스트림 실행 / 기존 확인 04h 계열 / CAA8 슬롯 포인터 설정,E815 포인터를 43h 슬롯에 설정; 다음 주소 E517
406,E517~E51A,04 01 E8 45,서브스트림 실행 / 기존 확인 04h 계열 / CAA8 슬롯 포인터 설정,E801 포인터를 45h 슬롯에 설정; 다음 주소 E51B
407,E51B~E51E,04 0B E8 46,서브스트림 실행 / 기존 확인 04h 계열 / CAA8 슬롯 포인터 설정,E80B 포인터를 46h 슬롯에 설정; 다음 주소 E51F
408,E51F~E520,25 2D,서브스트림 실행 / 기존 확인 25h 계열 / CA1D 입 움직임 효과음 인덱스 설정,CA1D=2D; 다음 주소 E521
409,E521,17,서브스트림 실행 / 기존 확인 17h 계열 / 서브스트림 복귀,17h 복귀 → DDC9
410,DDBB,41,기존 확인 41~50h 계열 / CAA8[0] 슬롯 실행,원본 분석표 417번 DDC9 → 현재 DDBB; 슬롯 토큰 41; 다음 본류 DDCA
411,DDBC~DDBD,8A 46,패치 슬롯 0233 | 한글 문자 | 순,원본 분석표 418번 DDCA~DDCB=82 AF(け) → 패치 DDBC~DDBD=8A 46(순); 번역 09-001/110 · 순 / 토큰 8A 46 / KANJI 6670 / 가나다순 209
412,DDBE~DDBF,89 B4,패치 슬롯 0234 | 한글 문자 | 진,원본 분석표 419번 DDCC~DDCD=82 AA(が) → 패치 DDBE~DDBF=89 B4(진); 번역 09-002/110 · 진 / 토큰 89 B4 / KANJI 6560 / 가나다순 311
413,DDC0~DDC1,89 E4,패치 슬롯 0235 | 한글 문자 | 한,원본 분석표 420번 DDCE~DDCF=82 EA(れ) → 패치 DDC0~DDC1=89 E4(한); 번역 09-003/110 · 한 / 토큰 89 E4 / KANJI E460 / 가나다순 364
414,DDC2~DDC3,81 40,패치 슬롯 0236 | 전각 공백 | ␠,원본 분석표 421번 DDD0~DDD1=82 F0(を) → 패치 DDC2~DDC3=81 40(␠); 번역 09-004/110 · ␠ / 토큰 81 40 / PC-88 전각 공백 토큰
415,DDC4~DDC5,89 50,패치 슬롯 0237 | 한글 문자 | 소,원본 분석표 422번 DDD2~DDD3=92 6D(知) → 패치 DDC4~DDC5=89 50(소); 번역 09-005/110 · 소 / 토큰 89 50 / KANJI 6310 / 가나다순 204
416,DDC6~DDC7,82 DA,패치 슬롯 0238 | 한글 문자 | 녀,원본 분석표 423번 DDD4~DDD5=82 E7(ら) → 패치 DDC6~DDC7=82 DA(녀); 번역 09-006/110 · 녀 / 토큰 82 DA / KANJI 29C0 / 가나다순 65
417,DDC8~DDC9,89 72,패치 슬롯 0239 | 한글 문자 | 여,원본 분석표 424번 DDD6~DDD7=82 CA(ぬ) → 패치 DDC8~DDC9=89 72(여); 번역 09-007/110 · 여 / 토큰 89 72 / KANJI A330 / 가나다순 241
418,DDCA~DDCB,81 41,패치 슬롯 0240 | 문장부호 | 、,원본 분석표 425번 DDD8~DDD9=89 B3(乙) → 패치 DDCA~DDCB=81 41(、); 번역 09-008/110 · 、 / 토큰 81 41 / PC-88 전각 쉼표 토큰
419,DDCC~DDCD,88 D1,패치 슬롯 0241 | 한글 문자 | 마,원본 분석표 426번 DDDA~DDDB=8F 97(女) → 패치 DDCC~DDCD=88 D1(마); 번역 09-009/110 · 마 / 토큰 88 D1 / KANJI A130 / 가나다순 142
420,DDCE~DDCF,89 8B,패치 슬롯 0242 | 한글 문자 | 음,원본 분석표 427번 DDDC~DDDD=82 E6(よ) → 패치 DDCE~DDCF=89 8B(음); 번역 09-010/110 · 음 / 토큰 89 8B / KANJI E2B0 / 가나다순 266
421,DDD0~DDD1,89 8D,패치 슬롯 0243 | 한글 문자 | 이,원본 분석표 428번 DDDE~DDDF=81 41(、) → 패치 DDD0~DDD1=89 8D(이); 번역 09-011/110 · 이 / 토큰 89 8D / KANJI E2D0 / 가나다순 268
422,DDD2~DDD3,81 40,패치 슬롯 0244 | 전각 공백 | ␠,원본 분석표 429번 DDE0~DDE1=90 53(心) → 패치 DDD2~DDD3=81 40(␠); 번역 09-012/110 · ␠ / 토큰 81 40 / PC-88 전각 공백 토큰
423,DDD4~DDD5,89 60,패치 슬롯 0245 | 한글 문자 | 아,원본 분석표 430번 DDE2~DDE3=82 AA(が) → 패치 DDD4~DDD5=89 60(아); 번역 09-013/110 · 아 / 토큰 89 60 / KANJI A210 / 가나다순 223
424,DDD6~DDD7,8A C7,패치 슬롯 0246 | 한글 문자 | 픈,원본 분석표 431번 DDE4~DDE5=92 C9(痛) → 패치 DDD6~DDD7=8A C7(픈); 번역 09-014/110 · 픈 / 토큰 8A C7 / KANJI A890 / 가나다순 500
425,DDD8~DDD9,82 9F,패치 슬롯 0247 | 한글 문자 | 가,원본 분석표 432번 DDE6~DDE7=82 DE(む) → 패치 DDD8~DDD9=82 9F(가); 번역 09-015/110 · 가 / 토큰 82 9F / KANJI 1810 / 가나다순 1
426,DDDA~DDDB,81 48,패치 슬롯 0248 | 문장부호 | ？,원본 분석표 433번 DDE8~DDE9=82 A9(か) → 패치 DDDA~DDDB=81 48(？); 번역 09-016/110 · ？ / 토큰 81 48 / PC-88 전각 물음표 토큰
427,DDDC~DDDD,81 40,패치 슬롯 0249 | 전각 공백 | ␠,원본 분석표 435번 DDEC~DDED → 현재 DDDC~DDDD; 번역 09-017/110 · ␠ / 토큰 81 40 / PC-88 전각 공백 토큰
428,DDDE~DDDF,88 E9,패치 슬롯 0250 | 한글 문자 | 바,원본 분석표 436번 DDEE~DDEF=83 94(ヴ) → 패치 DDDE~DDDF=88 E9(바); 번역 09-018/110 · 바 / 토큰 88 E9 / KANJI E0B0 / 가나다순 168
429,DDE0~DDE1,88 CC,패치 슬롯 0251 | 한글 문자 | 리,원본 분석표 437번 DDF0~DDF1=83 40(ァ) → 패치 DDE0~DDE1=88 CC(리); 번역 09-019/110 · 리 / 토큰 88 CC / KANJI A0E0 / 가나다순 137
430,DDE2~DDE3,89 60,패치 슬롯 0252 | 한글 문자 | 아,원본 분석표 438번 DDF2~DDF3=83 8A(リ) → 패치 DDE2~DDE3=89 60(아); 번역 09-020/110 · 아 / 토큰 89 60 / KANJI A210 / 가나다순 223
431,DDE4~DDE5,89 8C,패치 슬롯 0253 | 한글 문자 | 의,원본 분석표 439번 DDF4~DDF5=83 41(ア) → 패치 DDE4~DDE5=89 8C(의); 번역 09-021/110 · 의 / 토큰 89 8C / KANJI E2C0 / 가나다순 267
432,DDE6~DDE7,81 40,패치 슬롯 0254 | 전각 공백 | ␠,원본 분석표 440번 DDF6~DDF7=82 CC(の) → 패치 DDE6~DDE7=81 40(␠); 번역 09-022/110 · ␠ / 토큰 81 40 / PC-88 전각 공백 토큰
433,DDE8~DDE9,88 D3,패치 슬롯 0255 | 한글 문자 | 말,원본 분석표 441번 DDF8~DDF9=8C BE(言) → 패치 DDE8~DDE9=88 D3(말); 번역 09-023/110 · 말 / 토큰 88 D3 / KANJI A150 / 가나다순 145
434,DDEA~DDEB,89 70,패치 슬롯 0256 | 한글 문자 | 에,원본 분석표 442번 DDFA~DDFB=97 74(葉) → 패치 DDEA~DDEB=89 70(에); 번역 09-024/110 · 에 / 토큰 89 70 / KANJI A310 / 가나다순 239
435,DDEC~DDED,81 40,패치 슬롯 0257 | 전각 공백 | ␠,원본 분석표 443번 DDFC~DDFD=82 C9(に) → 패치 DDEC~DDED=81 40(␠); 번역 09-025/110 · ␠ / 토큰 81 40 / PC-88 전각 공백 토큰
436,DDEE~DDEF,82 E0,패치 슬롯 0258 | 한글 문자 | 눈,원본 분석표 444번 DDFE~DDFF=83 71(ヒ) → 패치 DDEE~DDEF=82 E0(눈); 번역 09-026/110 · 눈 / 토큰 82 E0 / KANJI 3820 / 가나다순 71
437,DDF0~DDF1,89 5A,패치 슬롯 0259 | 한글 문자 | 시,원본 분석표 445번 DE00~DE01=83 67(ト) → 패치 DDF0~DDF1=89 5A(시); 번역 09-027/110 · 시 / 토큰 89 5A / KANJI 63B0 / 가나다순 215
438,DDF2~DDF3,8A C2,패치 슬롯 0260 | 한글 문자 | 울,원본 분석표 446번 DE02~DE03=83 7E(ミ) → 패치 DDF2~DDF3=8A C2(울); 번역 09-028/110 · 울 / 토큰 8A C2 / KANJI A840 / 가나다순 495
439,DDF4~DDF5,89 8D,패치 슬롯 0261 | 한글 문자 | 이,원본 분석표 447번 DE04~DE05=82 AA(が) → 패치 DDF4~DDF5=89 8D(이); 번역 09-029/110 · 이 / 토큰 89 8D / KANJI E2D0 / 가나다순 268
440,DDF6~DDF7,81 40,패치 슬롯 0262 | 전각 공백 | ␠,원본 분석표 448번 DE06~DE07=82 A4(う) → 패치 DDF6~DDF7=81 40(␠); 번역 09-030/110 · ␠ / 토큰 81 40 / PC-88 전각 공백 토큰
441,DDF8~DDF9,8A C0,패치 슬롯 0263 | 한글 문자 | 붉,원본 분석표 449번 DE08~DE09=82 E9(る) → 패치 DDF8~DDF9=8A C0(붉); 번역 09-031/110 · 붉 / 토큰 8A C0 / KANJI A820 / 가나다순 493
442,DDFA~DDFB,89 6C,패치 슬롯 0264 | 한글 문자 | 어,원본 분석표 450번 DE0A~DE0B=82 DE(む) → 패치 DDFA~DDFB=89 6C(어); 번역 09-032/110 · 어 / 토큰 89 6C / KANJI A2D0 / 가나다순 235
443,DDFC~DDFD,89 B3,패치 슬롯 0265 | 한글 문자 | 지,원본 분석표 451번 DE0C~DE0D=82 A9(か) → 패치 DDFC~DDFD=89 B3(지); 번역 09-033/110 · 지 / 토큰 89 B3 / KANJI 6550 / 가나다순 309
444,DDFE~DDFF,82 E2,패치 슬롯 0266 | 한글 문자 | 느,편집기 추가 행; 번역 09-034/110 · 느 / 토큰 82 E2 / KANJI 3840 / 가나다순 73
445,DE00~DE01,82 D5,패치 슬롯 0267 | 한글 문자 | 냐,편집기 추가 행; 번역 09-035/110 · 냐 / 토큰 82 D5 / KANJI 2970 / 가나다순 59
446,DE02~DE03,81 48,패치 슬롯 0268 | 문장부호 | ？,원본 분석표 452번 DE0E~DE0F → 현재 DE02~DE03; 번역 09-036/110 · ？ / 토큰 81 48 / PC-88 전각 물음표 토큰
447,DE04~DE05,89 43,패치 슬롯 0269 | 한글 문자 | 사,원본 분석표 454번 DE12~DE13=82 C8(な) → 패치 DE04~DE05=89 43(사); 번역 09-037/110 · 사 / 토큰 89 43 / KANJI 6240 / 가나다순 191
448,DE06~DE07,8A 6B,패치 슬롯 0270 | 한글 문자 | 랑,원본 분석표 455번 DE14~DE15=82 F1(ん) → 패치 DE06~DE07=8A 6B(랑); 번역 09-038/110 · 랑 / 토큰 8A 6B / KANJI A6C0 / 가나다순 409
449,DE08~DE09,89 8D,패치 슬롯 0271 | 한글 문자 | 이,원본 분석표 456번 DE16~DE17=82 C6(と) → 패치 DE08~DE09=89 8D(이); 번역 09-039/110 · 이 / 토큰 89 8D / KANJI E2D0 / 가나다순 268
450,DE0A~DE0B,88 B7,패치 슬롯 0272 | 한글 문자 | 란,원본 분석표 457번 DE18~DE19=88 A4(愛) → 패치 DE0A~DE0B=88 B7(란); 번역 09-040/110 · 란 / 토큰 88 B7 / KANJI 6190 / 가나다순 115
451,DE0C~DE0D,81 40,패치 슬롯 0273 | 전각 공백 | ␠,원본 분석표 458번 DE1A~DE1B=82 C6(と) → 패치 DE0C~DE0D=81 40(␠); 번역 09-041/110 · ␠ / 토큰 81 40 / PC-88 전각 공백 토큰
452,DE0E~DE0F,8A 7C,패치 슬롯 0274 | 한글 문자 | 참,원본 분석표 459번 DE1C~DE1D=82 CD(は) → 패치 DE0E~DE0F=8A 7C(참); 번역 09-042/110 · 참 / 토큰 8A 7C / KANJI A7D0 / 가나다순 426
453,DE10~DE11,81 40,패치 슬롯 0275 | 전각 공백 | ␠,원본 분석표 462번 DE22~DE23=82 C8(な) → 패치 DE10~DE11=81 40(␠); 번역 09-043/110 · ␠ / 토큰 81 40 / PC-88 전각 공백 토큰
454,DE12~DE13,89 6C,패치 슬롯 0276 | 한글 문자 | 어,원본 분석표 463번 DE24~DE25=8A B4(感) → 패치 DE12~DE13=89 6C(어); 번역 09-044/110 · 어 / 토큰 89 6C / KANJI A2D0 / 가나다순 235
455,DE14~DE15,88 CC,패치 슬롯 0277 | 한글 문자 | 리,원본 분석표 464번 DE26~DE27=8F EE(情) → 패치 DE14~DE15=88 CC(리); 번역 09-045/110 · 리 / 토큰 88 CC / KANJI A0E0 / 가나다순 137
456,DE16~DE17,89 4A,패치 슬롯 0278 | 한글 문자 | 석,원본 분석표 465번 DE28~DE29=81 42(。) → 패치 DE16~DE17=89 4A(석); 번역 09-046/110 · 석 / 토큰 89 4A / KANJI 62B0 / 가나다순 198
457,DE18~DE19,89 89,패치 슬롯 0279 | 한글 문자 | 은,원본 분석표 466번 DE2A~DE2B=8C C8(己) → 패치 DE18~DE19=89 89(은); 번역 09-047/110 · 은 / 토큰 89 89 / KANJI E290 / 가나다순 264
458,DE1A~DE1B,81 40,패치 슬롯 0280 | 전각 공백 | ␠,원본 분석표 467번 DE2C~DE2D=82 EA(れ) → 패치 DE1A~DE1B=81 40(␠); 번역 09-048/110 · ␠ / 토큰 81 40 / PC-88 전각 공백 토큰
459,DE1C~DE1D,82 A3,패치 슬롯 0281 | 한글 문자 | 감,원본 분석표 468번 DE2E~DE2F=82 F0(を) → 패치 DE1C~DE1D=82 A3(감); 번역 09-049/110 · 감 / 토큰 82 A3 / KANJI 1850 / 가나다순 5
460,DE1E~DE1F,89 A0,패치 슬롯 0282 | 한글 문자 | 정,원본 분석표 469번 DE30~DE31=8B 5D(犠) → 패치 DE1E~DE1F=89 A0(정); 번역 09-050/110 · 정 / 토큰 89 A0 / KANJI 6420 / 가나다순 290
461,DE20~DE21,89 8D,패치 슬롯 0283 | 한글 문자 | 이,원본 분석표 470번 DE32~DE33=90 B5(牲) → 패치 DE20~DE21=89 8D(이); 번역 09-051/110 · 이 / 토큰 89 8D / KANJI E2D0 / 가나다순 268
462,DE22~DE23,82 E7,패치 슬롯 0284 | 한글 문자 | 다,원본 분석표 471번 DE34~DE35=82 C9(に) → 패치 DE22~DE23=82 E7(다); 번역 09-052/110 · 다 / 토큰 82 E7 / KANJI 3890 / 가나다순 78
463,DE24~DE25,81 42,패치 슬롯 0285 | 문장부호 | 。,원본 분석표 474번 DE3A~DE3B=82 A4(う) → 패치 DE24~DE25=81 42(。); 번역 09-053/110 · 。 / 토큰 81 42 / PC-88 전각 마침표 토큰
464,DE26~DE27,89 93,패치 슬롯 0286 | 한글 문자 | 자,원본 분석표 475번 DE3C~DE3D=82 C6(と) → 패치 DE26~DE27=89 93(자); 번역 09-054/110 · 자 / 토큰 89 93 / KANJI E330 / 가나다순 277
465,DE28~DE29,89 5B,패치 슬롯 0287 | 한글 문자 | 신,원본 분석표 476번 DE3E~DE3F=82 B7(す) → 패치 DE28~DE29=89 5B(신); 번역 09-055/110 · 신 / 토큰 89 5B / KANJI 63C0 / 가나다순 216
466,DE2A~DE2B,89 8A,패치 슬롯 0288 | 한글 문자 | 을,원본 분석표 477번 DE40~DE41=82 E9(る) → 패치 DE2A~DE2B=89 8A(을); 번역 09-056/110 · 을 / 토큰 89 8A / KANJI E2A0 / 가나다순 265
467,DE2C~DE2D,81 40,패치 슬롯 0289 | 전각 공백 | ␠,원본 분석표 478번 DE42~DE43=90 53(心) → 패치 DE2C~DE2D=81 40(␠); 번역 09-057/110 · ␠ / 토큰 81 40 / PC-88 전각 공백 토큰
468,DE2E~DE2F,89 F6,패치 슬롯 0290 | 한글 문자 | 희,원본 분석표 479번 DE44~DE45=82 AA(が) → 패치 DE2E~DE2F=89 F6(희); 번역 09-058/110 · 희 / 토큰 89 F6 / KANJI E580 / 가나다순 386
469,DE30~DE31,89 48,패치 슬롯 0291 | 한글 문자 | 생,원본 분석표 480번 DE46~DE47=81 41(、) → 패치 DE30~DE31=89 48(생); 번역 09-059/110 · 생 / 토큰 89 48 / KANJI 6290 / 가나다순 196
470,DE32~DE33,89 E2,패치 슬롯 0292 | 한글 문자 | 하,원본 분석표 481번 DE48~DE49=82 A9(か) → 패치 DE32~DE33=89 E2(하); 번역 09-060/110 · 하 / 토큰 89 E2 / KANJI E440 / 가나다순 362
471,DE34~DE35,82 AC,패치 슬롯 0293 | 한글 문자 | 겠,원본 분석표 482번 DE4A~DE4B=82 A6(え) → 패치 DE34~DE35=82 AC(겠); 번역 09-061/110 · 겠 / 토큰 82 AC / KANJI 18E0 / 가나다순 14
472,DE36~DE37,82 E7,패치 슬롯 0294 | 한글 문자 | 다,원본 분석표 483번 DE4C~DE4D=82 C1(っ) → 패치 DE36~DE37=82 E7(다); 번역 09-062/110 · 다 / 토큰 82 E7 / KANJI 3890 / 가나다순 78
473,DE38~DE39,82 E3,패치 슬롯 0295 | 한글 문자 | 는,원본 분석표 484번 DE4E~DE4F=82 C4(て) → 패치 DE38~DE39=82 E3(는); 번역 09-063/110 · 는 / 토큰 82 E3 / KANJI 3850 / 가나다순 74
474,DE3A~DE3B,81 40,패치 슬롯 0296 | 전각 공백 | ␠,원본 분석표 485번 DE50~DE51=97 46(友) → 패치 DE3A~DE3B=81 40(␠); 번역 09-064/110 · ␠ / 토큰 81 40 / PC-88 전각 공백 토큰
475,DE3C~DE3D,88 D1,패치 슬롯 0297 | 한글 문자 | 마,원본 분석표 486번 DE52~DE53=82 F0(を) → 패치 DE3C~DE3D=88 D1(마); 번역 09-065/110 · 마 / 토큰 88 D1 / KANJI A130 / 가나다순 142
476,DE3E~DE3F,89 8B,패치 슬롯 0298 | 한글 문자 | 음,원본 분석표 487번 DE54~DE55=8A EB(危) → 패치 DE3E~DE3F=89 8B(음); 번역 09-066/110 · 음 / 토큰 89 8B / KANJI E2B0 / 가나다순 266
477,DE40~DE41,89 8D,패치 슬롯 0299 | 한글 문자 | 이,원본 분석표 488번 DE56~DE57=8C AF(険) → 패치 DE40~DE41=89 8D(이); 번역 09-067/110 · 이 / 토큰 89 8D / KANJI E2D0 / 가나다순 268
478,DE42~DE43,81 40,패치 슬롯 0300 | 전각 공백 | ␠,원본 분석표 489번 DE58~DE59=82 C9(に) → 패치 DE42~DE43=81 40(␠); 번역 09-068/110 · ␠ / 토큰 81 40 / PC-88 전각 공백 토큰
479,DE44~DE45,82 F1,패치 슬롯 0301 | 한글 문자 | 도,원본 분석표 490번 DE5A~DE5B=8B EC(駆) → 패치 DE44~DE45=82 F1(도); 번역 09-069/110 · 도 / 토큰 82 F1 / KANJI 3930 / 가나다순 89
480,DE46~DE47,88 CC,패치 슬롯 0302 | 한글 문자 | 리,원본 분석표 491번 DE5C~DE5D=82 E8(り) → 패치 DE46~DE47=88 CC(리); 번역 09-070/110 · 리 / 토큰 88 CC / KANJI A0E0 / 가나다순 137
481,DE48~DE49,89 6C,패치 슬롯 0303 | 한글 문자 | 어,원본 분석표 492번 DE5E~DE5F=97 A7(立) → 패치 DE48~DE49=89 6C(어); 번역 09-071/110 · 어 / 토큰 89 6C / KANJI A2D0 / 가나다순 235
482,DE4A~DE4B,81 40,패치 슬롯 0304 | 전각 공백 | ␠,원본 분석표 493번 DE60~DE61=82 C4(て) → 패치 DE4A~DE4B=81 40(␠); 번역 09-072/110 · ␠ / 토큰 81 40 / PC-88 전각 공백 토큰
483,DE4C~DE4D,88 A0,패치 슬롯 0305 | 한글 문자 | 동,원본 분석표 494번 DE62~DE63=82 E9(る) → 패치 DE4C~DE4D=88 A0(동); 번역 09-073/110 · 동 / 토큰 88 A0 / KANJI 6020 / 가나다순 91
484,DE4E~DE4F,88 C6,패치 슬롯 0306 | 한글 문자 | 료,원본 분석표 495번 DE64~DE65=81 42(。) → 패치 DE4E~DE4F=88 C6(료); 번역 09-074/110 · 료 / 토큰 88 C6 / KANJI A080 / 가나다순 131
485,DE50~DE51,88 CA,패치 슬롯 0307 | 한글 문자 | 를,원본 분석표 496번 DE66~DE67=82 B3(さ) → 패치 DE50~DE51=88 CA(를); 번역 09-075/110 · 를 / 토큰 88 CA / KANJI A0C0 / 가나다순 135
486,DE52~DE53,81 40,패치 슬롯 0308 | 전각 공백 | ␠,원본 분석표 497번 DE68~DE69=82 A0(あ) → 패치 DE52~DE53=81 40(␠); 번역 09-076/110 · ␠ / 토큰 81 40 / PC-88 전각 공백 토큰
487,DE54~DE55,89 43,패치 슬롯 0309 | 한글 문자 | 사,원본 분석표 498번 DE6A~DE6B=81 41(、) → 패치 DE54~DE55=89 43(사); 번역 09-077/110 · 사 / 토큰 89 43 / KANJI 6240 / 가나다순 191
488,DE56~DE57,89 B3,패치 슬롯 0310 | 한글 문자 | 지,원본 분석표 499번 DE6C~DE6D=97 44(優) → 패치 DE56~DE57=89 B3(지); 번역 09-078/110 · 지 / 토큰 89 B3 / KANJI 6550 / 가나다순 309
489,DE58~DE59,88 C5,패치 슬롯 0311 | 한글 문자 | 로,원본 분석표 500번 DE6E~DE6F=8E 71(子) → 패치 DE58~DE59=88 C5(로); 번역 09-079/110 · 로 / 토큰 88 C5 / KANJI A070 / 가나다순 130
490,DE5A~DE5B,81 40,패치 슬롯 0312 | 전각 공백 | ␠,원본 분석표 501번 DE70~DE71=81 41(、) → 패치 DE5A~DE5B=81 40(␠); 번역 09-080/110 · ␠ / 토큰 81 40 / PC-88 전각 공백 토큰
491,DE5C~DE5D,88 E1,패치 슬롯 0313 | 한글 문자 | 몰,원본 분석표 502번 DE72~DE73=83 94(ヴ) → 패치 DE5C~DE5D=88 E1(몰); 번역 09-081/110 · 몰 / 토큰 88 E1 / KANJI E030 / 가나다순 159
492,DE5E~DE5F,89 6C,패치 슬롯 0314 | 한글 문자 | 어,원본 분석표 503번 DE74~DE75=83 40(ァ) → 패치 DE5E~DE5F=89 6C(어); 번역 09-082/110 · 어 / 토큰 89 6C / KANJI A2D0 / 가나다순 235
493,DE60~DE61,82 D8,패치 슬롯 0315 | 한글 문자 | 넣,원본 분석표 505번 DE78~DE79=83 58(ス) → 패치 DE60~DE61=82 D8(넣); 번역 09-083/110 · 넣 / 토큰 82 D8 / KANJI 29A0 / 가나다순 63
494,DE62~DE63,89 88,패치 슬롯 0316 | 한글 문자 | 으,원본 분석표 506번 DE7A~DE7B=82 CC(の) → 패치 DE62~DE63=89 88(으); 번역 09-084/110 · 으 / 토큰 89 88 / KANJI E280 / 가나다순 263
495,DE64~DE65,82 E4,패치 슬롯 0317 | 한글 문자 | 니,원본 분석표 507번 DE7C~DE7D=90 ED(戦) → 패치 DE64~DE65=82 E4(니); 번역 09-085/110 · 니 / 토큰 82 E4 / KANJI 3860 / 가나다순 75
496,DE66~DE67,81 40,패치 슬롯 0318 | 전각 공백 | ␠,원본 분석표 508번 DE7E~DE7F=8E 6D(士) → 패치 DE66~DE67=81 40(␠); 번역 09-086/110 · ␠ / 토큰 81 40 / PC-88 전각 공백 토큰
497,DE68~DE69,88 D3,패치 슬롯 0319 | 한글 문자 | 말,원본 분석표 509번 DE80~DE81=82 E6(よ) → 패치 DE68~DE69=88 D3(말); 번역 09-087/110 · 말 / 토큰 88 D3 / KANJI A150 / 가나다순 145
498,DE6A~DE6B,89 8D,패치 슬롯 0320 | 한글 문자 | 이,원본 분석표 510번 DE82~DE83=81 41(、) → 패치 DE6A~DE6B=89 8D(이); 번역 09-088/110 · 이 / 토큰 89 8D / KANJI E2D0 / 가나다순 268
499,DE6C~DE6D,82 E7,패치 슬롯 0321 | 한글 문자 | 다,원본 분석표 511번 DE84~DE85=82 C7(ど) → 패치 DE6C~DE6D=82 E7(다); 번역 09-089/110 · 다 / 토큰 82 E7 / KANJI 3890 / 가나다순 78
500,DE6E~DE6F,81 42,패치 슬롯 0322 | 문장부호 | 。,원본 분석표 512번 DE86~DE87=82 A4(う) → 패치 DE6E~DE6F=81 42(。); 번역 09-090/110 · 。 / 토큰 81 42 / PC-88 전각 마침표 토큰
501,DE70~DE71,89 93,패치 슬롯 0323 | 한글 문자 | 자,원본 분석표 513번 DE88~DE89=82 B7(す) → 패치 DE70~DE71=89 93(자); 번역 09-091/110 · 자 / 토큰 89 93 / KANJI E330 / 가나다순 277
502,DE72~DE73,89 60,패치 슬롯 0324 | 한글 문자 | 아,편집기 추가 행; 번역 09-092/110 · 아 / 토큰 89 60 / KANJI A210 / 가나다순 223
503,DE74~DE75,81 41,패치 슬롯 0325 | 문장부호 | 、,원본 분석표 514번 DE8A~DE8B=82 E9(る) → 패치 DE74~DE75=81 41(、); 번역 09-093/110 · 、 / 토큰 81 41 / PC-88 전각 쉼표 토큰
504,DE76~DE77,88 E9,패치 슬롯 0326 | 한글 문자 | 바,원본 분석표 515번 DE8C~DE8D=81 49(！) → 패치 DE76~DE77=88 E9(바); 번역 09-094/110 · 바 / 토큰 88 E9 / KANJI E0B0 / 가나다순 168
505,DE78~DE79,88 CC,패치 슬롯 0327 | 한글 문자 | 리,원본 분석표 516번 DE8E~DE8F=81 48(？) → 패치 DE78~DE79=88 CC(리); 번역 09-095/110 · 리 / 토큰 88 CC / KANJI A0E0 / 가나다순 137
506,DE7A~DE7B,89 56,패치 슬롯 0328 | 한글 문자 | 스,편집기 추가 행; 번역 09-096/110 · 스 / 토큰 89 56 / KANJI 6370 / 가나다순 211
507,DE7C~DE7D,89 8C,패치 슬롯 0329 | 한글 문자 | 의,편집기 추가 행; 번역 09-097/110 · 의 / 토큰 89 8C / KANJI E2C0 / 가나다순 267
508,DE7E~DE7F,81 40,패치 슬롯 0330 | 전각 공백 | ␠,편집기 추가 행; 번역 09-098/110 · ␠ / 토큰 81 40 / PC-88 전각 공백 토큰
509,DE80~DE81,89 9D,패치 슬롯 0331 | 한글 문자 | 전,편집기 추가 행; 번역 09-099/110 · 전 / 토큰 89 9D / KANJI E3D0 / 가나다순 287
510,DE82~DE83,89 43,패치 슬롯 0332 | 한글 문자 | 사,편집기 추가 행; 번역 09-100/110 · 사 / 토큰 89 43 / KANJI 6240 / 가나다순 191
511,DE84~DE85,89 72,패치 슬롯 0333 | 한글 문자 | 여,편집기 추가 행; 번역 09-101/110 · 여 / 토큰 89 72 / KANJI A330 / 가나다순 241
512,DE86~DE87,81 41,패치 슬롯 0334 | 문장부호 | 、,편집기 추가 행; 번역 09-102/110 · 、 / 토큰 81 41 / PC-88 전각 쉼표 토큰
513,DE88~DE89,89 6C,패치 슬롯 0335 | 한글 문자 | 어,편집기 추가 행; 번역 09-103/110 · 어 / 토큰 89 6C / KANJI A2D0 / 가나다순 235
514,DE8A~DE8B,8A 4F,패치 슬롯 0336 | 한글 문자 | 찌,편집기 추가 행; 번역 09-104/110 · 찌 / 토큰 8A 4F / KANJI 6700 / 가나다순 314
515,DE8C~DE8D,89 E2,패치 슬롯 0337 | 한글 문자 | 하,편집기 추가 행; 번역 09-105/110 · 하 / 토큰 89 E2 / KANJI E440 / 가나다순 362
516,DE8E~DE8F,82 AC,패치 슬롯 0338 | 한글 문자 | 겠,편집기 추가 행; 번역 09-106/110 · 겠 / 토큰 82 AC / KANJI 18E0 / 가나다순 14
517,DE90~DE91,82 E2,패치 슬롯 0339 | 한글 문자 | 느,편집기 추가 행; 번역 09-107/110 · 느 / 토큰 82 E2 / KANJI 3840 / 가나다순 73
518,DE92~DE93,82 D5,패치 슬롯 0340 | 한글 문자 | 냐,편집기 추가 행; 번역 09-108/110 · 냐 / 토큰 82 D5 / KANJI 2970 / 가나다순 59
519,DE94~DE95,81 49,패치 슬롯 0341 | 문장부호 | ！,편집기 추가 행; 번역 09-109/110 · ！ / 토큰 81 49 / PC-88 전각 느낌표 토큰
520,DE96~DE97,81 48,패치 슬롯 0342 | 문장부호 | ？,편집기 추가 행; 번역 09-110/110 · ？ / 토큰 81 48 / PC-88 전각 물음표 토큰
521,DE98,61,기존 확인 61~70h 계열 / CAA8[0] 작업슬롯 비활성화,원본 분석표 517번 DE90 → 현재 DE98; 비활성화 토큰 61; 다음 본류 DE91
522,DE99~DE9B,16 62 E5,기존 확인 16h 계열 / 서브스트림 호출·전환 → E562,원본 분석표 518번 DE91~DE93 → 현재 DE99~DE9B; 16h 호출 → E562; 복귀 주소 DE94
523,E562~E566,0F 01 0C 05 08,서브스트림 실행 / 기존 확인 0Fh 계열 제어토큰,인자 01 0C 05 08; 다음 주소 E567
524,E567~E569,16 30 E6,서브스트림 실행 / 기존 확인 16h 계열 / 서브스트림 호출·전환 → E630,16h 호출 → E630; 복귀 주소 E56A
525,E630~E632,1E 3C 08,서브스트림 실행 / 기존 확인 1Eh 계열 / 간접 CALL,호출 대상 083C; 처리 후 다음 주소 E633
526,E633~E638,05 16 86 3A 9E 00,서브스트림 실행 / 기존 확인 05h 계열 / 영역·좌표 상태 설정·전개,처리 후 다음 주소 E639; 내부 16 86 3A는 인자
527,E639~E63D,0E 16 20 24 80,서브스트림 실행 / 기존 확인 0Eh 계열 / 화면·버퍼 초기화·전개,처리 후 다음 주소 E63E; 내부 16 20 24는 인자
528,E63E,17,서브스트림 실행 / 기존 확인 17h 계열 / 서브스트림 복귀,17h 복귀 → E56A
529,E56A~E56C,13 EF E6,서브스트림 실행 / 기존 확인 13h 계열 제어토큰,인자 EF E6; 다음 주소 E56D
530,E56D~E570,14 00 16 22,서브스트림 실행 / 기존 확인 14h 계열 / 버퍼·영역 처리,인자 00 16 22; 다음 주소 E571
531,E571~E574,14 01 3B 00,서브스트림 실행 / 기존 확인 14h 계열 / 버퍼·영역 처리,인자 01 3B 00; 다음 주소 E575
532,E575~E578,04 61 E7 41,서브스트림 실행 / 기존 확인 04h 계열 / CAA8 슬롯 포인터 설정,E761 포인터를 41h 슬롯에 설정; 다음 주소 E579
533,E579~E57C,04 6B E7 42,서브스트림 실행 / 기존 확인 04h 계열 / CAA8 슬롯 포인터 설정,E76B 포인터를 42h 슬롯에 설정; 다음 주소 E57D
534,E57D~E57E,25 2B,서브스트림 실행 / 기존 확인 25h 계열 / CA1D 입 움직임 효과음 인덱스 설정,CA1D=2B; 다음 주소 E57F
535,E57F,17,서브스트림 실행 / 기존 확인 17h 계열 / 서브스트림 복귀,17h 복귀 → DE94
536,DE9C,41,기존 확인 41~50h 계열 / CAA8[0] 슬롯 실행,원본 분석표 532번 DE94 → 현재 DE9C; 슬롯 토큰 41; 다음 본류 DE95
537,DE9D,42,기존 확인 41~50h 계열 / CAA8[1] 슬롯 실행,원본 분석표 533번 DE95 → 현재 DE9D; 슬롯 토큰 42; 다음 본류 DE96
538,DE9E~DE9F,88 E9,패치 슬롯 0343 | 한글 문자 | 바,원본 분석표 534번 DE96~DE97=83 94(ヴ) → 패치 DE9E~DE9F=88 E9(바); 번역 10-001/063 · 바 / 토큰 88 E9 / KANJI E0B0 / 가나다순 168
539,DEA0~DEA1,88 CC,패치 슬롯 0344 | 한글 문자 | 리,원본 분석표 535번 DE98~DE99=83 40(ァ) → 패치 DEA0~DEA1=88 CC(리); 번역 10-002/063 · 리 / 토큰 88 CC / KANJI A0E0 / 가나다순 137
540,DEA2~DEA3,89 60,패치 슬롯 0345 | 한글 문자 | 아,원본 분석표 536번 DE9A~DE9B=83 8A(リ) → 패치 DEA2~DEA3=89 60(아); 번역 10-003/063 · 아 / 토큰 89 60 / KANJI A210 / 가나다순 223
541,DEA4~DEA5,82 E6,패치 슬롯 0346 | 한글 문자 | 님,원본 분석표 537번 DE9C~DE9D=83 41(ア) → 패치 DEA4~DEA5=82 E6(님); 번역 10-004/063 · 님 / 토큰 82 E6 / KANJI 3880 / 가나다순 77
542,DEA6~DEA7,81 49,패치 슬롯 0347 | 문장부호 | ！,원본 분석표 539번 DEA0~DEA1 → 현재 DEA6~DEA7; 번역 10-005/063 · ！ / 토큰 81 49 / PC-88 전각 느낌표 토큰
543,DEA8~DEA9,81 45,패치 슬롯 0348 | 문장부호 | ・,원본 분석표 540번 DEA2~DEA3 → 현재 DEA8~DEA9; 번역 10-006/063 · ・ / 토큰 81 45 / PC-88 가운데점 토큰
544,DEAA~DEAB,81 45,패치 슬롯 0349 | 문장부호 | ・,원본 분석표 541번 DEA4~DEA5 → 현재 DEAA~DEAB; 번역 10-007/063 · ・ / 토큰 81 45 / PC-88 가운데점 토큰
545,DEAC~DEAD,81 45,패치 슬롯 0350 | 문장부호 | ・,원본 분석표 542번 DEA6~DEA7 → 현재 DEAC~DEAD; 번역 10-008/063 · ・ / 토큰 81 45 / PC-88 가운데점 토큰
546,DEAE~DEAF,89 9B,패치 슬롯 0351 | 한글 문자 | 저,원본 분석표 543번 DEA8~DEA9=83 8F(ワ) → 패치 DEAE~DEAF=89 9B(저); 번역 10-009/063 · 저 / 토큰 89 9B / KANJI E3B0 / 가나다순 285
547,DEB0~DEB1,82 E3,패치 슬롯 0352 | 한글 문자 | 는,편집기 추가 행; 번역 10-010/063 · 는 / 토큰 82 E3 / KANJI 3850 / 가나다순 74
548,DEB2~DEB3,81 41,패치 슬롯 0353 | 문장부호 | 、,원본 분석표 544번 DEAA~DEAB=83 5E(タ) → 패치 DEB2~DEB3=81 41(、); 번역 10-011/063 · 、 / 토큰 81 41 / PC-88 전각 쉼표 토큰
549,DEB4~DEB5,89 9B,패치 슬롯 0354 | 한글 문자 | 저,원본 분석표 545번 DEAC~DEAD=83 56(シ) → 패치 DEB4~DEB5=89 9B(저); 번역 10-012/063 · 저 / 토큰 89 9B / KANJI E3B0 / 가나다순 285
550,DEB6~DEB7,82 E3,패치 슬롯 0355 | 한글 문자 | 는,원본 분석표 546번 DEAE~DEAF=82 CD(は) → 패치 DEB6~DEB7=82 E3(는); 번역 10-013/063 · 는 / 토큰 82 E3 / KANJI 3850 / 가나다순 74
551,DEB8~DEB9,81 45,패치 슬롯 0356 | 문장부호 | ・,원본 분석표 552번 DEBA~DEBB → 현재 DEB8~DEB9; 번역 10-014/063 · ・ / 토큰 81 45 / PC-88 가운데점 토큰
552,DEBA~DEBB,81 45,패치 슬롯 0357 | 문장부호 | ・,원본 분석표 553번 DEBC~DEBD → 현재 DEBA~DEBB; 번역 10-015/063 · ・ / 토큰 81 45 / PC-88 가운데점 토큰
553,DEBC~DEBD,81 45,패치 슬롯 0358 | 문장부호 | ・,원본 분석표 554번 DEBE~DEBF → 현재 DEBC~DEBD; 번역 10-016/063 · ・ / 토큰 81 45 / PC-88 가운데점 토큰
554,DEBE~DEBF,81 40,패치 슬롯 0359 | 전각 공백 | ␠,편집기 추가 행; 번역 10-017/063 · ␠ / 토큰 81 40 / PC-88 전각 공백 토큰
555,DEC0~DEC1,88 E9,패치 슬롯 0360 | 한글 문자 | 바,원본 분석표 555번 DEC0~DEC1=83 94(ヴ) → 패치 DEC0~DEC1=88 E9(바); 번역 10-018/063 · 바 / 토큰 88 E9 / KANJI E0B0 / 가나다순 168
556,DEC2~DEC3,88 CC,패치 슬롯 0361 | 한글 문자 | 리,원본 분석표 556번 DEC2~DEC3=83 40(ァ) → 패치 DEC2~DEC3=88 CC(리); 번역 10-019/063 · 리 / 토큰 88 CC / KANJI A0E0 / 가나다순 137
557,DEC4~DEC5,89 56,패치 슬롯 0362 | 한글 문자 | 스,원본 분석표 557번 DEC4~DEC5=83 8A(リ) → 패치 DEC4~DEC5=89 56(스); 번역 10-020/063 · 스 / 토큰 89 56 / KANJI 6370 / 가나다순 211
558,DEC6~DEC7,89 8C,패치 슬롯 0363 | 한글 문자 | 의,원본 분석표 558번 DEC6~DEC7=83 58(ス) → 패치 DEC6~DEC7=89 8C(의); 번역 10-021/063 · 의 / 토큰 89 8C / KANJI E2C0 / 가나다순 267
559,DEC8~DEC9,81 40,패치 슬롯 0364 | 전각 공백 | ␠,원본 분석표 559번 DEC8~DEC9=82 CC(の) → 패치 DEC8~DEC9=81 40(␠); 번역 10-022/063 · ␠ / 토큰 81 40 / PC-88 전각 공백 토큰
560,DECA~DECB,89 9D,패치 슬롯 0365 | 한글 문자 | 전,원본 분석표 560번 DECA~DECB=90 ED(戦) → 패치 DECA~DECB=89 9D(전); 번역 10-023/063 · 전 / 토큰 89 9D / KANJI E3D0 / 가나다순 287
561,DECC~DECD,89 43,패치 슬롯 0366 | 한글 문자 | 사,원본 분석표 561번 DECC~DECD=8E 6D(士) → 패치 DECC~DECD=89 43(사); 번역 10-024/063 · 사 / 토큰 89 43 / KANJI 6240 / 가나다순 191
562,DECE~DECF,81 45,패치 슬롯 0366 | 문장부호 | ・,번역 10-024/060 · ・ / 토큰 81 45 / PC-88 가운데점 토큰
563,DED0~DED1,81 45,패치 슬롯 0367 | 문장부호 | ・,번역 10-025/060 · ・ / 토큰 81 45 / PC-88 가운데점 토큰
564,DED2~DED3,81 45,패치 슬롯 0368 | 문장부호 | ・,번역 10-026/060 · ・ / 토큰 81 45 / PC-88 가운데점 토큰
565,DED4~DED5,81 40,패치 슬롯 0370 | 전각 공백 | ␠,편집기 추가 행; 번역 10-028/063 · ␠ / 토큰 81 40 / PC-88 전각 공백 토큰
566,DED6~DED7,88 E9,패치 슬롯 0371 | 한글 문자 | 바,원본 분석표 565번 DED4~DED5=83 94(ヴ) → 패치 DED6~DED7=88 E9(바); 번역 10-029/063 · 바 / 토큰 88 E9 / KANJI E0B0 / 가나다순 168
567,DED8~DED9,82 E4,패치 슬롯 0372 | 한글 문자 | 니,원본 분석표 566번 DED6~DED7=83 40(ァ) → 패치 DED8~DED9=82 E4(니); 번역 10-030/063 · 니 / 토큰 82 E4 / KANJI 3860 / 가나다순 75
568,DEDA~DEDB,89 D7,패치 슬롯 0373 | 한글 문자 | 티,원본 분석표 567번 DED8~DED9=83 6A(ニ) → 패치 DEDA~DEDB=89 D7(티); 번역 10-031/063 · 티 / 토큰 89 D7 / KANJI A590 / 가나다순 351
569,DEDC~DEDD,89 7A,패치 슬롯 0374 | 한글 문자 | 와,원본 분석표 568번 DEDA~DEDB=83 65(テ) → 패치 DEDC~DEDD=89 7A(와); 번역 10-032/063 · 와 / 토큰 89 7A / KANJI A3B0 / 가나다순 250
570,DEDE~DEDF,81 40,패치 슬롯 0375 | 전각 공백 | ␠,원본 분석표 569번 DEDC~DEDD=83 42(ィ) → 패치 DEDE~DEDF=81 40(␠); 번역 10-033/063 · ␠ / 토큰 81 40 / PC-88 전각 공백 토큰
571,DEE0~DEE1,88 CC,패치 슬롯 0376 | 한글 문자 | 리,원본 분석표 570번 DEDE~DEDF=82 C6(と) → 패치 DEE0~DEE1=88 CC(리); 번역 10-034/063 · 리 / 토큰 88 CC / KANJI A0E0 / 가나다순 137
572,DEE2~DEE3,89 6D,패치 슬롯 0377 | 한글 문자 | 얼,원본 분석표 571번 DEE0~DEE1=83 8A(リ) → 패치 DEE2~DEE3=89 6D(얼); 번역 10-035/063 · 얼 / 토큰 89 6D / KANJI A2E0 / 가나다순 236
573,DEE4~DEE5,88 CC,패치 슬롯 0378 | 한글 문자 | 리,원본 분석표 572번 DEE2~DEE3=83 41(ア) → 패치 DEE4~DEE5=88 CC(리); 번역 10-036/063 · 리 / 토큰 88 CC / KANJI A0E0 / 가나다순 137
574,DEE6~DEE7,89 D7,패치 슬롯 0379 | 한글 문자 | 티,원본 분석표 573번 DEE4~DEE5=83 8A(リ) → 패치 DEE6~DEE7=89 D7(티); 번역 10-037/063 · 티 / 토큰 89 D7 / KANJI A590 / 가나다순 351
575,DEE8~DEE9,88 CA,패치 슬롯 0380 | 한글 문자 | 를,원본 분석표 574번 DEE6~DEE7=83 65(テ) → 패치 DEE8~DEE9=88 CA(를); 번역 10-038/063 · 를 / 토큰 88 CA / KANJI A0C0 / 가나다순 135
576,DEEA~DEEB,81 40,패치 슬롯 0381 | 전각 공백 | ␠,편집기 추가 행; 번역 10-039/063 · ␠ / 토큰 81 40 / PC-88 전각 공백 토큰
577,DEEC~DEED,89 B3,패치 슬롯 0382 | 한글 문자 | 지,원본 분석표 576번 DEEA~DEEB=82 F0(を) → 패치 DEEC~DEED=89 B3(지); 번역 10-040/063 · 지 / 토큰 89 B3 / KANJI 6550 / 가나다순 309
578,DEEE~DEEF,89 C9,패치 슬롯 0383 | 한글 문자 | 키,원본 분석표 577번 DEEC~DEED=8E E7(守) → 패치 DEEE~DEEF=89 C9(키); 번역 10-041/063 · 키 / 토큰 89 C9 / KANJI A4B0 / 가나다순 335
579,DEF0~DEF1,82 E3,패치 슬롯 0384 | 한글 문자 | 는,원본 분석표 578번 DEEE~DEEF=82 E7(ら) → 패치 DEF0~DEF1=82 E3(는); 번역 10-042/063 · 는 / 토큰 82 E3 / KANJI 3850 / 가나다순 74
580,DEF2~DEF3,81 45,패치 슬롯 0385 | 문장부호 | ・,원본 분석표 583번 DEF8~DEF9 → 현재 DEF2~DEF3; 번역 10-043/063 · ・ / 토큰 81 45 / PC-88 가운데점 토큰
581,DEF4~DEF5,81 45,패치 슬롯 0386 | 문장부호 | ・,원본 분석표 584번 DEFA~DEFB → 현재 DEF4~DEF5; 번역 10-044/063 · ・ / 토큰 81 45 / PC-88 가운데점 토큰
582,DEF6~DEF7,81 45,패치 슬롯 0387 | 문장부호 | ・,원본 분석표 585번 DEFC~DEFD → 현재 DEF6~DEF7; 번역 10-045/063 · ・ / 토큰 81 45 / PC-88 가운데점 토큰
583,DEF8~DEF9,81 40,패치 슬롯 0388 | 전각 공백 | ␠,편집기 추가 행; 번역 10-046/063 · ␠ / 토큰 81 40 / PC-88 전각 공백 토큰
584,DEFA~DEFB,89 E2,패치 슬롯 0389 | 한글 문자 | 하,원본 분석표 586번 DEFE~DEFF=82 A0(あ) → 패치 DEFA~DEFB=89 E2(하); 번역 10-047/063 · 하 / 토큰 89 E2 / KANJI E440 / 가나다순 362
585,DEFC~DEFD,89 B3,패치 슬롯 0390 | 한글 문자 | 지,원본 분석표 587번 DF00~DF01=82 A0(あ) → 패치 DEFC~DEFD=89 B3(지); 번역 10-048/063 · 지 / 토큰 89 B3 / KANJI 6550 / 가나다순 309
586,DEFE~DEFF,88 D2,패치 슬롯 0391 | 한글 문자 | 만,원본 분석표 588번 DF02~DF03=81 41(、) → 패치 DEFE~DEFF=88 D2(만); 번역 10-049/063 · 만 / 토큰 88 D2 / KANJI A140 / 가나다순 144
587,DF00~DF01,81 40,패치 슬롯 0392 | 전각 공백 | ␠,원본 분석표 589번 DF04~DF05=82 BE(だ) → 패치 DF00~DF01=81 40(␠); 번역 10-050/063 · ␠ / 토큰 81 40 / PC-88 전각 공백 토큰
588,DF02~DF03,82 BD,패치 슬롯 0393 | 한글 문자 | 그,원본 분석표 590번 DF06~DF07=82 AF(け) → 패치 DF02~DF03=82 BD(그); 번역 10-051/063 · 그 / 토큰 82 BD / KANJI 19F0 / 가나다순 34
589,DF04~DF05,88 BB,패치 슬롯 0394 | 한글 문자 | 러,원본 분석표 591번 DF08~DF09=82 C7(ど) → 패치 DF04~DF05=88 BB(러); 번역 10-052/063 · 러 / 토큰 88 BB / KANJI 61D0 / 가나다순 120
590,DF06~DF07,88 DC,패치 슬롯 0395 | 한글 문자 | 면,원본 분석표 592번 DF0A~DF0B=81 41(、) → 패치 DF06~DF07=88 DC(면); 번역 10-053/063 · 면 / 토큰 88 DC / KANJI A1E0 / 가나다순 154
591,DF08~DF09,81 40,패치 슬롯 0396 | 전각 공백 | ␠,원본 분석표 593번 DF0C~DF0D=83 94(ヴ) → 패치 DF08~DF09=81 40(␠); 번역 10-054/063 · ␠ / 토큰 81 40 / PC-88 전각 공백 토큰
592,DF0A~DF0B,88 E9,패치 슬롯 0397 | 한글 문자 | 바,원본 분석표 594번 DF0E~DF0F=83 40(ァ) → 패치 DF0A~DF0B=88 E9(바); 번역 10-055/063 · 바 / 토큰 88 E9 / KANJI E0B0 / 가나다순 168
593,DF0C~DF0D,88 CC,패치 슬롯 0398 | 한글 문자 | 리,편집기 추가 행; 번역 10-056/063 · 리 / 토큰 88 CC / KANJI A0E0 / 가나다순 137
594,DF0E~DF0F,89 60,패치 슬롯 0399 | 한글 문자 | 아,편집기 추가 행; 번역 10-057/063 · 아 / 토큰 89 60 / KANJI A210 / 가나다순 223
595,DF10~DF11,82 E6,패치 슬롯 0400 | 한글 문자 | 님,편집기 추가 행; 번역 10-058/063 · 님 / 토큰 82 E6 / KANJI 3880 / 가나다순 77
596,DF12~DF13,89 89,패치 슬롯 0401 | 한글 문자 | 은,편집기 추가 행; 번역 10-059/063 · 은 / 토큰 89 89 / KANJI E290 / 가나다순 264
597,DF14~DF15,81 45,패치 슬롯 0402 | 문장부호 | ・,원본 분석표 603번 DF20~DF21 → 현재 DF14~DF15; 번역 10-060/063 · ・ / 토큰 81 45 / PC-88 가운데점 토큰
598,DF16~DF17,81 45,패치 슬롯 0403 | 문장부호 | ・,원본 분석표 604번 DF22~DF23 → 현재 DF16~DF17; 번역 10-061/063 · ・ / 토큰 81 45 / PC-88 가운데점 토큰
599,DF18~DF19,81 45,패치 슬롯 0404 | 문장부호 | ・,원본 분석표 605번 DF24~DF25 → 현재 DF18~DF19; 번역 10-062/063 · ・ / 토큰 81 45 / PC-88 가운데점 토큰
600,DF1A~DF1B,81 49,패치 슬롯 0405 | 문장부호 | ！,원본 분석표 606번 DF26~DF27 → 현재 DF1A~DF1B; 번역 10-063/063 · ！ / 토큰 81 49 / PC-88 전각 느낌표 토큰
601,DF1C,61,기존 확인 61~70h 계열 / CAA8[0] 작업슬롯 비활성화,원본 분석표 607번 DF28 → 현재 DF1C; 비활성화 토큰 61; 다음 본류 DF29
602,DF1D,62,기존 확인 61~70h 계열 / CAA8[1] 작업슬롯 비활성화,원본 분석표 608번 DF29 → 현재 DF1D; 비활성화 토큰 62; 다음 본류 DF2A
603,DF1E~DF20,16 B9 E4,기존 확인 16h 계열 / 서브스트림 호출·전환 → E4B9,원본 분석표 609번 DF2A~DF2C → 현재 DF1E~DF20; 16h 호출 → E4B9; 복귀 주소 DF2D
604,E4B9~E4BD,0F 05 0F 05 08,서브스트림 실행 / 기존 확인 0Fh 계열 제어토큰,인자 05 0F 05 08; 다음 주소 E4BE
605,E4BE~E4C0,16 30 E6,서브스트림 실행 / 기존 확인 16h 계열 / 서브스트림 호출·전환 → E630,16h 호출 → E630; 복귀 주소 E4C1
606,E630~E632,1E 3C 08,서브스트림 실행 / 기존 확인 1Eh 계열 / 간접 CALL,호출 대상 083C; 처리 후 다음 주소 E633
607,E633~E638,05 16 86 3A 9E 00,서브스트림 실행 / 기존 확인 05h 계열 / 영역·좌표 상태 설정·전개,처리 후 다음 주소 E639; 내부 16 86 3A는 인자
608,E639~E63D,0E 16 20 24 80,서브스트림 실행 / 기존 확인 0Eh 계열 / 화면·버퍼 초기화·전개,처리 후 다음 주소 E63E; 내부 16 20 24는 인자
609,E63E,17,서브스트림 실행 / 기존 확인 17h 계열 / 서브스트림 복귀,17h 복귀 → E4C1
610,E4C1~E4C3,13 BF E6,서브스트림 실행 / 기존 확인 13h 계열 제어토큰,인자 BF E6; 다음 주소 E4C4
611,E4C4~E4C7,14 00 16 22,서브스트림 실행 / 기존 확인 14h 계열 / 버퍼·영역 처리,인자 00 16 22; 다음 주소 E4C8
612,E4C8~E4CB,14 01 3B 00,서브스트림 실행 / 기존 확인 14h 계열 / 버퍼·영역 처리,인자 01 3B 00; 다음 주소 E4CC
613,E4CC~E4CF,04 3D E8 41,서브스트림 실행 / 기존 확인 04h 계열 / CAA8 슬롯 포인터 설정,E83D 포인터를 41h 슬롯에 설정; 다음 주소 E4D0
614,E4D0~E4D3,04 51 E8 42,서브스트림 실행 / 기존 확인 04h 계열 / CAA8 슬롯 포인터 설정,E851 포인터를 42h 슬롯에 설정; 다음 주소 E4D4
615,E4D4~E4D5,25 2E,서브스트림 실행 / 기존 확인 25h 계열 / CA1D 입 움직임 효과음 인덱스 설정,CA1D=2E; 다음 주소 E4D6
616,E4D6,17,서브스트림 실행 / 기존 확인 17h 계열 / 서브스트림 복귀,17h 복귀 → DF2D
617,DF21,41,기존 확인 41~50h 계열 / CAA8[0] 슬롯 실행,원본 분석표 623번 DF2D → 현재 DF21; 슬롯 토큰 41; 다음 본류 DF2E
618,DF22~DF23,89 86,패치 슬롯 0406 | 한글 문자 | 유,원본 분석표 624번 DF2E~DF2F=82 B3(さ) → 패치 DF22~DF23=89 86(유); 번역 11-001/013 · 유 / 토큰 89 86 / KANJI E260 / 가나다순 261
619,DF24~DF25,89 C5,패치 슬롯 0407 | 한글 문자 | 코,원본 분석표 625번 DF30~DF31=82 A0(あ) → 패치 DF24~DF25=89 C5(코); 번역 11-002/013 · 코 / 토큰 89 C5 / KANJI A470 / 가나다순 331
620,DF26~DF27,81 49,패치 슬롯 0408 | 문장부호 | ！,원본 분석표 626번 DF32~DF33=97 44(優) → 패치 DF26~DF27=81 49(！); 번역 11-003/013 · ！ / 토큰 81 49 / PC-88 전각 느낌표 토큰
621,DF28~DF29,81 40,패치 슬롯 0409 | 전각 공백 | ␠,원본 분석표 627번 DF34~DF35=8E 71(子) → 패치 DF28~DF29=81 40(␠); 번역 11-004/013 · ␠ / 토큰 81 40 / PC-88 전각 공백 토큰
622,DF2A~DF2B,8A 95,패치 슬롯 0410 | 한글 문자 | 맞,원본 분석표 628번 DF36~DF37=81 49(！) → 패치 DF2A~DF2B=8A 95(맞); 번역 11-005/013 · 맞 / 토큰 8A 95 / KANJI E750 / 가나다순 450
623,DF2C~DF2D,89 49,패치 슬롯 0411 | 한글 문자 | 서,원본 분석표 629번 DF38~DF39=81 40(␠) → 패치 DF2C~DF2D=89 49(서); 번역 11-006/013 · 서 / 토큰 89 49 / KANJI 62A0 / 가나다순 197
624,DF2E~DF2F,81 40,패치 슬롯 0412 | 전각 공백 | ␠,원본 분석표 630번 DF3A~DF3B=90 ED(戦) → 패치 DF2E~DF2F=81 40(␠); 번역 11-007/013 · ␠ / 토큰 81 40 / PC-88 전각 공백 토큰
625,DF30~DF31,89 5E,패치 슬롯 0413 | 한글 문자 | 싸,원본 분석표 631번 DF3C~DF3D=82 A4(う) → 패치 DF30~DF31=89 5E(싸); 번역 11-008/013 · 싸 / 토큰 89 5E / KANJI 63F0 / 가나다순 221
626,DF32~DF33,89 81,패치 슬롯 0414 | 한글 문자 | 우,원본 분석표 632번 DF3E~DF3F=82 CC(の) → 패치 DF32~DF33=89 81(우); 번역 11-009/013 · 우 / 토큰 89 81 / KANJI E210 / 가나다순 256
627,DF34~DF35,89 4E,패치 슬롯 0415 | 한글 문자 | 세,원본 분석표 633번 DF40~DF41=82 C5(で) → 패치 DF34~DF35=89 4E(세); 번역 11-010/013 · 세 / 토큰 89 4E / KANJI 62F0 / 가나다순 202
628,DF36~DF37,89 80,패치 슬롯 0416 | 한글 문자 | 요,원본 분석표 634번 DF42~DF43=82 B7(す) → 패치 DF36~DF37=89 80(요); 번역 11-011/013 · 요 / 토큰 89 80 / KANJI E200 / 가나다순 255
629,DF38~DF39,81 49,패치 슬롯 0417 | 문장부호 | ！,원본 분석표 635번 DF44~DF45 → 현재 DF38~DF39; 번역 11-012/013 · ！ / 토큰 81 49 / PC-88 전각 느낌표 토큰
630,DF3A~DF3B,81 49,패치 슬롯 0418 | 문장부호 | ！,원본 분석표 636번 DF46~DF47 → 현재 DF3A~DF3B; 번역 11-013/013 · ！ / 토큰 81 49 / PC-88 전각 느낌표 토큰
631,DF3C,61,기존 확인 61~70h 계열 / CAA8[0] 작업슬롯 비활성화,원본 분석표 637번 DF48 → 현재 DF3C; 비활성화 토큰 61; 다음 본류 DF49
632,DF3D~DF3F,16 80 E5,기존 확인 16h 계열 / 서브스트림 호출·전환 → E580,원본 분석표 638번 DF49~DF4B → 현재 DF3D~DF3F; 16h 호출 → E580; 복귀 주소 DF4C
633,E580~E584,0F 02 12 05 08,서브스트림 실행 / 기존 확인 0Fh 계열 제어토큰,인자 02 12 05 08; 다음 주소 E585
634,E585~E587,16 30 E6,서브스트림 실행 / 기존 확인 16h 계열 / 서브스트림 호출·전환 → E630,16h 호출 → E630; 복귀 주소 E588
635,E630~E632,1E 3C 08,서브스트림 실행 / 기존 확인 1Eh 계열 / 간접 CALL,호출 대상 083C; 처리 후 다음 주소 E633
636,E633~E638,05 16 86 3A 9E 00,서브스트림 실행 / 기존 확인 05h 계열 / 영역·좌표 상태 설정·전개,처리 후 다음 주소 E639; 내부 16 86 3A는 인자
637,E639~E63D,0E 16 20 24 80,서브스트림 실행 / 기존 확인 0Eh 계열 / 화면·버퍼 초기화·전개,처리 후 다음 주소 E63E; 내부 16 20 24는 인자
638,E63E,17,서브스트림 실행 / 기존 확인 17h 계열 / 서브스트림 복귀,17h 복귀 → E588
639,E588~E58A,10 16 22,서브스트림 실행 / 런타임 확인 10h 계열 / 기능 미확인,인자 16 22; 다음 주소 E58B
640,E58B~E591,0B 3B 00 03 11 05 04,서브스트림 실행 / 런타임 확인 0Bh 계열 / 기능 미확인,인자 3B 00 03 11 05 04; 다음 주소 E592
641,E592~E595,04 75 E7 41,서브스트림 실행 / 기존 확인 04h 계열 / CAA8 슬롯 포인터 설정,E775 포인터를 41h 슬롯에 설정; 다음 주소 E596
642,E596~E599,04 7F E7 42,서브스트림 실행 / 기존 확인 04h 계열 / CAA8 슬롯 포인터 설정,E77F 포인터를 42h 슬롯에 설정; 다음 주소 E59A
643,E59A,42,서브스트림 실행 / 기존 확인 41~50h 계열 / CAA8[1] 슬롯 실행,슬롯 토큰 42; 다음 주소 E59B
644,E59B,41,서브스트림 실행 / 기존 확인 41~50h 계열 / CAA8[0] 슬롯 실행,슬롯 토큰 41; 다음 주소 E59C
645,E59C~E59E,13 EF E6,서브스트림 실행 / 기존 확인 13h 계열 제어토큰,인자 EF E6; 다음 주소 E59F
646,E59F~E5A0,25 2B,서브스트림 실행 / 기존 확인 25h 계열 / CA1D 입 움직임 효과음 인덱스 설정,CA1D=2B; 다음 주소 E5A1
647,E5A1,17,서브스트림 실행 / 기존 확인 17h 계열 / 서브스트림 복귀,17h 복귀 → DF4C
648,DF40~DF41,88 E9,패치 슬롯 0419 | 한글 문자 | 바,원본 분석표 654번 DF4C~DF4D=83 94(ヴ) → 패치 DF40~DF41=88 E9(바); 번역 12-001/006 · 바 / 토큰 88 E9 / KANJI E0B0 / 가나다순 168
649,DF42~DF43,88 CC,패치 슬롯 0420 | 한글 문자 | 리,원본 분석표 655번 DF4E~DF4F=83 40(ァ) → 패치 DF42~DF43=88 CC(리); 번역 12-002/006 · 리 / 토큰 88 CC / KANJI A0E0 / 가나다순 137
650,DF44~DF45,89 60,패치 슬롯 0421 | 한글 문자 | 아,원본 분석표 656번 DF50~DF51=83 8A(リ) → 패치 DF44~DF45=89 60(아); 번역 12-003/006 · 아 / 토큰 89 60 / KANJI A210 / 가나다순 223
651,DF46~DF47,82 E6,패치 슬롯 0422 | 한글 문자 | 님,원본 분석표 657번 DF52~DF53=83 41(ア) → 패치 DF46~DF47=82 E6(님); 번역 12-004/006 · 님 / 토큰 82 E6 / KANJI 3880 / 가나다순 77
652,DF48~DF49,81 49,패치 슬롯 0423 | 문장부호 | ！,원본 분석표 659번 DF56~DF57 → 현재 DF48~DF49; 번역 12-005/006 · ！ / 토큰 81 49 / PC-88 전각 느낌표 토큰
653,DF4A~DF4B,81 49,패치 슬롯 0424 | 문장부호 | ！,원본 분석표 660번 DF58~DF59 → 현재 DF4A~DF4B; 번역 12-006/006 · ！ / 토큰 81 49 / PC-88 전각 느낌표 토큰
654,DF4C,61,기존 확인 61~70h 계열 / CAA8[0] 작업슬롯 비활성화,원본 분석표 661번 DF5A → 현재 DF4C; 비활성화 토큰 61; 다음 본류 DF5B
655,DF4D,62,기존 확인 61~70h 계열 / CAA8[1] 작업슬롯 비활성화,원본 분석표 662번 DF5B → 현재 DF4D; 비활성화 토큰 62; 다음 본류 DF5C
656,DF4E~DF50,16 F4 E4,기존 확인 16h 계열 / 서브스트림 호출·전환 → E4F4,원본 분석표 663번 DF5C~DF5E → 현재 DF4E~DF50; 16h 호출 → E4F4; 복귀 주소 DF5F
657,E4F4~E4F8,0F 02 1A 04 0D,서브스트림 실행 / 기존 확인 0Fh 계열 제어토큰,인자 02 1A 04 0D; 다음 주소 E4F9
658,E4F9~E4FB,16 30 E6,서브스트림 실행 / 기존 확인 16h 계열 / 서브스트림 호출·전환 → E630,16h 호출 → E630; 복귀 주소 E4FC
659,E630~E632,1E 3C 08,서브스트림 실행 / 기존 확인 1Eh 계열 / 간접 CALL,호출 대상 083C; 처리 후 다음 주소 E633
660,E633~E638,05 16 86 3A 9E 00,서브스트림 실행 / 기존 확인 05h 계열 / 영역·좌표 상태 설정·전개,처리 후 다음 주소 E639; 내부 16 86 3A는 인자
661,E639~E63D,0E 16 20 24 80,서브스트림 실행 / 기존 확인 0Eh 계열 / 화면·버퍼 초기화·전개,처리 후 다음 주소 E63E; 내부 16 20 24는 인자
662,E63E,17,서브스트림 실행 / 기존 확인 17h 계열 / 서브스트림 복귀,17h 복귀 → E4FC
663,E4FC~E4FE,13 1F E7,서브스트림 실행 / 기존 확인 13h 계열 제어토큰,인자 1F E7; 다음 주소 E4FF
664,E4FF~E502,14 00 16 22,서브스트림 실행 / 기존 확인 14h 계열 / 버퍼·영역 처리,인자 00 16 22; 다음 주소 E503
665,E503~E506,14 01 3B 00,서브스트림 실행 / 기존 확인 14h 계열 / 버퍼·영역 처리,인자 01 3B 00; 다음 주소 E507
666,E507~E50A,04 E3 E7 41,서브스트림 실행 / 기존 확인 04h 계열 / CAA8 슬롯 포인터 설정,E7E3 포인터를 41h 슬롯에 설정; 다음 주소 E50B
667,E50B~E50E,04 ED E7 42,서브스트림 실행 / 기존 확인 04h 계열 / CAA8 슬롯 포인터 설정,E7ED 포인터를 42h 슬롯에 설정; 다음 주소 E50F
668,E50F~E512,04 F7 E7 44,서브스트림 실행 / 기존 확인 04h 계열 / CAA8 슬롯 포인터 설정,E7F7 포인터를 44h 슬롯에 설정; 다음 주소 E513
669,E513~E516,04 15 E8 43,서브스트림 실행 / 기존 확인 04h 계열 / CAA8 슬롯 포인터 설정,E815 포인터를 43h 슬롯에 설정; 다음 주소 E517
670,E517~E51A,04 01 E8 45,서브스트림 실행 / 기존 확인 04h 계열 / CAA8 슬롯 포인터 설정,E801 포인터를 45h 슬롯에 설정; 다음 주소 E51B
671,E51B~E51E,04 0B E8 46,서브스트림 실행 / 기존 확인 04h 계열 / CAA8 슬롯 포인터 설정,E80B 포인터를 46h 슬롯에 설정; 다음 주소 E51F
672,E51F~E520,25 2D,서브스트림 실행 / 기존 확인 25h 계열 / CA1D 입 움직임 효과음 인덱스 설정,CA1D=2D; 다음 주소 E521
673,E521,17,서브스트림 실행 / 기존 확인 17h 계열 / 서브스트림 복귀,17h 복귀 → DF5F
674,DF51,42,기존 확인 41~50h 계열 / CAA8[1] 슬롯 실행,원본 분석표 681번 DF5F → 현재 DF51; 슬롯 토큰 42; 다음 본류 DF60
675,DF52~DF53,88 E9,패치 슬롯 0425 | 한글 문자 | 바,원본 분석표 682번 DF60~DF61=83 94(ヴ) → 패치 DF52~DF53=88 E9(바); 번역 13-001/053 · 바 / 토큰 88 E9 / KANJI E0B0 / 가나다순 168
676,DF54~DF55,88 CC,패치 슬롯 0426 | 한글 문자 | 리,원본 분석표 683번 DF62~DF63=83 40(ァ) → 패치 DF54~DF55=88 CC(리); 번역 13-002/053 · 리 / 토큰 88 CC / KANJI A0E0 / 가나다순 137
677,DF56~DF57,89 60,패치 슬롯 0427 | 한글 문자 | 아,원본 분석표 684번 DF64~DF65=83 8A(リ) → 패치 DF56~DF57=89 60(아); 번역 13-003/053 · 아 / 토큰 89 60 / KANJI A210 / 가나다순 223
678,DF58~DF59,89 72,패치 슬롯 0428 | 한글 문자 | 여,원본 분석표 685번 DF66~DF67=83 41(ア) → 패치 DF58~DF59=89 72(여); 번역 13-004/053 · 여 / 토큰 89 72 / KANJI A330 / 가나다순 241
679,DF5A~DF5B,81 41,패치 슬롯 0429 | 문장부호 | 、,원본 분석표 686번 DF68~DF69=82 E6(よ) → 패치 DF5A~DF5B=81 41(、); 번역 13-005/053 · 、 / 토큰 81 41 / PC-88 전각 쉼표 토큰
680,DF5C~DF5D,89 60,패치 슬롯 0430 | 한글 문자 | 아,원본 분석표 687번 DF6A~DF6B=81 41(、) → 패치 DF5C~DF5D=89 60(아); 번역 13-006/053 · 아 / 토큰 89 60 / KANJI A210 / 가나다순 223
681,DF5E~DF5F,89 AA,패치 슬롯 0431 | 한글 문자 | 주,원본 분석표 688번 DF6C~DF6D=82 A8(お) → 패치 DF5E~DF5F=89 AA(주); 번역 13-007/053 · 주 / 토큰 89 AA / KANJI 64C0 / 가나다순 300
682,DF60~DF61,81 40,패치 슬롯 0432 | 전각 공백 | ␠,원본 분석표 689번 DF6E~DF6F=82 DC(ま) → 패치 DF60~DF61=81 40(␠); 번역 13-008/053 · ␠ / 토큰 81 40 / PC-88 전각 공백 토큰
683,DF62~DF63,89 D1,패치 슬롯 0433 | 한글 문자 | 터,원본 분석표 690번 DF70~DF71=82 A6(え) → 패치 DF62~DF63=89 D1(터); 번역 13-009/053 · 터 / 토큰 89 D1 / KANJI A530 / 가나다순 343
684,DF64~DF65,88 E3,패치 슬롯 0434 | 한글 문자 | 무,원본 분석표 691번 DF72~DF73=82 CD(は) → 패치 DF64~DF65=88 E3(무); 번역 13-010/053 · 무 / 토큰 88 E3 / KANJI E050 / 가나다순 161
685,DF66~DF67,82 E4,패치 슬롯 0435 | 한글 문자 | 니,원본 분석표 692번 DF74~DF75=82 C6(と) → 패치 DF66~DF67=82 E4(니); 번역 13-011/053 · 니 / 토큰 82 E4 / KANJI 3860 / 가나다순 75
686,DF68~DF69,89 6E,패치 슬롯 0436 | 한글 문자 | 없,원본 분석표 693번 DF76~DF77=82 F1(ん) → 패치 DF68~DF69=89 6E(없); 번역 13-012/053 · 없 / 토큰 89 6E / KANJI A2F0 / 가나다순 237
687,DF6A~DF6B,82 E3,패치 슬롯 0437 | 한글 문자 | 는,원본 분석표 694번 DF78~DF79=82 C5(で) → 패치 DF6A~DF6B=82 E3(는); 번역 13-013/053 · 는 / 토큰 82 E3 / KANJI 3850 / 가나다순 74
688,DF6C~DF6D,81 40,패치 슬롯 0438 | 전각 공백 | ␠,원본 분석표 695번 DF7A~DF7B=82 E0(も) → 패치 DF6C~DF6D=81 40(␠); 번역 13-014/053 · ␠ / 토큰 81 40 / PC-88 전각 공백 토큰
689,DF6E~DF6F,89 5C,패치 슬롯 0439 | 한글 문자 | 실,원본 분석표 696번 DF7C~DF7D=82 C8(な) → 패치 DF6E~DF6F=89 5C(실); 번역 13-015/053 · 실 / 토큰 89 5C / KANJI 63D0 / 가나다순 217
690,DF70~DF71,89 54,패치 슬롯 0440 | 한글 문자 | 수,원본 분석표 697번 DF7E~DF7F=82 A2(い) → 패치 DF70~DF71=89 54(수); 번역 13-016/053 · 수 / 토큰 89 54 / KANJI 6350 / 가나다순 208
691,DF72~DF73,88 CA,패치 슬롯 0441 | 한글 문자 | 를,원본 분석표 698번 DF80~DF81=82 DC(ま) → 패치 DF72~DF73=88 CA(를); 번역 13-017/053 · 를 / 토큰 88 CA / KANJI A0C0 / 가나다순 135
692,DF74~DF75,81 40,패치 슬롯 0442 | 전각 공백 | ␠,원본 분석표 699번 DF82~DF83=82 BF(ち) → 패치 DF74~DF75=81 40(␠); 번역 13-018/053 · ␠ / 토큰 81 40 / PC-88 전각 공백 토큰
693,DF76~DF77,89 9B,패치 슬롯 0443 | 한글 문자 | 저,원본 분석표 700번 DF84~DF85=82 AA(が) → 패치 DF76~DF77=89 9B(저); 번역 13-019/053 · 저 / 토큰 89 9B / KANJI E3B0 / 가나다순 285
694,DF78~DF79,8A 4E,패치 슬롯 0444 | 한글 문자 | 질,원본 분석표 701번 DF86~DF87=82 A6(え) → 패치 DF78~DF79=8A 4E(질); 번역 13-020/053 · 질 / 토큰 8A 4E / KANJI 66F0 / 가나다순 312
695,DF7A~DF7B,8A BB,패치 슬롯 0445 | 한글 문자 | 렀,원본 분석표 702번 DF88~DF89=82 F0(を) → 패치 DF7A~DF7B=8A BB(렀); 번역 13-021/053 · 렀 / 토큰 8A BB / KANJI 69D0 / 가나다순 488
696,DF7C~DF7D,82 B7,패치 슬롯 0446 | 한글 문자 | 구,원본 분석표 703번 DF8A~DF8B=94 C6(犯) → 패치 DF7C~DF7D=82 B7(구); 번역 13-022/053 · 구 / 토큰 82 B7 / KANJI 1990 / 가나다순 28
697,DF7E~DF7F,82 CE,패치 슬롯 0447 | 한글 문자 | 나,원본 분석표 704번 DF8C~DF8D=82 B5(し) → 패치 DF7E~DF7F=82 CE(나); 번역 13-023/053 · 나 / 토큰 82 CE / KANJI 2900 / 가나다순 52
698,DF80~DF81,81 49,패치 슬롯 0448 | 문장부호 | ！,원본 분석표 705번 DF8E~DF8F=82 BD(た) → 패치 DF80~DF81=81 49(！); 번역 13-024/053 · ！ / 토큰 81 49 / PC-88 전각 느낌표 토큰
699,DF82~DF83,81 40,패치 슬롯 0449 | 전각 공백 | ␠,원본 분석표 708번 DF94~DF95 → 현재 DF82~DF83; 번역 13-025/053 · ␠ / 토큰 81 40 / PC-88 전각 공백 토큰
700,DF84,44,기존 확인 41~50h 계열 / CAA8[3] 슬롯 실행,원본 분석표 709번 DF96 → 현재 DF84; 슬롯 토큰 44; 다음 본류 DF97
701,DF85~DF86,82 D9,패치 슬롯 0450 | 한글 문자 | 네,원본 분석표 710번 DF97~DF98=82 A8(お) → 패치 DF85~DF86=82 D9(네); 번역 13-026/053 · 네 / 토큰 82 D9 / KANJI 29B0 / 가나다순 64
702,DF87~DF88,81 40,패치 슬롯 0451 | 전각 공백 | ␠,원본 분석표 711번 DF99~DF9A=82 DC(ま) → 패치 DF87~DF88=81 40(␠); 번역 13-027/053 · ␠ / 토큰 81 40 / PC-88 전각 공백 토큰
703,DF89~DF8A,8A C9,패치 슬롯 0452 | 한글 문자 | 헛,원본 분석표 712번 DF9B~DF9C=82 A6(え) → 패치 DF89~DF8A=8A C9(헛); 번역 13-028/053 · 헛 / 토큰 8A C9 / KANJI A8B0 / 가나다순 502
704,DF8B~DF8C,88 A3,패치 슬롯 0453 | 한글 문자 | 된,원본 분석표 713번 DF9D~DF9E=82 CC(の) → 패치 DF8B~DF8C=88 A3(된); 번역 13-029/053 · 된 / 토큰 88 A3 / KANJI 6050 / 가나다순 94
705,DF8D~DF8E,81 40,패치 슬롯 0454 | 전각 공백 | ␠,원본 분석표 714번 DF9F~DFA0=8C BE(言) → 패치 DF8D~DF8E=81 40(␠); 번역 13-030/053 · ␠ / 토큰 81 40 / PC-88 전각 공백 토큰
706,DF8F~DF90,89 F0,패치 슬롯 0455 | 한글 문자 | 호,원본 분석표 715번 DFA1~DFA2=97 74(葉) → 패치 DF8F~DF90=89 F0(호); 번역 13-031/053 · 호 / 토큰 89 F0 / KANJI E520 / 가나다순 378
707,DF91~DF92,89 50,패치 슬롯 0456 | 한글 문자 | 소,원본 분석표 716번 DFA3~DFA4=82 CD(は) → 패치 DF91~DF92=89 50(소); 번역 13-032/053 · 소 / 토큰 89 50 / KANJI 6310 / 가나다순 204
708,DF93~DF94,82 9F,패치 슬롯 0457 | 한글 문자 | 가,원본 분석표 717번 DFA5~DFA6=81 41(、) → 패치 DF93~DF94=82 9F(가); 번역 13-033/053 · 가 / 토큰 82 9F / KANJI 1810 / 가나다순 1
709,DF95~DF96,81 40,패치 슬롯 0458 | 전각 공백 | ␠,원본 분석표 718번 DFA7~DFA8=82 E0(も) → 패치 DF95~DF96=81 40(␠); 번역 13-034/053 · ␠ / 토큰 81 40 / PC-88 전각 공백 토큰
710,DF97~DF98,89 76,패치 슬롯 0459 | 한글 문자 | 오,원본 분석표 719번 DFA9~DFAA=82 CD(は) → 패치 DF97~DF98=89 76(오); 번역 13-035/053 · 오 / 토큰 89 76 / KANJI A370 / 가나다순 246
711,DF99~DF9A,89 F7,패치 슬롯 0460 | 한글 문자 | 히,원본 분석표 720번 DFAB~DFAC=82 E2(や) → 패치 DF99~DF9A=89 F7(히); 번역 13-036/053 · 히 / 토큰 89 F7 / KANJI E590 / 가나다순 387
712,DF9B~DF9C,88 C1,패치 슬롯 0461 | 한글 문자 | 려,원본 분석표 721번 DFAD~DFAE=97 44(優) → 패치 DF9B~DF9C=88 C1(려); 번역 13-037/053 · 려 / 토큰 88 C1 / KANJI A030 / 가나다순 126
713,DF9D~DF9E,81 40,패치 슬롯 0462 | 전각 공백 | ␠,원본 분석표 722번 DFAF~DFB0=8E 71(子) → 패치 DF9D~DF9E=81 40(␠); 번역 13-038/053 · ␠ / 토큰 81 40 / PC-88 전각 공백 토큰
714,DF9F~DFA0,89 86,패치 슬롯 0463 | 한글 문자 | 유,원본 분석표 723번 DFB1~DFB2=82 C9(に) → 패치 DF9F~DFA0=89 86(유); 번역 13-039/053 · 유 / 토큰 89 86 / KANJI E260 / 가나다순 261
715,DFA1~DFA2,89 C5,패치 슬롯 0464 | 한글 문자 | 코,원본 분석표 724번 DFB3~DFB4=8D 7E(降) → 패치 DFA1~DFA2=89 C5(코); 번역 13-040/053 · 코 / 토큰 89 C5 / KANJI A470 / 가나다순 331
716,DFA3~DFA4,88 CA,패치 슬롯 0465 | 한글 문자 | 를,원본 분석표 725번 DFB5~DFB6=95 9A(伏) → 패치 DFA3~DFA4=88 CA(를); 번역 13-041/053 · 를 / 토큰 88 CA / KANJI A0C0 / 가나다순 135
717,DFA5~DFA6,81 40,패치 슬롯 0466 | 전각 공백 | ␠,원본 분석표 726번 DFB7~DFB8=82 F0(を) → 패치 DFA5~DFA6=81 40(␠); 번역 13-042/053 · ␠ / 토큰 81 40 / PC-88 전각 공백 토큰
718,DFA7~DFA8,82 ED,패치 슬롯 0467 | 한글 문자 | 더,편집기 추가 행; 번역 13-043/053 · 더 / 토큰 82 ED / KANJI 38F0 / 가나다순 85
719,DFA9~DFAA,81 40,패치 슬롯 0468 | 전각 공백 | ␠,편집기 추가 행; 번역 13-044/053 · ␠ / 토큰 81 40 / PC-88 전각 공백 토큰
720,DFAB~DFAC,82 D3,패치 슬롯 0469 | 한글 문자 | 내,편집기 추가 행; 번역 13-045/053 · 내 / 토큰 82 D3 / KANJI 2950 / 가나다순 57
721,DFAD~DFAE,88 E1,패치 슬롯 0470 | 한글 문자 | 몰,편집기 추가 행; 번역 13-046/053 · 몰 / 토큰 88 E1 / KANJI E030 / 가나다순 159
722,DFAF~DFB0,82 AB,패치 슬롯 0471 | 한글 문자 | 게,편집기 추가 행; 번역 13-047/053 · 게 / 토큰 82 AB / KANJI 18D0 / 가나다순 13
723,DFB1,45,기존 확인 41~50h 계열 / CAA8[4] 슬롯 실행,원본 분석표 727번 DFB9 → 현재 DFB1; 슬롯 토큰 45; 다음 본류 DFBA
724,DFB2~DFB3,81 40,패치 슬롯 0472 | 전각 공백 | ␠,원본 분석표 728번 DFBA~DFBB=8C 88(決) → 패치 DFB2~DFB3=81 40(␠); 번역 13-048/053 · ␠ / 토큰 81 40 / PC-88 전각 공백 토큰
725,DFB4~DFB5,88 D2,패치 슬롯 0473 | 한글 문자 | 만,원본 분석표 729번 DFBC~DFBD=90 53(心) → 패치 DFB4~DFB5=88 D2(만); 번역 13-049/053 · 만 / 토큰 88 D2 / KANJI A140 / 가나다순 144
726,DFB6~DFB7,88 AA,패치 슬롯 0474 | 한글 문자 | 들,원본 분석표 730번 DFBE~DFBF=82 B3(さ) → 패치 DFB6~DFB7=88 AA(들); 번역 13-050/053 · 들 / 토큰 88 AA / KANJI 60C0 / 가나다순 102
727,DFB8~DFB9,89 6F,패치 슬롯 0475 | 한글 문자 | 었,원본 분석표 731번 DFC0~DFC1=82 B9(せ) → 패치 DFB8~DFB9=89 6F(었); 번역 13-051/053 · 었 / 토큰 89 6F / KANJI A300 / 가나다순 238
728,DFBA~DFBB,82 E7,패치 슬롯 0476 | 한글 문자 | 다,원본 분석표 732번 DFC2~DFC3=82 BD(た) → 패치 DFBA~DFBB=82 E7(다); 번역 13-052/053 · 다 / 토큰 82 E7 / KANJI 3890 / 가나다순 78
729,DFBC~DFBD,81 49,패치 슬롯 0477 | 문장부호 | ！,원본 분석표 734번 DFC6~DFC7 → 현재 DFBC~DFBD; 번역 13-053/053 · ！ / 토큰 81 49 / PC-88 전각 느낌표 토큰
730,DFBE,62,기존 확인 61~70h 계열 / CAA8[1] 작업슬롯 비활성화,원본 분석표 735번 DFC8 → 현재 DFBE; 비활성화 토큰 62; 다음 본류 DFC9
731,DFBF~DFC1,16 A2 E5,기존 확인 16h 계열 / 서브스트림 호출·전환 → E5A2,원본 분석표 736번 DFC9~DFCB → 현재 DFBF~DFC1; 16h 호출 → E5A2; 복귀 주소 DFCC
732,E5A2~E5A6,0F 02 12 05 08,서브스트림 실행 / 기존 확인 0Fh 계열 제어토큰,인자 02 12 05 08; 다음 주소 E5A7
733,E5A7~E5A9,16 30 E6,서브스트림 실행 / 기존 확인 16h 계열 / 서브스트림 호출·전환 → E630,16h 호출 → E630; 복귀 주소 E5AA
734,E630~E632,1E 3C 08,서브스트림 실행 / 기존 확인 1Eh 계열 / 간접 CALL,호출 대상 083C; 처리 후 다음 주소 E633
735,E633~E638,05 16 86 3A 9E 00,서브스트림 실행 / 기존 확인 05h 계열 / 영역·좌표 상태 설정·전개,처리 후 다음 주소 E639; 내부 16 86 3A는 인자
736,E639~E63D,0E 16 20 24 80,서브스트림 실행 / 기존 확인 0Eh 계열 / 화면·버퍼 초기화·전개,처리 후 다음 주소 E63E; 내부 16 20 24는 인자
737,E63E,17,서브스트림 실행 / 기존 확인 17h 계열 / 서브스트림 복귀,17h 복귀 → E5AA
738,E5AA~E5AC,13 EF E6,서브스트림 실행 / 기존 확인 13h 계열 제어토큰,인자 EF E6; 다음 주소 E5AD
739,E5AD~E5AF,10 16 22,서브스트림 실행 / 런타임 확인 10h 계열 / 기능 미확인,인자 16 22; 다음 주소 E5B0
740,E5B0~E5B3,04 89 E7 41,서브스트림 실행 / 기존 확인 04h 계열 / CAA8 슬롯 포인터 설정,E789 포인터를 41h 슬롯에 설정; 다음 주소 E5B4
741,E5B4~E5B7,04 93 E7 42,서브스트림 실행 / 기존 확인 04h 계열 / CAA8 슬롯 포인터 설정,E793 포인터를 42h 슬롯에 설정; 다음 주소 E5B8
742,E5B8~E5B9,25 2B,서브스트림 실행 / 기존 확인 25h 계열 / CA1D 입 움직임 효과음 인덱스 설정,CA1D=2B; 다음 주소 E5BA
743,E5BA,17,서브스트림 실행 / 기존 확인 17h 계열 / 서브스트림 복귀,17h 복귀 → DFCC
744,DFC2,41,기존 확인 41~50h 계열 / CAA8[0] 슬롯 실행,원본 분석표 749번 DFCC → 현재 DFC2; 슬롯 토큰 41; 다음 본류 DFCD
745,DFC3~DFC4,82 BD,패치 슬롯 0478 | 한글 문자 | 그,원본 분석표 750번 DFCD~DFCE=82 A6(え) → 패치 DFC3~DFC4=82 BD(그); 번역 14-001/039 · 그 / 토큰 82 BD / KANJI 19F0 / 가나다순 34
746,DFC5~DFC6,88 B9,패치 슬롯 0479 | 한글 문자 | 래,원본 분석표 751번 DFCF~DFD0=82 A6(え) → 패치 DFC5~DFC6=88 B9(래); 번역 14-002/039 · 래 / 토큰 88 B9 / KANJI 61B0 / 가나다순 117
747,DFC7~DFC8,81 41,패치 슬롯 0480 | 문장부호 | 、,원본 분석표 752번 DFD1~DFD2 → 현재 DFC7~DFC8; 번역 14-003/039 · 、 / 토큰 81 41 / PC-88 전각 쉼표 토큰
748,DFC9~DFCA,88 DA,패치 슬롯 0481 | 한글 문자 | 메,원본 분석표 753번 DFD3~DFD4=83 81(メ) → 패치 DFC9~DFCA=88 DA(메); 번역 14-004/039 · 메 / 토큰 88 DA / KANJI A1C0 / 가나다순 152
749,DFCB~DFCC,82 9F,패치 슬롯 0482 | 한글 문자 | 가,원본 분석표 754번 DFD5~DFD6=83 4B(ガ) → 패치 DFCB~DFCC=82 9F(가); 번역 14-005/039 · 가 / 토큰 82 9F / KANJI 1810 / 가나다순 1
750,DFCD~DFCE,89 56,패치 슬롯 0483 | 한글 문자 | 스,원본 분석표 755번 DFD7~DFD8=83 58(ス) → 패치 DFCD~DFCE=89 56(스); 번역 14-006/039 · 스 / 토큰 89 56 / KANJI 6370 / 가나다순 211
751,DFCF~DFD0,81 49,패치 슬롯 0484 | 문장부호 | ！,원본 분석표 756번 DFD9~DFDA → 현재 DFCF~DFD0; 번역 14-007/039 · ！ / 토큰 81 49 / PC-88 전각 느낌표 토큰
752,DFD1~DFD2,81 40,패치 슬롯 0485 | 전각 공백 | ␠,원본 분석표 757번 DFDB~DFDC → 현재 DFD1~DFD2; 번역 14-008/039 · ␠ / 토큰 81 40 / PC-88 전각 공백 토큰
753,DFD3,42,기존 확인 41~50h 계열 / CAA8[1] 슬롯 실행,원본 분석표 758번 DFDD → 현재 DFD3; 슬롯 토큰 42; 다음 본류 DFDE
754,DFD4~DFD5,82 D9,패치 슬롯 0486 | 한글 문자 | 네,원본 분석표 759번 DFDE~DFDF=82 BB(そ) → 패치 DFD4~DFD5=82 D9(네); 번역 14-009/039 · 네 / 토큰 82 D9 / KANJI 29B0 / 가나다순 64
755,DFD6~DFD7,81 40,패치 슬롯 0487 | 전각 공백 | ␠,원본 분석표 760번 DFE0~DFE1=82 CC(の) → 패치 DFD6~DFD7=81 40(␠); 번역 14-010/039 · ␠ / 토큰 81 40 / PC-88 전각 공백 토큰
756,DFD8~DFD9,88 D3,패치 슬롯 0488 | 한글 문자 | 말,원본 분석표 761번 DFE2~DFE3=92 CA(通) → 패치 DFD8~DFD9=88 D3(말); 번역 14-011/039 · 말 / 토큰 88 D3 / KANJI A150 / 가나다순 145
757,DFDA~DFDB,82 EC,패치 슬롯 0489 | 한글 문자 | 대,원본 분석표 762번 DFE4~DFE5=82 E8(り) → 패치 DFDA~DFDB=82 EC(대); 번역 14-012/039 · 대 / 토큰 82 EC / KANJI 38E0 / 가나다순 84
758,DFDC~DFDD,88 C5,패치 슬롯 0490 | 한글 문자 | 로,원본 분석표 763번 DFE6~DFE7=82 E6(よ) → 패치 DFDC~DFDD=88 C5(로); 번역 14-013/039 · 로 / 토큰 88 C5 / KANJI A070 / 가나다순 130
759,DFDE~DFDF,89 6B,패치 슬롯 0491 | 한글 문자 | 야,원본 분석표 764번 DFE8~DFE9=81 49(！) → 패치 DFDE~DFDF=89 6B(야); 번역 14-014/039 · 야 / 토큰 89 6B / KANJI A2C0 / 가나다순 234
760,DFE0~DFE1,81 49,패치 슬롯 0492 | 문장부호 | ！,원본 분석표 765번 DFEA~DFEB=81 40(␠) → 패치 DFE0~DFE1=81 49(！); 번역 14-015/039 · ！ / 토큰 81 49 / PC-88 전각 느낌표 토큰
761,DFE2~DFE3,81 40,패치 슬롯 0493 | 전각 공백 | ␠,원본 분석표 766번 DFEC~DFED=82 B3(さ) → 패치 DFE2~DFE3=81 40(␠); 번역 14-016/039 · ␠ / 토큰 81 40 / PC-88 전각 공백 토큰
762,DFE4~DFE5,82 D3,패치 슬롯 0494 | 한글 문자 | 내,원본 분석표 767번 DFEE~DFEF=82 A0(あ) → 패치 DFE4~DFE5=82 D3(내); 번역 14-017/039 · 내 / 토큰 82 D3 / KANJI 2950 / 가나다순 57
763,DFE6~DFE7,82 9F,패치 슬롯 0495 | 한글 문자 | 가,원본 분석표 768번 DFF0~DFF1=81 41(、) → 패치 DFE6~DFE7=82 9F(가); 번역 14-018/039 · 가 / 토큰 82 9F / KANJI 1810 / 가나다순 1
764,DFE8,42,기존 확인 41~50h 계열 / CAA8[1] 슬롯 실행,원본 분석표 773번 DFFA → 현재 DFE8; 슬롯 토큰 42; 다음 본류 DFFB
765,DFE9~DFEA,89 E7,패치 슬롯 0496 | 한글 문자 | 항,원본 분석표 775번 DFFD~DFFE=95 9A(伏) → 패치 DFE9~DFEA=89 E7(항); 번역 14-019/039 · 항 / 토큰 89 E7 / KANJI E490 / 가나다순 368
766,DFEB~DFEC,88 F5,패치 슬롯 0497 | 한글 문자 | 복,원본 분석표 776번 DFFF~E000=82 B7(す) → 패치 DFEB~DFEC=88 F5(복); 번역 14-020/039 · 복 / 토큰 88 F5 / KANJI E170 / 가나다순 180
767,DFED~DFEE,89 E5,패치 슬롯 0498 | 한글 문자 | 할,원본 분석표 777번 E001~E002=82 E9(る) → 패치 DFED~DFEE=89 E5(할); 번역 14-021/039 · 할 / 토큰 89 E5 / KANJI E470 / 가나다순 365
768,DFEF~DFF0,81 40,패치 슬롯 0499 | 전각 공백 | ␠,원본 분석표 778번 E003~E004=82 ED(わ) → 패치 DFEF~DFF0=81 40(␠); 번역 14-022/039 · ␠ / 토큰 81 40 / PC-88 전각 공백 토큰
769,DFF1~DFF2,8A 51,패치 슬롯 0500 | 한글 문자 | 테,원본 분석표 779번 E005~E006=81 49(！) → 패치 DFF1~DFF2=8A 51(테); 번역 14-023/039 · 테 / 토큰 8A 51 / KANJI 6720 / 가나다순 345
770,DFF3~DFF4,82 E4,패치 슬롯 0501 | 한글 문자 | 니,원본 분석표 780번 E007~E008=81 40(␠) → 패치 DFF3~DFF4=82 E4(니); 번역 14-024/039 · 니 / 토큰 82 E4 / KANJI 3860 / 가나다순 75
771,DFF5~DFF6,81 41,패치 슬롯 0502 | 문장부호 | 、,원본 분석표 781번 E009~E00A=83 94(ヴ) → 패치 DFF5~DFF6=81 41(、); 번역 14-025/039 · 、 / 토큰 81 41 / PC-88 전각 쉼표 토큰
772,DFF7~DFF8,82 EB,패치 슬롯 0503 | 한글 문자 | 당,원본 분석표 782번 E00B~E00C=83 40(ァ) → 패치 DFF7~DFF8=82 EB(당); 번역 14-026/039 · 당 / 토큰 82 EB / KANJI 38D0 / 가나다순 83
773,DFF9~DFFA,89 99,패치 슬롯 0504 | 한글 문자 | 장,원본 분석표 783번 E00D~E00E=83 8A(リ) → 패치 DFF9~DFFA=89 99(장); 번역 14-027/039 · 장 / 토큰 89 99 / KANJI E390 / 가나다순 283
774,DFFB~DFFC,81 40,패치 슬롯 0505 | 전각 공백 | ␠,원본 분석표 784번 E00F~E010=83 41(ア) → 패치 DFFB~DFFC=81 40(␠); 번역 14-028/039 · ␠ / 토큰 81 40 / PC-88 전각 공백 토큰
775,DFFD~DFFE,88 E9,패치 슬롯 0506 | 한글 문자 | 바,원본 분석표 785번 E011~E012=97 6C(様) → 패치 DFFD~DFFE=88 E9(바); 번역 14-029/039 · 바 / 토큰 88 E9 / KANJI E0B0 / 가나다순 168
776,DFFF~E000,88 CC,패치 슬롯 0507 | 한글 문자 | 리,원본 분석표 786번 E013~E014=82 F0(を) → 패치 DFFF~E000=88 CC(리); 번역 14-030/039 · 리 / 토큰 88 CC / KANJI A0E0 / 가나다순 137
777,E001~E002,89 60,패치 슬롯 0508 | 한글 문자 | 아,원본 분석표 787번 E015~E016=95 D4(返) → 패치 E001~E002=89 60(아); 번역 14-031/039 · 아 / 토큰 89 60 / KANJI A210 / 가나다순 223
778,E003~E004,82 E6,패치 슬롯 0509 | 한글 문자 | 님,원본 분석표 788번 E017~E018=82 B5(し) → 패치 E003~E004=82 E6(님); 번역 14-032/039 · 님 / 토큰 82 E6 / KANJI 3880 / 가나다순 77
779,E005~E006,89 8A,패치 슬롯 0510 | 한글 문자 | 을,원본 분석표 789번 E019~E01A=82 C4(て) → 패치 E005~E006=89 8A(을); 번역 14-033/039 · 을 / 토큰 89 8A / KANJI E2A0 / 가나다순 265
780,E007~E008,81 40,패치 슬롯 0511 | 전각 공백 | ␠,원본 분석표 790번 E01B~E01C=81 49(！) → 패치 E007~E008=81 40(␠); 번역 14-034/039 · ␠ / 토큰 81 40 / PC-88 전각 공백 토큰
781,E009~E00A,89 DF,패치 슬롯 0512 | 한글 문자 | 풀,원본 분석표 791번 E01D~E01E=81 49(！) → 패치 E009~E00A=89 DF(풀); 번역 14-035/039 · 풀 / 토큰 89 DF / KANJI E410 / 가나다순 359
782,E00B~E00C,89 6C,패치 슬롯 0513 | 한글 문자 | 어,편집기 추가 행; 번역 14-036/039 · 어 / 토큰 89 6C / KANJI A2D0 / 가나다순 235
783,E00D~E00E,8A C4,패치 슬롯 0514 | 한글 문자 | 줘,편집기 추가 행; 번역 14-037/039 · 줘 / 토큰 8A C4 / KANJI A860 / 가나다순 497
784,E00F~E010,81 49,패치 슬롯 0515 | 문장부호 | ！,편집기 추가 행; 번역 14-038/039 · ！ / 토큰 81 49 / PC-88 전각 느낌표 토큰
785,E011~E012,81 49,패치 슬롯 0516 | 문장부호 | ！,편집기 추가 행; 번역 14-039/039 · ！ / 토큰 81 49 / PC-88 전각 느낌표 토큰
786,E013,61,기존 확인 61~70h 계열 / CAA8[0] 작업슬롯 비활성화,원본 분석표 792번 E01F → 현재 E013; 비활성화 토큰 61; 다음 본류 E020
787,E014~E016,16 B9 E4,기존 확인 16h 계열 / 서브스트림 호출·전환 → E4B9,원본 분석표 793번 E020~E022 → 현재 E014~E016; 16h 호출 → E4B9; 복귀 주소 E023
788,E4B9~E4BD,0F 05 0F 05 08,서브스트림 실행 / 기존 확인 0Fh 계열 제어토큰,인자 05 0F 05 08; 다음 주소 E4BE
789,E4BE~E4C0,16 30 E6,서브스트림 실행 / 기존 확인 16h 계열 / 서브스트림 호출·전환 → E630,16h 호출 → E630; 복귀 주소 E4C1
790,E630~E632,1E 3C 08,서브스트림 실행 / 기존 확인 1Eh 계열 / 간접 CALL,호출 대상 083C; 처리 후 다음 주소 E633
791,E633~E638,05 16 86 3A 9E 00,서브스트림 실행 / 기존 확인 05h 계열 / 영역·좌표 상태 설정·전개,처리 후 다음 주소 E639; 내부 16 86 3A는 인자
792,E639~E63D,0E 16 20 24 80,서브스트림 실행 / 기존 확인 0Eh 계열 / 화면·버퍼 초기화·전개,처리 후 다음 주소 E63E; 내부 16 20 24는 인자
793,E63E,17,서브스트림 실행 / 기존 확인 17h 계열 / 서브스트림 복귀,17h 복귀 → E4C1
794,E4C1~E4C3,13 BF E6,서브스트림 실행 / 기존 확인 13h 계열 제어토큰,인자 BF E6; 다음 주소 E4C4
795,E4C4~E4C7,14 00 16 22,서브스트림 실행 / 기존 확인 14h 계열 / 버퍼·영역 처리,인자 00 16 22; 다음 주소 E4C8
796,E4C8~E4CB,14 01 3B 00,서브스트림 실행 / 기존 확인 14h 계열 / 버퍼·영역 처리,인자 01 3B 00; 다음 주소 E4CC
797,E4CC~E4CF,04 3D E8 41,서브스트림 실행 / 기존 확인 04h 계열 / CAA8 슬롯 포인터 설정,E83D 포인터를 41h 슬롯에 설정; 다음 주소 E4D0
798,E4D0~E4D3,04 51 E8 42,서브스트림 실행 / 기존 확인 04h 계열 / CAA8 슬롯 포인터 설정,E851 포인터를 42h 슬롯에 설정; 다음 주소 E4D4
799,E4D4~E4D5,25 2E,서브스트림 실행 / 기존 확인 25h 계열 / CA1D 입 움직임 효과음 인덱스 설정,CA1D=2E; 다음 주소 E4D6
800,E4D6,17,서브스트림 실행 / 기존 확인 17h 계열 / 서브스트림 복귀,17h 복귀 → E023
801,E017,41,기존 확인 41~50h 계열 / CAA8[0] 슬롯 실행,원본 분석표 807번 E023 → 현재 E017; 슬롯 토큰 41; 다음 본류 E024
802,E018~E019,89 62,패치 슬롯 0517 | 한글 문자 | 안,원본 분석표 808번 E024~E025=82 BE(だ) → 패치 E018~E019=89 62(안); 번역 15-001/024 · 안 / 토큰 89 62 / KANJI A230 / 가나다순 225
803,E01A~E01B,81 40,패치 슬롯 0518 | 전각 공백 | ␠,원본 분석표 809번 E026~E027=82 DF(め) → 패치 E01A~E01B=81 40(␠); 번역 15-002/024 · ␠ / 토큰 81 40 / PC-88 전각 공백 토큰
804,E01C~E01D,8A BA,패치 슬롯 0519 | 한글 문자 | 돼,원본 분석표 810번 E028~E029=82 E6(よ) → 패치 E01C~E01D=8A BA(돼); 번역 15-003/024 · 돼 / 토큰 8A BA / KANJI 69C0 / 가나다순 487
805,E01E~E01F,89 80,패치 슬롯 0520 | 한글 문자 | 요,원본 분석표 811번 E02A~E02B=81 41(、) → 패치 E01E~E01F=89 80(요); 번역 15-004/024 · 요 / 토큰 89 80 / KANJI E200 / 가나다순 255
806,E020~E021,81 41,패치 슬롯 0521 | 문장부호 | 、,원본 분석표 812번 E02C~E02D=97 44(優) → 패치 E020~E021=81 41(、); 번역 15-005/024 · 、 / 토큰 81 41 / PC-88 전각 쉼표 토큰
807,E022~E023,89 86,패치 슬롯 0522 | 한글 문자 | 유,원본 분석표 813번 E02E~E02F=8E 71(子) → 패치 E022~E023=89 86(유); 번역 15-006/024 · 유 / 토큰 89 86 / KANJI E260 / 가나다순 261
808,E024~E025,89 C5,패치 슬롯 0523 | 한글 문자 | 코,원본 분석표 814번 E030~E031=81 49(！) → 패치 E024~E025=89 C5(코); 번역 15-007/024 · 코 / 토큰 89 C5 / KANJI A470 / 가나다순 331
809,E026~E027,81 49,패치 슬롯 0524 | 문장부호 | ！,원본 분석표 815번 E032~E033=81 40(␠) → 패치 E026~E027=81 49(！); 번역 15-008/024 · ！ / 토큰 81 49 / PC-88 전각 느낌표 토큰
810,E028~E029,81 40,패치 슬롯 0525 | 전각 공백 | ␠,원본 분석표 816번 E034~E035=90 ED(戦) → 패치 E028~E029=81 40(␠); 번역 15-009/024 · ␠ / 토큰 81 40 / PC-88 전각 공백 토큰
811,E02A~E02B,89 9E,패치 슬롯 0526 | 한글 문자 | 절,원본 분석표 817번 E036~E037=82 A2(い) → 패치 E02A~E02B=89 9E(절); 번역 15-010/024 · 절 / 토큰 89 9E / KANJI E3E0 / 가나다순 288
812,E02C~E02D,82 EC,패치 슬롯 0527 | 한글 문자 | 대,원본 분석표 818번 E038~E039=82 F0(を) → 패치 E02C~E02D=82 EC(대); 번역 15-011/024 · 대 / 토큰 82 EC / KANJI 38E0 / 가나다순 84
813,E02E~E02F,81 40,패치 슬롯 0528 | 전각 공백 | ␠,원본 분석표 819번 E03A~E03B=95 FA(放) → 패치 E02E~E02F=81 40(␠); 번역 15-012/024 · ␠ / 토큰 81 40 / PC-88 전각 공백 토큰
814,E030~E031,89 E7,패치 슬롯 0529 | 한글 문자 | 항,원본 분석표 820번 E03C~E03D=8A FC(棄) → 패치 E030~E031=89 E7(항); 번역 15-013/024 · 항 / 토큰 89 E7 / KANJI E490 / 가나다순 368
815,E032~E033,88 F5,패치 슬롯 0530 | 한글 문자 | 복,원본 분석표 821번 E03E~E03F=82 B5(し) → 패치 E032~E033=88 F5(복); 번역 15-014/024 · 복 / 토큰 88 F5 / KANJI E170 / 가나다순 180
816,E034~E035,89 E8,패치 슬롯 0531 | 한글 문자 | 해,원본 분석표 822번 E040~E041=82 C4(て) → 패치 E034~E035=89 E8(해); 번역 15-015/024 · 해 / 토큰 89 E8 / KANJI E4A0 / 가나다순 369
817,E036~E037,89 49,패치 슬롯 0532 | 한글 문자 | 서,원본 분석표 823번 E042~E043=82 CD(は) → 패치 E036~E037=89 49(서); 번역 15-016/024 · 서 / 토큰 89 49 / KANJI 62A0 / 가나다순 197
818,E038~E039,82 E3,패치 슬롯 0533 | 한글 문자 | 는,원본 분석표 824번 E044~E045=82 BE(だ) → 패치 E038~E039=82 E3(는); 번역 15-017/024 · 는 / 토큰 82 E3 / KANJI 3850 / 가나다순 74
819,E03A~E03B,81 40,패치 슬롯 0534 | 전각 공백 | ␠,원본 분석표 825번 E046~E047=82 DF(め) → 패치 E03A~E03B=81 40(␠); 번역 15-018/024 · ␠ / 토큰 81 40 / PC-88 전각 공백 토큰
820,E03C~E03D,89 62,패치 슬롯 0535 | 한글 문자 | 안,편집기 추가 행; 번역 15-019/024 · 안 / 토큰 89 62 / KANJI A230 / 가나다순 225
821,E03E~E03F,81 40,패치 슬롯 0536 | 전각 공백 | ␠,편집기 추가 행; 번역 15-020/024 · ␠ / 토큰 81 40 / PC-88 전각 공백 토큰
822,E040~E041,8A BA,패치 슬롯 0537 | 한글 문자 | 돼,편집기 추가 행; 번역 15-021/024 · 돼 / 토큰 8A BA / KANJI 69C0 / 가나다순 487
823,E042~E043,89 80,패치 슬롯 0538 | 한글 문자 | 요,편집기 추가 행; 번역 15-022/024 · 요 / 토큰 89 80 / KANJI E200 / 가나다순 255
824,E044~E045,81 49,패치 슬롯 0539 | 문장부호 | ！,원본 분석표 826번 E048~E049 → 현재 E044~E045; 번역 15-023/024 · ！ / 토큰 81 49 / PC-88 전각 느낌표 토큰
825,E046~E047,81 49,패치 슬롯 0540 | 문장부호 | ！,원본 분석표 827번 E04A~E04B → 현재 E046~E047; 번역 15-024/024 · ！ / 토큰 81 49 / PC-88 전각 느낌표 토큰
826,E048,61,기존 확인 61~70h 계열 / CAA8[0] 작업슬롯 비활성화,원본 분석표 828번 E04C → 현재 E048; 비활성화 토큰 61; 다음 본류 E04D
827,E049~E04B,16 F4 E4,기존 확인 16h 계열 / 서브스트림 호출·전환 → E4F4,원본 분석표 829번 E04D~E04F → 현재 E049~E04B; 16h 호출 → E4F4; 복귀 주소 E050
828,E4F4~E4F8,0F 02 1A 04 0D,서브스트림 실행 / 기존 확인 0Fh 계열 제어토큰,인자 02 1A 04 0D; 다음 주소 E4F9
829,E4F9~E4FB,16 30 E6,서브스트림 실행 / 기존 확인 16h 계열 / 서브스트림 호출·전환 → E630,16h 호출 → E630; 복귀 주소 E4FC
830,E630~E632,1E 3C 08,서브스트림 실행 / 기존 확인 1Eh 계열 / 간접 CALL,호출 대상 083C; 처리 후 다음 주소 E633
831,E633~E638,05 16 86 3A 9E 00,서브스트림 실행 / 기존 확인 05h 계열 / 영역·좌표 상태 설정·전개,처리 후 다음 주소 E639; 내부 16 86 3A는 인자
832,E639~E63D,0E 16 20 24 80,서브스트림 실행 / 기존 확인 0Eh 계열 / 화면·버퍼 초기화·전개,처리 후 다음 주소 E63E; 내부 16 20 24는 인자
833,E63E,17,서브스트림 실행 / 기존 확인 17h 계열 / 서브스트림 복귀,17h 복귀 → E4FC
834,E4FC~E4FE,13 1F E7,서브스트림 실행 / 기존 확인 13h 계열 제어토큰,인자 1F E7; 다음 주소 E4FF
835,E4FF~E502,14 00 16 22,서브스트림 실행 / 기존 확인 14h 계열 / 버퍼·영역 처리,인자 00 16 22; 다음 주소 E503
836,E503~E506,14 01 3B 00,서브스트림 실행 / 기존 확인 14h 계열 / 버퍼·영역 처리,인자 01 3B 00; 다음 주소 E507
837,E507~E50A,04 E3 E7 41,서브스트림 실행 / 기존 확인 04h 계열 / CAA8 슬롯 포인터 설정,E7E3 포인터를 41h 슬롯에 설정; 다음 주소 E50B
838,E50B~E50E,04 ED E7 42,서브스트림 실행 / 기존 확인 04h 계열 / CAA8 슬롯 포인터 설정,E7ED 포인터를 42h 슬롯에 설정; 다음 주소 E50F
839,E50F~E512,04 F7 E7 44,서브스트림 실행 / 기존 확인 04h 계열 / CAA8 슬롯 포인터 설정,E7F7 포인터를 44h 슬롯에 설정; 다음 주소 E513
840,E513~E516,04 15 E8 43,서브스트림 실행 / 기존 확인 04h 계열 / CAA8 슬롯 포인터 설정,E815 포인터를 43h 슬롯에 설정; 다음 주소 E517
841,E517~E51A,04 01 E8 45,서브스트림 실행 / 기존 확인 04h 계열 / CAA8 슬롯 포인터 설정,E801 포인터를 45h 슬롯에 설정; 다음 주소 E51B
842,E51B~E51E,04 0B E8 46,서브스트림 실행 / 기존 확인 04h 계열 / CAA8 슬롯 포인터 설정,E80B 포인터를 46h 슬롯에 설정; 다음 주소 E51F
843,E51F~E520,25 2D,서브스트림 실행 / 기존 확인 25h 계열 / CA1D 입 움직임 효과음 인덱스 설정,CA1D=2D; 다음 주소 E521
844,E521,17,서브스트림 실행 / 기존 확인 17h 계열 / 서브스트림 복귀,17h 복귀 → E050
845,E04C,42,기존 확인 41~50h 계열 / CAA8[1] 슬롯 실행,원본 분석표 847번 E050 → 현재 E04C; 슬롯 토큰 42; 다음 본류 E051
846,E04D~E04E,8A 83,패치 슬롯 0541 | 한글 문자 | 흐,원본 분석표 848번 E051~E052=83 74(フ) → 패치 E04D~E04E=8A 83(흐); 번역 16-001/024 · 흐 / 토큰 8A 83 / KANJI E630 / 가나다순 432
847,E04F~E050,8A 83,패치 슬롯 0542 | 한글 문자 | 흐,원본 분석표 849번 E053~E054=83 74(フ) → 패치 E04F~E050=8A 83(흐); 번역 16-002/024 · 흐 / 토큰 8A 83 / KANJI E630 / 가나다순 432
848,E051~E052,8A 83,패치 슬롯 0543 | 한글 문자 | 흐,원본 분석표 850번 E055~E056=83 74(フ) → 패치 E051~E052=8A 83(흐); 번역 16-003/024 · 흐 / 토큰 8A 83 / KANJI E630 / 가나다순 432
849,E053~E054,81 42,패치 슬롯 0544 | 문장부호 | 。,원본 분석표 851번 E057~E058=83 74(フ) → 패치 E053~E054=81 42(。); 번역 16-004/024 · 。 / 토큰 81 42 / PC-88 전각 마침표 토큰
850,E055~E056,82 BD,패치 슬롯 0545 | 한글 문자 | 그,원본 분석표 852번 E059~E05A=81 42(。) → 패치 E055~E056=82 BD(그); 번역 16-005/024 · 그 / 토큰 82 BD / KANJI 19F0 / 가나다순 34
851,E057~E058,88 BB,패치 슬롯 0546 | 한글 문자 | 러,원본 분석표 853번 E05B~E05C=82 C5(で) → 패치 E057~E058=88 BB(러); 번역 16-006/024 · 러 / 토큰 88 BB / KANJI 61D0 / 가나다순 120
852,E059~E05A,88 DC,패치 슬롯 0547 | 한글 문자 | 면,원본 분석표 854번 E05D~E05E=82 CD(は) → 패치 E059~E05A=88 DC(면); 번역 16-007/024 · 면 / 토큰 88 DC / KANJI A1E0 / 가나다순 154
853,E05B~E05C,81 40,패치 슬롯 0548 | 전각 공백 | ␠,원본 분석표 855번 E05F~E060=81 41(、) → 패치 E05B~E05C=81 40(␠); 번역 16-008/024 · ␠ / 토큰 81 40 / PC-88 전각 공백 토큰
854,E05D~E05E,8A BC,패치 슬롯 0549 | 한글 문자 | 먼,원본 분석표 856번 E061~E062=82 DC(ま) → 패치 E05D~E05E=8A BC(먼); 번역 16-009/024 · 먼 / 토큰 8A BC / KANJI 69E0 / 가나다순 489
855,E05F~E060,89 9B,패치 슬롯 0550 | 한글 문자 | 저,원본 분석표 857번 E063~E064=82 B8(ず) → 패치 E05F~E060=89 9B(저); 번역 16-010/024 · 저 / 토큰 89 9B / KANJI E3B0 / 가나다순 285
856,E061~E062,81 40,패치 슬롯 0551 | 전각 공백 | ␠,원본 분석표 858번 E065~E066=81 41(、) → 패치 E061~E062=81 40(␠); 번역 16-011/024 · ␠ / 토큰 81 40 / PC-88 전각 공백 토큰
857,E063~E064,88 E9,패치 슬롯 0552 | 한글 문자 | 바,원본 분석표 859번 E067~E068=83 94(ヴ) → 패치 E063~E064=88 E9(바); 번역 16-012/024 · 바 / 토큰 88 E9 / KANJI E0B0 / 가나다순 168
858,E065~E066,88 CC,패치 슬롯 0553 | 한글 문자 | 리,원본 분석표 860번 E069~E06A=83 40(ァ) → 패치 E065~E066=88 CC(리); 번역 16-013/024 · 리 / 토큰 88 CC / KANJI A0E0 / 가나다순 137
859,E067~E068,89 56,패치 슬롯 0554 | 한글 문자 | 스,원본 분석표 861번 E06B~E06C=83 8A(リ) → 패치 E067~E068=89 56(스); 번역 16-014/024 · 스 / 토큰 89 56 / KANJI 6370 / 가나다순 211
860,E069~E06A,89 8C,패치 슬롯 0555 | 한글 문자 | 의,원본 분석표 862번 E06D~E06E=83 58(ス) → 패치 E069~E06A=89 8C(의); 번역 16-015/024 · 의 / 토큰 89 8C / KANJI E2C0 / 가나다순 267
861,E06B~E06C,81 40,패치 슬롯 0556 | 전각 공백 | ␠,원본 분석표 863번 E06F~E070=82 CC(の) → 패치 E06B~E06C=81 40(␠); 번역 16-016/024 · ␠ / 토큰 81 40 / PC-88 전각 공백 토큰
862,E06D~E06E,8A B7,패치 슬롯 0557 | 한글 문자 | 검,원본 분석표 864번 E071~E072=8C 95(剣) → 패치 E06D~E06E=8A B7(검); 번역 16-017/024 · 검 / 토큰 8A B7 / KANJI 6990 / 가나다순 484
863,E06F~E070,88 FA,패치 슬롯 0558 | 한글 문자 | 부,원본 분석표 865번 E073~E074=82 F0(を) → 패치 E06F~E070=88 FA(부); 번역 16-018/024 · 부 / 토큰 88 FA / KANJI E1C0 / 가나다순 185
864,E071~E072,89 D1,패치 슬롯 0559 | 한글 문자 | 터,원본 분석표 866번 E075~E076=8E CC(捨) → 패치 E071~E072=89 D1(터); 번역 16-019/024 · 터 / 토큰 89 D1 / KANJI A530 / 가나다순 343
865,E073~E074,81 40,패치 슬롯 0560 | 전각 공백 | ␠,원본 분석표 867번 E077~E078=82 C4(て) → 패치 E073~E074=81 40(␠); 번역 16-020/024 · ␠ / 토큰 81 40 / PC-88 전각 공백 토큰
866,E075~E076,88 F0,패치 슬롯 0561 | 한글 문자 | 버,원본 분석표 868번 E079~E07A=82 C4(て) → 패치 E075~E076=88 F0(버); 번역 16-021/024 · 버 / 토큰 88 F0 / KANJI E120 / 가나다순 175
867,E077~E078,88 C1,패치 슬롯 0562 | 한글 문자 | 려,원본 분석표 869번 E07B~E07C=82 E0(も) → 패치 E077~E078=88 C1(려); 번역 16-022/024 · 려 / 토큰 88 C1 / KANJI A030 / 가나다순 126
868,E079~E07A,88 B6,패치 슬롯 0563 | 한글 문자 | 라,원본 분석표 870번 E07D~E07E=82 E7(ら) → 패치 E079~E07A=88 B6(라); 번역 16-023/024 · 라 / 토큰 88 B6 / KANJI 6180 / 가나다순 114
869,E07B~E07C,81 42,패치 슬롯 0564 | 문장부호 | 。,원본 분석표 871번 E07F~E080=82 A8(お) → 패치 E07B~E07C=81 42(。); 번역 16-024/024 · 。 / 토큰 81 42 / PC-88 전각 마침표 토큰
870,E07D,62,기존 확인 61~70h 계열 / CAA8[1] 작업슬롯 비활성화,원본 분석표 875번 E087 → 현재 E07D; 비활성화 토큰 62; 다음 본류 E088
871,E07E~E080,16 8B E4,기존 확인 16h 계열 / 서브스트림 호출·전환 → E48B,원본 분석표 876번 E088~E08A → 현재 E07E~E080; 16h 호출 → E48B; 복귀 주소 E08B
872,E48B~E48F,0F 05 13 05 06,서브스트림 실행 / 기존 확인 0Fh 계열 제어토큰,인자 05 13 05 06; 다음 주소 E490
873,E490~E492,16 30 E6,서브스트림 실행 / 기존 확인 16h 계열 / 서브스트림 호출·전환 → E630,16h 호출 → E630; 복귀 주소 E493
874,E630~E632,1E 3C 08,서브스트림 실행 / 기존 확인 1Eh 계열 / 간접 CALL,호출 대상 083C; 처리 후 다음 주소 E633
875,E633~E638,05 16 86 3A 9E 00,서브스트림 실행 / 기존 확인 05h 계열 / 영역·좌표 상태 설정·전개,처리 후 다음 주소 E639; 내부 16 86 3A는 인자
876,E639~E63D,0E 16 20 24 80,서브스트림 실행 / 기존 확인 0Eh 계열 / 화면·버퍼 초기화·전개,처리 후 다음 주소 E63E; 내부 16 20 24는 인자
877,E63E,17,서브스트림 실행 / 기존 확인 17h 계열 / 서브스트림 복귀,17h 복귀 → E493
878,E493~E495,13 8F E6,서브스트림 실행 / 기존 확인 13h 계열 제어토큰,인자 8F E6; 다음 주소 E496
879,E496~E499,14 00 16 22,서브스트림 실행 / 기존 확인 14h 계열 / 버퍼·영역 처리,인자 00 16 22; 다음 주소 E49A
880,E49A~E49D,14 01 3B 00,서브스트림 실행 / 기존 확인 14h 계열 / 버퍼·영역 처리,인자 01 3B 00; 다음 주소 E49E
881,E49E~E4A1,04 5B E8 41,서브스트림 실행 / 기존 확인 04h 계열 / CAA8 슬롯 포인터 설정,E85B 포인터를 41h 슬롯에 설정; 다음 주소 E4A2
882,E4A2~E4A3,25 2E,서브스트림 실행 / 기존 확인 25h 계열 / CA1D 입 움직임 효과음 인덱스 설정,CA1D=2E; 다음 주소 E4A4
883,E4A4,17,서브스트림 실행 / 기존 확인 17h 계열 / 서브스트림 복귀,17h 복귀 → E08B
884,E081,41,기존 확인 41~50h 계열 / CAA8[0] 슬롯 실행,원본 분석표 889번 E08B → 현재 E081; 슬롯 토큰 41; 다음 본류 E08C
885,E082~E083,89 86,패치 슬롯 0565 | 한글 문자 | 유,원본 분석표 890번 E08C~E08D=97 44(優) → 패치 E082~E083=89 86(유); 번역 17-001/011 · 유 / 토큰 89 86 / KANJI E260 / 가나다순 261
886,E084~E085,89 C5,패치 슬롯 0566 | 한글 문자 | 코,원본 분석표 891번 E08E~E08F=8E 71(子) → 패치 E084~E085=89 C5(코); 번역 17-002/011 · 코 / 토큰 89 C5 / KANJI A470 / 가나다순 331
887,E086~E087,81 5B,패치 슬롯 0567 | 문장부호 | ー,원본 분석표 892번 E090~E091=82 C1(っ) → 패치 E086~E087=81 5B(ー); 번역 17-003/011 · ー / 토큰 81 5B / PC-88 장음 부호 토큰
888,E088~E089,81 49,패치 슬롯 0568 | 문장부호 | ！,원본 분석표 893번 E092~E093=81 5B(ー) → 패치 E088~E089=81 49(！); 번역 17-004/011 · ！ / 토큰 81 49 / PC-88 전각 느낌표 토큰
889,E08A~E08B,81 40,패치 슬롯 0569 | 전각 공백 | ␠,원본 분석표 894번 E094~E095=81 49(！) → 패치 E08A~E08B=81 40(␠); 번역 17-005/011 · ␠ / 토큰 81 40 / PC-88 전각 공백 토큰
890,E08C~E08D,89 62,패치 슬롯 0570 | 한글 문자 | 안,원본 분석표 895번 E096~E097=81 40(␠) → 패치 E08C~E08D=89 62(안); 번역 17-006/011 · 안 / 토큰 89 62 / KANJI A230 / 가나다순 225
891,E08E~E08F,81 40,패치 슬롯 0571 | 전각 공백 | ␠,원본 분석표 896번 E098~E099=82 BE(だ) → 패치 E08E~E08F=81 40(␠); 번역 17-007/011 · ␠ / 토큰 81 40 / PC-88 전각 공백 토큰
892,E090~E091,8A BA,패치 슬롯 0572 | 한글 문자 | 돼,원본 분석표 897번 E09A~E09B=82 DF(め) → 패치 E090~E091=8A BA(돼); 번역 17-008/011 · 돼 / 토큰 8A BA / KANJI 69C0 / 가나다순 487
893,E092~E093,81 5B,패치 슬롯 0573 | 문장부호 | ー,원본 분석표 898번 E09C~E09D → 현재 E092~E093; 번역 17-009/011 · ー / 토큰 81 5B / PC-88 장음 부호 토큰
894,E094,61,기존 확인 61~70h 계열 / CAA8[0] 작업슬롯 비활성화,원본 분석표 899번 E09E → 현재 E094; 비활성화 토큰 61; 다음 본류 E09F
895,E095~E096,89 80,패치 슬롯 0574 | 한글 문자 | 요,원본 분석표 900번 E09F~E0A0=82 C1(っ) → 패치 E095~E096=89 80(요); 번역 17-010/011 · 요 / 토큰 89 80 / KANJI E200 / 가나다순 255
896,E097~E098,81 49,패치 슬롯 0575 | 문장부호 | ！,원본 분석표 901번 E0A1~E0A2 → 현재 E097~E098; 번역 17-011/011 · ！ / 토큰 81 49 / PC-88 전각 느낌표 토큰
897,E099~E09B,16 BB E5,기존 확인 16h 계열 / 서브스트림 호출·전환 → E5BB,원본 분석표 902번 E0A3~E0A5 → 현재 E099~E09B; 16h 호출 → E5BB; 복귀 주소 E0A6
898,E5BB~E5BF,0F 01 15 05 08,서브스트림 실행 / 기존 확인 0Fh 계열 제어토큰,인자 01 15 05 08; 다음 주소 E5C0
899,E5C0~E5C2,16 30 E6,서브스트림 실행 / 기존 확인 16h 계열 / 서브스트림 호출·전환 → E630,16h 호출 → E630; 복귀 주소 E5C3
900,E630~E632,1E 3C 08,서브스트림 실행 / 기존 확인 1Eh 계열 / 간접 CALL,호출 대상 083C; 처리 후 다음 주소 E633
901,E633~E638,05 16 86 3A 9E 00,서브스트림 실행 / 기존 확인 05h 계열 / 영역·좌표 상태 설정·전개,처리 후 다음 주소 E639; 내부 16 86 3A는 인자
902,E639~E63D,0E 16 20 24 80,서브스트림 실행 / 기존 확인 0Eh 계열 / 화면·버퍼 초기화·전개,처리 후 다음 주소 E63E; 내부 16 20 24는 인자
903,E63E,17,서브스트림 실행 / 기존 확인 17h 계열 / 서브스트림 복귀,17h 복귀 → E5C3
904,E5C3~E5C5,13 EF E6,서브스트림 실행 / 기존 확인 13h 계열 제어토큰,인자 EF E6; 다음 주소 E5C6
905,E5C6~E5C8,10 16 22,서브스트림 실행 / 런타임 확인 10h 계열 / 기능 미확인,인자 16 22; 다음 주소 E5C9
906,E5C9~E5CA,25 2B,서브스트림 실행 / 기존 확인 25h 계열 / CA1D 입 움직임 효과음 인덱스 설정,CA1D=2B; 다음 주소 E5CB
907,E5CB,17,서브스트림 실행 / 기존 확인 17h 계열 / 서브스트림 복귀,17h 복귀 → E0A6
908,E09C~E09F,04 9D E7 41,기존 확인 04h 계열 / CAA8 슬롯 포인터 설정,원본 분석표 913번 E0A6~E0A9 → 현재 E09C~E09F; E79D 포인터를 41h 슬롯에 설정; 다음 본류 E0AA
909,E0A0~E0A1,22 0D,런타임 확인 22h 계열 / 기능 미확인,원본 분석표 914번 E0AA~E0AB → 현재 E0A0~E0A1; 인자 0D; 다음 본류 E0AC
910,E0A2~E0A3,81 45,패치 슬롯 0576 | 문장부호 | ・,원본 분석표 915번 E0AC~E0AD → 현재 E0A2~E0A3; 번역 18-001/011 · ・ / 토큰 81 45 / PC-88 가운데점 토큰
911,E0A4~E0A5,81 45,패치 슬롯 0577 | 문장부호 | ・,원본 분석표 916번 E0AE~E0AF → 현재 E0A4~E0A5; 번역 18-002/011 · ・ / 토큰 81 45 / PC-88 가운데점 토큰
912,E0A6~E0A7,81 45,패치 슬롯 0578 | 문장부호 | ・,원본 분석표 917번 E0B0~E0B1 → 현재 E0A6~E0A7; 번역 18-003/011 · ・ / 토큰 81 45 / PC-88 가운데점 토큰
913,E0A8,41,기존 확인 41~50h 계열 / CAA8[0] 슬롯 실행,원본 분석표 918번 E0B2 → 현재 E0A8; 슬롯 토큰 41; 다음 본류 E0B3
914,E0A9~E0AA,81 40,패치 슬롯 0579 | 전각 공백 | ␠,원본 분석표 919번 E0B3~E0B4=8E CC(捨) → 패치 E0A9~E0AA=81 40(␠); 번역 18-004/011 · ␠ / 토큰 81 40 / PC-88 전각 공백 토큰
915,E0AB~E0AC,88 F0,패치 슬롯 0580 | 한글 문자 | 버,원본 분석표 920번 E0B5~E0B6=82 C4(て) → 패치 E0AB~E0AC=88 F0(버); 번역 18-005/011 · 버 / 토큰 88 F0 / KANJI E120 / 가나다순 175
916,E0AD~E0AE,88 C2,패치 슬롯 0581 | 한글 문자 | 렸,원본 분석표 921번 E0B7~E0B8=82 BD(た) → 패치 E0AD~E0AE=88 C2(렸); 번역 18-006/011 · 렸 / 토큰 88 C2 / KANJI A040 / 가나다순 127
917,E0AF~E0B0,89 6C,패치 슬롯 0582 | 한글 문자 | 어,원본 분석표 922번 E0B9~E0BA=82 ED(わ) → 패치 E0AF~E0B0=89 6C(어); 번역 18-007/011 · 어 / 토큰 89 6C / KANJI A2D0 / 가나다순 235
918,E0B1~E0B2,81 45,패치 슬롯 0583 | 문장부호 | ・,원본 분석표 923번 E0BB~E0BC → 현재 E0B1~E0B2; 번역 18-008/011 · ・ / 토큰 81 45 / PC-88 가운데점 토큰
919,E0B3~E0B4,81 45,패치 슬롯 0584 | 문장부호 | ・,원본 분석표 924번 E0BD~E0BE → 현재 E0B3~E0B4; 번역 18-009/011 · ・ / 토큰 81 45 / PC-88 가운데점 토큰
920,E0B5~E0B6,81 45,패치 슬롯 0585 | 문장부호 | ・,원본 분석표 925번 E0BF~E0C0 → 현재 E0B5~E0B6; 번역 18-010/011 · ・ / 토큰 81 45 / PC-88 가운데점 토큰
921,E0B7~E0B8,81 42,패치 슬롯 0586 | 문장부호 | 。,원본 분석표 926번 E0C1~E0C2 → 현재 E0B7~E0B8; 번역 18-011/011 · 。 / 토큰 81 42 / PC-88 전각 마침표 토큰
922,E0B9,61,기존 확인 61~70h 계열 / CAA8[0] 작업슬롯 비활성화,원본 분석표 927번 E0C3 → 현재 E0B9; 비활성화 토큰 61; 다음 본류 E0C4
923,E0BA~E0BC,16 F4 E4,기존 확인 16h 계열 / 서브스트림 호출·전환 → E4F4,원본 분석표 928번 E0C4~E0C6 → 현재 E0BA~E0BC; 16h 호출 → E4F4; 복귀 주소 E0C7
924,E4F4~E4F8,0F 02 1A 04 0D,서브스트림 실행 / 기존 확인 0Fh 계열 제어토큰,인자 02 1A 04 0D; 다음 주소 E4F9
925,E4F9~E4FB,16 30 E6,서브스트림 실행 / 기존 확인 16h 계열 / 서브스트림 호출·전환 → E630,16h 호출 → E630; 복귀 주소 E4FC
926,E630~E632,1E 3C 08,서브스트림 실행 / 기존 확인 1Eh 계열 / 간접 CALL,호출 대상 083C; 처리 후 다음 주소 E633
927,E633~E638,05 16 86 3A 9E 00,서브스트림 실행 / 기존 확인 05h 계열 / 영역·좌표 상태 설정·전개,처리 후 다음 주소 E639; 내부 16 86 3A는 인자
928,E639~E63D,0E 16 20 24 80,서브스트림 실행 / 기존 확인 0Eh 계열 / 화면·버퍼 초기화·전개,처리 후 다음 주소 E63E; 내부 16 20 24는 인자
929,E63E,17,서브스트림 실행 / 기존 확인 17h 계열 / 서브스트림 복귀,17h 복귀 → E4FC
930,E4FC~E4FE,13 1F E7,서브스트림 실행 / 기존 확인 13h 계열 제어토큰,인자 1F E7; 다음 주소 E4FF
931,E4FF~E502,14 00 16 22,서브스트림 실행 / 기존 확인 14h 계열 / 버퍼·영역 처리,인자 00 16 22; 다음 주소 E503
932,E503~E506,14 01 3B 00,서브스트림 실행 / 기존 확인 14h 계열 / 버퍼·영역 처리,인자 01 3B 00; 다음 주소 E507
933,E507~E50A,04 E3 E7 41,서브스트림 실행 / 기존 확인 04h 계열 / CAA8 슬롯 포인터 설정,E7E3 포인터를 41h 슬롯에 설정; 다음 주소 E50B
934,E50B~E50E,04 ED E7 42,서브스트림 실행 / 기존 확인 04h 계열 / CAA8 슬롯 포인터 설정,E7ED 포인터를 42h 슬롯에 설정; 다음 주소 E50F
935,E50F~E512,04 F7 E7 44,서브스트림 실행 / 기존 확인 04h 계열 / CAA8 슬롯 포인터 설정,E7F7 포인터를 44h 슬롯에 설정; 다음 주소 E513
936,E513~E516,04 15 E8 43,서브스트림 실행 / 기존 확인 04h 계열 / CAA8 슬롯 포인터 설정,E815 포인터를 43h 슬롯에 설정; 다음 주소 E517
937,E517~E51A,04 01 E8 45,서브스트림 실행 / 기존 확인 04h 계열 / CAA8 슬롯 포인터 설정,E801 포인터를 45h 슬롯에 설정; 다음 주소 E51B
938,E51B~E51E,04 0B E8 46,서브스트림 실행 / 기존 확인 04h 계열 / CAA8 슬롯 포인터 설정,E80B 포인터를 46h 슬롯에 설정; 다음 주소 E51F
939,E51F~E520,25 2D,서브스트림 실행 / 기존 확인 25h 계열 / CA1D 입 움직임 효과음 인덱스 설정,CA1D=2D; 다음 주소 E521
940,E521,17,서브스트림 실행 / 기존 확인 17h 계열 / 서브스트림 복귀,17h 복귀 → E0C7
941,E0BD,42,기존 확인 41~50h 계열 / CAA8[1] 슬롯 실행,원본 분석표 946번 E0C7 → 현재 E0BD; 슬롯 토큰 42; 다음 본류 E0C8
942,E0BE~E0BF,89 A7,패치 슬롯 0587 | 한글 문자 | 좋,원본 분석표 947번 E0C8~E0C9=82 E6(よ) → 패치 E0BE~E0BF=89 A7(좋); 번역 19-001/028 · 좋 / 토큰 89 A7 / KANJI 6490 / 가나다순 297
943,E0C0~E0C1,89 60,패치 슬롯 0588 | 한글 문자 | 아,원본 분석표 948번 E0CA~E0CB=82 B5(し) → 패치 E0C0~E0C1=89 60(아); 번역 19-002/028 · 아 / 토큰 89 60 / KANJI A210 / 가나다순 223
944,E0C2~E0C3,81 41,패치 슬롯 0589 | 문장부호 | 、,원본 분석표 949번 E0CC~E0CD → 현재 E0C2~E0C3; 번역 19-003/028 · 、 / 토큰 81 41 / PC-88 전각 쉼표 토큰
945,E0C4~E0C5,88 D3,패치 슬롯 0590 | 한글 문자 | 말,원본 분석표 950번 E0CE~E0CF=82 A2(い) → 패치 E0C4~E0C5=88 D3(말); 번역 19-004/028 · 말 / 토큰 88 D3 / KANJI A150 / 가나다순 145
946,E0C6~E0C7,89 8A,패치 슬롯 0591 | 한글 문자 | 을,원본 분석표 951번 E0D0~E0D1=82 A2(い) → 패치 E0C6~E0C7=89 8A(을); 번역 19-005/028 · 을 / 토큰 89 8A / KANJI E2A0 / 가나다순 265
947,E0C8~E0C9,81 40,패치 슬롯 0592 | 전각 공백 | ␠,원본 분석표 952번 E0D2~E0D3=96 BA(娘) → 패치 E0C8~E0C9=81 40(␠); 번역 19-006/028 · ␠ / 토큰 81 40 / PC-88 전각 공백 토큰
948,E0CA~E0CB,89 96,패치 슬롯 0593 | 한글 문자 | 잘,원본 분석표 953번 E0D4~E0D5=82 BE(だ) → 패치 E0CA~E0CB=89 96(잘); 번역 19-007/028 · 잘 / 토큰 89 96 / KANJI E360 / 가나다순 280
949,E0CC~E0CD,81 40,패치 슬롯 0594 | 전각 공백 | ␠,편집기 추가 행; 번역 19-008/028 · ␠ / 토큰 81 40 / PC-88 전각 공백 토큰
950,E0CE~E0CF,8A 67,패치 슬롯 0595 | 한글 문자 | 듣,편집기 추가 행; 번역 19-009/028 · 듣 / 토큰 8A 67 / KANJI A680 / 가나다순 405
951,E0D0~E0D1,82 E3,패치 슬롯 0596 | 한글 문자 | 는,편집기 추가 행; 번역 19-010/028 · 는 / 토큰 82 E3 / KANJI 3850 / 가나다순 74
952,E0D2~E0D3,82 B7,패치 슬롯 0597 | 한글 문자 | 구,편집기 추가 행; 번역 19-011/028 · 구 / 토큰 82 B7 / KANJI 1990 / 가나다순 28
953,E0D4~E0D5,82 CE,패치 슬롯 0598 | 한글 문자 | 나,편집기 추가 행; 번역 19-012/028 · 나 / 토큰 82 CE / KANJI 2900 / 가나다순 52
954,E0D6~E0D7,81 42,패치 슬롯 0598 | 문장부호 | 。,번역 19-013/028 · 。 / 토큰 81 42 / PC-88 전각 마침표 토큰
955,E0D8~E0D9,82 E7,패치 슬롯 0600 | 한글 문자 | 다,원본 분석표 955번 E0D8~E0D9=82 C5(で) → 패치 E0D8~E0D9=82 E7(다); 번역 19-014/028 · 다 / 토큰 82 E7 / KANJI 3890 / 가나다순 78
956,E0DA~E0DB,89 8B,패치 슬롯 0601 | 한글 문자 | 음,원본 분석표 956번 E0DA~E0DB=82 CD(は) → 패치 E0DA~E0DB=89 8B(음); 번역 19-015/028 · 음 / 토큰 89 8B / KANJI E2B0 / 가나다순 266
957,E0DC~E0DD,89 89,패치 슬롯 0602 | 한글 문자 | 은,편집기 추가 행; 번역 19-016/028 · 은 / 토큰 89 89 / KANJI E290 / 가나다순 264
958,E0DE~E0DF,81 40,패치 슬롯 0603 | 전각 공백 | ␠,원본 분석표 957번 E0DC~E0DD=81 41(、) → 패치 E0DE~E0DF=81 40(␠); 번역 19-017/028 · ␠ / 토큰 81 40 / PC-88 전각 공백 토큰
959,E0E0,44,기존 확인 41~50h 계열 / CAA8[3] 슬롯 실행,원본 분석표 958번 E0DE → 현재 E0E0; 슬롯 토큰 44; 다음 본류 E0DF
960,E0E1~E0E2,8A B5,패치 슬롯 0604 | 한글 문자 | 갑,원본 분석표 959번 E0DF~E0E0=83 7B(ボ) → 패치 E0E1~E0E2=8A B5(갑); 번역 19-018/028 · 갑 / 토큰 8A B5 / KANJI 6970 / 가나다순 482
961,E0E3~E0E4,89 79,패치 슬롯 0605 | 한글 문자 | 옷,원본 분석표 960번 E0E1~E0E2=83 66(デ) → 패치 E0E3~E0E4=89 79(옷); 번역 19-019/028 · 옷 / 토큰 89 79 / KANJI A3A0 / 가나다순 249
962,E0E5~E0E6,89 8A,패치 슬롯 0606 | 한글 문자 | 을,원본 분석표 961번 E0E3~E0E4=83 42(ィ) → 패치 E0E5~E0E6=89 8A(을); 번역 19-020/028 · 을 / 토큰 89 8A / KANJI E2A0 / 가나다순 265
963,E0E7,46,기존 확인 41~50h 계열 / CAA8[5] 슬롯 실행,원본 분석표 967번 E0EF → 현재 E0E7; 슬롯 토큰 46; 다음 본류 E0F0
964,E0E8~E0E9,81 40,패치 슬롯 0607 | 전각 공백 | ␠,원본 분석표 968번 E0F0~E0F1=8A 4F(外) → 패치 E0E8~E0E9=81 40(␠); 번역 19-021/028 · ␠ / 토큰 81 40 / PC-88 전각 공백 토큰
965,E0EA~E0EB,8A BF,패치 슬롯 0608 | 한글 문자 | 벗,원본 분석표 969번 E0F2~E0F3=82 B5(し) → 패치 E0EA~E0EB=8A BF(벗); 번역 19-022/028 · 벗 / 토큰 8A BF / KANJI A810 / 가나다순 492
966,E0EC~E0ED,82 F1,패치 슬롯 0609 | 한글 문자 | 도,원본 분석표 970번 E0F4~E0F5=82 C4(て) → 패치 E0EC~E0ED=82 F1(도); 번역 19-023/028 · 도 / 토큰 82 F1 / KANJI 3930 / 가나다순 89
967,E0EE~E0EF,8A 92,패치 슬롯 0610 | 한글 문자 | 록,원본 분석표 971번 E0F6~E0F7=82 E0(も) → 패치 E0EE~E0EF=8A 92(록); 번역 19-024/028 · 록 / 토큰 8A 92 / KANJI E720 / 가나다순 447
968,E0F0~E0F1,81 40,패치 슬롯 0611 | 전각 공백 | ␠,원본 분석표 972번 E0F8~E0F9=82 E7(ら) → 패치 E0F0~E0F1=81 40(␠); 번역 19-025/028 · ␠ / 토큰 81 40 / PC-88 전각 공백 토큰
969,E0F2~E0F3,89 E8,패치 슬롯 0612 | 한글 문자 | 해,원본 분석표 973번 E0FA~E0FB=82 A8(お) → 패치 E0F2~E0F3=89 E8(해); 번역 19-026/028 · 해 / 토큰 89 E8 / KANJI E4A0 / 가나다순 369
970,E0F4~E0F5,88 B6,패치 슬롯 0613 | 한글 문자 | 라,원본 분석표 974번 E0FC~E0FD=82 A4(う) → 패치 E0F4~E0F5=88 B6(라); 번역 19-027/028 · 라 / 토큰 88 B6 / KANJI 6180 / 가나다순 114
971,E0F6~E0F7,81 42,패치 슬롯 0614 | 문장부호 | 。,원본 분석표 975번 E0FE~E0FF → 현재 E0F6~E0F7; 번역 19-028/028 · 。 / 토큰 81 42 / PC-88 전각 마침표 토큰
972,E0F8,62,기존 확인 61~70h 계열 / CAA8[1] 작업슬롯 비활성화,원본 분석표 976번 E100 → 현재 E0F8; 비활성화 토큰 62; 다음 본류 E101
973,E0F9~E0FB,16 BB E5,기존 확인 16h 계열 / 서브스트림 호출·전환 → E5BB,원본 분석표 977번 E101~E103 → 현재 E0F9~E0FB; 16h 호출 → E5BB; 복귀 주소 E104
974,E5BB~E5BF,0F 01 15 05 08,서브스트림 실행 / 기존 확인 0Fh 계열 제어토큰,인자 01 15 05 08; 다음 주소 E5C0
975,E5C0~E5C2,16 30 E6,서브스트림 실행 / 기존 확인 16h 계열 / 서브스트림 호출·전환 → E630,16h 호출 → E630; 복귀 주소 E5C3
976,E630~E632,1E 3C 08,서브스트림 실행 / 기존 확인 1Eh 계열 / 간접 CALL,호출 대상 083C; 처리 후 다음 주소 E633
977,E633~E638,05 16 86 3A 9E 00,서브스트림 실행 / 기존 확인 05h 계열 / 영역·좌표 상태 설정·전개,처리 후 다음 주소 E639; 내부 16 86 3A는 인자
978,E639~E63D,0E 16 20 24 80,서브스트림 실행 / 기존 확인 0Eh 계열 / 화면·버퍼 초기화·전개,처리 후 다음 주소 E63E; 내부 16 20 24는 인자
979,E63E,17,서브스트림 실행 / 기존 확인 17h 계열 / 서브스트림 복귀,17h 복귀 → E5C3
980,E5C3~E5C5,13 EF E6,서브스트림 실행 / 기존 확인 13h 계열 제어토큰,인자 EF E6; 다음 주소 E5C6
981,E5C6~E5C8,10 16 22,서브스트림 실행 / 런타임 확인 10h 계열 / 기능 미확인,인자 16 22; 다음 주소 E5C9
982,E5C9~E5CA,25 2B,서브스트림 실행 / 기존 확인 25h 계열 / CA1D 입 움직임 효과음 인덱스 설정,CA1D=2B; 다음 주소 E5CB
983,E5CB,17,서브스트림 실행 / 기존 확인 17h 계열 / 서브스트림 복귀,17h 복귀 → E104
984,E0FC~E0FF,04 A7 E7 41,기존 확인 04h 계열 / CAA8 슬롯 포인터 설정,원본 분석표 988번 E104~E107 → 현재 E0FC~E0FF; E7A7 포인터를 41h 슬롯에 설정; 다음 본류 E108
985,E100~E103,04 BB E7 42,기존 확인 04h 계열 / CAA8 슬롯 포인터 설정,원본 분석표 989번 E108~E10B → 현재 E100~E103; E7BB 포인터를 42h 슬롯에 설정; 다음 본류 E10C
986,E104,41,기존 확인 41~50h 계열 / CAA8[0] 슬롯 실행,원본 분석표 990번 E10C → 현재 E104; 슬롯 토큰 41; 다음 본류 E10D
987,E105~E106,88 E6,패치 슬롯 0615 | 한글 문자 | 뭐,원본 분석표 991번 E10D~E10E=82 A6(え) → 패치 E105~E106=88 E6(뭐); 번역 20-001/005 · 뭐 / 토큰 88 E6 / KANJI E080 / 가나다순 164
988,E107,42,기존 확인 41~50h 계열 / CAA8[1] 슬롯 실행,원본 분석표 993번 E111 → 현재 E107; 슬롯 토큰 42; 다음 본류 E112
989,E108~E109,81 45,패치 슬롯 0616 | 문장부호 | ・,원본 분석표 994번 E112~E113 → 현재 E108~E109; 번역 20-002/005 · ・ / 토큰 81 45 / PC-88 가운데점 토큰
990,E10A~E10B,81 45,패치 슬롯 0617 | 문장부호 | ・,원본 분석표 995번 E114~E115 → 현재 E10A~E10B; 번역 20-003/005 · ・ / 토큰 81 45 / PC-88 가운데점 토큰
991,E10C~E10D,81 45,패치 슬롯 0618 | 문장부호 | ・,원본 분석표 996번 E116~E117 → 현재 E10C~E10D; 번역 20-004/005 · ・ / 토큰 81 45 / PC-88 가운데점 토큰
992,E10E~E10F,81 48,패치 슬롯 0619 | 문장부호 | ？,원본 분석표 997번 E118~E119 → 현재 E10E~E10F; 번역 20-005/005 · ？ / 토큰 81 48 / PC-88 전각 물음표 토큰
993,E110,61,기존 확인 61~70h 계열 / CAA8[0] 작업슬롯 비활성화,원본 분석표 998번 E11A → 현재 E110; 비활성화 토큰 61; 다음 본류 E11B
994,E111~E113,16 F4 E4,기존 확인 16h 계열 / 서브스트림 호출·전환 → E4F4,원본 분석표 999번 E11B~E11D → 현재 E111~E113; 16h 호출 → E4F4; 복귀 주소 E11E
995,E4F4~E4F8,0F 02 1A 04 0D,서브스트림 실행 / 기존 확인 0Fh 계열 제어토큰,인자 02 1A 04 0D; 다음 주소 E4F9
996,E4F9~E4FB,16 30 E6,서브스트림 실행 / 기존 확인 16h 계열 / 서브스트림 호출·전환 → E630,16h 호출 → E630; 복귀 주소 E4FC
997,E630~E632,1E 3C 08,서브스트림 실행 / 기존 확인 1Eh 계열 / 간접 CALL,호출 대상 083C; 처리 후 다음 주소 E633
998,E633~E638,05 16 86 3A 9E 00,서브스트림 실행 / 기존 확인 05h 계열 / 영역·좌표 상태 설정·전개,처리 후 다음 주소 E639; 내부 16 86 3A는 인자
999,E639~E63D,0E 16 20 24 80,서브스트림 실행 / 기존 확인 0Eh 계열 / 화면·버퍼 초기화·전개,처리 후 다음 주소 E63E; 내부 16 20 24는 인자
1000,E63E,17,서브스트림 실행 / 기존 확인 17h 계열 / 서브스트림 복귀,17h 복귀 → E4FC
1001,E4FC~E4FE,13 1F E7,서브스트림 실행 / 기존 확인 13h 계열 제어토큰,인자 1F E7; 다음 주소 E4FF
1002,E4FF~E502,14 00 16 22,서브스트림 실행 / 기존 확인 14h 계열 / 버퍼·영역 처리,인자 00 16 22; 다음 주소 E503
1003,E503~E506,14 01 3B 00,서브스트림 실행 / 기존 확인 14h 계열 / 버퍼·영역 처리,인자 01 3B 00; 다음 주소 E507
1004,E507~E50A,04 E3 E7 41,서브스트림 실행 / 기존 확인 04h 계열 / CAA8 슬롯 포인터 설정,E7E3 포인터를 41h 슬롯에 설정; 다음 주소 E50B
1005,E50B~E50E,04 ED E7 42,서브스트림 실행 / 기존 확인 04h 계열 / CAA8 슬롯 포인터 설정,E7ED 포인터를 42h 슬롯에 설정; 다음 주소 E50F
1006,E50F~E512,04 F7 E7 44,서브스트림 실행 / 기존 확인 04h 계열 / CAA8 슬롯 포인터 설정,E7F7 포인터를 44h 슬롯에 설정; 다음 주소 E513
1007,E513~E516,04 15 E8 43,서브스트림 실행 / 기존 확인 04h 계열 / CAA8 슬롯 포인터 설정,E815 포인터를 43h 슬롯에 설정; 다음 주소 E517
1008,E517~E51A,04 01 E8 45,서브스트림 실행 / 기존 확인 04h 계열 / CAA8 슬롯 포인터 설정,E801 포인터를 45h 슬롯에 설정; 다음 주소 E51B
1009,E51B~E51E,04 0B E8 46,서브스트림 실행 / 기존 확인 04h 계열 / CAA8 슬롯 포인터 설정,E80B 포인터를 46h 슬롯에 설정; 다음 주소 E51F
1010,E51F~E520,25 2D,서브스트림 실행 / 기존 확인 25h 계열 / CA1D 입 움직임 효과음 인덱스 설정,CA1D=2D; 다음 주소 E521
1011,E521,17,서브스트림 실행 / 기존 확인 17h 계열 / 서브스트림 복귀,17h 복귀 → E11E
1012,E114,42,기존 확인 41~50h 계열 / CAA8[1] 슬롯 실행,원본 분석표 1017번 E11E → 현재 E114; 슬롯 토큰 42; 다음 본류 E11F
1013,E115~E116,89 7D,패치 슬롯 0620 | 한글 문자 | 왜,원본 분석표 1018번 E11F~E120=82 C7(ど) → 패치 E115~E116=89 7D(왜); 번역 21-001/042 · 왜 / 토큰 89 7D / KANJI A3E0 / 가나다순 253
1014,E117~E118,81 40,패치 슬롯 0621 | 전각 공백 | ␠,원본 분석표 1019번 E121~E122=82 A4(う) → 패치 E117~E118=81 40(␠); 번역 21-002/042 · ␠ / 토큰 81 40 / PC-88 전각 공백 토큰
1015,E119~E11A,82 BD,패치 슬롯 0622 | 한글 문자 | 그,원본 분석표 1020번 E123~E124=82 B5(し) → 패치 E119~E11A=82 BD(그); 번역 21-003/042 · 그 / 토큰 82 BD / KANJI 19F0 / 가나다순 34
1016,E11B~E11C,88 BB,패치 슬롯 0623 | 한글 문자 | 러,원본 분석표 1021번 E125~E126=82 BD(た) → 패치 E11B~E11C=88 BB(러); 번역 21-004/042 · 러 / 토큰 88 BB / KANJI 61D0 / 가나다순 120
1017,E11D~E11E,89 B3,패치 슬롯 0624 | 한글 문자 | 지,원본 분석표 1022번 E127~E128=81 48(？) → 패치 E11D~E11E=89 B3(지); 번역 21-005/042 · 지 / 토큰 89 B3 / KANJI 6550 / 가나다순 309
1018,E11F~E120,81 48,패치 슬롯 0625 | 문장부호 | ？,원본 분석표 1023번 E129~E12A=81 40(␠) → 패치 E11F~E120=81 48(？); 번역 21-006/042 · ？ / 토큰 81 48 / PC-88 전각 물음표 토큰
1019,E121~E122,81 40,패치 슬롯 0626 | 전각 공백 | ␠,원본 분석표 1024번 E12B~E12C=82 CD(は) → 패치 E121~E122=81 40(␠); 번역 21-007/042 · ␠ / 토큰 81 40 / PC-88 전각 공백 토큰
1020,E123~E124,88 FA,패치 슬롯 0627 | 한글 문자 | 부,원본 분석표 1025번 E12D~E12E=82 B6(じ) → 패치 E123~E124=88 FA(부); 번역 21-008/042 · 부 / 토큰 88 FA / KANJI E1C0 / 가나다순 185
1021,E125~E126,8A B9,패치 슬롯 0628 | 한글 문자 | 끄,원본 분석표 1026번 E12F~E130=82 E7(ら) → 패치 E125~E126=8A B9(끄); 번역 21-009/042 · 끄 / 토큰 8A B9 / KANJI 69B0 / 가나다순 486
1022,E127~E128,88 BB,패치 슬롯 0629 | 한글 문자 | 러,원본 분석표 1027번 E131~E132=82 C1(っ) → 패치 E127~E128=88 BB(러); 번역 21-010/042 · 러 / 토큰 88 BB / KANJI 61D0 / 가나다순 120
1023,E129~E12A,8A 5F,패치 슬롯 0630 | 한글 문자 | 운,원본 분석표 1028번 E133~E134=82 C4(て) → 패치 E129~E12A=8A 5F(운); 번역 21-011/042 · 운 / 토큰 8A 5F / KANJI A600 / 가나다순 397
1024,E12B~E12C,81 40,패치 슬롯 0631 | 전각 공백 | ␠,원본 분석표 1029번 E135~E136=82 A8(お) → 패치 E12B~E12C=81 40(␠); 번역 21-012/042 · ␠ / 토큰 81 40 / PC-88 전각 공백 토큰
1025,E12D~E12E,82 AA,패치 슬롯 0632 | 한글 문자 | 것,원본 분석표 1030번 E137~E138=82 E9(る) → 패치 E12D~E12E=82 AA(것); 번역 21-013/042 · 것 / 토큰 82 AA / KANJI 18C0 / 가나다순 12
1026,E12F~E130,89 8D,패치 슬롯 0633 | 한글 문자 | 이,원본 분석표 1031번 E139~E13A=82 CC(の) → 패치 E12F~E130=89 8D(이); 번역 21-014/042 · 이 / 토큰 89 8D / KANJI E2D0 / 가나다순 268
1027,E131~E132,82 D5,패치 슬롯 0634 | 한글 문자 | 냐,원본 분석표 1032번 E13B~E13C=82 A9(か) → 패치 E131~E132=82 D5(냐); 번역 21-015/042 · 냐 / 토큰 82 D5 / KANJI 2970 / 가나다순 59
1028,E133~E134,81 48,패치 슬롯 0635 | 문장부호 | ？,원본 분석표 1033번 E13D~E13E → 현재 E133~E134; 번역 21-016/042 · ？ / 토큰 81 48 / PC-88 전각 물음표 토큰
1029,E135~E136,81 40,패치 슬롯 0636 | 전각 공백 | ␠,원본 분석표 1034번 E13F~E140 → 현재 E135~E136; 번역 21-017/042 · ␠ / 토큰 81 40 / PC-88 전각 공백 토큰
1030,E137~E138,89 9D,패치 슬롯 0637 | 한글 문자 | 전,원본 분석표 1035번 E141~E142=90 ED(戦) → 패치 E137~E138=89 9D(전); 번역 21-018/042 · 전 / 토큰 89 9D / KANJI E3D0 / 가나다순 287
1031,E139~E13A,89 43,패치 슬롯 0638 | 한글 문자 | 사,원본 분석표 1036번 E143~E144=8E 6D(士) → 패치 E139~E13A=89 43(사); 번역 21-019/042 · 사 / 토큰 89 43 / KANJI 6240 / 가나다순 191
1032,E13B~E13C,89 70,패치 슬롯 0639 | 한글 문자 | 에,원본 분석표 1037번 E145~E146=82 C9(に) → 패치 E13B~E13C=89 70(에); 번역 21-020/042 · 에 / 토큰 89 70 / KANJI A310 / 가나다순 239
1033,E13D~E13E,82 AB,패치 슬롯 0640 | 한글 문자 | 게,원본 분석표 1038번 E147~E148=81 41(、) → 패치 E13D~E13E=82 AB(게); 번역 21-021/042 · 게 / 토큰 82 AB / KANJI 18D0 / 가나다순 13
1034,E13F~E140,81 40,패치 슬롯 0641 | 전각 공백 | ␠,원본 분석표 1039번 E149~E14A=82 CD(は) → 패치 E13F~E140=81 40(␠); 번역 21-022/042 · ␠ / 토큰 81 40 / PC-88 전각 공백 토큰
1035,E141~E142,82 BD,패치 슬롯 0642 | 한글 문자 | 그,원본 분석표 1040번 E14B~E14C=82 B6(じ) → 패치 E141~E142=82 BD(그); 번역 21-023/042 · 그 / 토큰 82 BD / KANJI 19F0 / 가나다순 34
1036,E143~E144,8A 68,패치 슬롯 0643 | 한글 문자 | 따,원본 분석표 1041번 E14D~E14E=82 E7(ら) → 패치 E143~E144=8A 68(따); 번역 21-024/042 · 따 / 토큰 8A 68 / KANJI A690 / 가나다순 406
1037,E145~E146,89 85,패치 슬롯 0644 | 한글 문자 | 위,원본 분석표 1042번 E14F~E150=82 A2(い) → 패치 E145~E146=89 85(위); 번역 21-025/042 · 위 / 토큰 89 85 / KANJI E250 / 가나다순 260
1038,E147~E148,81 40,패치 슬롯 0645 | 전각 공백 | ␠,원본 분석표 1043번 E151~E152=82 C8(な) → 패치 E147~E148=81 40(␠); 번역 21-026/042 · ␠ / 토큰 81 40 / PC-88 전각 공백 토큰
1039,E149~E14A,89 54,패치 슬롯 0646 | 한글 문자 | 수,원본 분석표 1044번 E153~E154=82 C7(ど) → 패치 E149~E14A=89 54(수); 번역 21-027/042 · 수 / 토큰 89 54 / KANJI 6350 / 가나다순 208
1040,E14B~E14C,89 BF,패치 슬롯 0647 | 한글 문자 | 치,원본 분석표 1045번 E155~E156=96 B3(無) → 패치 E14B~E14C=89 BF(치); 번역 21-028/042 · 치 / 토큰 89 BF / KANJI A410 / 가나다순 325
1041,E14D~E14E,8A 47,패치 슬롯 0648 | 한글 문자 | 심,원본 분석표 1046번 E157~E158=97 70(用) → 패치 E14D~E14E=8A 47(심); 번역 21-029/042 · 심 / 토큰 8A 47 / KANJI 6680 / 가나다순 218
1042,E14F~E150,89 89,패치 슬롯 0649 | 한글 문자 | 은,원본 분석표 1047번 E159~E15A=81 42(。) → 패치 E14F~E150=89 89(은); 번역 21-030/042 · 은 / 토큰 89 89 / KANJI E290 / 가나다순 264
1043,E151~E152,81 40,패치 슬롯 0650 | 전각 공백 | ␠,원본 분석표 1048번 E15B~E15C=8A 4F(外) → 패치 E151~E152=81 40(␠); 번역 21-031/042 · ␠ / 토큰 81 40 / PC-88 전각 공백 토큰
1044,E153~E154,89 43,패치 슬롯 0651 | 한글 문자 | 사,원본 분석표 1049번 E15D~E15E=82 B5(し) → 패치 E153~E154=89 43(사); 번역 21-032/042 · 사 / 토큰 89 43 / KANJI 6240 / 가나다순 191
1045,E155~E156,89 BF,패치 슬롯 0652 | 한글 문자 | 치,원본 분석표 1050번 E15F~E160=82 C4(て) → 패치 E155~E156=89 BF(치); 번역 21-033/042 · 치 / 토큰 89 BF / KANJI A410 / 가나다순 325
1046,E157~E158,82 E7,패치 슬롯 0653 | 한글 문자 | 다,원본 분석표 1051번 E161~E162=82 E0(も) → 패치 E157~E158=82 E7(다); 번역 21-034/042 · 다 / 토큰 82 E7 / KANJI 3890 / 가나다순 78
1047,E159~E15A,81 42,패치 슬롯 0654 | 문장부호 | 。,원본 분석표 1052번 E163~E164=82 E7(ら) → 패치 E159~E15A=81 42(。); 번역 21-035/042 · 。 / 토큰 81 42 / PC-88 전각 마침표 토큰
1048,E15B~E15C,89 6C,패치 슬롯 0655 | 한글 문자 | 어,원본 분석표 1053번 E165~E166=82 A8(お) → 패치 E15B~E15C=89 6C(어); 번역 21-036/042 · 어 / 토큰 89 6C / KANJI A2D0 / 가나다순 235
1049,E15D~E15E,89 49,패치 슬롯 0656 | 한글 문자 | 서,원본 분석표 1054번 E167~E168=82 A4(う) → 패치 E15D~E15E=89 49(서); 번역 21-037/042 · 서 / 토큰 89 49 / KANJI 62A0 / 가나다순 197
1050,E15F~E160,81 40,패치 슬롯 0657 | 전각 공백 | ␠,원본 분석표 1055번 E169~E16A=82 A9(か) → 패치 E15F~E160=81 40(␠); 번역 21-038/042 · ␠ / 토큰 81 40 / PC-88 전각 공백 토큰
1051,E161~E162,8A BF,패치 슬롯 0658 | 한글 문자 | 벗,원본 분석표 1056번 E16B~E16C=81 42(。) → 패치 E161~E162=8A BF(벗); 번역 21-039/042 · 벗 / 토큰 8A BF / KANJI A810 / 가나다순 492
1052,E163~E164,89 6C,패치 슬롯 0659 | 한글 문자 | 어,편집기 추가 행; 번역 21-040/042 · 어 / 토큰 89 6C / KANJI A2D0 / 가나다순 235
1053,E165~E166,88 B6,패치 슬롯 0660 | 한글 문자 | 라,편집기 추가 행; 번역 21-041/042 · 라 / 토큰 88 B6 / KANJI 6180 / 가나다순 114
1054,E167~E168,81 42,패치 슬롯 0661 | 문장부호 | 。,편집기 추가 행; 번역 21-042/042 · 。 / 토큰 81 42 / PC-88 전각 마침표 토큰
1055,E169,62,기존 확인 61~70h 계열 / CAA8[1] 작업슬롯 비활성화,원본 분석표 1057번 E16D → 현재 E169; 비활성화 토큰 62; 다음 본류 E16E
1056,E16A~E16C,16 CC E5,기존 확인 16h 계열 / 서브스트림 호출·전환 → E5CC,원본 분석표 1058번 E16E~E170 → 현재 E16A~E16C; 16h 호출 → E5CC; 복귀 주소 E171
1057,E5CC~E5D0,0F 01 15 05 08,서브스트림 실행 / 기존 확인 0Fh 계열 제어토큰,인자 01 15 05 08; 다음 주소 E5D1
1058,E5D1~E5D3,16 30 E6,서브스트림 실행 / 기존 확인 16h 계열 / 서브스트림 호출·전환 → E630,16h 호출 → E630; 복귀 주소 E5D4
1059,E630~E632,1E 3C 08,서브스트림 실행 / 기존 확인 1Eh 계열 / 간접 CALL,호출 대상 083C; 처리 후 다음 주소 E633
1060,E633~E638,05 16 86 3A 9E 00,서브스트림 실행 / 기존 확인 05h 계열 / 영역·좌표 상태 설정·전개,처리 후 다음 주소 E639; 내부 16 86 3A는 인자
1061,E639~E63D,0E 16 20 24 80,서브스트림 실행 / 기존 확인 0Eh 계열 / 화면·버퍼 초기화·전개,처리 후 다음 주소 E63E; 내부 16 20 24는 인자
1062,E63E,17,서브스트림 실행 / 기존 확인 17h 계열 / 서브스트림 복귀,17h 복귀 → E5D4
1063,E5D4~E5D6,10 16 22,서브스트림 실행 / 런타임 확인 10h 계열 / 기능 미확인,인자 16 22; 다음 주소 E5D7
1064,E5D7~E5DA,04 A7 E7 41,서브스트림 실행 / 기존 확인 04h 계열 / CAA8 슬롯 포인터 설정,E7A7 포인터를 41h 슬롯에 설정; 다음 주소 E5DB
1065,E5DB~E5DE,04 C5 E7 42,서브스트림 실행 / 기존 확인 04h 계열 / CAA8 슬롯 포인터 설정,E7C5 포인터를 42h 슬롯에 설정; 다음 주소 E5DF
1066,E5DF,42,서브스트림 실행 / 기존 확인 41~50h 계열 / CAA8[1] 슬롯 실행,슬롯 토큰 42; 다음 주소 E5E0
1067,E5E0~E5E2,13 EF E6,서브스트림 실행 / 기존 확인 13h 계열 제어토큰,인자 EF E6; 다음 주소 E5E3
1068,E5E3~E5E4,25 2B,서브스트림 실행 / 기존 확인 25h 계열 / CA1D 입 움직임 효과음 인덱스 설정,CA1D=2B; 다음 주소 E5E5
1069,E5E5,17,서브스트림 실행 / 기존 확인 17h 계열 / 서브스트림 복귀,17h 복귀 → E171
1070,E16D,41,기존 확인 41~50h 계열 / CAA8[0] 슬롯 실행,원본 분석표 1072번 E171 → 현재 E16D; 슬롯 토큰 41; 다음 본류 E172
1071,E16E~E16F,89 65,패치 슬롯 0662 | 한글 문자 | 알,원본 분석표 1073번 E172~E173=95 AA(分) → 패치 E16E~E16F=89 65(알); 번역 22-001/004 · 알 / 토큰 89 65 / KANJI A260 / 가나다순 228
1072,E170~E171,89 68,패치 슬롯 0663 | 한글 문자 | 았,원본 분석표 1074번 E174~E175=82 C1(っ) → 패치 E170~E171=89 68(았); 번역 22-002/004 · 았 / 토큰 89 68 / KANJI A290 / 가나다순 231
1073,E172~E173,89 6C,패치 슬롯 0664 | 한글 문자 | 어,원본 분석표 1075번 E176~E177=82 BD(た) → 패치 E172~E173=89 6C(어); 번역 22-003/004 · 어 / 토큰 89 6C / KANJI A2D0 / 가나다순 235
1074,E174~E175,81 42,패치 슬롯 0665 | 문장부호 | 。,원본 분석표 1077번 E17A~E17B → 현재 E174~E175; 번역 22-004/004 · 。 / 토큰 81 42 / PC-88 전각 마침표 토큰
1075,E176,61,기존 확인 61~70h 계열 / CAA8[0] 작업슬롯 비활성화,원본 분석표 1078번 E17C → 현재 E176; 비활성화 토큰 61; 다음 본류 E17D
1076,E177~E179,16 B9 E4,기존 확인 16h 계열 / 서브스트림 호출·전환 → E4B9,원본 분석표 1079번 E17D~E17F → 현재 E177~E179; 16h 호출 → E4B9; 복귀 주소 E180
1077,E4B9~E4BD,0F 05 0F 05 08,서브스트림 실행 / 기존 확인 0Fh 계열 제어토큰,인자 05 0F 05 08; 다음 주소 E4BE
1078,E4BE~E4C0,16 30 E6,서브스트림 실행 / 기존 확인 16h 계열 / 서브스트림 호출·전환 → E630,16h 호출 → E630; 복귀 주소 E4C1
1079,E630~E632,1E 3C 08,서브스트림 실행 / 기존 확인 1Eh 계열 / 간접 CALL,호출 대상 083C; 처리 후 다음 주소 E633
1080,E633~E638,05 16 86 3A 9E 00,서브스트림 실행 / 기존 확인 05h 계열 / 영역·좌표 상태 설정·전개,처리 후 다음 주소 E639; 내부 16 86 3A는 인자
1081,E639~E63D,0E 16 20 24 80,서브스트림 실행 / 기존 확인 0Eh 계열 / 화면·버퍼 초기화·전개,처리 후 다음 주소 E63E; 내부 16 20 24는 인자
1082,E63E,17,서브스트림 실행 / 기존 확인 17h 계열 / 서브스트림 복귀,17h 복귀 → E4C1
1083,E4C1~E4C3,13 BF E6,서브스트림 실행 / 기존 확인 13h 계열 제어토큰,인자 BF E6; 다음 주소 E4C4
1084,E4C4~E4C7,14 00 16 22,서브스트림 실행 / 기존 확인 14h 계열 / 버퍼·영역 처리,인자 00 16 22; 다음 주소 E4C8
1085,E4C8~E4CB,14 01 3B 00,서브스트림 실행 / 기존 확인 14h 계열 / 버퍼·영역 처리,인자 01 3B 00; 다음 주소 E4CC
1086,E4CC~E4CF,04 3D E8 41,서브스트림 실행 / 기존 확인 04h 계열 / CAA8 슬롯 포인터 설정,E83D 포인터를 41h 슬롯에 설정; 다음 주소 E4D0
1087,E4D0~E4D3,04 51 E8 42,서브스트림 실행 / 기존 확인 04h 계열 / CAA8 슬롯 포인터 설정,E851 포인터를 42h 슬롯에 설정; 다음 주소 E4D4
1088,E4D4~E4D5,25 2E,서브스트림 실행 / 기존 확인 25h 계열 / CA1D 입 움직임 효과음 인덱스 설정,CA1D=2E; 다음 주소 E4D6
1089,E4D6,17,서브스트림 실행 / 기존 확인 17h 계열 / 서브스트림 복귀,17h 복귀 → E180
1090,E17A,41,기존 확인 41~50h 계열 / CAA8[0] 슬롯 실행,원본 분석표 1093번 E180 → 현재 E17A; 슬롯 토큰 41; 다음 본류 E181
1091,E17B~E17C,89 86,패치 슬롯 0666 | 한글 문자 | 유,원본 분석표 1094번 E181~E182=97 44(優) → 패치 E17B~E17C=89 86(유); 번역 23-001/008 · 유 / 토큰 89 86 / KANJI E260 / 가나다순 261
1092,E17D~E17E,89 C5,패치 슬롯 0667 | 한글 문자 | 코,원본 분석표 1095번 E183~E184=8E 71(子) → 패치 E17D~E17E=89 C5(코); 번역 23-002/008 · 코 / 토큰 89 C5 / KANJI A470 / 가나다순 331
1093,E17F~E180,81 49,패치 슬롯 0668 | 문장부호 | ！,원본 분석표 1096번 E185~E186 → 현재 E17F~E180; 번역 23-003/008 · ！ / 토큰 81 49 / PC-88 전각 느낌표 토큰
1094,E181~E182,81 40,패치 슬롯 0669 | 전각 공백 | ␠,편집기 추가 행; 번역 23-004/008 · ␠ / 토큰 81 40 / PC-88 전각 공백 토큰
1095,E183~E184,81 45,패치 슬롯 0670 | 문장부호 | ・,원본 분석표 1097번 E187~E188 → 현재 E183~E184; 번역 23-005/008 · ・ / 토큰 81 45 / PC-88 가운데점 토큰
1096,E185~E186,81 45,패치 슬롯 0671 | 문장부호 | ・,원본 분석표 1098번 E189~E18A → 현재 E185~E186; 번역 23-006/008 · ・ / 토큰 81 45 / PC-88 가운데점 토큰
1097,E187~E188,81 45,패치 슬롯 0672 | 문장부호 | ・,원본 분석표 1099번 E18B~E18C → 현재 E187~E188; 번역 23-007/008 · ・ / 토큰 81 45 / PC-88 가운데점 토큰
1098,E189~E18A,81 42,패치 슬롯 0673 | 문장부호 | 。,원본 분석표 1100번 E18D~E18E → 현재 E189~E18A; 번역 23-008/008 · 。 / 토큰 81 42 / PC-88 전각 마침표 토큰
1099,E18B,61,기존 확인 61~70h 계열 / CAA8[0] 작업슬롯 비활성화,원본 분석표 1101번 E18F → 현재 E18B; 비활성화 토큰 61; 다음 본류 E190
1100,E18C~E18E,16 A5 E4,기존 확인 16h 계열 / 서브스트림 호출·전환 → E4A5,원본 분석표 1102번 E190~E192 → 현재 E18C~E18E; 16h 호출 → E4A5; 복귀 주소 E193
1101,E4A5~E4A9,0F 04 16 05 08,서브스트림 실행 / 기존 확인 0Fh 계열 제어토큰,인자 04 16 05 08; 다음 주소 E4AA
1102,E4AA~E4AC,16 30 E6,서브스트림 실행 / 기존 확인 16h 계열 / 서브스트림 호출·전환 → E630,16h 호출 → E630; 복귀 주소 E4AD
1103,E630~E632,1E 3C 08,서브스트림 실행 / 기존 확인 1Eh 계열 / 간접 CALL,호출 대상 083C; 처리 후 다음 주소 E633
1104,E633~E638,05 16 86 3A 9E 00,서브스트림 실행 / 기존 확인 05h 계열 / 영역·좌표 상태 설정·전개,처리 후 다음 주소 E639; 내부 16 86 3A는 인자
1105,E639~E63D,0E 16 20 24 80,서브스트림 실행 / 기존 확인 0Eh 계열 / 화면·버퍼 초기화·전개,처리 후 다음 주소 E63E; 내부 16 20 24는 인자
1106,E63E,17,서브스트림 실행 / 기존 확인 17h 계열 / 서브스트림 복귀,17h 복귀 → E4AD
1107,E4AD~E4AF,13 9F E6,서브스트림 실행 / 기존 확인 13h 계열 제어토큰,인자 9F E6; 다음 주소 E4B0
1108,E4B0~E4B2,10 3B 00,서브스트림 실행 / 런타임 확인 10h 계열 / 기능 미확인,인자 3B 00; 다음 주소 E4B3
1109,E4B3~E4B5,1E 97 CC,서브스트림 실행 / 런타임 확인 1Eh 계열 / 기능 미확인,인자 97 CC; 다음 주소 E4B6
1110,E4B6~E4B7,25 2B,서브스트림 실행 / 기존 확인 25h 계열 / CA1D 입 움직임 효과음 인덱스 설정,CA1D=2B; 다음 주소 E4B8
1111,E4B8,17,서브스트림 실행 / 기존 확인 17h 계열 / 서브스트림 복귀,17h 복귀 → E193
1112,E18F~E190,81 45,패치 슬롯 0674 | 문장부호 | ・,원본 분석표 1114번 E193~E194 → 현재 E18F~E190; 번역 24-001/011 · ・ / 토큰 81 45 / PC-88 가운데점 토큰
1113,E191~E192,81 45,패치 슬롯 0675 | 문장부호 | ・,원본 분석표 1115번 E195~E196 → 현재 E191~E192; 번역 24-002/011 · ・ / 토큰 81 45 / PC-88 가운데점 토큰
1114,E193~E194,81 45,패치 슬롯 0676 | 문장부호 | ・,원본 분석표 1116번 E197~E198 → 현재 E193~E194; 번역 24-003/011 · ・ / 토큰 81 45 / PC-88 가운데점 토큰
1115,E195~E196,06 06,기존 확인 06h 계열 / 상태 설정,원본 분석표 1117번 E199~E19A → 현재 E195~E196; 파라미터 06; 다음 본류 E19B
1116,E197~E198,01 0E,런타임 확인 01h 계열 제어토큰,원본 분석표 1118번 E19B~E19C → 현재 E197~E198; 인자 0E; 다음 본류 E19D
1117,E199~E19A,81 40,패치 슬롯 0677 | 전각 공백 | ␠,원본 분석표 1119번 E19D~E19E=8A 4F(外) → 패치 E199~E19A=81 40(␠); 번역 24-004/011 · ␠ / 토큰 81 40 / PC-88 전각 공백 토큰
1118,E19B~E19C,8A BF,패치 슬롯 0678 | 한글 문자 | 벗,원본 분석표 1120번 E19F~E1A0=82 B5(し) → 패치 E19B~E19C=8A BF(벗); 번역 24-005/011 · 벗 / 토큰 8A BF / KANJI A810 / 가나다순 492
1119,E19D~E19E,89 6F,패치 슬롯 0679 | 한글 문자 | 었,원본 분석표 1121번 E1A1~E1A2=82 BD(た) → 패치 E19D~E19E=89 6F(었); 번역 24-006/011 · 었 / 토큰 89 6F / KANJI A300 / 가나다순 238
1120,E19F~E1A0,89 6C,패치 슬롯 0680 | 한글 문자 | 어,원본 분석표 1122번 E1A3~E1A4=82 ED(わ) → 패치 E19F~E1A0=89 6C(어); 번역 24-007/011 · 어 / 토큰 89 6C / KANJI A2D0 / 가나다순 235
1121,E1A1~E1A2,81 45,패치 슬롯 0681 | 문장부호 | ・,원본 분석표 1123번 E1A5~E1A6 → 현재 E1A1~E1A2; 번역 24-008/011 · ・ / 토큰 81 45 / PC-88 가운데점 토큰
1122,E1A3~E1A4,81 45,패치 슬롯 0682 | 문장부호 | ・,원본 분석표 1124번 E1A7~E1A8 → 현재 E1A3~E1A4; 번역 24-009/011 · ・ / 토큰 81 45 / PC-88 가운데점 토큰
1123,E1A5~E1A6,81 45,패치 슬롯 0683 | 문장부호 | ・,원본 분석표 1125번 E1A9~E1AA → 현재 E1A5~E1A6; 번역 24-010/011 · ・ / 토큰 81 45 / PC-88 가운데점 토큰
1124,E1A7~E1A8,81 42,패치 슬롯 0684 | 문장부호 | 。,원본 분석표 1126번 E1AB~E1AC → 현재 E1A7~E1A8; 번역 24-011/011 · 。 / 토큰 81 42 / PC-88 전각 마침표 토큰
1125,E1A9,11,런타임 확인 11h 계열 제어토큰,원본 분석표 1127번 E1AD → 현재 E1A9; 1바이트 독립 토큰; C0A2 E1AD→E1AE 확인; 다음 본류 E1AE
1126,E1AA~E1AB,06 0E,런타임 확인 06h 계열 / 상태 설정,원본 분석표 1128번 E1AE~E1AF → 현재 E1AA~E1AB; 파라미터 0E; C0A2 E1AE→E1B0 확인; 다음 본류 E1B0
1127,E1AC~E1AE,16 F4 E4,기존 확인 16h 계열 / 서브스트림 호출·전환 → E4F4,원본 분석표 1129번 E1B0~E1B2 → 현재 E1AC~E1AE; 16h 호출 → E4F4; 복귀 주소 E1B3
1128,E4F4~E4F8,0F 02 1A 04 0D,서브스트림 실행 / 기존 확인 0Fh 계열 제어토큰,인자 02 1A 04 0D; 다음 주소 E4F9
1129,E4F9~E4FB,16 30 E6,서브스트림 실행 / 기존 확인 16h 계열 / 서브스트림 호출·전환 → E630,16h 호출 → E630; 복귀 주소 E4FC
1130,E630~E632,1E 3C 08,서브스트림 실행 / 기존 확인 1Eh 계열 / 간접 CALL,호출 대상 083C; 처리 후 다음 주소 E633
1131,E633~E638,05 16 86 3A 9E 00,서브스트림 실행 / 기존 확인 05h 계열 / 영역·좌표 상태 설정·전개,처리 후 다음 주소 E639; 내부 16 86 3A는 인자
1132,E639~E63D,0E 16 20 24 80,서브스트림 실행 / 기존 확인 0Eh 계열 / 화면·버퍼 초기화·전개,처리 후 다음 주소 E63E; 내부 16 20 24는 인자
1133,E63E,17,서브스트림 실행 / 기존 확인 17h 계열 / 서브스트림 복귀,17h 복귀 → E4FC
1134,E4FC~E4FE,13 1F E7,서브스트림 실행 / 기존 확인 13h 계열 제어토큰,인자 1F E7; 다음 주소 E4FF
1135,E4FF~E502,14 00 16 22,서브스트림 실행 / 기존 확인 14h 계열 / 버퍼·영역 처리,인자 00 16 22; 다음 주소 E503
1136,E503~E506,14 01 3B 00,서브스트림 실행 / 기존 확인 14h 계열 / 버퍼·영역 처리,인자 01 3B 00; 다음 주소 E507
1137,E507~E50A,04 E3 E7 41,서브스트림 실행 / 기존 확인 04h 계열 / CAA8 슬롯 포인터 설정,E7E3 포인터를 41h 슬롯에 설정; 다음 주소 E50B
1138,E50B~E50E,04 ED E7 42,서브스트림 실행 / 기존 확인 04h 계열 / CAA8 슬롯 포인터 설정,E7ED 포인터를 42h 슬롯에 설정; 다음 주소 E50F
1139,E50F~E512,04 F7 E7 44,서브스트림 실행 / 기존 확인 04h 계열 / CAA8 슬롯 포인터 설정,E7F7 포인터를 44h 슬롯에 설정; 다음 주소 E513
1140,E513~E516,04 15 E8 43,서브스트림 실행 / 기존 확인 04h 계열 / CAA8 슬롯 포인터 설정,E815 포인터를 43h 슬롯에 설정; 다음 주소 E517
1141,E517~E51A,04 01 E8 45,서브스트림 실행 / 기존 확인 04h 계열 / CAA8 슬롯 포인터 설정,E801 포인터를 45h 슬롯에 설정; 다음 주소 E51B
1142,E51B~E51E,04 0B E8 46,서브스트림 실행 / 기존 확인 04h 계열 / CAA8 슬롯 포인터 설정,E80B 포인터를 46h 슬롯에 설정; 다음 주소 E51F
1143,E51F~E520,25 2D,서브스트림 실행 / 기존 확인 25h 계열 / CA1D 입 움직임 효과음 인덱스 설정,CA1D=2D; 다음 주소 E521
1144,E521,17,서브스트림 실행 / 기존 확인 17h 계열 / 서브스트림 복귀,17h 복귀 → E1B3
1145,E1AF,42,기존 확인 41~50h 계열 / CAA8[1] 슬롯 실행,원본 분석표 1147번 E1B3 → 현재 E1AF; 슬롯 토큰 42; 다음 본류 E1B4
1146,E1B0,44,기존 확인 41~50h 계열 / CAA8[3] 슬롯 실행,원본 분석표 1148번 E1B4 → 현재 E1B0; 슬롯 토큰 44; 다음 본류 E1B5
1147,E1B1~E1B2,89 A1,패치 슬롯 0685 | 한글 문자 | 제,원본 분석표 1149번 E1B5~E1B6=82 C8(な) → 패치 E1B1~E1B2=89 A1(제); 번역 25-001/035 · 제 / 토큰 89 A1 / KANJI 6430 / 가나다순 291
1148,E1B3~E1B4,8A 98,패치 슬롯 0686 | 한글 문자 | 법,원본 분석표 1150번 E1B7~E1B8=82 A9(か) → 패치 E1B3~E1B4=8A 98(법); 번역 25-002/035 · 법 / 토큰 8A 98 / KANJI E780 / 가나다순 453
1149,E1B5,46,기존 확인 41~50h 계열 / CAA8[5] 슬롯 실행,원본 분석표 1153번 E1BD → 현재 E1B5; 슬롯 토큰 46; 다음 본류 E1BE
1150,E1B6~E1B7,81 40,패치 슬롯 0687 | 전각 공백 | ␠,원본 분석표 1154번 E1BE~E1BF=94 FC(美) → 패치 E1B6~E1B7=81 40(␠); 번역 25-003/035 · ␠ / 토큰 81 40 / PC-88 전각 공백 토큰
1151,E1B8~E1B9,88 F4,패치 슬롯 0688 | 한글 문자 | 보,원본 분석표 1155번 E1C0~E1C1=82 B5(し) → 패치 E1B8~E1B9=88 F4(보); 번역 25-004/035 · 보 / 토큰 88 F4 / KANJI E160 / 가나다순 179
1152,E1BA~E1BB,82 C1,패치 슬롯 0689 | 한글 문자 | 기,원본 분석표 1156번 E1C2~E1C3=82 A2(い) → 패치 E1BA~E1BB=82 C1(기); 번역 25-005/035 · 기 / 토큰 82 C1 / KANJI 2830 / 가나다순 39
1153,E1BC~E1BD,81 40,패치 슬롯 0690 | 전각 공백 | ␠,원본 분석표 1157번 E1C4~E1C5=92 AD(眺) → 패치 E1BC~E1BD=81 40(␠); 번역 25-006/035 · ␠ / 토큰 81 40 / PC-88 전각 공백 토큰
1154,E1BE~E1BF,89 A7,패치 슬롯 0691 | 한글 문자 | 좋,원본 분석표 1158번 E1C6~E1C7=82 DF(め) → 패치 E1BE~E1BF=89 A7(좋); 번역 25-007/035 · 좋 / 토큰 89 A7 / KANJI 6490 / 가나다순 297
1155,E1C0~E1C1,82 B7,패치 슬롯 0692 | 한글 문자 | 구,원본 분석표 1159번 E1C8~E1C9=82 BE(だ) → 패치 E1C0~E1C1=82 B7(구); 번역 25-008/035 · 구 / 토큰 82 B7 / KANJI 1990 / 가나다순 28
1156,E1C2~E1C3,82 CE,패치 슬롯 0693 | 한글 문자 | 나,편집기 추가 행; 번역 25-009/035 · 나 / 토큰 82 CE / KANJI 2900 / 가나다순 52
1157,E1C4,44,기존 확인 41~50h 계열 / CAA8[3] 슬롯 실행,원본 분석표 1160번 E1CA → 현재 E1C4; 슬롯 토큰 44; 다음 본류 E1CB
1158,E1C5~E1C6,81 42,패치 슬롯 0694 | 문장부호 | 。,원본 분석표 1161번 E1CB~E1CC → 현재 E1C5~E1C6; 번역 25-010/035 · 。 / 토큰 81 42 / PC-88 전각 마침표 토큰
1159,E1C7~E1C8,89 8D,패치 슬롯 0695 | 한글 문자 | 이,원본 분석표 1162번 E1CD~E1CE=82 B1(こ) → 패치 E1C7~E1C8=89 8D(이); 번역 25-011/035 · 이 / 토큰 89 8D / KANJI E2D0 / 가나다순 268
1160,E1C9~E1CA,82 AA,패치 슬롯 0696 | 한글 문자 | 것,원본 분석표 1163번 E1CF~E1D0=82 EA(れ) → 패치 E1C9~E1CA=82 AA(것); 번역 25-012/035 · 것 / 토큰 82 AA / KANJI 18C0 / 가나다순 12
1161,E1CB~E1CC,89 88,패치 슬롯 0697 | 한글 문자 | 으,원본 분석표 1164번 E1D1~E1D2=82 C5(で) → 패치 E1CB~E1CC=89 88(으); 번역 25-013/035 · 으 / 토큰 89 88 / KANJI E280 / 가나다순 263
1162,E1CD~E1CE,88 C5,패치 슬롯 0698 | 한글 문자 | 로,편집기 추가 행; 번역 25-014/035 · 로 / 토큰 88 C5 / KANJI A070 / 가나다순 130
1163,E1CF,46,기존 확인 41~50h 계열 / CAA8[5] 슬롯 실행,원본 분석표 1165번 E1D3 → 현재 E1CF; 슬롯 토큰 46; 다음 본류 E1D4
1164,E1D0~E1D1,81 40,패치 슬롯 0699 | 전각 공백 | ␠,원본 분석표 1170번 E1DC~E1DD=81 41(、) → 패치 E1D0~E1D1=81 40(␠); 번역 25-015/035 · ␠ / 토큰 81 40 / PC-88 전각 공백 토큰
1165,E1D2~E1D3,82 D9,패치 슬롯 0700 | 한글 문자 | 네,원본 분석표 1171번 E1DE~E1DF=82 BD(た) → 패치 E1D2~E1D3=82 D9(네); 번역 25-016/035 · 네 / 토큰 82 D9 / KANJI 29B0 / 가나다순 64
1166,E1D4~E1D5,82 DB,패치 슬롯 0701 | 한글 문자 | 년,원본 분석표 1172번 E1E0~E1E1=82 BE(だ) → 패치 E1D4~E1D5=82 DB(년); 번역 25-017/035 · 년 / 토큰 82 DB / KANJI 29D0 / 가나다순 66
1167,E1D6~E1D7,89 89,패치 슬롯 0702 | 한글 문자 | 은,원본 분석표 1173번 E1E2~E1E3=82 CC(の) → 패치 E1D6~E1D7=89 89(은); 번역 25-018/035 · 은 / 토큰 89 89 / KANJI E290 / 가나다순 264
1168,E1D8~E1D9,82 BD,패치 슬롯 0703 | 한글 문자 | 그,원본 분석표 1175번 E1E6~E1E7=96 BA(娘) → 패치 E1D8~E1D9=82 BD(그); 번역 25-019/035 · 그 / 토큰 82 BD / KANJI 19F0 / 가나다순 34
1169,E1DA~E1DB,89 9B,패치 슬롯 0704 | 한글 문자 | 저,원본 분석표 1176번 E1E8~E1E9=93 AF(同) → 패치 E1DA~E1DB=89 9B(저); 번역 25-020/035 · 저 / 토큰 89 9B / KANJI E3B0 / 가나다순 285
1170,E1DC~E1DD,81 40,패치 슬롯 0705 | 전각 공백 | ␠,원본 분석표 1177번 E1EA~E1EB=91 52(然) → 패치 E1DC~E1DD=81 40(␠); 번역 25-021/035 · ␠ / 토큰 81 40 / PC-88 전각 공백 토큰
1171,E1DE~E1DF,89 E2,패치 슬롯 0706 | 한글 문자 | 하,편집기 추가 행; 번역 25-022/035 · 하 / 토큰 89 E2 / KANJI E440 / 가나다순 362
1172,E1E0~E1E1,8A AC,패치 슬롯 0707 | 한글 문자 | 찮,편집기 추가 행; 번역 25-023/035 · 찮 / 토큰 8A AC / KANJI 68E0 / 가나다순 473
1173,E1E2~E1E3,89 89,패치 슬롯 0708 | 한글 문자 | 은,편집기 추가 행; 번역 25-024/035 · 은 / 토큰 89 89 / KANJI E290 / 가나다순 264
1174,E1E4~E1E5,81 40,패치 슬롯 0709 | 전각 공백 | ␠,편집기 추가 행; 번역 25-025/035 · ␠ / 토큰 81 40 / PC-88 전각 공백 토큰
1175,E1E6~E1E7,82 B0,패치 슬롯 0710 | 한글 문자 | 계,편집기 추가 행; 번역 25-026/035 · 계 / 토큰 82 B0 / KANJI 1920 / 가나다순 20
1176,E1E8~E1E9,89 B5,패치 슬롯 0711 | 한글 문자 | 집,편집기 추가 행; 번역 25-027/035 · 집 / 토큰 89 B5 / KANJI 6570 / 가나다순 313
1177,E1EA~E1EB,8A 9C,패치 슬롯 0712 | 한글 문자 | 애,편집기 추가 행; 번역 25-028/035 · 애 / 토큰 8A 9C / KANJI E7C0 / 가나다순 457
1178,E1EC~E1ED,89 70,패치 슬롯 0713 | 한글 문자 | 에,편집기 추가 행; 번역 25-029/035 · 에 / 토큰 89 70 / KANJI A310 / 가나다순 239
1179,E1EE~E1EF,81 40,패치 슬롯 0714 | 전각 공백 | ␠,편집기 추가 행; 번역 25-030/035 · ␠ / 토큰 81 40 / PC-88 전각 공백 토큰
1180,E1F0~E1F1,88 FC,패치 슬롯 0715 | 한글 문자 | 불,편집기 추가 행; 번역 25-031/035 · 불 / 토큰 88 FC / KANJI E1E0 / 가나다순 187
1181,E1F2~E1F3,82 B4,패치 슬롯 0716 | 한글 문자 | 과,편집기 추가 행; 번역 25-032/035 · 과 / 토큰 82 B4 / KANJI 1960 / 가나다순 25
1182,E1F4~E1F5,89 E2,패치 슬롯 0717 | 한글 문자 | 하,편집기 추가 행; 번역 25-033/035 · 하 / 토큰 89 E2 / KANJI E440 / 가나다순 362
1183,E1F6~E1F7,82 E7,패치 슬롯 0718 | 한글 문자 | 다,편집기 추가 행; 번역 25-034/035 · 다 / 토큰 82 E7 / KANJI 3890 / 가나다순 78
1184,E1F8~E1F9,81 42,패치 슬롯 0719 | 문장부호 | 。,원본 분석표 1178번 E1EC~E1ED → 현재 E1F8~E1F9; 번역 25-035/035 · 。 / 토큰 81 42 / PC-88 전각 마침표 토큰
1185,E1FA,62,기존 확인 61~70h 계열 / CAA8[1] 작업슬롯 비활성화,원본 분석표 1179번 E1EE → 현재 E1FA; 비활성화 토큰 62; 다음 본류 E1EF
1186,E1FB~E1FD,16 FF E5,기존 확인 16h 계열 / 서브스트림 호출·전환 → E5FF,원본 분석표 1180번 E1EF~E1F1 → 현재 E1FB~E1FD; 16h 호출 → E5FF; 복귀 주소 E1F2
1187,E5FF~E603,0F 04 0D 05 0B,서브스트림 실행 / 기존 확인 0Fh 계열 제어토큰,인자 04 0D 05 0B; 다음 주소 E604
1188,E604~E606,16 30 E6,서브스트림 실행 / 기존 확인 16h 계열 / 서브스트림 호출·전환 → E630,16h 호출 → E630; 복귀 주소 E607
1189,E630~E632,1E 3C 08,서브스트림 실행 / 기존 확인 1Eh 계열 / 간접 CALL,호출 대상 083C; 처리 후 다음 주소 E633
1190,E633~E638,05 16 86 3A 9E 00,서브스트림 실행 / 기존 확인 05h 계열 / 영역·좌표 상태 설정·전개,처리 후 다음 주소 E639; 내부 16 86 3A는 인자
1191,E639~E63D,0E 16 20 24 80,서브스트림 실행 / 기존 확인 0Eh 계열 / 화면·버퍼 초기화·전개,처리 후 다음 주소 E63E; 내부 16 20 24는 인자
1192,E63E,17,서브스트림 실행 / 기존 확인 17h 계열 / 서브스트림 복귀,17h 복귀 → E607
1193,E607~E609,13 CF E6,서브스트림 실행 / 기존 확인 13h 계열 제어토큰,인자 CF E6; 다음 주소 E60A
1194,E60A~E60D,14 00 16 22,서브스트림 실행 / 기존 확인 14h 계열 / 버퍼·영역 처리,인자 00 16 22; 다음 주소 E60E
1195,E60E~E611,14 01 3B 00,서브스트림 실행 / 기존 확인 14h 계열 / 버퍼·영역 처리,인자 01 3B 00; 다음 주소 E612
1196,E612~E615,04 33 E8 41,서브스트림 실행 / 기존 확인 04h 계열 / CAA8 슬롯 포인터 설정,E833 포인터를 41h 슬롯에 설정; 다음 주소 E616
1197,E616~E619,04 29 E8 42,서브스트림 실행 / 기존 확인 04h 계열 / CAA8 슬롯 포인터 설정,E829 포인터를 42h 슬롯에 설정; 다음 주소 E61A
1198,E61A~E61B,25 2E,서브스트림 실행 / 기존 확인 25h 계열 / CA1D 입 움직임 효과음 인덱스 설정,CA1D=2E; 다음 주소 E61C
1199,E61C,17,서브스트림 실행 / 기존 확인 17h 계열 / 서브스트림 복귀,17h 복귀 → E1F2
1200,E1FE~E1FF,25 2D,기존 확인 25h 계열 / CA1D 입 움직임 효과음 인덱스 설정,원본 분석표 1194번 E1F2~E1F3 → 현재 E1FE~E1FF; CA1D=2D; 다음 본류 E1F4
1201,E200,42,기존 확인 41~50h 계열 / CAA8[1] 슬롯 실행,원본 분석표 1195번 E1F4 → 현재 E200; 슬롯 토큰 42; 다음 본류 E1F5
1202,E201~E202,82 BD,패치 슬롯 0720 | 한글 문자 | 그,원본 분석표 1197번 E1F7~E1F8=82 CD(は) → 패치 E201~E202=82 BD(그); 번역 26-001/018 · 그 / 토큰 82 BD / KANJI 19F0 / 가나다순 34
1203,E203~E204,88 BE,패치 슬롯 0721 | 한글 문자 | 럼,원본 분석표 1198번 E1F9~E1FA=81 41(、) → 패치 E203~E204=88 BE(럼); 번역 26-002/018 · 럼 / 토큰 88 BE / KANJI A000 / 가나다순 123
1204,E205~E206,81 41,패치 슬롯 0722 | 문장부호 | 、,원본 분석표 1199번 E1FB~E1FC=96 F1(約) → 패치 E205~E206=81 41(、); 번역 26-003/018 · 、 / 토큰 81 41 / PC-88 전각 쉼표 토큰
1205,E207~E208,8A 72,패치 슬롯 0723 | 한글 문자 | 약,원본 분석표 1200번 E1FD~E1FE=91 A9(束) → 패치 E207~E208=8A 72(약); 번역 26-004/018 · 약 / 토큰 8A 72 / KANJI A730 / 가나다순 416
1206,E209~E20A,89 51,패치 슬롯 0724 | 한글 문자 | 속,원본 분석표 1201번 E1FF~E200=82 C7(ど) → 패치 E209~E20A=89 51(속); 번역 26-005/018 · 속 / 토큰 89 51 / KANJI 6320 / 가나다순 205
1207,E20B~E20C,82 EC,패치 슬롯 0725 | 한글 문자 | 대,원본 분석표 1202번 E201~E202=82 A8(お) → 패치 E20B~E20C=82 EC(대); 번역 26-006/018 · 대 / 토큰 82 EC / KANJI 38E0 / 가나다순 84
1208,E20D~E20E,88 C5,패치 슬롯 0726 | 한글 문자 | 로,원본 분석표 1203번 E203~E204=82 E8(り) → 패치 E20D~E20E=88 C5(로); 번역 26-007/018 · 로 / 토큰 88 C5 / KANJI A070 / 가나다순 130
1209,E20F~E210,81 40,패치 슬롯 0727 | 전각 공백 | ␠,원본 분석표 1204번 E205~E206=81 41(、) → 패치 E20F~E210=81 40(␠); 번역 26-008/018 · ␠ / 토큰 81 40 / PC-88 전각 공백 토큰
1210,E211~E212,89 8D,패치 슬롯 0728 | 한글 문자 | 이,원본 분석표 1205번 E207~E208=82 B1(こ) → 패치 E211~E212=89 8D(이); 번역 26-009/018 · 이 / 토큰 89 8D / KANJI E2D0 / 가나다순 268
1211,E213~E214,82 DB,패치 슬롯 0729 | 한글 문자 | 년,원본 분석표 1206번 E209~E20A=82 A2(い) → 패치 E213~E214=82 DB(년); 번역 26-010/018 · 년 / 토큰 82 DB / KANJI 29D0 / 가나다순 66
1212,E215~E216,89 8A,패치 슬롯 0730 | 한글 문자 | 을,원본 분석표 1207번 E20B~E20C=82 C2(つ) → 패치 E215~E216=89 8A(을); 번역 26-011/018 · 을 / 토큰 89 8A / KANJI E2A0 / 가나다순 265
1213,E217~E218,81 40,패치 슬롯 0731 | 전각 공백 | ␠,원본 분석표 1208번 E20D~E20E=82 F0(を) → 패치 E217~E218=81 40(␠); 번역 26-012/018 · ␠ / 토큰 81 40 / PC-88 전각 공백 토큰
1214,E219~E21A,89 BA,패치 슬롯 0732 | 한글 문자 | 처,원본 분석표 1209번 E20F~E210=97 BF(料) → 패치 E219~E21A=89 BA(처); 번역 26-013/018 · 처 / 토큰 89 BA / KANJI 65C0 / 가나다순 319
1215,E21B~E21C,88 CC,패치 슬롯 0733 | 한글 문자 | 리,원본 분석표 1210번 E211~E212=97 9D(理) → 패치 E21B~E21C=88 CC(리); 번역 26-014/018 · 리 / 토큰 88 CC / KANJI A0E0 / 가나다순 137
1216,E21D~E21E,89 E8,패치 슬롯 0734 | 한글 문자 | 해,원본 분석표 1211번 E213~E214=82 B5(し) → 패치 E21D~E21E=89 E8(해); 번역 26-015/018 · 해 / 토큰 89 E8 / KANJI E4A0 / 가나다순 369
1217,E21F~E220,89 AA,패치 슬롯 0735 | 한글 문자 | 주,원본 분석표 1212번 E215~E216=82 C4(て) → 패치 E21F~E220=89 AA(주); 번역 26-016/018 · 주 / 토큰 89 AA / KANJI 64C0 / 가나다순 300
1218,E221~E222,88 D1,패치 슬롯 0736 | 한글 문자 | 마,원본 분석표 1213번 E217~E218=82 AD(く) → 패치 E221~E222=88 D1(마); 번역 26-017/018 · 마 / 토큰 88 D1 / KANJI A130 / 가나다순 142
1219,E223~E224,81 49,패치 슬롯 0737 | 문장부호 | ！,원본 분석표 1216번 E21D~E21E → 현재 E223~E224; 번역 26-018/018 · ！ / 토큰 81 49 / PC-88 전각 느낌표 토큰
1220,E225,62,기존 확인 61~70h 계열 / CAA8[1] 작업슬롯 비활성화,원본 분석표 1217번 E21F → 현재 E225; 비활성화 토큰 62; 다음 본류 E220
1221,E226~E228,16 E6 E5,기존 확인 16h 계열 / 서브스트림 호출·전환 → E5E6,원본 분석표 1218번 E220~E222 → 현재 E226~E228; 16h 호출 → E5E6; 복귀 주소 E223
1222,E5E6~E5EA,0F 02 18 05 09,서브스트림 실행 / 기존 확인 0Fh 계열 제어토큰,인자 02 18 05 09; 다음 주소 E5EB
1223,E5EB~E5ED,16 30 E6,서브스트림 실행 / 기존 확인 16h 계열 / 서브스트림 호출·전환 → E630,16h 호출 → E630; 복귀 주소 E5EE
1224,E630~E632,1E 3C 08,서브스트림 실행 / 기존 확인 1Eh 계열 / 간접 CALL,호출 대상 083C; 처리 후 다음 주소 E633
1225,E633~E638,05 16 86 3A 9E 00,서브스트림 실행 / 기존 확인 05h 계열 / 영역·좌표 상태 설정·전개,처리 후 다음 주소 E639; 내부 16 86 3A는 인자
1226,E639~E63D,0E 16 20 24 80,서브스트림 실행 / 기존 확인 0Eh 계열 / 화면·버퍼 초기화·전개,처리 후 다음 주소 E63E; 내부 16 20 24는 인자
1227,E63E,17,서브스트림 실행 / 기존 확인 17h 계열 / 서브스트림 복귀,17h 복귀 → E5EE
1228,E5EE~E5F0,13 EF E6,서브스트림 실행 / 기존 확인 13h 계열 제어토큰,인자 EF E6; 다음 주소 E5F1
1229,E5F1~E5F3,10 16 22,서브스트림 실행 / 기존 확인 10h 계열 제어토큰,인자 16 22; 다음 주소 E5F4
1230,E5F4~E5F7,04 CF E7 41,서브스트림 실행 / 기존 확인 04h 계열 / CAA8 슬롯 포인터 설정,E7CF 포인터를 41h 슬롯에 설정; 다음 주소 E5F8
1231,E5F8~E5FB,04 D9 E7 42,서브스트림 실행 / 기존 확인 04h 계열 / CAA8 슬롯 포인터 설정,E7D9 포인터를 42h 슬롯에 설정; 다음 주소 E5FC
1232,E5FC~E5FD,25 2B,서브스트림 실행 / 기존 확인 25h 계열 / CA1D 입 움직임 효과음 인덱스 설정,CA1D=2B; 다음 주소 E5FE
1233,E5FE,17,서브스트림 실행 / 기존 확인 17h 계열 / 서브스트림 복귀,17h 복귀 → E223
1234,E229,41,기존 확인 41~50h 계열 / CAA8[0] 슬롯 실행,원본 분석표 1231번 E223 → 현재 E229; 슬롯 토큰 41; 다음 본류 E224
1235,E22A,42,기존 확인 41~50h 계열 / CAA8[1] 슬롯 실행,원본 분석표 1232번 E224 → 현재 E22A; 슬롯 토큰 42; 다음 본류 E225
1236,E22B~E22C,88 DA,패치 슬롯 0738 | 한글 문자 | 메,원본 분석표 1233번 E225~E226=83 81(メ) → 패치 E22B~E22C=88 DA(메); 번역 27-001/015 · 메 / 토큰 88 DA / KANJI A1C0 / 가나다순 152
1237,E22D~E22E,82 9F,패치 슬롯 0739 | 한글 문자 | 가,원본 분석표 1234번 E227~E228=83 4B(ガ) → 패치 E22D~E22E=82 9F(가); 번역 27-002/015 · 가 / 토큰 82 9F / KANJI 1810 / 가나다순 1
1238,E22F~E230,89 56,패치 슬롯 0740 | 한글 문자 | 스,원본 분석표 1235번 E229~E22A=83 58(ス) → 패치 E22F~E230=89 56(스); 번역 27-003/015 · 스 / 토큰 89 56 / KANJI 6370 / 가나다순 211
1239,E231~E232,81 49,패치 슬롯 0741 | 문장부호 | ！,원본 분석표 1236번 E22B~E22C → 현재 E231~E232; 번역 27-004/015 · ！ / 토큰 81 49 / PC-88 전각 느낌표 토큰
1240,E233~E234,81 40,패치 슬롯 0742 | 전각 공백 | ␠,원본 분석표 1237번 E22D~E22E → 현재 E233~E234; 번역 27-005/015 · ␠ / 토큰 81 40 / PC-88 전각 공백 토큰
1241,E235~E236,82 BD,패치 슬롯 0743 | 한글 문자 | 그,원본 분석표 1238번 E22F~E230=82 C7(ど) → 패치 E235~E236=82 BD(그); 번역 27-006/015 · 그 / 토큰 82 BD / KANJI 19F0 / 가나다순 34
1242,E237~E238,82 AB,패치 슬롯 0744 | 한글 문자 | 게,원본 분석표 1239번 E231~E232=82 A4(う) → 패치 E237~E238=82 AB(게); 번역 27-007/015 · 게 / 토큰 82 AB / KANJI 18D0 / 가나다순 13
1243,E239~E23A,81 40,패치 슬롯 0745 | 전각 공백 | ␠,원본 분석표 1240번 E233~E234=82 A2(い) → 패치 E239~E23A=81 40(␠); 번역 27-008/015 · ␠ / 토큰 81 40 / PC-88 전각 공백 토큰
1244,E23B~E23C,88 E3,패치 슬롯 0746 | 한글 문자 | 무,원본 분석표 1241번 E235~E236=82 A4(う) → 패치 E23B~E23C=88 E3(무); 번역 27-009/015 · 무 / 토큰 88 E3 / KANJI E050 / 가나다순 161
1245,E23D~E23E,89 57,패치 슬롯 0747 | 한글 문자 | 슨,편집기 추가 행; 번역 27-010/015 · 슨 / 토큰 89 57 / KANJI 6380 / 가나다순 212
1246,E23F~E241,1E 40 A4,런타임 확인 1Eh 계열 제어토큰,원본 분석표 1242번 E237~E239 → 현재 E23F~E241; 인자 40 A4; 다음 본류 E23A
1247,E242~E243,81 40,패치 슬롯 0748 | 전각 공백 | ␠,원본 분석표 1243번 E23A~E23B=82 B1(こ) → 패치 E242~E243=81 40(␠); 번역 27-011/015 · ␠ / 토큰 81 40 / PC-88 전각 공백 토큰
1248,E244~E245,88 B5,패치 슬롯 0749 | 한글 문자 | 뜻,원본 분석표 1244번 E23C~E23D=82 C6(と) → 패치 E244~E245=88 B5(뜻); 번역 27-012/015 · 뜻 / 토큰 88 B5 / KANJI 6170 / 가나다순 113
1249,E246~E247,89 8D,패치 슬롯 0750 | 한글 문자 | 이,편집기 추가 행; 번역 27-013/015 · 이 / 토큰 89 8D / KANJI E2D0 / 가나다순 268
1250,E248~E249,89 6B,패치 슬롯 0751 | 한글 문자 | 야,편집기 추가 행; 번역 27-014/015 · 야 / 토큰 89 6B / KANJI A2C0 / 가나다순 234
1251,E24A~E24B,81 49,패치 슬롯 0752 | 문장부호 | ！,원본 분석표 1245번 E23E~E23F → 현재 E24A~E24B; 번역 27-015/015 · ！ / 토큰 81 49 / PC-88 전각 느낌표 토큰
1252,E24C,61,기존 확인 61~70h 계열 / CAA8[0] 작업슬롯 비활성화,원본 분석표 1246번 E240 → 현재 E24C; 비활성화 토큰 61; 다음 본류 E241
1253,E24D,62,기존 확인 61~70h 계열 / CAA8[1] 작업슬롯 비활성화,원본 분석표 1247번 E241 → 현재 E24D; 비활성화 토큰 62; 다음 본류 E242
1254,E24E~E252,0F 01 1A 05 06,본류 실행 / 기존 확인 0Fh 계열 제어토큰,원본 분석표 1248번 E242~E246 → 현재 E24E~E252; 인자 01 1A 05 06; 다음 본류 E247
1255,E253~E255,16 30 E6,본류 실행 / 기존 확인 16h 계열 / 서브스트림 호출·전환 → E630,원본 분석표 1249번 E247~E249 → 현재 E253~E255; 16h 호출 → E630; 복귀 주소 E24A
1256,E630~E632,1E 3C 08,서브스트림 실행 / 기존 확인 1Eh 계열 / 간접 CALL,호출 대상 083C; 처리 후 다음 주소 E633
1257,E633~E638,05 16 86 3A 9E 00,서브스트림 실행 / 기존 확인 05h 계열 / 영역·좌표 상태 설정·전개,처리 후 다음 주소 E639; 내부 16 86 3A는 인자
1258,E639~E63D,0E 16 20 24 80,서브스트림 실행 / 기존 확인 0Eh 계열 / 화면·버퍼 초기화·전개,처리 후 다음 주소 E63E; 내부 16 20 24는 인자
1259,E63E,17,서브스트림 실행 / 기존 확인 17h 계열 / 서브스트림 복귀,17h 복귀 → E24A
1260,E256~E258,13 AF E6,본류 실행 / 기존 확인 13h 계열 제어토큰,원본 분석표 1254번 E24A~E24C → 현재 E256~E258; 인자 AF E6; 다음 본류 E24D
1261,E259~E25B,10 3B 00,본류 실행 / 기존 확인 10h 계열 제어토큰,원본 분석표 1255번 E24D~E24F → 현재 E259~E25B; 인자 3B 00; 다음 본류 E250
1262,E25C~E25E,1E 2A A4,본류 실행 / 기존 확인 1Eh 계열 제어토큰,원본 분석표 1256번 E250~E252 → 현재 E25C~E25E; 인자 2A A4; 다음 본류 E253
1263,E25F~E260,01 0D,본류 실행 / 기존 확인 01h 계열 제어토큰,원본 분석표 1257번 E253~E254 → 현재 E25F~E260; 인자 0D; 다음 본류 E255
1264,E261~E262,06 01,본류 실행 / 기존 확인 06h 계열 / 상태 설정,원본 분석표 1258번 E255~E256 → 현재 E261~E262; 인자 01; 다음 본류 E257
1265,E263~E264,22 1D,본류 실행 / 기존 확인 22h 계열 제어토큰,원본 분석표 1259번 E257~E258 → 현재 E263~E264; 인자 1D; 다음 본류 E259
1266,E265~E266,89 88,패치 슬롯 0753 | 한글 문자 | 으,원본 분석표 1260번 E259~E25A=83 8F(ワ) → 패치 E265~E266=89 88(으); 번역 28-001/019 · 으 / 토큰 89 88 / KANJI E280 / 가나다순 263
1267,E267~E268,89 E2,패치 슬롯 0754 | 한글 문자 | 하,원본 분석표 1261번 E25B~E25C=83 6E(ハ) → 패치 E267~E268=89 E2(하); 번역 28-002/019 · 하 / 토큰 89 E2 / KANJI E440 / 가나다순 362
1268,E269~E26A,89 E2,패치 슬롯 0755 | 한글 문자 | 하,원본 분석표 1262번 E25D~E25E=83 6E(ハ) → 패치 E269~E26A=89 E2(하); 번역 28-003/019 · 하 / 토큰 89 E2 / KANJI E440 / 가나다순 362
1269,E26B~E26C,89 E2,패치 슬롯 0756 | 한글 문자 | 하,원본 분석표 1263번 E25F~E260=83 6E(ハ) → 패치 E26B~E26C=89 E2(하); 번역 28-004/019 · 하 / 토큰 89 E2 / KANJI E440 / 가나다순 362
1270,E26D~E26E,89 E2,패치 슬롯 0757 | 한글 문자 | 하,원본 분석표 1264번 E261~E262=83 6E(ハ) → 패치 E26D~E26E=89 E2(하); 번역 28-005/019 · 하 / 토큰 89 E2 / KANJI E440 / 가나다순 362
1271,E26F~E270,81 49,패치 슬롯 0758 | 문장부호 | ！,원본 분석표 1267번 E267~E268 → 현재 E26F~E270; 번역 28-006/019 · ！ / 토큰 81 49 / PC-88 전각 느낌표 토큰
1272,E271~E272,81 40,패치 슬롯 0759 | 전각 공백 | ␠,원본 분석표 1268번 E269~E26A → 현재 E271~E272; 번역 28-007/019 · ␠ / 토큰 81 40 / PC-88 전각 공백 토큰
1273,E273~E274,88 E9,패치 슬롯 0760 | 한글 문자 | 바,원본 분석표 1269번 E26B~E26C=82 B1(こ) → 패치 E273~E274=88 E9(바); 번역 28-008/019 · 바 / 토큰 88 E9 / KANJI E0B0 / 가나다순 168
1274,E275~E276,88 C5,패치 슬롯 0761 | 한글 문자 | 로,원본 분석표 1270번 E26D~E26E=82 A4(う) → 패치 E275~E276=88 C5(로); 번역 28-009/019 · 로 / 토큰 88 C5 / KANJI A070 / 가나다순 130
1275,E277~E278,81 40,패치 슬롯 0762 | 전각 공백 | ␠,원본 분석표 1271번 E26F~E270=82 A2(い) → 패치 E277~E278=81 40(␠); 번역 28-010/019 · ␠ / 토큰 81 40 / PC-88 전각 공백 토큰
1276,E279~E27A,89 8D,패치 슬롯 0763 | 한글 문자 | 이,원본 분석표 1272번 E271~E272=82 A4(う) → 패치 E279~E27A=89 8D(이); 번역 28-011/019 · 이 / 토큰 89 8D / KANJI E2D0 / 가나다순 268
1277,E27B~E27C,88 BC,패치 슬롯 0764 | 한글 문자 | 런,원본 분석표 1273번 E273~E274=82 B1(こ) → 패치 E27B~E27C=88 BC(런); 번역 28-012/019 · 런 / 토큰 88 BC / KANJI 61E0 / 가나다순 121
1278,E27D~E27E,81 40,패치 슬롯 0765 | 전각 공백 | ␠,원본 분석표 1274번 E275~E276=82 C6(と) → 패치 E27D~E27E=81 40(␠); 번역 28-013/019 · ␠ / 토큰 81 40 / PC-88 전각 공백 토큰
1279,E27F~E280,88 B5,패치 슬롯 0766 | 한글 문자 | 뜻,원본 분석표 1275번 E277~E278=82 BE(だ) → 패치 E27F~E280=88 B5(뜻); 번역 28-014/019 · 뜻 / 토큰 88 B5 / KANJI 6170 / 가나다순 113
1280,E281~E282,89 8D,패치 슬롯 0767 | 한글 문자 | 이,원본 분석표 1276번 E279~E27A=81 5B(ー) → 패치 E281~E282=89 8D(이); 번역 28-015/019 · 이 / 토큰 89 8D / KANJI E2D0 / 가나다순 268
1281,E283~E284,82 E7,패치 슬롯 0768 | 한글 문자 | 다,편집기 추가 행; 번역 28-016/019 · 다 / 토큰 82 E7 / KANJI 3890 / 가나다순 78
1282,E285~E286,81 49,패치 슬롯 0769 | 문장부호 | ！,원본 분석표 1277번 E27B~E27C → 현재 E285~E286; 번역 28-017/019 · ！ / 토큰 81 49 / PC-88 전각 느낌표 토큰
1283,E287~E288,81 49,패치 슬롯 0770 | 문장부호 | ！,원본 분석표 1278번 E27D~E27E → 현재 E287~E288; 번역 28-018/019 · ！ / 토큰 81 49 / PC-88 전각 느낌표 토큰
1284,E289~E28A,81 40,패치 슬롯 0771 | 전각 공백 | ␠,편집기 추가 행; 번역 28-019/019 · ␠ / 토큰 81 40 / PC-88 전각 공백 토큰
1285,E28B,11,기존 확인 11h 계열 제어토큰,원본 분석표 1279번 E27F → 현재 E28B; 1바이트 독립 토큰; 다음 본류 E280
1286,E28C~E28D,06 0A,기존 확인 06h 계열 / 상태 설정,원본 분석표 1280번 E280~E281 → 현재 E28C~E28D; 파라미터 0A; 다음 본류 E282
1287,E28E~E28F,15 14,기존 확인 15h 계열 제어토큰,원본 분석표 1281번 E282~E283 → 현재 E28E~E28F; 인자 14; 다음 본류 E284
1288,E290~E292,16 30 E6,기존 확인 16h 계열 / 서브스트림 호출·전환 → E630,원본 분석표 1282번 E284~E286 → 현재 E290~E292; 16h 호출 → E630; 복귀 주소 E287
1289,E630~E632,1E 3C 08,서브스트림 실행 / 기존 확인 1Eh 계열 / 간접 CALL,호출 대상 083C; 처리 후 다음 주소 E633
1290,E633~E638,05 16 86 3A 9E 00,서브스트림 실행 / 기존 확인 05h 계열 / 영역·좌표 상태 설정·전개,처리 후 다음 주소 E639; 내부 16 86 3A는 인자
1291,E639~E63D,0E 16 20 24 80,서브스트림 실행 / 기존 확인 0Eh 계열 / 화면·버퍼 초기화·전개,처리 후 다음 주소 E63E; 내부 16 20 24는 인자
1292,E63E,17,서브스트림 실행 / 기존 확인 17h 계열 / 서브스트림 복귀,17h 복귀 → E287
1293,E293~E294,01 00,기존 확인 01h 계열 제어토큰,원본 분석표 1287번 E287~E288 → 현재 E293~E294; 인자 00; 다음 본류 E289
1294,E295,11,기존 확인 11h 계열 제어토큰,원본 분석표 1288번 E289 → 현재 E295; 다음 본류 E28A
1295,E296~E298,16 7B E4,기존 확인 16h 계열 / 서브스트림 호출·전환 → E47B,원본 분석표 1289번 E28A~E28C → 현재 E296~E298; 16h 호출 → E47B; 복귀 주소 E28D
1296,E47B~E47F,0F 05 1E 05 08,서브스트림 실행 / 기존 확인 0Fh 계열 제어토큰,인자 05 1E 05 08; 다음 주소 E480
1297,E480~E482,16 30 E6,서브스트림 실행 / 기존 확인 16h 계열 / 서브스트림 호출·전환 → E630,16h 호출 → E630; 복귀 주소 E483
1298,E630~E632,1E 3C 08,서브스트림 실행 / 기존 확인 1Eh 계열 / 간접 CALL,호출 대상 083C; 처리 후 다음 주소 E633
1299,E633~E638,05 16 86 3A 9E 00,서브스트림 실행 / 기존 확인 05h 계열 / 영역·좌표 상태 설정·전개,처리 후 다음 주소 E639; 내부 16 86 3A는 인자
1300,E639~E63D,0E 16 20 24 80,서브스트림 실행 / 기존 확인 0Eh 계열 / 화면·버퍼 초기화·전개,처리 후 다음 주소 E63E; 내부 16 20 24는 인자
1301,E63E,17,서브스트림 실행 / 기존 확인 17h 계열 / 서브스트림 복귀,17h 복귀 → E483
1302,E483~E485,13 8F E6,서브스트림 실행 / 기존 확인 13h 계열 제어토큰,인자 8F E6; 다음 주소 E486
1303,E486~E489,14 00 16 22,서브스트림 실행 / 기존 확인 14h 계열 / 버퍼·영역 처리,인자 00 16 22; 다음 주소 E48A
1304,E48A,17,서브스트림 실행 / 기존 확인 17h 계열 / 서브스트림 복귀,17h 복귀 → E28D
1305,E299~E29A,01 0F,기존 확인 01h 계열 제어토큰,원본 분석표 1299번 E28D~E28E → 현재 E299~E29A; 인자 0F; 다음 본류 E28F
1306,E29B~E29C,89 60,패치 슬롯 0772 | 한글 문자 | 아,원본 분석표 1300번 E28F~E290=83 41(ア) → 패치 E29B~E29C=89 60(아); 번역 29-001/008 · 아 / 토큰 89 60 / KANJI A210 / 가나다순 223
1307,E29D~E29E,89 60,패치 슬롯 0773 | 한글 문자 | 아,원본 분석표 1301번 E291~E292=83 41(ア) → 패치 E29D~E29E=89 60(아); 번역 29-002/008 · 아 / 토큰 89 60 / KANJI A210 / 가나다순 223
1308,E29F~E2A0,89 60,패치 슬롯 0774 | 한글 문자 | 아,원본 분석표 1302번 E293~E294=83 41(ア) → 패치 E29F~E2A0=89 60(아); 번역 29-003/008 · 아 / 토큰 89 60 / KANJI A210 / 가나다순 223
1309,E2A1~E2A2,89 60,패치 슬롯 0775 | 한글 문자 | 아,원본 분석표 1303번 E295~E296=83 41(ア) → 패치 E2A1~E2A2=89 60(아); 번역 29-004/008 · 아 / 토큰 89 60 / KANJI A210 / 가나다순 223
1310,E2A3~E2A4,89 60,패치 슬롯 0776 | 한글 문자 | 아,원본 분석표 1304번 E297~E298=83 41(ア) → 패치 E2A3~E2A4=89 60(아); 번역 29-005/008 · 아 / 토큰 89 60 / KANJI A210 / 가나다순 223
1311,E2A5~E2A6,89 67,패치 슬롯 0777 | 한글 문자 | 앗,원본 분석표 1305번 E299~E29A=83 41(ア) → 패치 E2A5~E2A6=89 67(앗); 번역 29-006/008 · 앗 / 토큰 89 67 / KANJI A280 / 가나다순 230
1312,E2A7~E2A8,81 49,패치 슬롯 0778 | 문장부호 | ！,원본 분석표 1308번 E29F~E2A0 → 현재 E2A7~E2A8; 번역 29-007/008 · ！ / 토큰 81 49 / PC-88 전각 느낌표 토큰
1313,E2A9~E2AA,81 49,패치 슬롯 0779 | 문장부호 | ！,원본 분석표 1309번 E2A1~E2A2 → 현재 E2A9~E2AA; 번역 29-008/008 · ！ / 토큰 81 49 / PC-88 전각 느낌표 토큰
1314,E2AB~E2AC,01 FF,기존 확인 01h 계열 제어토큰,원본 분석표 1310번 E2A3~E2A4 → 현재 E2AB~E2AC; 인자 FF; 다음 본류 E2A5
1315,E2AD~E2AF,16 6C E4,기존 확인 16h 계열 / 서브스트림 호출·전환 → E46C,원본 분석표 1311번 E2A5~E2A7 → 현재 E2AD~E2AF; 16h 호출 → E46C; 복귀 주소 E2A8
1316,E46C~E470,0F 03 20 05 06,서브스트림 실행 / 기존 확인 0Fh 계열 제어토큰,인자 03 20 05 06; 다음 주소 E471
1317,E471~E473,16 30 E6,서브스트림 실행 / 기존 확인 16h 계열 / 서브스트림 호출·전환 → E630,16h 호출 → E630; 복귀 주소 E474
1318,E630~E632,1E 3C 08,서브스트림 실행 / 기존 확인 1Eh 계열 / 간접 CALL,호출 대상 083C; 처리 후 다음 주소 E633
1319,E633~E638,05 16 86 3A 9E 00,서브스트림 실행 / 기존 확인 05h 계열 / 영역·좌표 상태 설정·전개,처리 후 다음 주소 E639; 내부 16 86 3A는 인자
1320,E639~E63D,0E 16 20 24 80,서브스트림 실행 / 기존 확인 0Eh 계열 / 화면·버퍼 초기화·전개,처리 후 다음 주소 E63E; 내부 16 20 24는 인자
1321,E63E,17,서브스트림 실행 / 기존 확인 17h 계열 / 서브스트림 복귀,17h 복귀 → E474
1322,E474~E476,13 7F E6,서브스트림 실행 / 기존 확인 13h 계열 제어토큰,인자 7F E6; 다음 주소 E477
1323,E477~E479,10 16 22,서브스트림 실행 / 기존 확인 10h 계열 제어토큰,인자 16 22; 다음 주소 E47A
1324,E47A,17,서브스트림 실행 / 기존 확인 17h 계열 / 서브스트림 복귀,17h 복귀 → E2A8
1325,E2B0~E2B1,88 E9,패치 슬롯 0780 | 한글 문자 | 바,원본 분석표 1321번 E2A8~E2A9=83 94(ヴ) → 패치 E2B0~E2B1=88 E9(바); 번역 30-001/006 · 바 / 토큰 88 E9 / KANJI E0B0 / 가나다순 168
1326,E2B2~E2B3,88 CC,패치 슬롯 0781 | 한글 문자 | 리,원본 분석표 1322번 E2AA~E2AB=83 40(ァ) → 패치 E2B2~E2B3=88 CC(리); 번역 30-002/006 · 리 / 토큰 88 CC / KANJI A0E0 / 가나다순 137
1327,E2B4~E2B5,89 60,패치 슬롯 0782 | 한글 문자 | 아,원본 분석표 1323번 E2AC~E2AD=83 8A(リ) → 패치 E2B4~E2B5=89 60(아); 번역 30-003/006 · 아 / 토큰 89 60 / KANJI A210 / 가나다순 223
1328,E2B6~E2B7,82 E6,패치 슬롯 0783 | 한글 문자 | 님,원본 분석표 1324번 E2AE~E2AF=83 41(ア) → 패치 E2B6~E2B7=82 E6(님); 번역 30-004/006 · 님 / 토큰 82 E6 / KANJI 3880 / 가나다순 77
1329,E2B8~E2B9,81 49,패치 슬롯 0784 | 문장부호 | ！,원본 분석표 1326번 E2B2~E2B3 → 현재 E2B8~E2B9; 번역 30-005/006 · ！ / 토큰 81 49 / PC-88 전각 느낌표 토큰
1330,E2BA~E2BB,81 49,패치 슬롯 0785 | 문장부호 | ！,원본 분석표 1327번 E2B4~E2B5 → 현재 E2BA~E2BB; 번역 30-006/006 · ！ / 토큰 81 49 / PC-88 전각 느낌표 토큰
1331,E2BC~E2BE,16 4C E4,기존 확인 16h 계열 / 서브스트림 호출·전환 → E44C,원본 분석표 1328번 E2B6~E2B8 → 현재 E2BC~E2BE; 16h 호출 → E44C; 복귀 주소 E2B9
1332,E44C~E450,0F 04 21 05 0F,서브스트림 실행 / 기존 확인 0Fh 계열 제어토큰,인자 04 21 05 0F; 다음 주소 E451
1333,E451~E456,05 0E 9F 42 B7 00,서브스트림 실행 / 기존 확인 05h 계열 / 영역·좌표 상태 설정·전개,처리 후 다음 주소 E457
1334,E457~E45B,0E 0E 08 35 B0,서브스트림 실행 / 기존 확인 0Eh 계열 / 화면·버퍼 초기화·전개,처리 후 다음 주소 E45C
1335,E45C~E45E,13 6F E6,서브스트림 실행 / 기존 확인 13h 계열 제어토큰,인자 6F E6; 다음 주소 E45F
1336,E45F~E462,14 00 0E 09,서브스트림 실행 / 기존 확인 14h 계열 / 버퍼·영역 처리,인자 00 0E 09; 다음 주소 E463
1337,E463~E466,14 01 43 00,서브스트림 실행 / 기존 확인 14h 계열 / 버퍼·영역 처리,인자 01 43 00; 다음 주소 E467
1338,E467~E46A,04 65 E8 41,서브스트림 실행 / 기존 확인 04h 계열 / CAA8 슬롯 포인터 설정,E865 포인터를 41h 슬롯에 설정; 다음 주소 E46B
1339,E46B,17,서브스트림 실행 / 기존 확인 17h 계열 / 서브스트림 복귀,17h 복귀 → E2B9
1340,E2BF~E2C0,06 14,기존 확인 06h 계열 / 상태 설정,원본 분석표 1337번 E2B9~E2BA → 현재 E2BF~E2C0; 인자 14; 다음 본류 E2BB
1341,E2C1,41,기존 확인 41~50h 계열 / CAA8[0] 슬롯 실행,원본 분석표 1338번 E2BB → 현재 E2C1; 슬롯 토큰 41; 다음 본류 E2BC
1342,E2C2~E2C3,81 40,패치 슬롯 0786 | 전각 공백 | ␠,원본 분석표 1339번 E2BC~E2BD → 현재 E2C2~E2C3; 번역 31-001/007 · ␠ / 토큰 81 40 / PC-88 전각 공백 토큰
1343,E2C4~E2C5,81 40,패치 슬롯 0787 | 전각 공백 | ␠,원본 분석표 1340번 E2BE~E2BF → 현재 E2C4~E2C5; 번역 31-002/007 · ␠ / 토큰 81 40 / PC-88 전각 공백 토큰
1344,E2C6~E2C7,81 40,패치 슬롯 0788 | 전각 공백 | ␠,원본 분석표 1341번 E2C0~E2C1 → 현재 E2C6~E2C7; 번역 31-003/007 · ␠ / 토큰 81 40 / PC-88 전각 공백 토큰
1345,E2C8~E2C9,81 40,패치 슬롯 0789 | 전각 공백 | ␠,원본 분석표 1342번 E2C2~E2C3 → 현재 E2C8~E2C9; 번역 31-004/007 · ␠ / 토큰 81 40 / PC-88 전각 공백 토큰
1346,E2CA~E2CB,81 40,패치 슬롯 0790 | 전각 공백 | ␠,원본 분석표 1343번 E2C4~E2C5 → 현재 E2CA~E2CB; 번역 31-005/007 · ␠ / 토큰 81 40 / PC-88 전각 공백 토큰
1347,E2CC~E2CD,81 40,패치 슬롯 0791 | 전각 공백 | ␠,원본 분석표 1344번 E2C6~E2C7 → 현재 E2CC~E2CD; 번역 31-006/007 · ␠ / 토큰 81 40 / PC-88 전각 공백 토큰
1348,E2CE~E2CF,81 40,패치 슬롯 0792 | 전각 공백 | ␠,원본 분석표 1345번 E2C8~E2C9 → 현재 E2CE~E2CF; 번역 31-007/007 · ␠ / 토큰 81 40 / PC-88 전각 공백 토큰
1349,E2D0,61,기존 확인 61~70h 계열 / CAA8[0] 작업슬롯 비활성화,원본 분석표 1346번 E2CA → 현재 E2D0; 비활성화 토큰 61; 다음 본류 E2CB
1350,E2D1~E2D2,06 0A,기존 확인 06h 계열 / 상태 설정,원본 분석표 1347번 E2CB~E2CC → 현재 E2D1~E2D2; 인자 0A; 다음 본류 E2CD
1351,E2D3~E2D5,16 2A E4,기존 확인 16h 계열 / 서브스트림 호출·전환 → E42A,원본 분석표 1348번 E2CD~E2CF → 현재 E2D3~E2D5; 16h 호출 → E42A; 복귀 주소 E2D0
1352,E42A~E42E,0F 04 24 05 09,서브스트림 실행 / 기존 확인 0Fh 계열 제어토큰,인자 04 24 05 09; 다음 주소 E42F
1353,E42F~E434,05 16 78 3A 90 00,서브스트림 실행 / 기존 확인 05h 계열 / 영역·좌표 상태 설정·전개,처리 후 다음 주소 E435
1354,E435~E439,0E 16 30 24 60,서브스트림 실행 / 기존 확인 0Eh 계열 / 화면·버퍼 초기화·전개,처리 후 다음 주소 E43A
1355,E43A~E43C,13 1F E7,서브스트림 실행 / 기존 확인 13h 계열 제어토큰,인자 1F E7; 다음 주소 E43D
1356,E43D~E440,14 00 16 30,서브스트림 실행 / 기존 확인 14h 계열 / 버퍼·영역 처리,인자 00 16 30; 다음 주소 E441
1357,E441~E444,14 01 3B 00,서브스트림 실행 / 기존 확인 14h 계열 / 버퍼·영역 처리,인자 01 3B 00; 다음 주소 E445
1358,E445~E448,04 6F E8 41,서브스트림 실행 / 기존 확인 04h 계열 / CAA8 슬롯 포인터 설정,E86F 포인터를 41h 슬롯에 설정; 다음 주소 E449
1359,E449~E44A,25 2D,서브스트림 실행 / 기존 확인 25h 계열 / CA1D 입 움직임 효과음 인덱스 설정,CA1D=2D; 다음 주소 E44B
1360,E44B,17,서브스트림 실행 / 기존 확인 17h 계열 / 서브스트림 복귀,17h 복귀 → E2D0
1361,E2D6~E2D7,01 10,기존 확인 01h 계열 제어토큰,원본 분석표 1358번 E2D0~E2D1 → 현재 E2D6~E2D7; 인자 10; 다음 본류 E2D2
1362,E2D8,41,기존 확인 41~50h 계열 / CAA8[0] 슬롯 실행,원본 분석표 1359번 E2D2 → 현재 E2D8; 슬롯 토큰 41; 다음 본류 E2D3
1363,E2D9~E2DA,89 C7,패치 슬롯 0793 | 한글 문자 | 크,원본 분석표 1360번 E2D3~E2D4=83 4E(ク) → 패치 E2D9~E2DA=89 C7(크); 번역 32-001/018 · 크 / 토큰 89 C7 / KANJI A490 / 가나다순 333
1364,E2DB~E2DC,89 C7,패치 슬롯 0794 | 한글 문자 | 크,원본 분석표 1361번 E2D5~E2D6=83 4E(ク) → 패치 E2DB~E2DC=89 C7(크); 번역 32-002/018 · 크 / 토큰 89 C7 / KANJI A490 / 가나다순 333
1365,E2DD~E2DE,89 C7,패치 슬롯 0795 | 한글 문자 | 크,원본 분석표 1362번 E2D7~E2D8=83 4E(ク) → 패치 E2DD~E2DE=89 C7(크); 번역 32-003/018 · 크 / 토큰 89 C7 / KANJI A490 / 가나다순 333
1366,E2DF~E2E0,89 C7,패치 슬롯 0796 | 한글 문자 | 크,원본 분석표 1363번 E2D9~E2DA=83 4E(ク) → 패치 E2DF~E2E0=89 C7(크); 번역 32-004/018 · 크 / 토큰 89 C7 / KANJI A490 / 가나다순 333
1367,E2E1~E2E2,81 42,패치 슬롯 0797 | 문장부호 | 。,원본 분석표 1364번 E2DB~E2DC=83 4E(ク) → 패치 E2E1~E2E2=81 42(。); 번역 32-005/018 · 。 / 토큰 81 42 / PC-88 전각 마침표 토큰
1368,E2E3~E2E4,82 E7,패치 슬롯 0798 | 한글 문자 | 다,원본 분석표 1365번 E2DD~E2DE=81 42(。) → 패치 E2E3~E2E4=82 E7(다); 번역 32-006/018 · 다 / 토큰 82 E7 / KANJI 3890 / 가나다순 78
1369,E2E5~E2E6,89 8B,패치 슬롯 0799 | 한글 문자 | 음,원본 분석표 1366번 E2DF~E2E0=82 C2(つ) → 패치 E2E5~E2E6=89 8B(음); 번역 32-007/018 · 음 / 토큰 89 8B / KANJI E2B0 / 가나다순 266
1370,E2E7~E2E8,89 89,패치 슬롯 0800 | 한글 문자 | 은,원본 분석표 1367번 E2E1~E2E2=82 AC(ぎ) → 패치 E2E7~E2E8=89 89(은); 번역 32-008/018 · 은 / 토큰 89 89 / KANJI E290 / 가나다순 264
1371,E2E9~E2EA,81 40,패치 슬롯 0801 | 전각 공백 | ␠,원본 분석표 1368번 E2E3~E2E4=82 CD(は) → 패치 E2E9~E2EA=81 40(␠); 번역 32-009/018 · ␠ / 토큰 81 40 / PC-88 전각 공백 토큰
1372,E2EB~E2EC,82 D9,패치 슬롯 0802 | 한글 문자 | 네,원본 분석표 1369번 E2E5~E2E6=82 A8(お) → 패치 E2EB~E2EC=82 D9(네); 번역 32-010/018 · 네 / 토큰 82 D9 / KANJI 29B0 / 가나다순 64
1373,E2ED~E2EE,81 40,패치 슬롯 0803 | 전각 공백 | ␠,원본 분석표 1370번 E2E7~E2E8=82 DC(ま) → 패치 E2ED~E2EE=81 40(␠); 번역 32-011/018 · ␠ / 토큰 81 40 / PC-88 전각 공백 토큰
1374,E2EF~E2F0,89 B7,패치 슬롯 0804 | 한글 문자 | 차,원본 분석표 1371번 E2E9~E2EA=82 A6(え) → 패치 E2EF~E2F0=89 B7(차); 번역 32-012/018 · 차 / 토큰 89 B7 / KANJI 6590 / 가나다순 316
1375,E2F1~E2F2,88 C4,패치 슬롯 0805 | 한글 문자 | 례,원본 분석표 1372번 E2EB~E2EC=82 CC(の) → 패치 E2F1~E2F2=88 C4(례); 번역 32-013/018 · 례 / 토큰 88 C4 / KANJI A060 / 가나다순 129
1376,E2F3~E2F4,82 E7,패치 슬롯 0806 | 한글 문자 | 다,원본 분석표 1373번 E2ED~E2EE=94 D4(番) → 패치 E2F3~E2F4=82 E7(다); 번역 32-014/018 · 다 / 토큰 82 E7 / KANJI 3890 / 가나다순 78
1377,E2F5~E2F6,81 41,패치 슬롯 0807 | 문장부호 | 、,원본 분석표 1374번 E2EF~E2F0=82 BE(だ) → 패치 E2F5~E2F6=81 41(、); 번역 32-015/018 · 、 / 토큰 81 41 / PC-88 전각 쉼표 토큰
1378,E2F7~E2F8,89 86,패치 슬롯 0808 | 한글 문자 | 유,원본 분석표 1375번 E2F1~E2F2=81 42(。) → 패치 E2F7~E2F8=89 86(유); 번역 32-016/018 · 유 / 토큰 89 86 / KANJI E260 / 가나다순 261
1379,E2F9~E2FA,89 C5,패치 슬롯 0809 | 한글 문자 | 코,원본 분석표 1376번 E2F3~E2F4=97 44(優) → 패치 E2F9~E2FA=89 C5(코); 번역 32-017/018 · 코 / 토큰 89 C5 / KANJI A470 / 가나다순 331
1380,E2FB~E2FC,81 42,패치 슬롯 0810 | 문장부호 | 。,원본 분석표 1377번 E2F5~E2F6=8E 71(子) → 패치 E2FB~E2FC=81 42(。); 번역 32-018/018 · 。 / 토큰 81 42 / PC-88 전각 마침표 토큰
1381,E2FD,61,기존 확인 61~70h 계열 / CAA8[0] 작업슬롯 비활성화,원본 분석표 1379번 E2F9 → 현재 E2FD; 비활성화 토큰 61; 다음 본류 E2FA
1382,E2FE~E2FF,01 FF,기존 확인 01h 계열 제어토큰,원본 분석표 1380번 E2FA~E2FB → 현재 E2FE~E2FF; 인자 FF; 다음 본류 E2FC
1383,E300~E302,16 E6 E5,기존 확인 16h 계열 / 서브스트림 호출·전환 → E5E6,원본 분석표 1381번 E2FC~E2FE → 현재 E300~E302; 16h 호출 → E5E6; 복귀 주소 E2FF
1384,E5E6~E5EA,0F 02 18 05 09,서브스트림 실행 / 기존 확인 0Fh 계열 제어토큰,인자 02 18 05 09; 다음 주소 E5EB
1385,E5EB~E5ED,16 30 E6,서브스트림 실행 / 기존 확인 16h 계열 / 서브스트림 호출·전환 → E630,16h 호출 → E630; 복귀 주소 E5EE
1386,E630~E632,1E 3C 08,서브스트림 실행 / 기존 확인 1Eh 계열 / 간접 CALL,호출 대상 083C; 처리 후 다음 주소 E633
1387,E633~E638,05 16 86 3A 9E 00,서브스트림 실행 / 기존 확인 05h 계열 / 영역·좌표 상태 설정·전개,처리 후 다음 주소 E639; 내부 16 86 3A는 인자
1388,E639~E63D,0E 16 20 24 80,서브스트림 실행 / 기존 확인 0Eh 계열 / 화면·버퍼 초기화·전개,처리 후 다음 주소 E63E; 내부 16 20 24는 인자
1389,E63E,17,서브스트림 실행 / 기존 확인 17h 계열 / 서브스트림 복귀,17h 복귀 → E5EE
1390,E5EE~E5F0,13 EF E6,서브스트림 실행 / 기존 확인 13h 계열 제어토큰,인자 EF E6; 다음 주소 E5F1
1391,E5F1~E5F3,10 16 22,서브스트림 실행 / 기존 확인 10h 계열 제어토큰,인자 16 22; 다음 주소 E5F4
1392,E5F4~E5F7,04 CF E7 41,서브스트림 실행 / 기존 확인 04h 계열 / CAA8 슬롯 포인터 설정,E7CF 포인터를 41h 슬롯에 설정; 다음 주소 E5F8
1393,E5F8~E5FB,04 D9 E7 42,서브스트림 실행 / 기존 확인 04h 계열 / CAA8 슬롯 포인터 설정,E7D9 포인터를 42h 슬롯에 설정; 다음 주소 E5FC
1394,E5FC~E5FD,25 2B,서브스트림 실행 / 기존 확인 25h 계열 / CA1D 입 움직임 효과음 인덱스 설정,CA1D=2B; 다음 주소 E5FE
1395,E5FE,17,서브스트림 실행 / 기존 확인 17h 계열 / 서브스트림 복귀,17h 복귀 → E2FF
1396,E303,42,기존 확인 41~50h 계열 / CAA8[1] 슬롯 실행,원본 분석표 1394번 E2FF → 현재 E303; 슬롯 토큰 42; 다음 본류 E300
1397,E304~E305,81 45,패치 슬롯 0811 | 문장부호 | ・,원본 분석표 1395번 E300~E301 → 현재 E304~E305; 번역 33-001/006 · ・ / 토큰 81 45 / PC-88 가운데점 토큰
1398,E306~E307,81 45,패치 슬롯 0812 | 문장부호 | ・,원본 분석표 1396번 E302~E303 → 현재 E306~E307; 번역 33-002/006 · ・ / 토큰 81 45 / PC-88 가운데점 토큰
1399,E308~E309,81 45,패치 슬롯 0813 | 문장부호 | ・,원본 분석표 1397번 E304~E305 → 현재 E308~E309; 번역 33-003/006 · ・ / 토큰 81 45 / PC-88 가운데점 토큰
1400,E30A~E30B,81 45,패치 슬롯 0814 | 문장부호 | ・,원본 분석표 1398번 E306~E307 → 현재 E30A~E30B; 번역 33-004/006 · ・ / 토큰 81 45 / PC-88 가운데점 토큰
1401,E30C~E30D,81 45,패치 슬롯 0815 | 문장부호 | ・,원본 분석표 1399번 E308~E309 → 현재 E30C~E30D; 번역 33-005/006 · ・ / 토큰 81 45 / PC-88 가운데점 토큰
1402,E30E~E30F,81 49,패치 슬롯 0816 | 문장부호 | ！,원본 분석표 1400번 E30A~E30B → 현재 E30E~E30F; 번역 33-006/006 · ！ / 토큰 81 49 / PC-88 전각 느낌표 토큰
1403,E310,62,기존 확인 61~70h 계열 / CAA8[1] 작업슬롯 비활성화,원본 분석표 1401번 E30C → 현재 E310; 비활성화 토큰 62; 다음 본류 E30D
1404,E311~E312,01 02,기존 확인 01h 계열 제어토큰,원본 분석표 1402번 E30D~E30E → 현재 E311~E312; 인자 02; 다음 본류 E30F
1405,E313~E314,06 04,기존 확인 06h 계열 / 상태 설정,원본 분석표 1403번 E30F~E310 → 현재 E313~E314; 인자 04; 다음 본류 E311
1406,E315~E316,19 04,기존 확인 19h 계열 제어토큰,원본 분석표 1404번 E311~E312 → 현재 E315~E316; 인자 04; 다음 본류 E313
1407,E317~E318,25 2D,기존 확인 25h 계열 / CA1D 입 움직임 효과음 인덱스 설정,원본 분석표 1405번 E313~E314 → 현재 E317~E318; CA1D=2D; 다음 본류 E315
1408,E319~E31A,89 C7,패치 슬롯 0817 | 한글 문자 | 크,원본 분석표 1406번 E315~E316=83 4B(ガ) → 패치 E319~E31A=89 C7(크); 번역 34-001/007 · 크 / 토큰 89 C7 / KANJI A490 / 가나다순 333
1409,E31B~E31C,89 60,패치 슬롯 0818 | 한글 문자 | 아,원본 분석표 1407번 E317~E318=83 6E(ハ) → 패치 E31B~E31C=89 60(아); 번역 34-002/007 · 아 / 토큰 89 60 / KANJI A210 / 가나다순 223
1410,E31D~E31E,89 60,패치 슬롯 0819 | 한글 문자 | 아,원본 분석표 1408번 E319~E31A=83 6E(ハ) → 패치 E31D~E31E=89 60(아); 번역 34-003/007 · 아 / 토큰 89 60 / KANJI A210 / 가나다순 223
1411,E31F~E320,89 60,패치 슬롯 0820 | 한글 문자 | 아,원본 분석표 1409번 E31B~E31C=83 6E(ハ) → 패치 E31F~E320=89 60(아); 번역 34-004/007 · 아 / 토큰 89 60 / KANJI A210 / 가나다순 223
1412,E321~E322,89 60,패치 슬롯 0821 | 한글 문자 | 아,원본 분석표 1410번 E31D~E31E=83 6E(ハ) → 패치 E321~E322=89 60(아); 번역 34-005/007 · 아 / 토큰 89 60 / KANJI A210 / 가나다순 223
1413,E323~E324,81 49,패치 슬롯 0821 | 문장부호 | ！,번역 34-006/007 · ！ / 토큰 81 49 / PC-88 전각 느낌표 토큰
1414,E325~E326,81 49,패치 슬롯 0822 | 문장부호 | ！,번역 34-007/007 · ！ / 토큰 81 49 / PC-88 전각 느낌표 토큰
1415,E327,11,기존 확인 11h 계열 제어토큰,1바이트 독립 토큰; 다음 본류 E328
1416,E328~E329,19 07,기존 확인 19h 계열 제어토큰,인자 07; 다음 본류 E32A
1417,E32A,12,기존 확인 12h 계열 제어토큰,1바이트 독립 토큰; 다음 본류 E32B
1418,E32B~E32C,06 05,기존 확인 06h 계열 / 상태 설정,파라미터 05; 다음 본류 E32D
1419,E32D~E32E,01 0B,기존 확인 01h 계열 제어토큰,인자 0B; 다음 본류 E32F
1420,E32F~E330,25 2B,기존 확인 25h 계열 / CA1D 입 움직임 효과음 인덱스 설정,CA1D=2B; 다음 본류 E331
1421,E331~E332,88 E9,패치 슬롯 0824 | 한글 문자 | 바,원본 분석표 1421번 E331~E332=83 94(ヴ) → 패치 E331~E332=88 E9(바); 번역 35-001/010 · 바 / 토큰 88 E9 / KANJI E0B0 / 가나다순 168
1422,E333~E334,88 CC,패치 슬롯 0825 | 한글 문자 | 리,원본 분석표 1422번 E333~E334=83 40(ァ) → 패치 E333~E334=88 CC(리); 번역 35-002/010 · 리 / 토큰 88 CC / KANJI A0E0 / 가나다순 137
1423,E335~E336,89 60,패치 슬롯 0826 | 한글 문자 | 아,원본 분석표 1423번 E335~E336=83 8A(リ) → 패치 E335~E336=89 60(아); 번역 35-003/010 · 아 / 토큰 89 60 / KANJI A210 / 가나다순 223
1424,E337~E338,82 E4,패치 슬롯 0827 | 한글 문자 | 니,원본 분석표 1424번 E337~E338=83 41(ア) → 패치 E337~E338=82 E4(니); 번역 35-004/010 · 니 / 토큰 82 E4 / KANJI 3860 / 가나다순 75
1425,E339~E33A,89 8D,패치 슬롯 0828 | 한글 문자 | 이,원본 분석표 1425번 E339~E33A=82 B3(さ) → 패치 E339~E33A=89 8D(이); 번역 35-005/010 · 이 / 토큰 89 8D / KANJI E2D0 / 가나다순 268
1426,E33B~E33C,89 8D,패치 슬롯 0829 | 한글 문자 | 이,원본 분석표 1426번 E33B~E33C=82 DC(ま) → 패치 E33B~E33C=89 8D(이); 번역 35-006/010 · 이 / 토큰 89 8D / KANJI E2D0 / 가나다순 268
1427,E33D~E33E,8A A5,패치 슬롯 0830 | 한글 문자 | 임,원본 분석표 1427번 E33D~E33E=82 A0(あ) → 패치 E33D~E33E=8A A5(임); 번역 35-007/010 · 임 / 토큰 8A A5 / KANJI 6870 / 가나다순 466
1428,E33F~E340,81 5B,패치 슬롯 0831 | 문장부호 | ー,원본 분석표 1428번 E33F~E340=82 A0(あ) → 패치 E33F~E340=81 5B(ー); 번역 35-008/010 · ー / 토큰 81 5B / PC-88 장음 부호 토큰
1429,E341~E342,81 49,패치 슬롯 0832 | 문장부호 | ！,원본 분석표 1432번 E347~E348 → 현재 E341~E342; 번역 35-009/010 · ！ / 토큰 81 49 / PC-88 전각 느낌표 토큰
1430,E343~E344,81 49,패치 슬롯 0833 | 문장부호 | ！,원본 분석표 1433번 E349~E34A → 현재 E343~E344; 번역 35-010/010 · ！ / 토큰 81 49 / PC-88 전각 느낌표 토큰
1431,E345,11,기존 확인 11h 계열 제어토큰,원본 분석표 1434번 E34B → 현재 E345; 다음 본류 E34C
1432,E346~E348,16 0E E4,기존 확인 16h 계열 / 서브스트림 호출·전환 → E40E,원본 분석표 1435번 E34C~E34E → 현재 E346~E348; 16h 호출 → E40E; 복귀 주소 E34F
1433,E40E~E412,0F 03 2C 05 06,서브스트림 실행 / 기존 확인 0Fh 계열 제어토큰,인자 03 2C 05 06; 다음 주소 E413
1434,E413~E415,1E 20 E4,서브스트림 실행 / 기존 확인 1Eh 계열 제어토큰,인자 20 E4; 다음 주소 E416
1435,E416~E418,16 30 E6,서브스트림 실행 / 기존 확인 16h 계열 / 서브스트림 호출·전환 → E630,16h 호출 → E630; 복귀 주소 E419
1436,E630~E632,1E 3C 08,서브스트림 실행 / 기존 확인 1Eh 계열 / 간접 CALL,호출 대상 083C; 처리 후 다음 주소 E633
1437,E633~E638,05 16 86 3A 9E 00,서브스트림 실행 / 기존 확인 05h 계열 / 영역·좌표 상태 설정·전개,처리 후 다음 주소 E639; 내부 16 86 3A는 인자
1438,E639~E63D,0E 16 20 24 80,서브스트림 실행 / 기존 확인 0Eh 계열 / 화면·버퍼 초기화·전개,처리 후 다음 주소 E63E; 내부 16 20 24는 인자
1439,E63E,17,서브스트림 실행 / 기존 확인 17h 계열 / 서브스트림 복귀,17h 복귀 → E419
1440,E419~E41B,13 5F E6,서브스트림 실행 / 기존 확인 13h 계열 제어토큰,인자 5F E6; 다음 주소 E41C
1441,E41C~E41E,10 3B 00,서브스트림 실행 / 기존 확인 10h 계열 제어토큰,인자 3B 00; 다음 주소 E41F
1442,E41F,17,서브스트림 실행 / 기존 확인 17h 계열 / 서브스트림 복귀,17h 복귀 → E34F
1443,E349~E34A,01 11,기존 확인 01h 계열 제어토큰,원본 분석표 1446번 E34F~E350 → 현재 E349~E34A; 인자 11; 다음 본류 E351
1444,E34B~E34C,19 04,기존 확인 19h 계열 제어토큰,원본 분석표 1447번 E351~E352 → 현재 E34B~E34C; 인자 04; 다음 본류 E353
1445,E34D~E34E,25 2D,기존 확인 25h 계열 / CA1D 입 움직임 효과음 인덱스 설정,원본 분석표 1448번 E353~E354 → 현재 E34D~E34E; CA1D=2D; 다음 본류 E355
1446,E34F~E350,22 44,기존 확인 22h 계열 제어토큰,원본 분석표 1449번 E355~E356 → 현재 E34F~E350; 인자 44; 다음 본류 E357
1447,E351~E352,89 C7,패치 슬롯 0834 | 한글 문자 | 크,원본 분석표 1450번 E357~E358=83 4F(グ) → 패치 E351~E352=89 C7(크); 번역 36-001/005 · 크 / 토큰 89 C7 / KANJI A490 / 가나다순 333
1448,E353~E354,89 6C,패치 슬롯 0835 | 한글 문자 | 어,원본 분석표 1451번 E359~E35A=83 45(ウ) → 패치 E353~E354=89 6C(어); 번역 36-002/005 · 어 / 토큰 89 6C / KANJI A2D0 / 가나다순 235
1449,E355~E356,89 6C,패치 슬롯 0836 | 한글 문자 | 어,원본 분석표 1452번 E35B~E35C=83 48(ォ) → 패치 E355~E356=89 6C(어); 번역 36-003/005 · 어 / 토큰 89 6C / KANJI A2D0 / 가나다순 235
1450,E357~E358,81 49,패치 슬롯 0837 | 문장부호 | ！,원본 분석표 1453번 E35D~E35E → 현재 E357~E358; 번역 36-004/005 · ！ / 토큰 81 49 / PC-88 전각 느낌표 토큰
1451,E359~E35A,81 49,패치 슬롯 0838 | 문장부호 | ！,원본 분석표 1454번 E35F~E360 → 현재 E359~E35A; 번역 36-005/005 · ！ / 토큰 81 49 / PC-88 전각 느낌표 토큰
1452,E35B,11,기존 확인 11h 계열 제어토큰,원본 분석표 1455번 E361 → 현재 E35B; 1바이트 독립 토큰; 다음 본류 E362
1453,E35C~E35D,01 01,기존 확인 01h 계열 제어토큰,원본 분석표 1456번 E362~E363 → 현재 E35C~E35D; 인자 01; 다음 본류 E364
1454,E35E,11,기존 확인 11h 계열 제어토큰,원본 분석표 1457번 E364 → 현재 E35E; 1바이트 독립 토큰; 다음 본류 E365
1455,E35F~E360,01 04,기존 확인 01h 계열 제어토큰,원본 분석표 1458번 E365~E366 → 현재 E35F~E360; 인자 04; 다음 본류 E367
1456,E361,11,기존 확인 11h 계열 제어토큰,원본 분석표 1459번 E367 → 현재 E361; 1바이트 독립 토큰; 다음 본류 E368
1457,E362~E363,01 08,기존 확인 01h 계열 제어토큰,원본 분석표 1460번 E368~E369 → 현재 E362~E363; 인자 08; 다음 본류 E36A
1458,E364~E365,19 01,기존 확인 19h 계열 제어토큰,원본 분석표 1461번 E36A~E36B → 현재 E364~E365; 인자 01; 다음 본류 E36C
1459,E366~E368,1E 40 A4,런타임 확인 1Eh 계열 제어토큰,원본 분석표 1462번 E36C~E36E → 현재 E366~E368; 인자 40 A4; 다음 본류 E36F
1460,E369~E36A,89 88,패치 슬롯 0839 | 한글 문자 | 으,원본 분석표 1463번 E36F~E370=83 4F(グ) → 패치 E369~E36A=89 88(으); 번역 37-001/007 · 으 / 토큰 89 88 / KANJI E280 / 가나다순 263
1461,E36B~E36C,89 88,패치 슬롯 0840 | 한글 문자 | 으,원본 분석표 1464번 E371~E372=83 4F(グ) → 패치 E36B~E36C=89 88(으); 번역 37-002/007 · 으 / 토큰 89 88 / KANJI E280 / 가나다순 263
1462,E36D~E36E,89 88,패치 슬롯 0841 | 한글 문자 | 으,원본 분석표 1465번 E373~E374=83 4F(グ) → 패치 E36D~E36E=89 88(으); 번역 37-003/007 · 으 / 토큰 89 88 / KANJI E280 / 가나다순 263
1463,E36F~E370,81 45,패치 슬롯 0842 | 문장부호 | ・,원본 분석표 1466번 E375~E376 → 현재 E36F~E370; 번역 37-004/007 · ・ / 토큰 81 45 / PC-88 가운데점 토큰
1464,E371~E372,81 45,패치 슬롯 0843 | 문장부호 | ・,원본 분석표 1467번 E377~E378 → 현재 E371~E372; 번역 37-005/007 · ・ / 토큰 81 45 / PC-88 가운데점 토큰
1465,E373~E374,81 45,패치 슬롯 0844 | 문장부호 | ・,원본 분석표 1468번 E379~E37A → 현재 E373~E374; 번역 37-006/007 · ・ / 토큰 81 45 / PC-88 가운데점 토큰
1466,E375~E376,81 42,패치 슬롯 0845 | 문장부호 | 。,원본 분석표 1469번 E37B~E37C → 현재 E375~E376; 번역 37-007/007 · 。 / 토큰 81 42 / PC-88 전각 마침표 토큰
1467,E377,11,기존 확인 11h 계열 제어토큰,원본 분석표 1470번 E37D → 현재 E377; 1바이트 독립 토큰; 다음 본류 E37E
1468,E378~E379,19 07,기존 확인 19h 계열 제어토큰,원본 분석표 1471번 E37E~E37F → 현재 E378~E379; 인자 07; 다음 본류 E380
1469,E37A~E384,1F 03 4B 05 04 02 4C 05 04 00 88,런타임 확인 1Fh 계열 제어토큰,원본 분석표 1472번 E380~E38A → 현재 E37A~E384; 11바이트 실행 단위; 내부 인자를 독립 문자·토큰으로 분리하지 않음; 다음 본류 E38B
1470,E385~E387,16 FB E3,기존 확인 16h 계열 / 서브스트림 호출·전환 → E3FB,원본 분석표 1473번 E38B~E38D → 현재 E385~E387; 16h 호출 → E3FB; 복귀 주소 E38E
1471,E3FB~E401,0B 3B 00 02 39 05 07,서브스트림 실행 / 기존 확인 0Bh 계열 제어토큰,7바이트 실행 단위; 다음 주소 E402
1472,E402~E406,0F 04 3A 05 12,서브스트림 실행 / 기존 확인 0Fh 계열 제어토큰,인자 04 3A 05 12; 다음 주소 E407
1473,E407~E409,16 30 E6,서브스트림 실행 / 기존 확인 16h 계열 / 서브스트림 호출·전환 → E630,16h 호출 → E630; 복귀 주소 E40A
1474,E630~E632,1E 3C 08,서브스트림 실행 / 기존 확인 1Eh 계열 / 간접 CALL,호출 대상 083C; 처리 후 다음 주소 E633
1475,E633~E638,05 16 86 3A 9E 00,서브스트림 실행 / 기존 확인 05h 계열 / 영역·좌표 상태 설정·전개,처리 후 다음 주소 E639; 내부 16 86 3A는 인자
1476,E639~E63D,0E 16 20 24 80,서브스트림 실행 / 기존 확인 0Eh 계열 / 화면·버퍼 초기화·전개,처리 후 다음 주소 E63E; 내부 16 20 24는 인자
1477,E63E,17,서브스트림 실행 / 기존 확인 17h 계열 / 서브스트림 복귀,17h 복귀 → E40A
1478,E40A~E40C,13 4F E6,서브스트림 실행 / 기존 확인 13h 계열 제어토큰,인자 4F E6; 다음 주소 E40D
1479,E40D,17,서브스트림 실행 / 기존 확인 17h 계열 / 서브스트림 복귀,17h 복귀 → E38E
1480,E388~E38A,1E 16 A4,런타임 확인 1Eh 계열 제어토큰,원본 분석표 1483번 E38E~E390 → 현재 E388~E38A; 인자 16 A4; 다음 본류 E391
1481,E38B~E38C,01 12,기존 확인 01h 계열 제어토큰,원본 분석표 1484번 E391~E392 → 현재 E38B~E38C; 인자 12; 다음 본류 E393
1482,E38D,11,기존 확인 11h 계열 제어토큰,원본 분석표 1485번 E393 → 현재 E38D; 1바이트 독립 토큰; 다음 본류 E394
1483,E38E~E38F,01 06,기존 확인 01h 계열 제어토큰,원본 분석표 1486번 E394~E395 → 현재 E38E~E38F; 인자 06; 다음 본류 E396
1484,E390,11,기존 확인 11h 계열 제어토큰,원본 분석표 1487번 E396 → 현재 E390; 1바이트 독립 토큰; 다음 본류 E397
1485,E391~E392,01 07,기존 확인 01h 계열 제어토큰,원본 분석표 1488번 E397~E398 → 현재 E391~E392; 인자 07; 다음 본류 E399
1486,E393,11,기존 확인 11h 계열 제어토큰,원본 분석표 1489번 E399 → 현재 E393; 1바이트 독립 토큰; 다음 본류 E39A
1487,E394~E395,19 06,기존 확인 19h 계열 제어토큰,원본 분석표 1490번 E39A~E39B → 현재 E394~E395; 인자 06; 다음 본류 E39C
1488,E396~E398,16 E0 E3,기존 확인 16h 계열 / 서브스트림 호출·전환 → E3E0,원본 분석표 1491번 E39C~E39E → 현재 E396~E398; 16h 호출 → E3E0; 복귀 주소 E39F
1489,E3E0~E3E2,1E 3C 08,서브스트림 실행 / 기존 확인 1Eh 계열 / 간접 CALL,호출 대상 083C; 처리 후 다음 주소 E3E3
1490,E3E3~E3E8,05 16 86 3A 9E 06,서브스트림 실행 / 기존 확인 05h 계열 / 영역·좌표 상태 설정·전개,처리 후 다음 주소 E3E9
1491,E3E9~E3ED,0E 16 20 24 80,서브스트림 실행 / 기존 확인 0Eh 계열 / 화면·버퍼 초기화·전개,처리 후 다음 주소 E3EE
1492,E3EE~E3F2,0F 01 42 05 0E,서브스트림 실행 / 기존 확인 0Fh 계열 제어토큰,인자 01 42 05 0E; 다음 주소 E3F3
1493,E3F3~E3F6,14 00 3B 64,서브스트림 실행 / 기존 확인 14h 계열 / 버퍼·영역 처리,인자 00 3B 64; 다음 주소 E3F7
1494,E3F7~E3F9,13 3F E6,서브스트림 실행 / 기존 확인 13h 계열 제어토큰,인자 3F E6; 다음 주소 E3FA
1495,E3FA,17,서브스트림 실행 / 기존 확인 17h 계열 / 서브스트림 복귀,17h 복귀 → E39F
1496,E399~E39A,01 13,기존 확인 01h 계열 제어토큰,원본 분석표 1499번 E39F~E3A0 → 현재 E399~E39A; 인자 13; 다음 본류 E3A1
1497,E39B,11,기존 확인 11h 계열 제어토큰,원본 분석표 1500번 E3A1 → 현재 E39B; 다음 본류 E3A2
1498,E39C~E39E,1E 40 A4,런타임 확인 1Eh 계열 제어토큰,원본 분석표 1501번 E3A2~E3A4 → 현재 E39C~E39E; 인자 40 A4; 다음 본류 E3A5
1499,E39F~E3A0,19 07,기존 확인 19h 계열 제어토큰,원본 분석표 1502번 E3A5~E3A6 → 현재 E39F~E3A0; 인자 07; 다음 본류 E3A7
1500,E3A1~E3A5,00 04 02 05 08,런타임 확인 00h 계열 / 5바이트 블록 전환·적재 명령,원본 분석표 1503번 E3A7~E3AB → 현재 E3A1~E3A5; C4FB가 인자 04 02 05 08을 소비; 제1 payload 종료 E3AB; 다음 활성 이벤트 포인터 D762
1501,D762~D763,0C 01,기존 확인 0Ch 계열 / C008 파라미터 저장,파라미터 01; 다음 본류 D764
1502,D764~D766,1E 3C 08,기존 확인 1Eh 계열 / 간접 CALL,호출 대상 083C; 처리 후 다음 본류 D767
1503,D767~D769,1E 58 D7,기존 확인 1Eh 계열 / 간접 CALL,호출 대상 D758; 처리 후 다음 본류 D76A
1504,D76A~D76E,0E 16 20 24 88,기존 확인 0Eh 계열 / 화면·버퍼 초기화·전개,인자 16 20 24 88; 다음 본류 D76F
1505,D76F~D774,05 16 86 3A 9E 00,기존 확인 05h 계열 / 영역·좌표 상태 설정·전개,인자 16 86 3A 9E 00; 다음 본류 D775
1506,D775~D77F,1F 01 4D 05 03 04 4D 05 03 00 88,런타임 확인 1Fh 계열 제어토큰,11바이트 실행 단위; 내부 인자를 독립 문자·토큰으로 분리하지 않음; 다음 본류 D780
1507,D780~D781,06 0E,기존 확인 06h 계열 / 상태 설정,파라미터 0E; 다음 본류 D782
1508,D782~D784,16 22 DF,기존 확인 16h 계열 / 서브스트림 호출·전환 → DF22,16h 호출 → DF22; 복귀 주소 D785
1509,DF22~DF26,0F 05 44 05 06,서브스트림 실행 / 기존 확인 0Fh 계열 제어토큰,인자 05 44 05 06; 다음 주소 DF27
1510,DF27~DF29,16 4D DF,서브스트림 실행 / 기존 확인 16h 계열 / 서브스트림 호출·전환 → DF4D,16h 호출 → DF4D; 복귀 주소 DF2A
1511,DF4D~DF4F,1E 3C 08,서브스트림 실행 / 기존 확인 1Eh 계열 / 간접 CALL,호출 대상 083C; 처리 후 다음 주소 DF50
1512,DF50~DF55,05 16 86 3A 9E 00,서브스트림 실행 / 기존 확인 05h 계열 / 영역·좌표 상태 설정·전개,처리 후 다음 주소 DF56
1513,DF56~DF5A,0E 16 20 24 80,서브스트림 실행 / 기존 확인 0Eh 계열 / 화면·버퍼 초기화·전개,처리 후 다음 주소 DF5B
1514,DF5B,17,서브스트림 실행 / 기존 확인 17h 계열 / 서브스트림 복귀,17h 복귀 → DF2A
1515,DF2A~DF2C,13 0C E0,서브스트림 실행 / 기존 확인 13h 계열 제어토큰,인자 0C E0; 다음 주소 DF2D
1516,DF2D~DF30,14 00 3B 00,서브스트림 실행 / 기존 확인 14h 계열 / 버퍼·영역 처리,인자 00 3B 00; 다음 주소 DF31
1517,DF31~DF34,04 68 E0 41,서브스트림 실행 / 기존 확인 04h 계열 / CAA8 슬롯 포인터 설정,E068 포인터를 41h 슬롯에 설정; 다음 주소 DF35
1518,DF35~DF38,04 72 E0 42,서브스트림 실행 / 기존 확인 04h 계열 / CAA8 슬롯 포인터 설정,E072 포인터를 42h 슬롯에 설정; 다음 주소 DF39
1519,DF39,17,서브스트림 실행 / 기존 확인 17h 계열 / 서브스트림 복귀,17h 복귀 → 본류 D785
1520,D785~D787,1E 16 A4,기존 확인 1Eh 계열 / 간접 CALL,호출 대상 A416; 처리 후 다음 본류 D788
1521,D788~D78A,1E 39 D5,기존 확인 1Eh 계열 / 간접 CALL,호출 대상 D539; 처리 후 다음 본류 D78B
1522,D78B~D78C,25 2B,기존 확인 25h 계열 / CA1D 입 움직임 효과음 인덱스 설정,CA1D=2B; 다음 본류 D78D
1523,D78D,42,기존 확인 41~50h 계열 / CAA8[1] 슬롯 실행,슬롯 토큰 42; 다음 본류 D78E
1524,D78E~D78F,81 45,패치 슬롯 0846 | 문장부호 | ・,번역 38-001/012 · ・ / 토큰 81 45 / PC-88 가운데점 토큰
1525,D790~D791,81 45,패치 슬롯 0847 | 문장부호 | ・,번역 38-002/012 · ・ / 토큰 81 45 / PC-88 가운데점 토큰
1526,D792~D793,81 45,패치 슬롯 0848 | 문장부호 | ・,번역 38-003/012 · ・ / 토큰 81 45 / PC-88 가운데점 토큰
1527,D794~D795,81 40,패치 슬롯 0849 | 전각 공백 | ␠,편집기 추가 행; 번역 38-004/012 · ␠ / 토큰 81 40 / PC-88 전각 공백 토큰
1528,D796~D797,88 E9,패치 슬롯 0850 | 한글 문자 | 바,원본 분석표 1530번 D794~D795=83 94(ヴ) → 패치 D796~D797=88 E9(바); 번역 38-005/012 · 바 / 토큰 88 E9 / KANJI E0B0 / 가나다순 168
1529,D798~D799,88 CC,패치 슬롯 0851 | 한글 문자 | 리,원본 분석표 1531번 D796~D797=83 40(ァ) → 패치 D798~D799=88 CC(리); 번역 38-006/012 · 리 / 토큰 88 CC / KANJI A0E0 / 가나다순 137
1530,D79A~D79B,89 60,패치 슬롯 0852 | 한글 문자 | 아,원본 분석표 1532번 D798~D799=83 8A(リ) → 패치 D79A~D79B=89 60(아); 번역 38-007/012 · 아 / 토큰 89 60 / KANJI A210 / 가나다순 223
1531,D79C~D79D,82 E6,패치 슬롯 0853 | 한글 문자 | 님,원본 분석표 1533번 D79A~D79B=83 41(ア) → 패치 D79C~D79D=82 E6(님); 번역 38-008/012 · 님 / 토큰 82 E6 / KANJI 3880 / 가나다순 77
1532,D79E~D79F,81 45,패치 슬롯 0854 | 문장부호 | ・,번역 38-009/012 · ・ / 토큰 81 45 / PC-88 가운데점 토큰
1533,D7A0~D7A1,81 45,패치 슬롯 0855 | 문장부호 | ・,번역 38-010/012 · ・ / 토큰 81 45 / PC-88 가운데점 토큰
1534,D7A2~D7A3,81 45,패치 슬롯 0856 | 문장부호 | ・,번역 38-011/012 · ・ / 토큰 81 45 / PC-88 가운데점 토큰
1535,D7A4~D7A5,81 42,패치 슬롯 0857 | 문장부호 | 。,번역 38-012/012 · 。 / 토큰 81 42 / PC-88 전각 마침표 토큰
1536,D7A6,62,기존 확인 61~70h 계열 / CAA8[1] 작업슬롯 비활성화,비활성화 토큰 62; 다음 본류 D7A7
1537,D7A7~D7A8,01 01,기존 확인 01h 계열 제어토큰,인자 01; 다음 본류 D7A9
1538,D7A9,11,기존 확인 11h 계열 제어토큰,1바이트 독립 토큰; 다음 본류 D7AA
1539,D7AA~D7AF,05 16 86 3A 9E 00,기존 확인 05h 계열 / 영역·좌표 상태 설정·전개,인자 16 86 3A 9E 00; 다음 본류 D7B0
1540,D7B0~D7B1,25 2C,기존 확인 25h 계열 / CA1D 입 움직임 효과음 인덱스 설정,CA1D=2C; 다음 본류 D7B2
1541,D7B2,41,기존 확인 41~50h 계열 / CAA8[0] 슬롯 실행,슬롯 토큰 41; 다음 본류 D7B3
1542,D7B3~D7B4,89 86,패치 슬롯 0858 | 한글 문자 | 유,원본 분석표 1545번 D7B3~D7B4=83 86(ユ) → 패치 D7B3~D7B4=89 86(유); 번역 39-001/093 · 유 / 토큰 89 86 / KANJI E260 / 가나다순 261
1543,D7B5~D7B6,89 C5,패치 슬롯 0859 | 한글 문자 | 코,원본 분석표 1546번 D7B5~D7B6=81 5B(ー) → 패치 D7B5~D7B6=89 C5(코); 번역 39-002/093 · 코 / 토큰 89 C5 / KANJI A470 / 가나다순 331
1544,D7B7~D7B8,81 41,패치 슬롯 0860 | 문장부호 | 、,원본 분석표 1547번 D7B7~D7B8=83 52(コ) → 패치 D7B7~D7B8=81 41(、); 번역 39-003/093 · 、 / 토큰 81 41 / PC-88 전각 쉼표 토큰
1545,D7B9~D7BA,89 86,패치 슬롯 0861 | 한글 문자 | 유,원본 분석표 1548번 D7B9~D7BA=81 41(、) → 패치 D7B9~D7BA=89 86(유); 번역 39-004/093 · 유 / 토큰 89 86 / KANJI E260 / 가나다순 261
1546,D7BB~D7BC,89 C5,패치 슬롯 0862 | 한글 문자 | 코,원본 분석표 1549번 D7BB~D7BC=83 86(ユ) → 패치 D7BB~D7BC=89 C5(코); 번역 39-005/093 · 코 / 토큰 89 C5 / KANJI A470 / 가나다순 331
1547,D7BD~D7BE,81 41,패치 슬롯 0863 | 문장부호 | 、,원본 분석표 1550번 D7BD~D7BE=81 5B(ー) → 패치 D7BD~D7BE=81 41(、); 번역 39-006/093 · 、 / 토큰 81 41 / PC-88 전각 쉼표 토큰
1548,D7BF~D7C0,89 A0,패치 슬롯 0864 | 한글 문자 | 정,원본 분석표 1551번 D7BF~D7C0=83 52(コ) → 패치 D7BF~D7C0=89 A0(정); 번역 39-007/093 · 정 / 토큰 89 A0 / KANJI 6420 / 가나다순 290
1549,D7C1~D7C2,89 5B,패치 슬롯 0865 | 한글 문자 | 신,원본 분석표 1552번 D7C1~D7C2=81 41(、) → 패치 D7C1~D7C2=89 5B(신); 번역 39-008/093 · 신 / 토큰 89 5B / KANJI 63C0 / 가나다순 216
1550,D7C3~D7C4,89 B7,패치 슬롯 0866 | 한글 문자 | 차,원본 분석표 1553번 D7C3~D7C4=82 B5(し) → 패치 D7C3~D7C4=89 B7(차); 번역 39-009/093 · 차 / 토큰 89 B7 / KANJI 6590 / 가나다순 316
1551,D7C5~D7C6,88 C1,패치 슬롯 0867 | 한글 문자 | 려,원본 분석표 1554번 D7C5~D7C6=82 C1(っ) → 패치 D7C5~D7C6=88 C1(려); 번역 39-010/093 · 려 / 토큰 88 C1 / KANJI A030 / 가나다순 126
1552,D7C7~D7C8,81 49,패치 슬롯 0868 | 문장부호 | ！,원본 분석표 1555번 D7C7~D7C8=82 A9(か) → 패치 D7C7~D7C8=81 49(！); 번역 39-011/093 · ！ / 토큰 81 49 / PC-88 전각 느낌표 토큰
1553,D7C9~D7CA,81 40,패치 슬롯 0869 | 전각 공백 | ␠,원본 분석표 1556번 D7C9~D7CA=82 E8(り) → 패치 D7C9~D7CA=81 40(␠); 번역 39-012/093 · ␠ / 토큰 81 40 / PC-88 전각 공백 토큰
1554,D7CB~D7CC,82 D6,패치 슬롯 0870 | 한글 문자 | 너,원본 분석표 1557번 D7CB~D7CC=82 B7(す) → 패치 D7CB~D7CC=82 D6(너); 번역 39-013/093 · 너 / 토큰 82 D6 / KANJI 2980 / 가나다순 60
1555,D7CD~D7CE,82 E3,패치 슬롯 0871 | 한글 문자 | 는,편집기 추가 행; 번역 39-014/093 · 는 / 토큰 82 E3 / KANJI 3850 / 가나다순 74
1556,D7CF~D7D0,81 40,패치 슬롯 0872 | 전각 공백 | ␠,원본 분석표 1558번 D7CD~D7CE=82 E9(る) → 패치 D7CF~D7D0=81 40(␠); 번역 39-015/093 · ␠ / 토큰 81 40 / PC-88 전각 공백 토큰
1557,D7D1~D7D2,88 E9,패치 슬롯 0873 | 한글 문자 | 바,원본 분석표 1559번 D7CF~D7D0=82 CC(の) → 패치 D7D1~D7D2=88 E9(바); 번역 39-016/093 · 바 / 토큰 88 E9 / KANJI E0B0 / 가나다순 168
1558,D7D3~D7D4,88 CC,패치 슬롯 0874 | 한글 문자 | 리,원본 분석표 1560번 D7D1~D7D2=82 E6(よ) → 패치 D7D3~D7D4=88 CC(리); 번역 39-017/093 · 리 / 토큰 88 CC / KANJI A0E0 / 가나다순 137
1559,D7D5~D7D6,89 60,패치 슬롯 0875 | 한글 문자 | 아,원본 분석표 1561번 D7D3~D7D4=81 49(！) → 패치 D7D5~D7D6=89 60(아); 번역 39-018/093 · 아 / 토큰 89 60 / KANJI A210 / 가나다순 223
1560,D7D7~D7D8,82 E6,패치 슬롯 0876 | 한글 문자 | 님,원본 분석표 1562번 D7D5~D7D6=81 40 → 패치 D7D7~D7D8=82 E6(님); 번역 39-019/093 · 님 / 토큰 82 E6 / KANJI 3880 / 가나다순 77
1561,D7D9~D7DA,89 8D,패치 슬롯 0877 | 한글 문자 | 이,원본 분석표 1563번 D7D7~D7D8=82 A0(あ) → 패치 D7D9~D7DA=89 8D(이); 번역 39-020/093 · 이 / 토큰 89 8D / KANJI E2D0 / 가나다순 268
1562,D7DB~D7DC,81 40,패치 슬롯 0878 | 전각 공백 | ␠,원본 분석표 1564번 D7D9~D7DA=82 C8(な) → 패치 D7DB~D7DC=81 40(␠); 번역 39-021/093 · ␠ / 토큰 81 40 / PC-88 전각 공백 토큰
1563,D7DD~D7DE,89 4B,패치 슬롯 0879 | 한글 문자 | 선,원본 분석표 1565번 D7DB~D7DC=82 BD(た) → 패치 D7DD~D7DE=89 4B(선); 번역 39-022/093 · 선 / 토큰 89 4B / KANJI 62C0 / 가나다순 199
1564,D7DF~D7E0,89 D0,패치 슬롯 0880 | 한글 문자 | 택,원본 분석표 1566번 D7DD~D7DE=82 CD(は) → 패치 D7DF~D7E0=89 D0(택); 번역 39-023/093 · 택 / 토큰 89 D0 / KANJI A520 / 가나다순 342
1565,D7E1~D7E2,89 E4,패치 슬롯 0881 | 한글 문자 | 한,원본 분석표 1567번 D7DF~D7E0=83 94(ヴ) → 패치 D7E1~D7E2=89 E4(한); 번역 39-024/093 · 한 / 토큰 89 E4 / KANJI E460 / 가나다순 364
1566,D7E3~D7E4,81 40,패치 슬롯 0882 | 전각 공백 | ␠,원본 분석표 1568번 D7E1~D7E2=83 40(ァ) → 패치 D7E3~D7E4=81 40(␠); 번역 39-025/093 · ␠ / 토큰 81 40 / PC-88 전각 공백 토큰
1567,D7E5~D7E6,88 E9,패치 슬롯 0883 | 한글 문자 | 바,원본 분석표 1569번 D7E3~D7E4=83 8A(リ) → 패치 D7E5~D7E6=88 E9(바); 번역 39-026/093 · 바 / 토큰 88 E9 / KANJI E0B0 / 가나다순 168
1568,D7E7~D7E8,88 CC,패치 슬롯 0884 | 한글 문자 | 리,원본 분석표 1570번 D7E5~D7E6=83 41(ア) → 패치 D7E7~D7E8=88 CC(리); 번역 39-027/093 · 리 / 토큰 88 CC / KANJI A0E0 / 가나다순 137
1569,D7E9~D7EA,89 56,패치 슬롯 0885 | 한글 문자 | 스,원본 분석표 1571번 D7E7~D7E8=97 6C(様) → 패치 D7E9~D7EA=89 56(스); 번역 39-028/093 · 스 / 토큰 89 56 / KANJI 6370 / 가나다순 211
1570,D7EB~D7EC,89 8C,패치 슬롯 0886 | 한글 문자 | 의,원본 분석표 1572번 D7E9~D7EA=82 C9(に) → 패치 D7EB~D7EC=89 8C(의); 번역 39-029/093 · 의 / 토큰 89 8C / KANJI E2C0 / 가나다순 267
1571,D7ED~D7EE,81 40,패치 슬롯 0887 | 전각 공백 | ␠,원본 분석표 1573번 D7EB~D7EC=91 49(選) → 패치 D7ED~D7EE=81 40(␠); 번역 39-030/093 · ␠ / 토큰 81 40 / PC-88 전각 공백 토큰
1572,D7EF~D7F0,89 9D,패치 슬롯 0888 | 한글 문자 | 전,원본 분석표 1574번 D7ED~D7EE=82 CE(ば) → 패치 D7EF~D7F0=89 9D(전); 번역 39-031/093 · 전 / 토큰 89 9D / KANJI E3D0 / 가나다순 287
1573,D7F1~D7F2,89 43,패치 슬롯 0889 | 한글 문자 | 사,원본 분석표 1575번 D7EF~D7F0=82 EA(れ) → 패치 D7F1~D7F2=89 43(사); 번역 39-032/093 · 사 / 토큰 89 43 / KANJI 6240 / 가나다순 191
1574,D7F3~D7F4,89 6B,패치 슬롯 0890 | 한글 문자 | 야,원본 분석표 1576번 D7F1~D7F2=82 BD(た) → 패치 D7F3~D7F4=89 6B(야); 번역 39-033/093 · 야 / 토큰 89 6B / KANJI A2C0 / 가나다순 234
1575,D7F5~D7F6,81 42,패치 슬롯 0891 | 문장부호 | 。,원본 분석표 1577번 D7F3~D7F4=83 94(ヴ) → 패치 D7F5~D7F6=81 42(。); 번역 39-034/093 · 。 / 토큰 81 42 / PC-88 전각 마침표 토큰
1576,D7F7~D7F8,82 D6,패치 슬롯 0892 | 한글 문자 | 너,원본 분석표 1578번 D7F5~D7F6=83 40(ァ) → 패치 D7F7~D7F8=82 D6(너); 번역 39-035/093 · 너 / 토큰 82 D6 / KANJI 2980 / 가나다순 60
1577,D7F9~D7FA,89 70,패치 슬롯 0893 | 한글 문자 | 에,원본 분석표 1579번 D7F7~D7F8=83 8A(リ) → 패치 D7F9~D7FA=89 70(에); 번역 39-036/093 · 에 / 토큰 89 70 / KANJI A310 / 가나다순 239
1578,D7FB~D7FC,82 AB,패치 슬롯 0894 | 한글 문자 | 게,원본 분석표 1580번 D7F9~D7FA=83 58(ス) → 패치 D7FB~D7FC=82 AB(게); 번역 39-037/093 · 게 / 토큰 82 AB / KANJI 18D0 / 가나다순 13
1579,D7FD~D7FE,82 E3,패치 슬롯 0895 | 한글 문자 | 는,원본 분석표 1581번 D7FB~D7FC=82 CC(の) → 패치 D7FD~D7FE=82 E3(는); 번역 39-038/093 · 는 / 토큰 82 E3 / KANJI 3850 / 가나다순 74
1580,D7FF~D800,81 40,패치 슬롯 0896 | 전각 공백 | ␠,원본 분석표 1582번 D7FD~D7FE=90 ED(戦) → 패치 D7FF~D800=81 40(␠); 번역 39-039/093 · ␠ / 토큰 81 40 / PC-88 전각 공백 토큰
1581,D801~D802,88 DA,패치 슬롯 0897 | 한글 문자 | 메,원본 분석표 1583번 D7FF~D800=8E 6D(士) → 패치 D801~D802=88 DA(메); 번역 39-040/093 · 메 / 토큰 88 DA / KANJI A1C0 / 가나다순 152
1582,D803~D804,82 9F,패치 슬롯 0898 | 한글 문자 | 가,원본 분석표 1584번 D801~D802=82 C8(な) → 패치 D803~D804=82 9F(가); 번역 39-041/093 · 가 / 토큰 82 9F / KANJI 1810 / 가나다순 1
1583,D805~D806,89 56,패치 슬롯 0899 | 한글 문자 | 스,원본 분석표 1585번 D803~D804=82 CC(の) → 패치 D805~D806=89 56(스); 번역 39-042/093 · 스 / 토큰 89 56 / KANJI 6370 / 가나다순 211
1584,D807~D808,88 CA,패치 슬롯 0900 | 한글 문자 | 를,원본 분석표 1586번 D805~D806=81 42(。) → 패치 D807~D808=88 CA(를); 번역 39-043/093 · 를 / 토큰 88 CA / KANJI A0C0 / 가나다순 135
1585,D809~D80A,81 40,패치 슬롯 0901 | 전각 공백 | ␠,원본 분석표 1587번 D807~D808=82 A0(あ) → 패치 D809~D80A=81 40(␠); 번역 39-044/093 · ␠ / 토큰 81 40 / PC-88 전각 공백 토큰
1586,D80B~D80C,89 5F,패치 슬롯 0902 | 한글 문자 | 쓰,원본 분석표 1588번 D809~D80A=82 C8(な) → 패치 D80B~D80C=89 5F(쓰); 번역 39-045/093 · 쓰 / 토큰 89 5F / KANJI A200 / 가나다순 222
1587,D80D~D80E,88 BB,패치 슬롯 0903 | 한글 문자 | 러,원본 분석표 1589번 D80B~D80C=82 BD(た) → 패치 D80D~D80E=88 BB(러); 번역 39-046/093 · 러 / 토큰 88 BB / KANJI 61D0 / 가나다순 120
1588,D80F~D810,88 B3,패치 슬롯 0904 | 한글 문자 | 뜨,원본 분석표 1590번 D80D~D80E=82 C9(に) → 패치 D80F~D810=88 B3(뜨); 번역 39-047/093 · 뜨 / 토큰 88 B3 / KANJI 6150 / 가나다순 111
1589,D811~D812,88 CE,패치 슬롯 0905 | 한글 문자 | 릴,원본 분석표 1591번 D80F~D810=82 CD(は) → 패치 D811~D812=88 CE(릴); 번역 39-048/093 · 릴 / 토큰 88 CE / KANJI A100 / 가나다순 139
1590,D813~D814,81 40,패치 슬롯 0906 | 전각 공백 | ␠,원본 분석표 1592번 D811~D812=83 81(メ) → 패치 D813~D814=81 40(␠); 번역 39-049/093 · ␠ / 토큰 81 40 / PC-88 전각 공백 토큰
1591,D815~D816,89 43,패치 슬롯 0907 | 한글 문자 | 사,원본 분석표 1593번 D813~D814=83 4B(ガ) → 패치 D815~D816=89 43(사); 번역 39-050/093 · 사 / 토큰 89 43 / KANJI 6240 / 가나다순 191
1592,D817~D818,88 DE,패치 슬롯 0908 | 한글 문자 | 명,원본 분석표 1594번 D815~D816=83 58(ス) → 패치 D817~D818=88 DE(명); 번역 39-051/093 · 명 / 토큰 88 DE / KANJI E000 / 가나다순 156
1593,D819~D81A,89 8D,패치 슬롯 0909 | 한글 문자 | 이,원본 분석표 1595번 D817~D818=82 F0(を) → 패치 D819~D81A=89 8D(이); 번역 39-052/093 · 이 / 토큰 89 8D / KANJI E2D0 / 가나다순 268
1594,D81B~D81C,81 40,패치 슬롯 0910 | 전각 공백 | ␠,원본 분석표 1596번 D819~D81A=93 7C(倒) → 패치 D81B~D81C=81 40(␠); 번역 39-053/093 · ␠ / 토큰 81 40 / PC-88 전각 공백 토큰
1595,D81D~D81E,89 92,패치 슬롯 0911 | 한글 문자 | 있,원본 분석표 1597번 D81B~D81C=82 B7(す) → 패치 D81D~D81E=89 92(있); 번역 39-054/093 · 있 / 토큰 89 92 / KANJI E320 / 가나다순 276
1596,D81F~D820,89 6C,패치 슬롯 0912 | 한글 문자 | 어,원본 분석표 1598번 D81D~D81E=8E 67(使) → 패치 D81F~D820=89 6C(어); 번역 39-055/093 · 어 / 토큰 89 6C / KANJI A2D0 / 가나다순 235
1597,D821~D822,81 41,패치 슬롯 0913 | 문장부호 | 、,원본 분석표 1599번 D81F~D820=96 BD(命) → 패치 D821~D822=81 41(、); 번역 39-056/093 · 、 / 토큰 81 41 / PC-88 전각 쉼표 토큰
1598,D823~D824,89 86,패치 슬롯 0914 | 한글 문자 | 유,원본 분석표 1600번 D821~D822=82 AA(が) → 패치 D823~D824=89 86(유); 번역 39-057/093 · 유 / 토큰 89 86 / KANJI E260 / 가나다순 261
1599,D825~D826,89 C5,패치 슬롯 0915 | 한글 문자 | 코,원본 분석표 1601번 D823~D824=82 A0(あ) → 패치 D825~D826=89 C5(코); 번역 39-058/093 · 코 / 토큰 89 C5 / KANJI A470 / 가나다순 331
1600,D827~D828,81 49,패치 슬롯 0916 | 문장부호 | ！,원본 분석표 1602번 D825~D826=82 E9(る) → 패치 D827~D828=81 49(！); 번역 39-059/093 · ！ / 토큰 81 49 / PC-88 전각 느낌표 토큰
1601,D829,61,기존 확인 61~70h 계열 / CAA8[0] 작업슬롯 비활성화,원본 분석표 1610번 D835 → 현재 D829; 비활성화 토큰 61; 다음 본류 D836
1602,D82A~D82B,01 02,기존 확인 01h 계열 제어토큰,원본 분석표 1611번 D836~D837 → 현재 D82A~D82B; 인자 02; 다음 본류 D838
1603,D82C,11,기존 확인 11h 계열 제어토큰,원본 분석표 1612번 D838 → 현재 D82C; 1바이트 독립 토큰; 다음 본류 D839
1604,D82D~D82E,25 2B,기존 확인 25h 계열 / CA1D 입 움직임 효과음 인덱스 설정,원본 분석표 1613번 D839~D83A → 현재 D82D~D82E; CA1D=2B; 다음 본류 D83B
1605,D82F,42,기존 확인 41~50h 계열 / CAA8[1] 슬롯 실행,원본 분석표 1614번 D83B → 현재 D82F; 슬롯 토큰 42; 다음 본류 D83C
1606,D830~D831,81 40,패치 슬롯 0917 | 전각 공백 | ␠,편집기 추가 행; 번역 39-060/093 · ␠ / 토큰 81 40 / PC-88 전각 공백 토큰
1607,D832~D833,88 E9,패치 슬롯 0918 | 한글 문자 | 바,원본 분석표 1615번 D83C~D83D=83 94(ヴ) → 패치 D832~D833=88 E9(바); 번역 39-061/093 · 바 / 토큰 88 E9 / KANJI E0B0 / 가나다순 168
1608,D834~D835,88 CC,패치 슬롯 0919 | 한글 문자 | 리,원본 분석표 1616번 D83E~D83F=83 40(ァ) → 패치 D834~D835=88 CC(리); 번역 39-062/093 · 리 / 토큰 88 CC / KANJI A0E0 / 가나다순 137
1609,D836~D837,89 60,패치 슬롯 0920 | 한글 문자 | 아,원본 분석표 1617번 D840~D841=83 8A(リ) → 패치 D836~D837=89 60(아); 번역 39-063/093 · 아 / 토큰 89 60 / KANJI A210 / 가나다순 223
1610,D838~D839,82 E6,패치 슬롯 0921 | 한글 문자 | 님,원본 분석표 1618번 D842~D843=83 41(ア) → 패치 D838~D839=82 E6(님); 번역 39-064/093 · 님 / 토큰 82 E6 / KANJI 3880 / 가나다순 77
1611,D83A~D83B,89 8D,패치 슬롯 0922 | 한글 문자 | 이,원본 분석표 1619번 D844~D845=97 6C(様) → 패치 D83A~D83B=89 8D(이); 번역 39-065/093 · 이 / 토큰 89 8D / KANJI E2D0 / 가나다순 268
1612,D83C~D83D,81 45,패치 슬롯 0923 | 문장부호 | ・,원본 분석표 1621번 D848~D849 → 현재 D83C~D83D; 번역 39-066/093 · ・ / 토큰 81 45 / PC-88 가운데점 토큰
1613,D83E~D83F,81 45,패치 슬롯 0924 | 문장부호 | ・,원본 분석표 1622번 D84A~D84B → 현재 D83E~D83F; 번역 39-067/093 · ・ / 토큰 81 45 / PC-88 가운데점 토큰
1614,D840~D841,81 45,패치 슬롯 0925 | 문장부호 | ・,원본 분석표 1623번 D84C~D84D → 현재 D840~D841; 번역 39-068/093 · ・ / 토큰 81 45 / PC-88 가운데점 토큰
1615,D842~D843,81 40,패치 슬롯 0926 | 전각 공백 | ␠,편집기 추가 행; 번역 39-069/093 · ␠ / 토큰 81 40 / PC-88 전각 공백 토큰
1616,D844~D845,88 E9,패치 슬롯 0927 | 한글 문자 | 바,원본 분석표 1625번 D850~D851=83 40(ァ) → 패치 D844~D845=88 E9(바); 번역 39-070/093 · 바 / 토큰 88 E9 / KANJI E0B0 / 가나다순 168
1617,D846~D847,88 CC,패치 슬롯 0928 | 한글 문자 | 리,원본 분석표 1626번 D852~D853=83 8A(リ) → 패치 D846~D847=88 CC(리); 번역 39-071/093 · 리 / 토큰 88 CC / KANJI A0E0 / 가나다순 137
1618,D848~D849,89 60,패치 슬롯 0929 | 한글 문자 | 아,원본 분석표 1627번 D854~D855=83 41(ア) → 패치 D848~D849=89 60(아); 번역 39-072/093 · 아 / 토큰 89 60 / KANJI A210 / 가나다순 223
1619,D84A~D84B,82 E6,패치 슬롯 0930 | 한글 문자 | 님,원본 분석표 1628번 D856~D857=97 6C(様) → 패치 D84A~D84B=82 E6(님); 번역 39-073/093 · 님 / 토큰 82 E6 / KANJI 3880 / 가나다순 77
1620,D84C~D84D,89 8D,패치 슬롯 0931 | 한글 문자 | 이,원본 분석표 1629번 D858~D859=82 AA(が) → 패치 D84C~D84D=89 8D(이); 번역 39-074/093 · 이 / 토큰 89 8D / KANJI E2D0 / 가나다순 268
1621,D84E~D84F,81 40,패치 슬롯 0932 | 전각 공백 | ␠,편집기 추가 행; 번역 39-075/093 · ␠ / 토큰 81 40 / PC-88 전각 공백 토큰
1622,D850~D851,88 9F,패치 슬롯 0933 | 한글 문자 | 돌,원본 분석표 1631번 D85C~D85D=82 F1(ん) → 패치 D850~D851=88 9F(돌); 번역 39-076/093 · 돌 / 토큰 88 9F / KANJI 6010 / 가나다순 90
1623,D852~D853,89 60,패치 슬롯 0934 | 한글 문자 | 아,원본 분석표 1632번 D85E~D85F=82 B6(じ) → 패치 D852~D853=89 60(아); 번역 39-077/093 · 아 / 토큰 89 60 / KANJI A210 / 가나다순 223
1624,D854~D855,82 9F,패치 슬롯 0935 | 한글 문자 | 가,원본 분석표 1633번 D860~D861=82 E1(ゃ) → 패치 D854~D855=82 9F(가); 번역 39-078/093 · 가 / 토큰 82 9F / KANJI 1810 / 가나다순 1
1625,D856~D857,89 4F,패치 슬롯 0936 | 한글 문자 | 셨,원본 분석표 1634번 D862~D863=82 C1(っ) → 패치 D856~D857=89 4F(셨); 번역 39-079/093 · 셨 / 토큰 89 4F / KANJI 6300 / 가나다순 203
1626,D858~D859,89 6C,패치 슬롯 0937 | 한글 문자 | 어,원본 분석표 1635번 D864~D865=82 BD(た) → 패치 D858~D859=89 6C(어); 번역 39-080/093 · 어 / 토큰 89 6C / KANJI A2D0 / 가나다순 235
1627,D85A~D85B,81 45,패치 슬롯 0938 | 문장부호 | ・,원본 분석표 1637번 D868~D869 → 현재 D85A~D85B; 번역 39-081/093 · ・ / 토큰 81 45 / PC-88 가운데점 토큰
1628,D85C~D85D,81 45,패치 슬롯 0939 | 문장부호 | ・,편집기 추가 행; 번역 39-082/093 · ・ / 토큰 81 45 / PC-88 가운데점 토큰
1629,D85E~D85F,81 45,패치 슬롯 0940 | 문장부호 | ・,원본 분석표 1638번 D86A~D86B → 현재 D85E~D85F; 번역 39-083/093 · ・ / 토큰 81 45 / PC-88 가운데점 토큰
1630,D860~D861,81 40,패치 슬롯 0941 | 전각 공백 | ␠,편집기 추가 행; 번역 39-084/093 · ␠ / 토큰 81 40 / PC-88 전각 공백 토큰
1631,D862~D863,88 E9,패치 슬롯 0942 | 한글 문자 | 바,원본 분석표 1639번 D86C~D86D=83 94(ヴ) → 패치 D862~D863=88 E9(바); 번역 39-085/093 · 바 / 토큰 88 E9 / KANJI E0B0 / 가나다순 168
1632,D864~D865,88 CC,패치 슬롯 0943 | 한글 문자 | 리,원본 분석표 1640번 D86E~D86F=83 40(ァ) → 패치 D864~D865=88 CC(리); 번역 39-086/093 · 리 / 토큰 88 CC / KANJI A0E0 / 가나다순 137
1633,D866~D867,89 60,패치 슬롯 0944 | 한글 문자 | 아,원본 분석표 1641번 D870~D871=83 8A(リ) → 패치 D866~D867=89 60(아); 번역 39-087/093 · 아 / 토큰 89 60 / KANJI A210 / 가나다순 223
1634,D868~D869,82 E6,패치 슬롯 0945 | 한글 문자 | 님,원본 분석표 1642번 D872~D873=83 41(ア) → 패치 D868~D869=82 E6(님); 번역 39-088/093 · 님 / 토큰 82 E6 / KANJI 3880 / 가나다순 77
1635,D86A~D86B,89 8D,패치 슬롯 0946 | 한글 문자 | 이,원본 분석표 1643번 D874~D875=97 6C(様) → 패치 D86A~D86B=89 8D(이); 번역 39-089/093 · 이 / 토큰 89 8D / KANJI E2D0 / 가나다순 268
1636,D86C~D86D,81 45,패치 슬롯 0947 | 문장부호 | ・,원본 분석표 1645번 D878~D879 → 현재 D86C~D86D; 번역 39-090/093 · ・ / 토큰 81 45 / PC-88 가운데점 토큰
1637,D86E~D86F,81 45,패치 슬롯 0948 | 문장부호 | ・,원본 분석표 1646번 D87A~D87B → 현재 D86E~D86F; 번역 39-091/093 · ・ / 토큰 81 45 / PC-88 가운데점 토큰
1638,D870~D871,81 45,패치 슬롯 0949 | 문장부호 | ・,원본 분석표 1647번 D87C~D87D → 현재 D870~D871; 번역 39-092/093 · ・ / 토큰 81 45 / PC-88 가운데점 토큰
1639,D872~D873,81 40,패치 슬롯 0950 | 전각 공백 | ␠,편집기 추가 행; 번역 39-093/093 · ␠ / 토큰 81 40 / PC-88 전각 공백 토큰
1640,D874,62,기존 확인 61~70h 계열 / CAA8[1] 작업슬롯 비활성화,원본 분석표 1648번 D87E → 현재 D874; 비활성화 토큰 62; 다음 본류 D87F
1641,D875~D877,16 16 DF,기존 확인 16h 계열 / 서브스트림 호출·전환 → DF16,원본 분석표 1649번 D87F~D881 → 현재 D875~D877; 16h 호출 → DF16; 복귀 주소 D882
1642,DF16~DF1A,0F 01 46 05 15,서브스트림 실행 / 기존 확인 0Fh 계열 제어토큰,인자 01 46 05 15; 다음 주소 DF1B
1643,DF1B~DF1D,16 4D DF,서브스트림 실행 / 기존 확인 16h 계열 / 서브스트림 호출·전환 → DF4D,16h 호출 → DF4D; 복귀 주소 DF1E
1644,DF4D~DF4F,1E 3C 08,서브스트림 실행 / 기존 확인 1Eh 계열 / 간접 CALL,호출 대상 083C; 처리 후 다음 주소 DF50
1645,DF50~DF55,05 16 86 3A 9E 00,서브스트림 실행 / 기존 확인 05h 계열 / 영역·좌표 상태 설정·전개,처리 후 다음 주소 DF56
1646,DF56~DF5A,0E 16 20 24 80,서브스트림 실행 / 기존 확인 0Eh 계열 / 화면·버퍼 초기화·전개,처리 후 다음 주소 DF5B
1647,DF5B,17,서브스트림 실행 / 기존 확인 17h 계열 / 서브스트림 복귀,17h 복귀 → DF1E
1648,DF1E~DF20,13 74 D6,서브스트림 실행 / 기존 확인 13h 계열 제어토큰,인자 74 D6; 다음 주소 DF21
1649,DF21,17,서브스트림 실행 / 기존 확인 17h 계열 / 서브스트림 복귀,17h 복귀 → 본류 D882
1650,D878~D879,01 00,기존 확인 01h 계열 제어토큰,원본 분석표 1658번 D882~D883 → 현재 D878~D879; 인자 00; 다음 본류 D884
1651,D87A,11,기존 확인 11h 계열 제어토큰,원본 분석표 1659번 D884 → 현재 D87A; 1바이트 독립 토큰; 다음 본류 D885
1652,D87B~D87D,16 4D DF,기존 확인 16h 계열 / 서브스트림 호출·전환 → DF4D,원본 분석표 1660번 D885~D887 → 현재 D87B~D87D; 16h 호출 → DF4D; 복귀 주소 D888
1653,DF4D~DF4F,1E 3C 08,서브스트림 실행 / 기존 확인 1Eh 계열 / 간접 CALL,호출 대상 083C; 처리 후 다음 주소 DF50
1654,DF50~DF55,05 16 86 3A 9E 00,서브스트림 실행 / 기존 확인 05h 계열 / 영역·좌표 상태 설정·전개,처리 후 다음 주소 DF56
1655,DF56~DF5A,0E 16 20 24 80,서브스트림 실행 / 기존 확인 0Eh 계열 / 화면·버퍼 초기화·전개,처리 후 다음 주소 DF5B
1656,DF5B,17,서브스트림 실행 / 기존 확인 17h 계열 / 서브스트림 복귀,17h 복귀 → 본류 D888
1657,D87E~D880,16 CE DE,기존 확인 16h 계열 / 서브스트림 호출·전환 → DECE,원본 분석표 1665번 D888~D88A → 현재 D87E~D880; 16h 호출 → DECE; 복귀 주소 D88B
1658,DECE~DED2,0F 02 28 04 0E,서브스트림 실행 / 기존 확인 0Fh 계열 제어토큰,인자 02 28 04 0E; 다음 주소 DED3
1659,DED3~DED5,16 4D DF,서브스트림 실행 / 기존 확인 16h 계열 / 서브스트림 호출·전환 → DF4D,16h 호출 → DF4D; 복귀 주소 DED6
1660,DF4D~DF4F,1E 3C 08,서브스트림 실행 / 기존 확인 1Eh 계열 / 간접 CALL,호출 대상 083C; 처리 후 다음 주소 DF50
1661,DF50~DF55,05 16 86 3A 9E 00,서브스트림 실행 / 기존 확인 05h 계열 / 영역·좌표 상태 설정·전개,처리 후 다음 주소 DF56
1662,DF56~DF5A,0E 16 20 24 80,서브스트림 실행 / 기존 확인 0Eh 계열 / 화면·버퍼 초기화·전개,처리 후 다음 주소 DF5B
1663,DF5B,17,서브스트림 실행 / 기존 확인 17h 계열 / 서브스트림 복귀,17h 복귀 → DED6
1664,DED6~DED9,14 00 16 22,서브스트림 실행 / 기존 확인 14h 계열 / 버퍼·영역 처리,인자 00 16 22; 다음 주소 DEDA
1665,DEDA~DEDD,14 02 16 60,서브스트림 실행 / 기존 확인 14h 계열 / 버퍼·영역 처리,인자 02 16 60; 다음 주소 DEDE
1666,DEDE~DEE0,13 FC DF,서브스트림 실행 / 기존 확인 13h 계열 제어토큰,인자 FC DF; 다음 주소 DEE1
1667,DEE1~DEE4,14 01 3B 00,서브스트림 실행 / 기존 확인 14h 계열 / 버퍼·영역 처리,인자 01 3B 00; 다음 주소 DEE5
1668,DEE5~DEE8,04 2C E0 41,서브스트림 실행 / 기존 확인 04h 계열 / CAA8 슬롯 포인터 설정,E02C 포인터를 41h 슬롯에 설정; 다음 주소 DEE9
1669,DEE9~DEEC,04 36 E0 42,서브스트림 실행 / 기존 확인 04h 계열 / CAA8 슬롯 포인터 설정,E036 포인터를 42h 슬롯에 설정; 다음 주소 DEED
1670,DEED~DEF0,04 40 E0 43,서브스트림 실행 / 기존 확인 04h 계열 / CAA8 슬롯 포인터 설정,E040 포인터를 43h 슬롯에 설정; 다음 주소 DEF1
1671,DEF1~DEF2,25 2C,서브스트림 실행 / 기존 확인 25h 계열 / CA1D 입 움직임 효과음 인덱스 설정,CA1D=2C; 다음 주소 DEF3
1672,DEF3,17,서브스트림 실행 / 기존 확인 17h 계열 / 서브스트림 복귀,17h 복귀 → 본류 D88B
1673,D881~D883,1E 1D A4,기존 확인 1Eh 계열 / 간접 CALL,원본 분석표 1681번 D88B~D88D → 현재 D881~D883; 호출 대상 A41D; 처리 후 다음 본류 D88E
1674,D884,41,기존 확인 41~50h 계열 / CAA8[0] 슬롯 실행,원본 분석표 1682번 D88E → 현재 D884; 슬롯 토큰 41; 다음 본류 D88F
1675,D885~D886,89 A0,패치 슬롯 0951 | 한글 문자 | 정,원본 분석표 1683번 D88F~D890=82 B5(し) → 패치 D885~D886=89 A0(정); 번역 40-001/010 · 정 / 토큰 89 A0 / KANJI 6420 / 가나다순 290
1676,D887~D888,89 5B,패치 슬롯 0952 | 한글 문자 | 신,원본 분석표 1684번 D891~D892=82 C1(っ) → 패치 D887~D888=89 5B(신); 번역 40-002/010 · 신 / 토큰 89 5B / KANJI 63C0 / 가나다순 216
1677,D889~D88A,89 B7,패치 슬롯 0953 | 한글 문자 | 차,원본 분석표 1685번 D893~D894=82 A9(か) → 패치 D889~D88A=89 B7(차); 번역 40-003/010 · 차 / 토큰 89 B7 / KANJI 6590 / 가나다순 316
1678,D88B~D88C,88 C1,패치 슬롯 0954 | 한글 문자 | 려,원본 분석표 1686번 D895~D896=82 E8(り) → 패치 D88B~D88C=88 C1(려); 번역 40-004/010 · 려 / 토큰 88 C1 / KANJI A030 / 가나다순 126
1679,D88D~D88E,81 49,패치 슬롯 0955 | 문장부호 | ！,원본 분석표 1689번 D89B~D89C → 현재 D88D~D88E; 번역 40-005/010 · ！ / 토큰 81 49 / PC-88 전각 느낌표 토큰
1680,D88F~D890,81 40,패치 슬롯 0956 | 전각 공백 | ␠,원본 분석표 1690번 D89D~D89E → 현재 D88F~D890; 번역 40-006/010 · ␠ / 토큰 81 40 / PC-88 전각 공백 토큰
1681,D891,42,기존 확인 41~50h 계열 / CAA8[1] 슬롯 실행,원본 분석표 1691번 D89F → 현재 D891; 슬롯 토큰 42; 다음 본류 D8A0
1682,D892~D893,89 86,패치 슬롯 0957 | 한글 문자 | 유,원본 분석표 1692번 D8A0~D8A1=83 86(ユ) → 패치 D892~D893=89 86(유); 번역 40-007/010 · 유 / 토큰 89 86 / KANJI E260 / 가나다순 261
1683,D894~D895,89 C5,패치 슬롯 0958 | 한글 문자 | 코,원본 분석표 1693번 D8A2~D8A3=81 5B(ー) → 패치 D894~D895=89 C5(코); 번역 40-008/010 · 코 / 토큰 89 C5 / KANJI A470 / 가나다순 331
1684,D896~D897,81 49,패치 슬롯 0959 | 문장부호 | ！,원본 분석표 1695번 D8A6~D8A7 → 현재 D896~D897; 번역 40-009/010 · ！ / 토큰 81 49 / PC-88 전각 느낌표 토큰
1685,D898~D899,81 40,패치 슬롯 0960 | 전각 공백 | ␠,편집기 추가 행; 번역 40-010/010 · ␠ / 토큰 81 40 / PC-88 전각 공백 토큰
1686,D89A,61,기존 확인 61~70h 계열 / CAA8[0] 작업슬롯 비활성화,원본 분석표 1696번 D8A8 → 현재 D89A; 비활성화 토큰 61; 다음 본류 D8A9
1687,D89B~D89D,16 6B DE,기존 확인 16h 계열 / 서브스트림 호출·전환 → DE6B,원본 분석표 1697번 D8A9~D8AB → 현재 D89B~D89D; 16h 호출 → DE6B; 복귀 주소 D8AC
1688,DE6B~DE6F,0F 01 2B 04 09,서브스트림 실행 / 기존 확인 0Fh 계열 제어토큰,인자 01 2B 04 09; 다음 주소 DE70
1689,DE70~DE72,16 4D DF,서브스트림 실행 / 기존 확인 16h 계열 / 서브스트림 호출·전환 → DF4D,16h 호출 → DF4D; 복귀 주소 DE73
1690,DF4D~DF4F,1E 3C 08,서브스트림 실행 / 기존 확인 1Eh 계열 / 간접 CALL,호출 대상 083C; 처리 후 다음 주소 DF50
1691,DF50~DF55,05 16 86 3A 9E 00,서브스트림 실행 / 기존 확인 05h 계열 / 영역·좌표 상태 설정·전개,처리 후 다음 주소 DF56
1692,DF56~DF5A,0E 16 20 24 80,서브스트림 실행 / 기존 확인 0Eh 계열 / 화면·버퍼 초기화·전개,처리 후 다음 주소 DF5B
1693,DF5B,17,서브스트림 실행 / 기존 확인 17h 계열 / 서브스트림 복귀,17h 복귀 → DE73
1694,DE73~DE75,13 EC DF,서브스트림 실행 / 기존 확인 13h 계열 제어토큰,인자 EC DF; 다음 주소 DE76
1695,DE76~DE79,14 01 3B 00,서브스트림 실행 / 기존 확인 14h 계열 / 버퍼·영역 처리,인자 01 3B 00; 다음 주소 DE7A
1696,DE7A~DE7D,14 02 3B 64,서브스트림 실행 / 기존 확인 14h 계열 / 버퍼·영역 처리,인자 02 3B 64; 다음 주소 DE7E
1697,DE7E~DE7F,25 2C,서브스트림 실행 / 기존 확인 25h 계열 / CA1D 입 움직임 효과음 인덱스 설정,CA1D=2C; 다음 주소 DE80
1698,DE80,17,서브스트림 실행 / 기존 확인 17h 계열 / 서브스트림 복귀,17h 복귀 → 본류 D8AC
1699,D89E~D89F,01 03,기존 확인 01h 계열 제어토큰,원본 분석표 1709번 D8AC~D8AD → 현재 D89E~D89F; 인자 03; 다음 본류 D8AE
1700,D8A0~D8A1,89 86,패치 슬롯 0961 | 한글 문자 | 유,원본 분석표 1710번 D8AE~D8AF=83 86(ユ) → 패치 D8A0~D8A1=89 86(유); 번역 41-001/056 · 유 / 토큰 89 86 / KANJI E260 / 가나다순 261
1701,D8A2~D8A3,89 C5,패치 슬롯 0962 | 한글 문자 | 코,원본 분석표 1711번 D8B0~D8B1=81 5B(ー) → 패치 D8A2~D8A3=89 C5(코); 번역 41-002/056 · 코 / 토큰 89 C5 / KANJI A470 / 가나다순 331
1702,D8A4~D8A5,81 41,패치 슬롯 0963 | 문장부호 | 、,원본 분석표 1712번 D8B2~D8B3=83 52(コ) → 패치 D8A4~D8A5=81 41(、); 번역 41-003/056 · 、 / 토큰 81 41 / PC-88 전각 쉼표 토큰
1703,D8A6~D8A7,89 8D,패치 슬롯 0964 | 한글 문자 | 이,원본 분석표 1713번 D8B4~D8B5=81 49(！) → 패치 D8A6~D8A7=89 8D(이); 번역 41-004/056 · 이 / 토큰 89 8D / KANJI E2D0 / 가나다순 268
1704,D8A8~D8A9,82 AA,패치 슬롯 0965 | 한글 문자 | 것,원본 분석표 1714번 D8B6~D8B7=81 40 → 패치 D8A8~D8A9=82 AA(것); 번역 41-005/056 · 것 / 토큰 82 AA / KANJI 18C0 / 가나다순 12
1705,D8AA~D8AB,89 8A,패치 슬롯 0966 | 한글 문자 | 을,편집기 추가 행; 번역 41-006/056 · 을 / 토큰 89 8A / KANJI E2A0 / 가나다순 265
1706,D8AC~D8AD,81 40,패치 슬롯 0967 | 전각 공백 | ␠,원본 분석표 1715번 D8B8~D8B9=82 B1(こ) → 패치 D8AC~D8AD=81 40(␠); 번역 41-007/056 · ␠ / 토큰 81 40 / PC-88 전각 공백 토큰
1707,D8AE~D8AF,88 F9,패치 슬롯 0968 | 한글 문자 | 봐,원본 분석표 1716번 D8BA~D8BB=82 EA(れ) → 패치 D8AE~D8AF=88 F9(봐); 번역 41-008/056 · 봐 / 토큰 88 F9 / KANJI E1B0 / 가나다순 184
1708,D8B0~D8B1,81 42,패치 슬롯 0969 | 문장부호 | 。,원본 분석표 1720번 D8C2~D8C3 → 현재 D8B0~D8B1; 번역 41-009/056 · 。 / 토큰 81 42 / PC-88 전각 마침표 토큰
1709,D8B2~D8B3,89 8D,패치 슬롯 0970 | 한글 문자 | 이,원본 분석표 1721번 D8C4~D8C5=82 B1(こ) → 패치 D8B2~D8B3=89 8D(이); 번역 41-010/056 · 이 / 토큰 89 8D / KANJI E2D0 / 가나다순 268
1710,D8B4~D8B5,82 AB,패치 슬롯 0971 | 한글 문자 | 게,원본 분석표 1722번 D8C6~D8C7=82 EA(れ) → 패치 D8B4~D8B5=82 AB(게); 번역 41-011/056 · 게 / 토큰 82 AB / KANJI 18D0 / 가나다순 13
1711,D8B6~D8B7,81 40,패치 슬롯 0972 | 전각 공백 | ␠,원본 분석표 1723번 D8C8~D8C9=82 AA(が) → 패치 D8B6~D8B7=81 40(␠); 번역 41-012/056 · ␠ / 토큰 81 40 / PC-88 전각 공백 토큰
1712,D8B8~D8B9,8A BD,패치 슬롯 0973 | 한글 문자 | 뭔,원본 분석표 1724번 D8CA~D8CB=82 C8(な) → 패치 D8B8~D8B9=8A BD(뭔); 번역 41-013/056 · 뭔 / 토큰 8A BD / KANJI 69F0 / 가나다순 490
1713,D8BA~D8BB,89 B3,패치 슬롯 0974 | 한글 문자 | 지,원본 분석표 1725번 D8CC~D8CD=82 F1(ん) → 패치 D8BA~D8BB=89 B3(지); 번역 41-014/056 · 지 / 토큰 89 B3 / KANJI 6550 / 가나다순 309
1714,D8BC~D8BD,81 40,패치 슬롯 0975 | 전각 공백 | ␠,원본 분석표 1726번 D8CE~D8CF=82 BE(だ) → 패치 D8BC~D8BD=81 40(␠); 번역 41-015/056 · ␠ / 토큰 81 40 / PC-88 전각 공백 토큰
1715,D8BE~D8BF,89 65,패치 슬롯 0976 | 한글 문자 | 알,원본 분석표 1727번 D8D0~D8D1=82 A9(か) → 패치 D8BE~D8BF=89 65(알); 번역 41-016/056 · 알 / 토큰 89 65 / KANJI A260 / 가나다순 228
1716,D8C0~D8C1,82 AC,패치 슬롯 0977 | 한글 문자 | 겠,원본 분석표 1728번 D8D2~D8D3=95 AA(分) → 패치 D8C0~D8C1=82 AC(겠); 번역 41-017/056 · 겠 / 토큰 82 AC / KANJI 18E0 / 가나다순 14
1717,D8C2~D8C3,89 6C,패치 슬롯 0978 | 한글 문자 | 어,원본 분석표 1729번 D8D4~D8D5=82 E9(る) → 패치 D8C2~D8C3=89 6C(어); 번역 41-018/056 · 어 / 토큰 89 6C / KANJI A2D0 / 가나다순 235
1718,D8C4~D8C5,81 48,패치 슬롯 0979 | 문장부호 | ？,원본 분석표 1730번 D8D6~D8D7 → 현재 D8C4~D8C5; 번역 41-019/056 · ？ / 토큰 81 48 / PC-88 전각 물음표 토큰
1719,D8C6~D8C7,81 40,패치 슬롯 0980 | 전각 공백 | ␠,편집기 추가 행; 번역 41-020/056 · ␠ / 토큰 81 40 / PC-88 전각 공백 토큰
1720,D8C8~D8C9,89 8D,패치 슬롯 0981 | 한글 문자 | 이,원본 분석표 1732번 D8DA~D8DB=82 B1(こ) → 패치 D8C8~D8C9=89 8D(이); 번역 41-021/056 · 이 / 토큰 89 8D / KANJI E2D0 / 가나다순 268
1721,D8CA~D8CB,82 A7,패치 슬롯 0982 | 한글 문자 | 건,원본 분석표 1733번 D8DC~D8DD=82 EA(れ) → 패치 D8CA~D8CB=82 A7(건); 번역 41-022/056 · 건 / 토큰 82 A7 / KANJI 1890 / 가나다순 9
1722,D8CC~D8CD,81 40,패치 슬롯 0983 | 전각 공백 | ␠,원본 분석표 1734번 D8DE~D8DF=82 CD(は) → 패치 D8CC~D8CD=81 40(␠); 번역 41-023/056 · ␠ / 토큰 81 40 / PC-88 전각 공백 토큰
1723,D8CE~D8CF,82 D7,패치 슬롯 0984 | 한글 문자 | 널,원본 분석표 1735번 D8E0~D8E1=81 41(、) → 패치 D8CE~D8CF=82 D7(널); 번역 41-024/056 · 널 / 토큰 82 D7 / KANJI 2990 / 가나다순 61
1724,D8D0~D8D1,81 40,패치 슬롯 0985 | 전각 공백 | ␠,원본 분석표 1736번 D8E2~D8E3=82 A0(あ) → 패치 D8D0~D8D1=81 40(␠); 번역 41-025/056 · ␠ / 토큰 81 40 / PC-88 전각 공백 토큰
1725,D8D2~D8D3,89 85,패치 슬롯 0986 | 한글 문자 | 위,원본 분석표 1737번 D8E4~D8E5=82 C8(な) → 패치 D8D2~D8D3=89 85(위); 번역 41-026/056 · 위 / 토큰 89 85 / KANJI E250 / 가나다순 260
1726,D8D4~D8D5,89 E8,패치 슬롯 0987 | 한글 문자 | 해,원본 분석표 1738번 D8E6~D8E7=82 BD(た) → 패치 D8D4~D8D5=89 E8(해); 번역 41-027/056 · 해 / 토큰 89 E8 / KANJI E4A0 / 가나다순 369
1727,D8D6~D8D7,89 49,패치 슬롯 0988 | 한글 문자 | 서,원본 분석표 1739번 D8E8~D8E9=82 CC(の) → 패치 D8D6~D8D7=89 49(서); 번역 41-028/056 · 서 / 토큰 89 49 / KANJI 62A0 / 가나다순 197
1728,D8D8~D8D9,81 40,패치 슬롯 0989 | 전각 공백 | ␠,원본 분석표 1740번 D8EA~D8EB=82 BD(た) → 패치 D8D8~D8D9=81 40(␠); 번역 41-029/056 · ␠ / 토큰 81 40 / PC-88 전각 공백 토큰
1729,D8DA~D8DB,88 E9,패치 슬롯 0990 | 한글 문자 | 바,원본 분석표 1741번 D8EC~D8ED=82 DF(め) → 패치 D8DA~D8DB=88 E9(바); 번역 41-030/056 · 바 / 토큰 88 E9 / KANJI E0B0 / 가나다순 168
1730,D8DC~D8DD,88 CC,패치 슬롯 0991 | 한글 문자 | 리,원본 분석표 1742번 D8EE~D8EF=82 C9(に) → 패치 D8DC~D8DD=88 CC(리); 번역 41-031/056 · 리 / 토큰 88 CC / KANJI A0E0 / 가나다순 137
1731,D8DE~D8DF,89 60,패치 슬롯 0992 | 한글 문자 | 아,원본 분석표 1743번 D8F0~D8F1=83 94(ヴ) → 패치 D8DE~D8DF=89 60(아); 번역 41-032/056 · 아 / 토큰 89 60 / KANJI A210 / 가나다순 223
1732,D8E0~D8E1,82 E6,패치 슬롯 0993 | 한글 문자 | 님,원본 분석표 1744번 D8F2~D8F3=83 40(ァ) → 패치 D8E0~D8E1=82 E6(님); 번역 41-033/056 · 님 / 토큰 82 E6 / KANJI 3880 / 가나다순 77
1733,D8E2~D8E3,89 8D,패치 슬롯 0994 | 한글 문자 | 이,원본 분석표 1745번 D8F4~D8F5=83 8A(リ) → 패치 D8E2~D8E3=89 8D(이); 번역 41-034/056 · 이 / 토큰 89 8D / KANJI E2D0 / 가나다순 268
1734,D8E4~D8E5,81 40,패치 슬롯 0995 | 전각 공백 | ␠,원본 분석표 1746번 D8F6~D8F7=83 41(ア) → 패치 D8E4~D8E5=81 40(␠); 번역 41-035/056 · ␠ / 토큰 81 40 / PC-88 전각 공백 토큰
1735,D8E6~D8E7,88 E0,패치 슬롯 0996 | 한글 문자 | 목,원본 분석표 1747번 D8F8~D8F9=97 6C(様) → 패치 D8E6~D8E7=88 E0(목); 번역 41-036/056 · 목 / 토큰 88 E0 / KANJI E020 / 가나다순 158
1736,D8E8~D8E9,89 55,패치 슬롯 0997 | 한글 문자 | 숨,원본 분석표 1748번 D8FA~D8FB=82 AA(が) → 패치 D8E8~D8E9=89 55(숨); 번역 41-037/056 · 숨 / 토큰 89 55 / KANJI 6360 / 가나다순 210
1737,D8EA~D8EB,89 8A,패치 슬롯 0998 | 한글 문자 | 을,원본 분석표 1749번 D8FC~D8FD=96 BD(命) → 패치 D8EA~D8EB=89 8A(을); 번역 41-038/056 · 을 / 토큰 89 8A / KANJI E2A0 / 가나다순 265
1738,D8EC~D8ED,81 40,패치 슬롯 0999 | 전각 공백 | ␠,편집기 추가 행; 번역 41-039/056 · ␠ / 토큰 81 40 / PC-88 전각 공백 토큰
1739,D8EE~D8EF,82 A8,패치 슬롯 1000 | 한글 문자 | 걸,원본 분석표 1751번 D900~D901=82 AF(け) → 패치 D8EE~D8EF=82 A8(걸); 번역 41-040/056 · 걸 / 토큰 82 A8 / KANJI 18A0 / 가나다순 10
1740,D8F0~D8F1,82 B1,패치 슬롯 1001 | 한글 문자 | 고,원본 분석표 1752번 D902~D903=82 C5(で) → 패치 D8F0~D8F1=82 B1(고); 번역 41-041/056 · 고 / 토큰 82 B1 / KANJI 1930 / 가나다순 21
1741,D8F2~D8F3,81 40,패치 슬롯 1002 | 전각 공백 | ␠,원본 분석표 1753번 D904~D905=8E E6(取) → 패치 D8F2~D8F3=81 40(␠); 번역 41-042/056 · ␠ / 토큰 81 40 / PC-88 전각 공백 토큰
1742,D8F4~D8F5,88 A2,패치 슬롯 1003 | 한글 문자 | 되,원본 분석표 1754번 D906~D907=82 E8(り) → 패치 D8F4~D8F5=88 A2(되); 번역 41-043/056 · 되 / 토큰 88 A2 / KANJI 6040 / 가나다순 93
1743,D8F6~D8F7,8A 58,패치 슬롯 1004 | 한글 문자 | 찾,원본 분석표 1755번 D908~D909=95 D4(返) → 패치 D8F6~D8F7=8A 58(찾); 번역 41-044/056 · 찾 / 토큰 8A 58 / KANJI 6790 / 가나다순 390
1744,D8F8~D8F9,89 89,패치 슬롯 1005 | 한글 문자 | 은,원본 분석표 1756번 D90A~D90B=82 B5(し) → 패치 D8F8~D8F9=89 89(은); 번역 41-045/056 · 은 / 토큰 89 89 / KANJI E290 / 가나다순 264
1745,D8FA~D8FB,81 40,패치 슬롯 1006 | 전각 공백 | ␠,원본 분석표 1758번 D90E~D90F=83 74(フ) → 패치 D8FA~D8FB=81 40(␠); 번역 41-046/056 · ␠ / 토큰 81 40 / PC-88 전각 공백 토큰
1746,D8FC~D8FD,89 D9,패치 슬롯 1007 | 한글 문자 | 판,원본 분석표 1759번 D910~D911=83 40(ァ) → 패치 D8FC~D8FD=89 D9(판); 번역 41-047/056 · 판 / 토큰 89 D9 / KANJI A5B0 / 가나다순 353
1747,D8FE~D8FF,89 CA,패치 슬롯 1008 | 한글 문자 | 타,원본 분석표 1760번 D912~D913=83 93(ン) → 패치 D8FE~D8FF=89 CA(타); 번역 41-048/056 · 타 / 토큰 89 CA / KANJI A4C0 / 가나다순 336
1748,D900~D901,89 B1,패치 슬롯 1009 | 한글 문자 | 즘,원본 분석표 1761번 D914~D915=83 5E(タ) → 패치 D900~D901=89 B1(즘); 번역 41-049/056 · 즘 / 토큰 89 B1 / KANJI 6530 / 가나다순 307
1749,D902~D903,81 40,패치 슬롯 1010 | 전각 공백 | ␠,원본 분석표 1762번 D916~D917=83 59(ズ) → 패치 D902~D903=81 40(␠); 번역 41-050/056 · ␠ / 토큰 81 40 / PC-88 전각 공백 토큰
1750,D904~D905,89 AA,패치 슬롯 1011 | 한글 문자 | 주,원본 분석표 1763번 D918~D919=83 80(ム) → 패치 D904~D905=89 AA(주); 번역 41-051/056 · 주 / 토큰 89 AA / KANJI 64C0 / 가나다순 300
1751,D906~D907,89 6D,패치 슬롯 1012 | 한글 문자 | 얼,원본 분석표 1764번 D91A~D91B=81 45(・) → 패치 D906~D907=89 6D(얼); 번역 41-052/056 · 얼 / 토큰 89 6D / KANJI A2E0 / 가나다순 236
1752,D908~D909,88 CC,패치 슬롯 1013 | 한글 문자 | 리,원본 분석표 1765번 D91C~D91D=83 57(ジ) → 패치 D908~D909=88 CC(리); 번역 41-053/056 · 리 / 토큰 88 CC / KANJI A0E0 / 가나다순 137
1753,D90A~D90B,89 6B,패치 슬롯 1014 | 한글 문자 | 야,원본 분석표 1766번 D91E~D91F=83 85(ュ) → 패치 D90A~D90B=89 6B(야); 번역 41-054/056 · 야 / 토큰 89 6B / KANJI A2C0 / 가나다순 234
1754,D90C~D90D,81 49,패치 슬롯 1015 | 문장부호 | ！,원본 분석표 1767번 D920~D921=83 47(エ) → 패치 D90C~D90D=81 49(！); 번역 41-055/056 · ！ / 토큰 81 49 / PC-88 전각 느낌표 토큰
1755,D90E~D90F,81 40,패치 슬롯 1016 | 전각 공백 | ␠,편집기 추가 행; 번역 41-056/056 · ␠ / 토큰 81 40 / PC-88 전각 공백 토큰
1756,D910~D912,16 F4 DE,기존 확인 16h 계열 / 서브스트림 호출·전환 → DEF4,원본 분석표 1772번 D92A~D92C → 현재 D910~D912; 16h 호출 → DEF4; 복귀 주소 D92D
1757,DEF4~DEF8,0F 02 28 04 0E,서브스트림 실행 / 기존 확인 0Fh 계열 제어토큰,인자 02 28 04 0E; 다음 주소 DEF9
1758,DEF9~DEFB,16 4D DF,서브스트림 실행 / 기존 확인 16h 계열 / 서브스트림 호출·전환 → DF4D,16h 호출 → DF4D; 복귀 주소 DEFC
1759,DF4D~DF4F,1E 3C 08,서브스트림 실행 / 기존 확인 1Eh 계열 / 간접 CALL,호출 대상 083C; 처리 후 다음 주소 DF50
1760,DF50~DF55,05 16 86 3A 9E 00,서브스트림 실행 / 기존 확인 05h 계열 / 영역·좌표 상태 설정·전개,처리 후 다음 주소 DF56
1761,DF56~DF5A,0E 16 20 24 80,서브스트림 실행 / 기존 확인 0Eh 계열 / 화면·버퍼 초기화·전개,처리 후 다음 주소 DF5B
1762,DF5B,17,서브스트림 실행 / 기존 확인 17h 계열 / 서브스트림 복귀,17h 복귀 → DEFC
1763,DEFC~DEFE,13 FC DF,서브스트림 실행 / 기존 확인 13h 계열 제어토큰,인자 FC DF; 다음 주소 DEFF
1764,DEFF~DF02,14 00 16 22,서브스트림 실행 / 기존 확인 14h 계열 / 버퍼·영역 처리,인자 00 16 22; 다음 주소 DF03
1765,DF03~DF06,14 01 3B 00,서브스트림 실행 / 기존 확인 14h 계열 / 버퍼·영역 처리,인자 01 3B 00; 다음 주소 DF07
1766,DF07~DF0A,04 2C E0 41,서브스트림 실행 / 기존 확인 04h 계열 / CAA8 슬롯 포인터 설정,E02C 포인터를 41h 슬롯에 설정; 다음 주소 DF0B
1767,DF0B~DF0E,04 36 E0 42,서브스트림 실행 / 기존 확인 04h 계열 / CAA8 슬롯 포인터 설정,E036 포인터를 42h 슬롯에 설정; 다음 주소 DF0F
1768,DF0F~DF12,04 40 E0 43,서브스트림 실행 / 기존 확인 04h 계열 / CAA8 슬롯 포인터 설정,E040 포인터를 43h 슬롯에 설정; 다음 주소 DF13
1769,DF13~DF14,25 2C,서브스트림 실행 / 기존 확인 25h 계열 / CA1D 입 움직임 효과음 인덱스 설정,CA1D=2C; 다음 주소 DF15
1770,DF15,17,서브스트림 실행 / 기존 확인 17h 계열 / 서브스트림 복귀,17h 복귀 → 본류 D92D
1771,D913,41,기존 확인 41~50h 계열 / CAA8[0] 슬롯 실행,원본 분석표 1787번 D92D → 현재 D913; 슬롯 토큰 41; 다음 본류 D92E
1772,D914~D915,89 86,패치 슬롯 1017 | 한글 문자 | 유,원본 분석표 1788번 D92E~D92F=83 86(ユ) → 패치 D914~D915=89 86(유); 번역 42-001/139 · 유 / 토큰 89 86 / KANJI E260 / 가나다순 261
1773,D916~D917,89 C5,패치 슬롯 1018 | 한글 문자 | 코,원본 분석표 1789번 D930~D931=81 5B(ー) → 패치 D916~D917=89 C5(코); 번역 42-002/139 · 코 / 토큰 89 C5 / KANJI A470 / 가나다순 331
1774,D918~D919,81 41,패치 슬롯 1019 | 문장부호 | 、,원본 분석표 1790번 D932~D933=83 52(コ) → 패치 D918~D919=81 41(、); 번역 42-003/139 · 、 / 토큰 81 41 / PC-88 전각 쉼표 토큰
1775,D91A~D91B,89 96,패치 슬롯 1020 | 한글 문자 | 잘,원본 분석표 1791번 D934~D935=81 41(、) → 패치 D91A~D91B=89 96(잘); 번역 42-004/139 · 잘 / 토큰 89 96 / KANJI E360 / 가나다순 280
1776,D91C~D91D,81 40,패치 슬롯 1021 | 전각 공백 | ␠,원본 분석표 1792번 D936~D937=95 B7(聞) → 패치 D91C~D91D=81 40(␠); 번역 42-005/139 · ␠ / 토큰 81 40 / PC-88 전각 공백 토큰
1777,D91E~D91F,88 AA,패치 슬롯 1022 | 한글 문자 | 들,원본 분석표 1793번 D938~D939=82 A2(い) → 패치 D91E~D91F=88 AA(들); 번역 42-006/139 · 들 / 토큰 88 AA / KANJI 60C0 / 가나다순 102
1778,D920~D921,89 6C,패치 슬롯 1023 | 한글 문자 | 어,원본 분석표 1794번 D93A~D93B=82 C4(て) → 패치 D920~D921=89 6C(어); 번역 42-007/139 · 어 / 토큰 89 6C / KANJI A2D0 / 가나다순 235
1779,D922~D923,81 42,패치 슬롯 1024 | 문장부호 | 。,원본 분석표 1795번 D93C~D93D → 현재 D922~D923; 번역 42-008/139 · 。 / 토큰 81 42 / PC-88 전각 마침표 토큰
1780,D924~D925,82 CE,패치 슬롯 1025 | 한글 문자 | 나,원본 분석표 1796번 D93E~D93F=8E 84(私) → 패치 D924~D925=82 CE(나); 번역 42-009/139 · 나 / 토큰 82 CE / KANJI 2900 / 가나다순 52
1781,D926~D927,82 E3,패치 슬롯 1026 | 한글 문자 | 는,원본 분석표 1797번 D940~D941=82 CD(は) → 패치 D926~D927=82 E3(는); 번역 42-010/139 · 는 / 토큰 82 E3 / KANJI 3850 / 가나다순 74
1782,D928~D929,81 40,패치 슬롯 1027 | 전각 공백 | ␠,원본 분석표 1798번 D942~D943=88 C8(以) → 패치 D928~D929=81 40(␠); 번역 42-011/139 · ␠ / 토큰 81 40 / PC-88 전각 공백 토큰
1783,D92A~D92B,8A 49,패치 슬롯 1028 | 한글 문자 | 예,원본 분석표 1799번 D944~D945=91 4F(前) → 패치 D92A~D92B=8A 49(예); 번역 42-012/139 · 예 / 토큰 8A 49 / KANJI 66A0 / 가나다순 245
1784,D92C~D92D,89 9D,패치 슬롯 1029 | 한글 문자 | 전,편집기 추가 행; 번역 42-013/139 · 전 / 토큰 89 9D / KANJI E3D0 / 가나다순 287
1785,D92E~D92F,89 70,패치 슬롯 1030 | 한글 문자 | 에,편집기 추가 행; 번역 42-014/139 · 에 / 토큰 89 70 / KANJI A310 / 가나다순 239
1786,D930,42,기존 확인 41~50h 계열 / CAA8[1] 슬롯 실행,원본 분석표 1800번 D946 → 현재 D930; 슬롯 토큰 42; 다음 본류 D947
1787,D931~D932,81 40,패치 슬롯 1031 | 전각 공백 | ␠,편집기 추가 행; 번역 42-015/139 · ␠ / 토큰 81 40 / PC-88 전각 공백 토큰
1788,D933~D934,88 C5,패치 슬롯 1032 | 한글 문자 | 로,원본 분석표 1801번 D947~D948=83 8D(ロ) → 패치 D933~D934=88 C5(로); 번역 42-016/139 · 로 / 토큰 88 C5 / KANJI A070 / 가나다순 130
1789,D935~D936,82 BD,패치 슬롯 1033 | 한글 문자 | 그,원본 분석표 1802번 D949~D94A=83 4F(グ) → 패치 D935~D936=82 BD(그); 번역 42-017/139 · 그 / 토큰 82 BD / KANJI 19F0 / 가나다순 34
1790,D937~D938,88 C0,패치 슬롯 1034 | 한글 문자 | 레,원본 분석표 1803번 D94B~D94C=83 8C(レ) → 패치 D937~D938=88 C0(레); 번역 42-018/139 · 레 / 토큰 88 C0 / KANJI A020 / 가나다순 125
1791,D939~D93A,89 56,패치 슬롯 1035 | 한글 문자 | 스,원본 분석표 1804번 D94D~D94E=83 58(ス) → 패치 D939~D93A=89 56(스); 번역 42-019/139 · 스 / 토큰 89 56 / KANJI 6370 / 가나다순 211
1792,D93B~D93C,89 8C,패치 슬롯 1036 | 한글 문자 | 의,원본 분석표 1805번 D94F~D950=82 CC(の) → 패치 D93B~D93C=89 8C(의); 번역 42-020/139 · 의 / 토큰 89 8C / KANJI E2C0 / 가나다순 267
1793,D93D~D93E,81 40,패치 슬롯 1037 | 전각 공백 | ␠,원본 분석표 1806번 D951~D952=8E E8(手) → 패치 D93D~D93E=81 40(␠); 번역 42-021/139 · ␠ / 토큰 81 40 / PC-88 전각 공백 토큰
1794,D93F~D940,88 FA,패치 슬롯 1038 | 한글 문자 | 부,원본 분석표 1807번 D953~D954=89 BA(下) → 패치 D93F~D940=88 FA(부); 번역 42-022/139 · 부 / 토큰 88 FA / KANJI E1C0 / 가나다순 185
1795,D941~D942,89 E2,패치 슬롯 1039 | 한글 문자 | 하,원본 분석표 1808번 D955~D956=82 C6(と) → 패치 D941~D942=89 E2(하); 번역 42-023/139 · 하 / 토큰 89 E2 / KANJI E440 / 가나다순 362
1796,D943~D944,88 C5,패치 슬롯 1040 | 한글 문자 | 로,원본 분석표 1809번 D957~D958=82 B5(し) → 패치 D943~D944=88 C5(로); 번역 42-024/139 · 로 / 토큰 88 C5 / KANJI A070 / 가나다순 130
1797,D945~D946,89 49,패치 슬롯 1041 | 한글 문자 | 서,원본 분석표 1810번 D959~D95A=82 C4(て) → 패치 D945~D946=89 49(서); 번역 42-025/139 · 서 / 토큰 89 49 / KANJI 62A0 / 가나다순 197
1798,D947~D948,81 40,패치 슬롯 1042 | 전각 공백 | ␠,원본 분석표 1811번 D95B~D95C=82 A0(あ) → 패치 D947~D948=81 40(␠); 번역 42-026/139 · ␠ / 토큰 81 40 / PC-88 전각 공백 토큰
1799,D949~D94A,82 D6,패치 슬롯 1043 | 한글 문자 | 너,원본 분석표 1812번 D95D~D95E=82 C8(な) → 패치 D949~D94A=82 D6(너); 번역 42-027/139 · 너 / 토큰 82 D6 / KANJI 2980 / 가나다순 60
1800,D94B~D94C,89 7A,패치 슬롯 1044 | 한글 문자 | 와,원본 분석표 1813번 D95F~D960=82 BD(た) → 패치 D94B~D94C=89 7A(와); 번역 42-028/139 · 와 / 토큰 89 7A / KANJI A3B0 / 가나다순 250
1801,D94D~D94E,81 40,패치 슬롯 1045 | 전각 공백 | ␠,원본 분석표 1814번 D961~D962=82 C6(と) → 패치 D94D~D94E=81 40(␠); 번역 42-029/139 · ␠ / 토큰 81 40 / PC-88 전각 공백 토큰
1802,D94F~D950,89 5E,패치 슬롯 1046 | 한글 문자 | 싸,원본 분석표 1815번 D963~D964=90 ED(戦) → 패치 D94F~D950=89 5E(싸); 번역 42-030/139 · 싸 / 토큰 89 5E / KANJI 63F0 / 가나다순 221
1803,D951~D952,8A C3,패치 슬롯 1047 | 한글 문자 | 웠,원본 분석표 1816번 D965~D966=82 A2(い) → 패치 D951~D952=8A C3(웠); 번역 42-031/139 · 웠 / 토큰 8A C3 / KANJI A850 / 가나다순 496
1804,D953~D954,82 B1,패치 슬롯 1048 | 한글 문자 | 고,편집기 추가 행; 번역 42-032/139 · 고 / 토큰 82 B1 / KANJI 1930 / 가나다순 21
1805,D955~D956,81 41,패치 슬롯 1049 | 문장부호 | 、,원본 분석표 1817번 D967~D968 → 현재 D955~D956; 번역 42-033/139 · 、 / 토큰 81 41 / PC-88 전각 쉼표 토큰
1806,D957,42,기존 확인 41~50h 계열 / CAA8[1] 슬롯 실행,원본 분석표 1818번 D969 → 현재 D957; 슬롯 토큰 42; 다음 본류 D96A
1807,D958~D959,89 A2,패치 슬롯 1050 | 한글 문자 | 졌,원본 분석표 1819번 D96A~D96B=82 BB(そ) → 패치 D958~D959=89 A2(졌); 번역 42-034/139 · 졌 / 토큰 89 A2 / KANJI 6440 / 가나다순 292
1808,D95A~D95B,89 6C,패치 슬롯 1051 | 한글 문자 | 어,원본 분석표 1820번 D96C~D96D=82 B5(し) → 패치 D95A~D95B=89 6C(어); 번역 42-035/139 · 어 / 토큰 89 6C / KANJI A2D0 / 가나다순 235
1809,D95C~D95D,81 42,패치 슬롯 1052 | 문장부호 | 。,원본 분석표 1825번 D976~D977 → 현재 D95C~D95D; 번역 42-036/139 · 。 / 토큰 81 42 / PC-88 전각 마침표 토큰
1810,D95E,42,기존 확인 41~50h 계열 / CAA8[1] 슬롯 실행,원본 분석표 1826번 D978 → 현재 D95E; 슬롯 토큰 42; 다음 본류 D979
1811,D95F~D960,89 E2,패치 슬롯 1053 | 한글 문자 | 하,원본 분석표 1827번 D979~D97A=82 C5(で) → 패치 D95F~D960=89 E2(하); 번역 42-037/139 · 하 / 토큰 89 E2 / KANJI E440 / 가나다순 362
1812,D961~D962,89 B3,패치 슬롯 1054 | 한글 문자 | 지,원본 분석표 1828번 D97B~D97C=82 E0(も) → 패치 D961~D962=89 B3(지); 번역 42-038/139 · 지 / 토큰 89 B3 / KANJI 6550 / 가나다순 309
1813,D963~D964,88 D2,패치 슬롯 1055 | 한글 문자 | 만,원본 분석표 1829번 D97D~D97E=81 41(、) → 패치 D963~D964=88 D2(만); 번역 42-039/139 · 만 / 토큰 88 D2 / KANJI A140 / 가나다순 144
1814,D965~D966,81 40,패치 슬롯 1056 | 전각 공백 | ␠,원본 분석표 1830번 D97F~D980=82 A0(あ) → 패치 D965~D966=81 40(␠); 번역 42-040/139 · ␠ / 토큰 81 40 / PC-88 전각 공백 토큰
1815,D967~D968,82 BD,패치 슬롯 1057 | 한글 문자 | 그,원본 분석표 1831번 D981~D982=82 CC(の) → 패치 D967~D968=82 BD(그); 번역 42-041/139 · 그 / 토큰 82 BD / KANJI 19F0 / 가나다순 34
1816,D969~D96A,88 AD,패치 슬롯 1058 | 한글 문자 | 때,원본 분석표 1832번 D983~D984=8E 9E(時) → 패치 D969~D96A=88 AD(때); 번역 42-042/139 · 때 / 토큰 88 AD / KANJI 60F0 / 가나다순 105
1817,D96B~D96C,81 40,패치 슬롯 1059 | 전각 공백 | ␠,원본 분석표 1833번 D985~D986=81 41(、) → 패치 D96B~D96C=81 40(␠); 번역 42-043/139 · ␠ / 토큰 81 40 / PC-88 전각 공백 토큰
1818,D96D~D96E,82 D6,패치 슬롯 1060 | 한글 문자 | 너,원본 분석표 1834번 D987~D988=82 A0(あ) → 패치 D96D~D96E=82 D6(너); 번역 42-044/139 · 너 / 토큰 82 D6 / KANJI 2980 / 가나다순 60
1819,D96F~D970,88 B6,패치 슬롯 1061 | 한글 문자 | 라,원본 분석표 1835번 D989~D98A=82 C8(な) → 패치 D96F~D970=88 B6(라); 번역 42-045/139 · 라 / 토큰 88 B6 / KANJI 6180 / 가나다순 114
1820,D971~D972,82 E3,패치 슬롯 1062 | 한글 문자 | 는,원본 분석표 1836번 D98B~D98C=82 BD(た) → 패치 D971~D972=82 E3(는); 번역 42-046/139 · 는 / 토큰 82 E3 / KANJI 3850 / 가나다순 74
1821,D973~D974,81 40,패치 슬롯 1063 | 전각 공백 | ␠,원본 분석표 1837번 D98D~D98E=82 C6(と) → 패치 D973~D974=81 40(␠); 번역 42-047/139 · ␠ / 토큰 81 40 / PC-88 전각 공백 토큰
1822,D975~D976,88 A6,패치 슬롯 1064 | 한글 문자 | 둘,원본 분석표 1838번 D98F~D990=82 A2(い) → 패치 D975~D976=88 A6(둘); 번역 42-048/139 · 둘 / 토큰 88 A6 / KANJI 6080 / 가나다순 98
1823,D977~D978,82 F1,패치 슬롯 1065 | 한글 문자 | 도,원본 분석표 1839번 D991~D992=82 A4(う) → 패치 D977~D978=82 F1(도); 번역 42-049/139 · 도 / 토큰 82 F1 / KANJI 3930 / 가나다순 89
1824,D979~D97A,81 40,패치 슬롯 1066 | 전각 공백 | ␠,원본 분석표 1840번 D993~D994=82 A9(か) → 패치 D979~D97A=81 40(␠); 번역 42-050/139 · ␠ / 토큰 81 40 / PC-88 전각 공백 토큰
1825,D97B~D97C,89 6E,패치 슬롯 1067 | 한글 문자 | 없,원본 분석표 1841번 D995~D996=82 AF(け) → 패치 D97B~D97C=89 6E(없); 번역 42-051/139 · 없 / 토큰 89 6E / KANJI A2F0 / 가나다순 237
1826,D97D~D97E,82 E3,패치 슬롯 1068 | 한글 문자 | 는,원본 분석표 1842번 D997~D998=82 AA(が) → 패치 D97D~D97E=82 E3(는); 번역 42-052/139 · 는 / 토큰 82 E3 / KANJI 3850 / 가나다순 74
1827,D97F~D980,81 40,패치 슬롯 1069 | 전각 공백 | ␠,원본 분석표 1843번 D999~D99A=82 A6(え) → 패치 D97F~D980=81 40(␠); 번역 42-053/139 · ␠ / 토큰 81 40 / PC-88 전각 공백 토큰
1828,D981~D982,89 50,패치 슬롯 1070 | 한글 문자 | 소,원본 분석표 1844번 D99B~D99C=82 CC(の) → 패치 D981~D982=89 50(소); 번역 42-054/139 · 소 / 토큰 89 50 / KANJI 6310 / 가나다순 204
1829,D983~D984,89 AE,패치 슬롯 1071 | 한글 문자 | 중,원본 분석표 1845번 D99D~D99E=82 C8(な) → 패치 D983~D984=89 AE(중); 번역 42-055/139 · 중 / 토큰 89 AE / KANJI 6500 / 가나다순 304
1830,D985~D986,89 E4,패치 슬롯 1072 | 한글 문자 | 한,원본 분석표 1846번 D99F~D9A0=82 A2(い) → 패치 D985~D986=89 E4(한); 번역 42-056/139 · 한 / 토큰 89 E4 / KANJI E460 / 가나다순 364
1831,D987~D988,81 40,패치 슬롯 1073 | 전각 공백 | ␠,원본 분석표 1847번 D9A1~D9A2=97 46(友) → 패치 D987~D988=81 40(␠); 번역 42-057/139 · ␠ / 토큰 81 40 / PC-88 전각 공백 토큰
1832,D989~D98A,89 C0,패치 슬롯 1074 | 한글 문자 | 친,원본 분석표 1848번 D9A3~D9A4=90 6C(人) → 패치 D989~D98A=89 C0(친); 번역 42-058/139 · 친 / 토큰 89 C0 / KANJI A420 / 가나다순 326
1833,D98B~D98C,82 B7,패치 슬롯 1075 | 한글 문자 | 구,원본 분석표 1849번 D9A5~D9A6=82 AA(が) → 패치 D98B~D98C=82 B7(구); 번역 42-059/139 · 구 / 토큰 82 B7 / KANJI 1990 / 가나다순 28
1834,D98D~D98E,88 CA,패치 슬롯 1076 | 한글 문자 | 를,원본 분석표 1850번 D9A7~D9A8=82 C5(で) → 패치 D98D~D98E=88 CA(를); 번역 42-060/139 · 를 / 토큰 88 CA / KANJI A0C0 / 가나다순 135
1835,D98F~D990,81 40,패치 슬롯 1077 | 전각 공백 | ␠,원본 분석표 1851번 D9A9~D9AA=82 AB(き) → 패치 D98F~D990=81 40(␠); 번역 42-061/139 · ␠ / 토큰 81 40 / PC-88 전각 공백 토큰
1836,D991~D992,8A C1,패치 슬롯 1078 | 한글 문자 | 얻,원본 분석표 1852번 D9AB~D9AC=82 BD(た) → 패치 D991~D992=8A C1(얻); 번역 42-062/139 · 얻 / 토큰 8A C1 / KANJI A830 / 가나다순 494
1837,D993~D994,82 AB,패치 슬롯 1079 | 한글 문자 | 게,원본 분석표 1853번 D9AD~D9AE=82 CC(の) → 패치 D993~D994=82 AB(게); 번역 42-063/139 · 게 / 토큰 82 AB / KANJI 18D0 / 가나다순 13
1838,D995~D996,81 40,패치 슬롯 1080 | 전각 공백 | ␠,원본 분석표 1854번 D9AF~D9B0=81 42(。) → 패치 D995~D996=81 40(␠); 번역 42-064/139 · ␠ / 토큰 81 40 / PC-88 전각 공백 토큰
1839,D997~D998,88 A2,패치 슬롯 1081 | 한글 문자 | 되,원본 분석표 1855번 D9B1~D9B2=82 BB(そ) → 패치 D997~D998=88 A2(되); 번역 42-065/139 · 되 / 토큰 88 A2 / KANJI 6040 / 가나다순 93
1840,D999~D99A,89 6F,패치 슬롯 1082 | 한글 문자 | 었,원본 분석표 1856번 D9B3~D9B4=82 B5(し) → 패치 D999~D99A=89 6F(었); 번역 42-066/139 · 었 / 토큰 89 6F / KANJI A300 / 가나다순 238
1841,D99B~D99C,89 6C,패치 슬롯 1083 | 한글 문자 | 어,원본 분석표 1857번 D9B5~D9B6=82 C4(て) → 패치 D99B~D99C=89 6C(어); 번역 42-067/139 · 어 / 토큰 89 6C / KANJI A2D0 / 가나다순 235
1842,D99D~D99E,81 42,패치 슬롯 1084 | 문장부호 | 。,원본 분석표 1858번 D9B7~D9B8=8E 76(思) → 패치 D99D~D99E=81 42(。); 번역 42-068/139 · 。 / 토큰 81 42 / PC-88 전각 마침표 토큰
1843,D99F~D9A0,82 BD,패치 슬롯 1085 | 한글 문자 | 그,원본 분석표 1859번 D9B9~D9BA=82 C1(っ) → 패치 D99F~D9A0=82 BD(그); 번역 42-069/139 · 그 / 토큰 82 BD / KANJI 19F0 / 가나다순 34
1844,D9A1~D9A2,88 CC,패치 슬롯 1086 | 한글 문자 | 리,원본 분석표 1860번 D9BB~D9BC=82 BD(た) → 패치 D9A1~D9A2=88 CC(리); 번역 42-070/139 · 리 / 토큰 88 CC / KANJI A0E0 / 가나다순 137
1845,D9A3~D9A4,82 B1,패치 슬롯 1087 | 한글 문자 | 고,편집기 추가 행; 번역 42-071/139 · 고 / 토큰 82 B1 / KANJI 1930 / 가나다순 21
1846,D9A5~D9A6,81 40,패치 슬롯 1088 | 전각 공백 | ␠,편집기 추가 행; 번역 42-072/139 · ␠ / 토큰 81 40 / PC-88 전각 공백 토큰
1847,D9A7~D9A8,82 E7,패치 슬롯 1089 | 한글 문자 | 다,편집기 추가 행; 번역 42-073/139 · 다 / 토큰 82 E7 / KANJI 3890 / 가나다순 78
1848,D9A9~D9AA,8A C5,패치 슬롯 1090 | 한글 문자 | 짐,편집기 추가 행; 번역 42-074/139 · 짐 / 토큰 8A C5 / KANJI A870 / 가나다순 498
1849,D9AB~D9AC,89 E9,패치 슬롯 1091 | 한글 문자 | 했,편집기 추가 행; 번역 42-075/139 · 했 / 토큰 89 E9 / KANJI E4B0 / 가나다순 370
1850,D9AD~D9AE,89 6C,패치 슬롯 1092 | 한글 문자 | 어,편집기 추가 행; 번역 42-076/139 · 어 / 토큰 89 6C / KANJI A2D0 / 가나다순 235
1851,D9AF~D9B0,81 42,패치 슬롯 1093 | 문장부호 | 。,원본 분석표 1862번 D9BF~D9C0 → 현재 D9AF~D9B0; 번역 42-077/139 · 。 / 토큰 81 42 / PC-88 전각 마침표 토큰
1852,D9B1,42,기존 확인 41~50h 계열 / CAA8[1] 슬롯 실행,원본 분석표 1863번 D9C1 → 현재 D9B1; 슬롯 토큰 42; 다음 본류 D9C2
1853,D9B2~D9B3,88 D2,패치 슬롯 1094 | 한글 문자 | 만,원본 분석표 1864번 D9C2~D9C3=8D A1(今) → 패치 D9B2~D9B3=88 D2(만); 번역 42-078/139 · 만 / 토큰 88 D2 / KANJI A140 / 가나다순 144
1854,D9B4~D9B5,8A 72,패치 슬롯 1095 | 한글 문자 | 약,원본 분석표 1865번 D9C4~D9C5=93 78(度) → 패치 D9B4~D9B5=8A 72(약); 번역 42-079/139 · 약 / 토큰 8A 72 / KANJI A730 / 가나다순 416
1855,D9B6~D9B7,81 40,패치 슬롯 1096 | 전각 공백 | ␠,원본 분석표 1866번 D9C6~D9C7=82 E0(も) → 패치 D9B6~D9B7=81 40(␠); 번역 42-080/139 · ␠ / 토큰 81 40 / PC-88 전각 공백 토큰
1856,D9B8~D9B9,82 E7,패치 슬롯 1097 | 한글 문자 | 다,원본 분석표 1867번 D9C8~D9C9=82 B5(し) → 패치 D9B8~D9B9=82 E7(다); 번역 42-081/139 · 다 / 토큰 82 E7 / KANJI 3890 / 가나다순 78
1857,D9BA~D9BB,89 5A,패치 슬롯 1098 | 한글 문자 | 시,원본 분석표 1868번 D9CA~D9CB=90 B6(生) → 패치 D9BA~D9BB=89 5A(시); 번역 42-082/139 · 시 / 토큰 89 5A / KANJI 63B0 / 가나다순 215
1858,D9BC~D9BD,81 40,패치 슬롯 1099 | 전각 공백 | ␠,원본 분석표 1869번 D9CC~D9CD=82 DC(ま) → 패치 D9BC~D9BD=81 40(␠); 번역 42-083/139 · ␠ / 토큰 81 40 / PC-88 전각 공백 토큰
1859,D9BE~D9BF,89 CF,패치 슬롯 1100 | 한글 문자 | 태,원본 분석표 1870번 D9CE~D9CF=82 EA(れ) → 패치 D9BE~D9BF=89 CF(태); 번역 42-084/139 · 태 / 토큰 89 CF / KANJI A510 / 가나다순 341
1860,D9C0~D9C1,89 6C,패치 슬롯 1101 | 한글 문자 | 어,원본 분석표 1871번 D9D0~D9D1=95 CF(変) → 패치 D9C0~D9C1=89 6C(어); 번역 42-085/139 · 어 / 토큰 89 6C / KANJI A2D0 / 가나다순 235
1861,D9C2~D9C3,82 D0,패치 슬롯 1102 | 한글 문자 | 날,원본 분석표 1872번 D9D2~D9D3=82 C1(っ) → 패치 D9C2~D9C3=82 D0(날); 번역 42-086/139 · 날 / 토큰 82 D0 / KANJI 2920 / 가나다순 54
1862,D9C4~D9C5,81 40,패치 슬롯 1103 | 전각 공백 | ␠,원본 분석표 1873번 D9D4~D9D5=82 C4(て) → 패치 D9C4~D9C5=81 40(␠); 번역 42-087/139 · ␠ / 토큰 81 40 / PC-88 전각 공백 토큰
1863,D9C6~D9C7,89 54,패치 슬롯 1104 | 한글 문자 | 수,원본 분석표 1874번 D9D6~D9D7=82 AD(く) → 패치 D9C6~D9C7=89 54(수); 번역 42-088/139 · 수 / 토큰 89 54 / KANJI 6350 / 가나다순 208
1864,D9C8~D9C9,81 40,패치 슬롯 1105 | 전각 공백 | ␠,원본 분석표 1875번 D9D8~D9D9=82 E9(る) → 패치 D9C8~D9C9=81 40(␠); 번역 42-089/139 · ␠ / 토큰 81 40 / PC-88 전각 공백 토큰
1865,D9CA~D9CB,89 92,패치 슬롯 1106 | 한글 문자 | 있,원본 분석표 1876번 D9DA~D9DB=82 B1(こ) → 패치 D9CA~D9CB=89 92(있); 번역 42-090/139 · 있 / 토큰 89 92 / KANJI E320 / 가나다순 276
1866,D9CC~D9CD,82 E7,패치 슬롯 1107 | 한글 문자 | 다,원본 분석표 1877번 D9DC~D9DD=82 C6(と) → 패치 D9CC~D9CD=82 E7(다); 번역 42-091/139 · 다 / 토큰 82 E7 / KANJI 3890 / 가나다순 78
1867,D9CE~D9CF,88 DC,패치 슬롯 1108 | 한글 문자 | 면,원본 분석표 1878번 D9DE~D9DF=82 AA(が) → 패치 D9CE~D9CF=88 DC(면); 번역 42-092/139 · 면 / 토큰 88 DC / KANJI A1E0 / 가나다순 154
1868,D9D0~D9D1,81 40,패치 슬롯 1109 | 전각 공백 | ␠,원본 분석표 1879번 D9E0~D9E1=82 C5(で) → 패치 D9D0~D9D1=81 40(␠); 번역 42-093/139 · ␠ / 토큰 81 40 / PC-88 전각 공백 토큰
1869,D9D2~D9D3,88 EA,패치 슬롯 1110 | 한글 문자 | 반,원본 분석표 1880번 D9E2~D9E3=82 AB(き) → 패치 D9D2~D9D3=88 EA(반); 번역 42-094/139 · 반 / 토큰 88 EA / KANJI E0C0 / 가나다순 169
1870,D9D4~D9D5,88 A8,패치 슬롯 1111 | 한글 문자 | 드,원본 분석표 1881번 D9E4~D9E5=82 BD(た) → 패치 D9D4~D9D5=88 A8(드); 번역 42-095/139 · 드 / 토큰 88 A8 / KANJI 60A0 / 가나다순 100
1871,D9D6~D9D7,89 5A,패치 슬롯 1112 | 한글 문자 | 시,원본 분석표 1882번 D9E6~D9E7=82 E7(ら) → 패치 D9D6~D9D7=89 5A(시); 번역 42-096/139 · 시 / 토큰 89 5A / KANJI 63B0 / 가나다순 215
1872,D9D8~D9D9,81 40,패치 슬롯 1113 | 전각 공백 | ␠,원본 분석표 1883번 D9E8~D9E9=95 4B(必) → 패치 D9D8~D9D9=81 40(␠); 번역 42-097/139 · ␠ / 토큰 81 40 / PC-88 전각 공백 토큰
1873,D9DA~D9DB,82 D7,패치 슬롯 1114 | 한글 문자 | 널,원본 분석표 1884번 D9EA~D9EB=82 B8(ず) → 패치 D9DA~D9DB=82 D7(널); 번역 42-098/139 · 널 / 토큰 82 D7 / KANJI 2990 / 가나다순 61
1874,D9DC~D9DD,81 40,패치 슬롯 1115 | 전각 공백 | ␠,원본 분석표 1885번 D9EC~D9ED=82 A0(あ) → 패치 D9DC~D9DD=81 40(␠); 번역 42-099/139 · ␠ / 토큰 81 40 / PC-88 전각 공백 토큰
1875,D9DE~D9DF,89 85,패치 슬롯 1116 | 한글 문자 | 위,원본 분석표 1886번 D9EE~D9EF=82 C8(な) → 패치 D9DE~D9DF=89 85(위); 번역 42-100/139 · 위 / 토큰 89 85 / KANJI E250 / 가나다순 260
1876,D9E0~D9E1,89 E8,패치 슬롯 1117 | 한글 문자 | 해,원본 분석표 1887번 D9F0~D9F1=82 BD(た) → 패치 D9E0~D9E1=89 E8(해); 번역 42-101/139 · 해 / 토큰 89 E8 / KANJI E4A0 / 가나다순 369
1877,D9E2,42,기존 확인 41~50h 계열 / CAA8[1] 슬롯 실행,원본 분석표 1892번 D9FA → 현재 D9E2; 슬롯 토큰 42; 다음 본류 D9FB
1878,D9E3~D9E4,81 40,패치 슬롯 1118 | 전각 공백 | ␠,원본 분석표 1893번 D9FB~D9FC=96 F0(役) → 패치 D9E3~D9E4=81 40(␠); 번역 42-102/139 · ␠ / 토큰 81 40 / PC-88 전각 공백 토큰
1879,D9E5~D9E6,89 F8,패치 슬롯 1119 | 한글 문자 | 힘,원본 분석표 1894번 D9FD~D9FE=82 C9(に) → 패치 D9E5~D9E6=89 F8(힘); 번역 42-103/139 · 힘 / 토큰 89 F8 / KANJI E5A0 / 가나다순 388
1880,D9E7~D9E8,89 8D,패치 슬롯 1120 | 한글 문자 | 이,원본 분석표 1895번 D9FF~DA00=97 A7(立) → 패치 D9E7~D9E8=89 8D(이); 번역 42-104/139 · 이 / 토큰 89 8D / KANJI E2D0 / 가나다순 268
1881,D9E9~D9EA,81 40,패치 슬롯 1121 | 전각 공백 | ␠,원본 분석표 1896번 DA01~DA02=82 BF(ち) → 패치 D9E9~D9EA=81 40(␠); 번역 42-105/139 · ␠ / 토큰 81 40 / PC-88 전각 공백 토큰
1882,D9EB~D9EC,88 A2,패치 슬롯 1122 | 한글 문자 | 되,원본 분석표 1897번 DA03~DA04=82 BD(た) → 패치 D9EB~D9EC=88 A2(되); 번역 42-106/139 · 되 / 토큰 88 A2 / KANJI 6040 / 가나다순 93
1883,D9ED~D9EE,89 6C,패치 슬롯 1123 | 한글 문자 | 어,원본 분석표 1898번 DA05~DA06=82 A2(い) → 패치 D9ED~D9EE=89 6C(어); 번역 42-107/139 · 어 / 토큰 89 6C / KANJI A2D0 / 가나다순 235
1884,D9EF~D9F0,89 AA,패치 슬롯 1124 | 한글 문자 | 주,원본 분석표 1899번 DA07~DA08=82 C6(と) → 패치 D9EF~D9F0=89 AA(주); 번역 42-108/139 · 주 / 토큰 89 AA / KANJI 64C0 / 가나다순 300
1885,D9F1~D9F2,82 AC,패치 슬롯 1125 | 한글 문자 | 겠,편집기 추가 행; 번역 42-109/139 · 겠 / 토큰 82 AC / KANJI 18E0 / 가나다순 14
1886,D9F3~D9F4,82 E7,패치 슬롯 1126 | 한글 문자 | 다,편집기 추가 행; 번역 42-110/139 · 다 / 토큰 82 E7 / KANJI 3890 / 가나다순 78
1887,D9F5~D9F6,82 B1,패치 슬롯 1127 | 한글 문자 | 고,편집기 추가 행; 번역 42-111/139 · 고 / 토큰 82 B1 / KANJI 1930 / 가나다순 21
1888,D9F7~D9F8,81 45,패치 슬롯 1128 | 문장부호 | ・,원본 분석표 1900번 DA09~DA0A → 현재 D9F7~D9F8; 번역 42-112/139 · ・ / 토큰 81 45 / PC-88 가운데점 토큰
1889,D9F9~D9FA,81 45,패치 슬롯 1129 | 문장부호 | ・,원본 분석표 1901번 DA0B~DA0C → 현재 D9F9~D9FA; 번역 42-113/139 · ・ / 토큰 81 45 / PC-88 가운데점 토큰
1890,D9FB~D9FC,81 45,패치 슬롯 1130 | 문장부호 | ・,원본 분석표 1902번 DA0D~DA0E → 현재 D9FB~D9FC; 번역 42-114/139 · ・ / 토큰 81 45 / PC-88 가운데점 토큰
1891,D9FD~D9FE,81 42,패치 슬롯 1131 | 문장부호 | 。,원본 분석표 1903번 DA0F~DA10 → 현재 D9FD~D9FE; 번역 42-115/139 · 。 / 토큰 81 42 / PC-88 전각 마침표 토큰
1892,D9FF~DA00,82 BD,패치 슬롯 1132 | 한글 문자 | 그,원본 분석표 1904번 DA11~DA12=82 BB(そ) → 패치 D9FF~DA00=82 BD(그); 번역 42-116/139 · 그 / 토큰 82 BD / KANJI 19F0 / 가나다순 34
1893,DA01~DA02,88 CC,패치 슬롯 1133 | 한글 문자 | 리,원본 분석표 1905번 DA13~DA14=82 B5(し) → 패치 DA01~DA02=88 CC(리); 번역 42-117/139 · 리 / 토큰 88 CC / KANJI A0E0 / 가나다순 137
1894,DA03~DA04,82 B1,패치 슬롯 1134 | 한글 문자 | 고,원본 분석표 1906번 DA15~DA16=82 C4(て) → 패치 DA03~DA04=82 B1(고); 번역 42-118/139 · 고 / 토큰 82 B1 / KANJI 1930 / 가나다순 21
1895,DA05~DA06,81 40,패치 슬롯 1135 | 전각 공백 | ␠,원본 분석표 1907번 DA17~DA18=81 41(、) → 패치 DA05~DA06=81 40(␠); 번역 42-119/139 · ␠ / 토큰 81 40 / PC-88 전각 공백 토큰
1896,DA07~DA08,82 BD,패치 슬롯 1136 | 한글 문자 | 그,원본 분석표 1908번 DA19~DA1A=82 BB(そ) → 패치 DA07~DA08=82 BD(그); 번역 42-120/139 · 그 / 토큰 82 BD / KANJI 19F0 / 가나다순 34
1897,DA09~DA0A,81 40,패치 슬롯 1137 | 전각 공백 | ␠,원본 분석표 1909번 DA1B~DA1C=82 CC(の) → 패치 DA09~DA0A=81 40(␠); 번역 42-121/139 · ␠ / 토큰 81 40 / PC-88 전각 공백 토큰
1898,DA0B~DA0C,89 50,패치 슬롯 1138 | 한글 문자 | 소,원본 분석표 1910번 DA1D~DA1E=8A E8(願) → 패치 DA0B~DA0C=89 50(소); 번역 42-122/139 · 소 / 토큰 89 50 / KANJI 6310 / 가나다순 204
1899,DA0D~DA0E,89 84,패치 슬롯 1139 | 한글 문자 | 원,원본 분석표 1911번 DA1F~DA20=82 A2(い) → 패치 DA0D~DA0E=89 84(원); 번역 42-123/139 · 원 / 토큰 89 84 / KANJI E240 / 가나다순 259
1900,DA0F~DA10,89 8A,패치 슬롯 1140 | 한글 문자 | 을,원본 분석표 1912번 DA21~DA22=82 F0(を) → 패치 DA0F~DA10=89 8A(을); 번역 42-124/139 · 을 / 토큰 89 8A / KANJI E2A0 / 가나다순 265
1901,DA11~DA12,81 40,패치 슬롯 1141 | 전각 공백 | ␠,원본 분석표 1913번 DA23~DA24=83 94(ヴ) → 패치 DA11~DA12=81 40(␠); 번역 42-125/139 · ␠ / 토큰 81 40 / PC-88 전각 공백 토큰
1902,DA13~DA14,88 E9,패치 슬롯 1142 | 한글 문자 | 바,원본 분석표 1914번 DA25~DA26=83 40(ァ) → 패치 DA13~DA14=88 E9(바); 번역 42-126/139 · 바 / 토큰 88 E9 / KANJI E0B0 / 가나다순 168
1903,DA15~DA16,88 CC,패치 슬롯 1143 | 한글 문자 | 리,원본 분석표 1915번 DA27~DA28=83 8A(リ) → 패치 DA15~DA16=88 CC(리); 번역 42-127/139 · 리 / 토큰 88 CC / KANJI A0E0 / 가나다순 137
1904,DA17~DA18,89 60,패치 슬롯 1144 | 한글 문자 | 아,원본 분석표 1916번 DA29~DA2A=83 41(ア) → 패치 DA17~DA18=89 60(아); 번역 42-128/139 · 아 / 토큰 89 60 / KANJI A210 / 가나다순 223
1905,DA19~DA1A,82 E6,패치 슬롯 1145 | 한글 문자 | 님,원본 분석표 1917번 DA2B~DA2C=97 6C(様) → 패치 DA19~DA1A=82 E6(님); 번역 42-129/139 · 님 / 토큰 82 E6 / KANJI 3880 / 가나다순 77
1906,DA1B~DA1C,89 8D,패치 슬롯 1146 | 한글 문자 | 이,원본 분석표 1918번 DA2D~DA2E=82 AA(が) → 패치 DA1B~DA1C=89 8D(이); 번역 42-130/139 · 이 / 토큰 89 8D / KANJI E2D0 / 가나다순 268
1907,DA1D,42,기존 확인 41~50h 계열 / CAA8[1] 슬롯 실행,원본 분석표 1919번 DA2F → 현재 DA1D; 슬롯 토큰 42; 다음 본류 DA30
1908,DA1E~DA1F,81 40,패치 슬롯 1147 | 전각 공백 | ␠,원본 분석표 1920번 DA30~DA31=82 A9(か) → 패치 DA1E~DA1F=81 40(␠); 번역 42-131/139 · ␠ / 토큰 81 40 / PC-88 전각 공백 토큰
1909,DA20~DA21,89 8D,패치 슬롯 1148 | 한글 문자 | 이,원본 분석표 1921번 DA32~DA33=82 C8(な) → 패치 DA20~DA21=89 8D(이); 번역 42-132/139 · 이 / 토큰 89 8D / KANJI E2D0 / 가나다순 268
1910,DA22~DA23,88 C7,패치 슬롯 1149 | 한글 문자 | 루,원본 분석표 1922번 DA34~DA35=82 A6(え) → 패치 DA22~DA23=88 C7(루); 번역 42-133/139 · 루 / 토큰 88 C7 / KANJI A090 / 가나다순 132
1911,DA24~DA25,89 6C,패치 슬롯 1150 | 한글 문자 | 어,원본 분석표 1923번 DA36~DA37=82 C4(て) → 패치 DA24~DA25=89 6C(어); 번역 42-134/139 · 어 / 토큰 89 6C / KANJI A2D0 / 가나다순 235
1912,DA26~DA27,89 AA,패치 슬롯 1151 | 한글 문자 | 주,원본 분석표 1924번 DA38~DA39=82 AD(く) → 패치 DA26~DA27=89 AA(주); 번역 42-135/139 · 주 / 토큰 89 AA / KANJI 64C0 / 가나다순 300
1913,DA28~DA29,89 4F,패치 슬롯 1152 | 한글 문자 | 셨,원본 분석표 1925번 DA3A~DA3B=82 BE(だ) → 패치 DA28~DA29=89 4F(셨); 번역 42-136/139 · 셨 / 토큰 89 4F / KANJI 6300 / 가나다순 203
1914,DA2A~DA2B,89 6C,패치 슬롯 1153 | 한글 문자 | 어,원본 분석표 1926번 DA3C~DA3D=82 B3(さ) → 패치 DA2A~DA2B=89 6C(어); 번역 42-137/139 · 어 / 토큰 89 6C / KANJI A2D0 / 가나다순 235
1915,DA2C~DA2D,81 42,패치 슬롯 1154 | 문장부호 | 。,원본 분석표 1930번 DA44~DA45 → 현재 DA2C~DA2D; 번역 42-138/139 · 。 / 토큰 81 42 / PC-88 전각 마침표 토큰
1916,DA2E~DA2F,81 40,패치 슬롯 1155 | 전각 공백 | ␠,편집기 추가 행; 번역 42-139/139 · ␠ / 토큰 81 40 / PC-88 전각 공백 토큰
1917,DA30,61,기존 확인 61~70h 계열 / CAA8[0] 작업슬롯 비활성화,원본 분석표 1931번 DA46 → 현재 DA30; 비활성화 토큰 61; 다음 본류 DA47
1918,DA31~DA33,16 31 DE,기존 확인 16h 계열 / 서브스트림 호출·전환 → DE31,원본 분석표 1932번 DA47~DA49 → 현재 DA31~DA33; 16h 호출 → DE31; 복귀 주소 DA4A
1919,DE31~DE35,0F 01 2B 04 09,서브스트림 실행 / 기존 확인 0Fh 계열 제어토큰,인자 01 2B 04 09; 다음 주소 DE36
1920,DE36~DE38,16 4D DF,서브스트림 실행 / 기존 확인 16h 계열 / 서브스트림 호출·전환 → DF4D,16h 호출 → DF4D; 복귀 주소 DE39
1921,DF4D~DF4F,1E 3C 08,서브스트림 실행 / 기존 확인 1Eh 계열 / 간접 CALL,호출 대상 083C; 처리 후 다음 주소 DF50
1922,DF50~DF55,05 16 86 3A 9E 00,서브스트림 실행 / 기존 확인 05h 계열 / 영역·좌표 상태 설정·전개,처리 후 다음 주소 DF56
1923,DF56~DF5A,0E 16 20 24 80,서브스트림 실행 / 기존 확인 0Eh 계열 / 화면·버퍼 초기화·전개,처리 후 다음 주소 DF5B
1924,DF5B,17,서브스트림 실행 / 기존 확인 17h 계열 / 서브스트림 복귀,17h 복귀 → DE39
1925,DE39~DE3B,13 EC DF,서브스트림 실행 / 기존 확인 13h 계열 제어토큰,인자 EC DF; 다음 주소 DE3C
1926,DE3C~DE3F,14 00 16 22,서브스트림 실행 / 기존 확인 14h 계열 / 버퍼·영역 처리,인자 00 16 22; 다음 주소 DE40
1927,DE40~DE43,04 7C E0 41,서브스트림 실행 / 기존 확인 04h 계열 / CAA8 슬롯 포인터 설정,E07C 포인터를 41h 슬롯에 설정; 다음 주소 DE44
1928,DE44~DE45,25 2B,서브스트림 실행 / 기존 확인 25h 계열 / CA1D 입 움직임 효과음 인덱스 설정,CA1D=2B; 다음 주소 DE46
1929,DE46,17,서브스트림 실행 / 기존 확인 17h 계열 / 서브스트림 복귀,17h 복귀 → 본류 DA4A
1930,DA34,41,기존 확인 41~50h 계열 / CAA8[0] 슬롯 실행,원본 분석표 1944번 DA4A → 현재 DA34; 슬롯 토큰 41; 다음 본류 DA4B
1931,DA35~DA36,88 E9,패치 슬롯 1156 | 한글 문자 | 바,원본 분석표 1945번 DA4B~DA4C=83 94(ヴ) → 패치 DA35~DA36=88 E9(바); 번역 43-001/012 · 바 / 토큰 88 E9 / KANJI E0B0 / 가나다순 168
1932,DA37~DA38,81 45,패치 슬롯 1157 | 문장부호 | ・,원본 분석표 1946번 DA4D~DA4E=83 40(ァ) → 패치 DA37~DA38=81 45(・); 번역 43-002/012 · ・ / 토큰 81 45 / PC-88 가운데점 토큰
1933,DA39~DA3A,88 CC,패치 슬롯 1158 | 한글 문자 | 리,원본 분석표 1947번 DA4F~DA50=81 45(・) → 패치 DA39~DA3A=88 CC(리); 번역 43-003/012 · 리 / 토큰 88 CC / KANJI A0E0 / 가나다순 137
1934,DA3B~DA3C,81 45,패치 슬롯 1159 | 문장부호 | ・,원본 분석표 1948번 DA51~DA52=83 8A(リ) → 패치 DA3B~DA3C=81 45(・); 번역 43-004/012 · ・ / 토큰 81 45 / PC-88 가운데점 토큰
1935,DA3D~DA3E,89 60,패치 슬롯 1160 | 한글 문자 | 아,원본 분석표 1949번 DA53~DA54=81 45(・) → 패치 DA3D~DA3E=89 60(아); 번역 43-005/012 · 아 / 토큰 89 60 / KANJI A210 / 가나다순 223
1936,DA3F~DA40,81 45,패치 슬롯 1161 | 문장부호 | ・,원본 분석표 1950번 DA55~DA56=83 41(ア) → 패치 DA3F~DA40=81 45(・); 번역 43-006/012 · ・ / 토큰 81 45 / PC-88 가운데점 토큰
1937,DA41~DA42,82 E6,패치 슬롯 1162 | 한글 문자 | 님,원본 분석표 1951번 DA57~DA58=81 45(・) → 패치 DA41~DA42=82 E6(님); 번역 43-007/012 · 님 / 토큰 82 E6 / KANJI 3880 / 가나다순 77
1938,DA43~DA44,81 45,패치 슬롯 1163 | 문장부호 | ・,원본 분석표 1955번 DA5F~DA60 → 현재 DA43~DA44; 번역 43-008/012 · ・ / 토큰 81 45 / PC-88 가운데점 토큰
1939,DA45~DA46,81 45,패치 슬롯 1164 | 문장부호 | ・,원본 분석표 1956번 DA61~DA62 → 현재 DA45~DA46; 번역 43-009/012 · ・ / 토큰 81 45 / PC-88 가운데점 토큰
1940,DA47~DA48,81 45,패치 슬롯 1165 | 문장부호 | ・,원본 분석표 1957번 DA63~DA64 → 현재 DA47~DA48; 번역 43-010/012 · ・ / 토큰 81 45 / PC-88 가운데점 토큰
1941,DA49~DA4A,81 42,패치 슬롯 1166 | 문장부호 | 。,원본 분석표 1958번 DA65~DA66 → 현재 DA49~DA4A; 번역 43-011/012 · 。 / 토큰 81 42 / PC-88 전각 마침표 토큰
1942,DA4B~DA4C,81 40,패치 슬롯 1167 | 전각 공백 | ␠,편집기 추가 행; 번역 43-012/012 · ␠ / 토큰 81 40 / PC-88 전각 공백 토큰
1943,DA4D,61,기존 확인 61~70h 계열 / CAA8[0] 작업슬롯 비활성화,원본 분석표 1959번 DA67 → 현재 DA4D; 비활성화 토큰 61; 다음 본류 DA68
1944,DA4E~DA50,16 F4 DE,기존 확인 16h 계열 / 서브스트림 호출·전환 → DEF4,원본 분석표 1960번 DA68~DA6A → 현재 DA4E~DA50; 16h 호출 → DEF4; 복귀 주소 DA6B
1945,DEF4~DEF8,0F 02 28 04 0E,서브스트림 실행 / 기존 확인 0Fh 계열 제어토큰,인자 02 28 04 0E; 다음 주소 DEF9
1946,DEF9~DEFB,16 4D DF,서브스트림 실행 / 기존 확인 16h 계열 / 서브스트림 호출·전환 → DF4D,16h 호출 → DF4D; 복귀 주소 DEFC
1947,DF4D~DF4F,1E 3C 08,서브스트림 실행 / 기존 확인 1Eh 계열 / 간접 CALL,호출 대상 083C; 처리 후 다음 주소 DF50
1948,DF50~DF55,05 16 86 3A 9E 00,서브스트림 실행 / 기존 확인 05h 계열 / 영역·좌표 상태 설정·전개,처리 후 다음 주소 DF56
1949,DF56~DF5A,0E 16 20 24 80,서브스트림 실행 / 기존 확인 0Eh 계열 / 화면·버퍼 초기화·전개,처리 후 다음 주소 DF5B
1950,DF5B,17,서브스트림 실행 / 기존 확인 17h 계열 / 서브스트림 복귀,17h 복귀 → DEFC
1951,DEFC~DEFE,13 FC DF,서브스트림 실행 / 기존 확인 13h 계열 제어토큰,인자 FC DF; 다음 주소 DEFF
1952,DEFF~DF02,14 00 16 22,서브스트림 실행 / 기존 확인 14h 계열 / 버퍼·영역 처리,인자 00 16 22; 다음 주소 DF03
1953,DF03~DF06,14 01 3B 00,서브스트림 실행 / 기존 확인 14h 계열 / 버퍼·영역 처리,인자 01 3B 00; 다음 주소 DF07
1954,DF07~DF0A,04 2C E0 41,서브스트림 실행 / 기존 확인 04h 계열 / CAA8 슬롯 포인터 설정,E02C 포인터를 41h 슬롯에 설정; 다음 주소 DF0B
1955,DF0B~DF0E,04 36 E0 42,서브스트림 실행 / 기존 확인 04h 계열 / CAA8 슬롯 포인터 설정,E036 포인터를 42h 슬롯에 설정; 다음 주소 DF0F
1956,DF0F~DF12,04 40 E0 43,서브스트림 실행 / 기존 확인 04h 계열 / CAA8 슬롯 포인터 설정,E040 포인터를 43h 슬롯에 설정; 다음 주소 DF13
1957,DF13~DF14,25 2C,서브스트림 실행 / 기존 확인 25h 계열 / CA1D 입 움직임 효과음 인덱스 설정,CA1D=2C; 다음 주소 DF15
1958,DF15,17,서브스트림 실행 / 기존 확인 17h 계열 / 서브스트림 복귀,17h 복귀 → 본류 DA6B
1959,DA51,41,기존 확인 41~50h 계열 / CAA8[0] 슬롯 실행,원본 분석표 1975번 DA6B → 현재 DA51; 슬롯 토큰 41; 다음 본류 DA6C
1960,DA52~DA53,82 BD,패치 슬롯 1168 | 한글 문자 | 그,원본 분석표 1976번 DA6C~DA6D=82 BB(そ) → 패치 DA52~DA53=82 BD(그); 번역 44-001/009 · 그 / 토큰 82 BD / KANJI 19F0 / 가나다순 34
1961,DA54~DA55,88 B9,패치 슬롯 1169 | 한글 문자 | 래,원본 분석표 1977번 DA6E~DA6F=82 A4(う) → 패치 DA54~DA55=88 B9(래); 번역 44-002/009 · 래 / 토큰 88 B9 / KANJI 61B0 / 가나다순 117
1962,DA56~DA57,81 41,패치 슬롯 1170 | 문장부호 | 、,원본 분석표 1978번 DA70~DA71 → 현재 DA56~DA57; 번역 44-003/009 · 、 / 토큰 81 41 / PC-88 전각 쉼표 토큰
1963,DA58~DA59,88 E9,패치 슬롯 1171 | 한글 문자 | 바,원본 분석표 1979번 DA72~DA73=83 94(ヴ) → 패치 DA58~DA59=88 E9(바); 번역 44-004/009 · 바 / 토큰 88 E9 / KANJI E0B0 / 가나다순 168
1964,DA5A~DA5B,88 CC,패치 슬롯 1172 | 한글 문자 | 리,원본 분석표 1980번 DA74~DA75=83 40(ァ) → 패치 DA5A~DA5B=88 CC(리); 번역 44-005/009 · 리 / 토큰 88 CC / KANJI A0E0 / 가나다순 137
1965,DA5C,43,기존 확인 41~50h 계열 / CAA8[2] 슬롯 실행,원본 분석표 1982번 DA78 → 현재 DA5C; 슬롯 토큰 43; 다음 본류 DA79
1966,DA5D~DA5E,89 60,패치 슬롯 1173 | 한글 문자 | 아,원본 분석표 1983번 DA79~DA7A=83 41(ア) → 패치 DA5D~DA5E=89 60(아); 번역 44-006/009 · 아 / 토큰 89 60 / KANJI A210 / 가나다순 223
1967,DA5F~DA60,82 E6,패치 슬롯 1174 | 한글 문자 | 님,원본 분석표 1984번 DA7B~DA7C=97 6C(様) → 패치 DA5F~DA60=82 E6(님); 번역 44-007/009 · 님 / 토큰 82 E6 / KANJI 3880 / 가나다순 77
1968,DA61~DA62,81 49,패치 슬롯 1175 | 문장부호 | ！,원본 분석표 1986번 DA7F~DA80 → 현재 DA61~DA62; 번역 44-008/009 · ！ / 토큰 81 49 / PC-88 전각 느낌표 토큰
1969,DA63~DA64,81 40,패치 슬롯 1176 | 전각 공백 | ␠,편집기 추가 행; 번역 44-009/009 · ␠ / 토큰 81 40 / PC-88 전각 공백 토큰
1970,DA65,61,기존 확인 61~70h 계열 / CAA8[0] 작업슬롯 비활성화,원본 분석표 1987번 DA81 → 현재 DA65; 비활성화 토큰 61; 다음 본류 DA82
1971,DA66~DA68,16 1D DE,기존 확인 16h 계열 / 서브스트림 호출·전환 → DE1D,원본 분석표 1988번 DA82~DA84 → 현재 DA66~DA68; 16h 호출 → DE1D; 복귀 주소 DA85
1972,DE1D~DE21,0F 02 0D 04 0A,서브스트림 실행 / 기존 확인 0Fh 계열 제어토큰,인자 02 0D 04 0A; 다음 주소 DE22
1973,DE22~DE24,16 3A DF,서브스트림 실행 / 기존 확인 16h 계열 / 서브스트림 호출·전환 → DF3A,16h 호출 → DF3A; 복귀 주소 DE25
1974,DF3A~DF3C,1E 3C 08,서브스트림 실행 / 기존 확인 1Eh 계열 / 간접 CALL,호출 대상 083C; 처리 후 다음 주소 DF3D
1975,DF3D~DF3F,16 46 DF,서브스트림 실행 / 기존 확인 16h 계열 / 서브스트림 호출·전환 → DF46,16h 호출 → DF46; 복귀 주소 DF40
1976,DF46~DF4B,05 12 86 3E 9E 00,서브스트림 실행 / 기존 확인 05h 계열 / 영역·좌표 상태 설정·전개,처리 후 다음 주소 DF4C
1977,DF4C,17,서브스트림 실행 / 기존 확인 17h 계열 / 서브스트림 복귀,17h 복귀 → DF40
1978,DF40~DF44,0E 12 20 2D 80,서브스트림 실행 / 기존 확인 0Eh 계열 / 화면·버퍼 초기화·전개,처리 후 다음 주소 DF45
1979,DF45,17,서브스트림 실행 / 기존 확인 17h 계열 / 서브스트림 복귀,17h 복귀 → DE25
1980,DE25~DE27,13 CC DF,서브스트림 실행 / 기존 확인 13h 계열 제어토큰,인자 CC DF; 다음 주소 DE28
1981,DE28~DE2B,14 00 12 22,서브스트림 실행 / 기존 확인 14h 계열 / 버퍼·영역 처리,인자 00 12 22; 다음 주소 DE2C
1982,DE2C~DE2F,14 01 35 22,서브스트림 실행 / 기존 확인 14h 계열 / 버퍼·영역 처리,인자 01 35 22; 다음 주소 DE30
1983,DE30,17,서브스트림 실행 / 기존 확인 17h 계열 / 서브스트림 복귀,17h 복귀 → 본류 DA85
1984,DA69~DA6B,1E DA DC,기존 확인 1Eh 계열 / 간접 CALL,원본 분석표 2001번 DA85~DA87 → 현재 DA69~DA6B; 호출 대상 DCDA; 처리 후 다음 본류 DA88
1985,DA6C~DA6D,06 0E,기존 확인 06h 계열 / 상태 설정,원본 분석표 2002번 DA88~DA89 → 현재 DA6C~DA6D; 파라미터 0E; 다음 본류 DA8A
1986,DA6E~DA70,16 F2 DD,기존 확인 16h 계열 / 서브스트림 호출·전환 → DDF2,원본 분석표 2003번 DA8A~DA8C → 현재 DA6E~DA70; 16h 호출 → DDF2; 복귀 주소 DA8D
1987,DDF2~DDF6,0F 05 2C 04 0E,서브스트림 실행 / 기존 확인 0Fh 계열 제어토큰,인자 05 2C 04 0E; 다음 주소 DDF7
1988,DDF7~DDF9,16 4D DF,서브스트림 실행 / 기존 확인 16h 계열 / 서브스트림 호출·전환 → DF4D,16h 호출 → DF4D; 복귀 주소 DDFA
1989,DF4D~DF4F,1E 3C 08,서브스트림 실행 / 기존 확인 1Eh 계열 / 간접 CALL,호출 대상 083C; 처리 후 다음 주소 DF50
1990,DF50~DF55,05 16 86 3A 9E 00,서브스트림 실행 / 기존 확인 05h 계열 / 영역·좌표 상태 설정·전개,처리 후 다음 주소 DF56
1991,DF56~DF5A,0E 16 20 24 80,서브스트림 실행 / 기존 확인 0Eh 계열 / 화면·버퍼 초기화·전개,처리 후 다음 주소 DF5B
1992,DF5B,17,서브스트림 실행 / 기존 확인 17h 계열 / 서브스트림 복귀,17h 복귀 → DDFA
1993,DDFA~DDFD,14 00 16 22,서브스트림 실행 / 기존 확인 14h 계열 / 버퍼·영역 처리,인자 00 16 22; 다음 주소 DDFE
1994,DDFE~DE01,14 01 3B 00,서브스트림 실행 / 기존 확인 14h 계열 / 버퍼·영역 처리,인자 01 3B 00; 다음 주소 DE02
1995,DE02~DE05,04 86 E0 41,서브스트림 실행 / 기존 확인 04h 계열 / CAA8 슬롯 포인터 설정,E086 포인터를 41h 슬롯에 설정; 다음 주소 DE06
1996,DE06~DE09,04 AE E0 42,서브스트림 실행 / 기존 확인 04h 계열 / CAA8 슬롯 포인터 설정,E0AE 포인터를 42h 슬롯에 설정; 다음 주소 DE0A
1997,DE0A~DE0D,04 90 E0 43,서브스트림 실행 / 기존 확인 04h 계열 / CAA8 슬롯 포인터 설정,E090 포인터를 43h 슬롯에 설정; 다음 주소 DE0E
1998,DE0E~DE11,04 9A E0 44,서브스트림 실행 / 기존 확인 04h 계열 / CAA8 슬롯 포인터 설정,E09A 포인터를 44h 슬롯에 설정; 다음 주소 DE12
1999,DE12~DE15,04 B8 E0 45,서브스트림 실행 / 기존 확인 04h 계열 / CAA8 슬롯 포인터 설정,E0B8 포인터를 45h 슬롯에 설정; 다음 주소 DE16
2000,DE16,42,서브스트림 실행 / 기존 확인 41~50h 계열 / CAA8[1] 슬롯 실행,슬롯 토큰 42; 다음 주소 DE17
2001,DE17~DE19,13 BC DF,서브스트림 실행 / 기존 확인 13h 계열 제어토큰,인자 BC DF; 다음 주소 DE1A
2002,DE1A~DE1B,25 2B,서브스트림 실행 / 기존 확인 25h 계열 / CA1D 입 움직임 효과음 인덱스 설정,CA1D=2B; 다음 주소 DE1C
2003,DE1C,17,서브스트림 실행 / 기존 확인 17h 계열 / 서브스트림 복귀,17h 복귀 → 본류 DA8D
2004,DA71,41,런타임 확인 41~50h 계열 / CAA8[0] 슬롯 실행,원본 분석표 2021번 DA8D → 현재 DA71; 슬롯 토큰 41; 다음 본류 DA8E
2005,DA72~DA73,88 E9,패치 슬롯 1177 | 한글 문자 | 바,원본 분석표 2022번 DA8E~DA8F=83 94(ヴ) → 패치 DA72~DA73=88 E9(바); 번역 45-001/005 · 바 / 토큰 88 E9 / KANJI E0B0 / 가나다순 168
2006,DA74~DA75,88 CC,패치 슬롯 1178 | 한글 문자 | 리,원본 분석표 2023번 DA90~DA91=83 40(ァ) → 패치 DA74~DA75=88 CC(리); 번역 45-002/005 · 리 / 토큰 88 CC / KANJI A0E0 / 가나다순 137
2007,DA76~DA77,89 60,패치 슬롯 1179 | 한글 문자 | 아,원본 분석표 2024번 DA92~DA93=83 8A(リ) → 패치 DA76~DA77=89 60(아); 번역 45-003/005 · 아 / 토큰 89 60 / KANJI A210 / 가나다순 223
2008,DA78,62,런타임 확인 61~70h 계열 / CAA8[1] 작업슬롯 비활성화,원본 분석표 2026번 DA96 → 현재 DA78; 비활성화 토큰 62; 다음 본류 DA97
2009,DA79,45,런타임 확인 41~50h 계열 / CAA8[4] 슬롯 실행,원본 분석표 2027번 DA97 → 현재 DA79; 슬롯 토큰 45; 다음 본류 DA98
2010,DA7A~DA7B,82 E6,패치 슬롯 1180 | 한글 문자 | 님,원본 분석표 2028번 DA98~DA99=82 B3(さ) → 패치 DA7A~DA7B=82 E6(님); 번역 45-004/005 · 님 / 토큰 82 E6 / KANJI 3880 / 가나다순 77
2011,DA7C~DA7D,81 40,패치 슬롯 1181 | 전각 공백 | ␠,편집기 추가 행; 번역 45-005/005 · ␠ / 토큰 81 40 / PC-88 전각 공백 토큰
2012,DA7E,61,런타임 확인 61~70h 계열 / CAA8[0] 작업슬롯 비활성화,원본 분석표 2030번 DA9C → 현재 DA7E; 비활성화 토큰 61; 다음 본류 DA9D
2013,DA7F~DA81,16 80 DD,런타임 확인 16h 계열 / 서브스트림 호출·전환 → DD80,원본 분석표 2031번 DA9D~DA9F → 현재 DA7F~DA81; 16h 호출 → DD80; 복귀 주소 DAA0
2014,DD80~DD84,0F 05 13 05 06,서브스트림 실행 / 런타임 확인 0Fh 계열 제어토큰,인자 05 13 05 06; 다음 주소 DD85
2015,DD85~DD87,16 4D DF,서브스트림 실행 / 런타임 확인 16h 계열 / 서브스트림 호출·전환 → DF4D,16h 호출 → DF4D; 복귀 주소 DD88
2016,DF4D~DF4F,1E 3C 08,서브스트림 실행 / 런타임 확인 1Eh 계열 / 간접 CALL,호출 대상 083C; 처리 후 다음 주소 DF50
2017,DF50~DF55,05 16 86 3A 9E 00,서브스트림 실행 / 런타임 확인 영역·좌표 상태 설정·전개,인자 16 86 3A 9E 00; 다음 주소 DF56
2018,DF56~DF5A,0E 16 20 24 80,서브스트림 실행 / 런타임 확인 화면·버퍼 초기화·전개,인자 16 20 24 80; 다음 주소 DF5B
2019,DF5B,17,서브스트림 실행 / 런타임 확인 17h 계열 / 서브스트림 복귀,17h 복귀 → DD88
2020,DD88~DD8A,13 AC DF,서브스트림 실행 / 런타임 확인 13h 계열 제어토큰,인자 AC DF; 다음 주소 DD8B
2021,DD8B~DD8E,14 00 16 22,서브스트림 실행 / 런타임 확인 버퍼·영역 처리,인자 00 16 22; 다음 주소 DD8F
2022,DD8F~DD92,1D 01 07 40,서브스트림 실행 / 런타임 확인 1Dh 계열 제어토큰,인자 01 07 40; 다음 주소 DD93
2023,DD93~DD96,1D 04 07 40,서브스트림 실행 / 런타임 확인 1Dh 계열 제어토큰,인자 04 07 40; 다음 주소 DD97
2024,DD97~DD9A,1D 05 07 40,서브스트림 실행 / 런타임 확인 1Dh 계열 제어토큰,인자 05 07 40; 다음 주소 DD9B
2025,DD9B~DD9E,1D 06 07 47,서브스트림 실행 / 런타임 확인 1Dh 계열 제어토큰,인자 06 07 47; 다음 주소 DD9F
2026,DD9F,17,서브스트림 실행 / 런타임 확인 17h 계열 / 서브스트림 복귀,17h 복귀 → DAA0
2027,DA82~DA84,1E DA DC,런타임 확인 1Eh 계열 / 간접 CALL,원본 분석표 2045번 DAA0~DAA2 → 현재 DA82~DA84; 호출 대상 DCDA; 처리 후 다음 본류 DAA3
2028,DA85~DA87,16 F2 DD,런타임 확인 16h 계열 / 서브스트림 호출·전환 → DDF2,원본 분석표 2046번 DAA3~DAA5 → 현재 DA85~DA87; 16h 호출 → DDF2; 복귀 주소 DAA6
2029,DDF2~DDF6,0F 05 2C 04 0E,서브스트림 실행 / 런타임 확인 0Fh 계열 제어토큰,인자 05 2C 04 0E; 다음 주소 DDF7
2030,DDF7~DDF9,16 4D DF,서브스트림 실행 / 런타임 확인 16h 계열 / 서브스트림 호출·전환 → DF4D,16h 호출 → DF4D; 복귀 주소 DDFA
2031,DF4D~DF4F,1E 3C 08,서브스트림 실행 / 런타임 확인 1Eh 계열 / 간접 CALL,호출 대상 083C; 처리 후 다음 주소 DF50
2032,DF50~DF55,05 16 86 3A 9E 00,서브스트림 실행 / 런타임 확인 영역·좌표 상태 설정·전개,인자 16 86 3A 9E 00; 다음 주소 DF56
2033,DF56~DF5A,0E 16 20 24 80,서브스트림 실행 / 런타임 확인 화면·버퍼 초기화·전개,인자 16 20 24 80; 다음 주소 DF5B
2034,DF5B,17,서브스트림 실행 / 런타임 확인 17h 계열 / 서브스트림 복귀,17h 복귀 → DDFA
2035,DDFA~DDFD,14 00 16 22,서브스트림 실행 / 런타임 확인 버퍼·영역 처리,인자 00 16 22; 다음 주소 DDFE
2036,DDFE~DE01,14 01 3B 00,서브스트림 실행 / 런타임 확인 버퍼·영역 처리,인자 01 3B 00; 다음 주소 DE02
2037,DE02~DE05,04 86 E0 41,서브스트림 실행 / 런타임 확인 04h 계열 / CAA8 슬롯 포인터 설정,E086 포인터를 41h 슬롯에 설정; 다음 주소 DE06
2038,DE06~DE09,04 AE E0 42,서브스트림 실행 / 런타임 확인 04h 계열 / CAA8 슬롯 포인터 설정,E0AE 포인터를 42h 슬롯에 설정; 다음 주소 DE0A
2039,DE0A~DE0D,04 90 E0 43,서브스트림 실행 / 런타임 확인 04h 계열 / CAA8 슬롯 포인터 설정,E090 포인터를 43h 슬롯에 설정; 다음 주소 DE0E
2040,DE0E~DE11,04 9A E0 44,서브스트림 실행 / 런타임 확인 04h 계열 / CAA8 슬롯 포인터 설정,E09A 포인터를 44h 슬롯에 설정; 다음 주소 DE12
2041,DE12~DE15,04 B8 E0 45,서브스트림 실행 / 런타임 확인 04h 계열 / CAA8 슬롯 포인터 설정,E0B8 포인터를 45h 슬롯에 설정; 다음 주소 DE16
2042,DE16,42,서브스트림 실행 / 런타임 확인 41~50h 계열 / CAA8[1] 슬롯 실행,슬롯 토큰 42; 다음 주소 DE17
2043,DE17~DE19,13 BC DF,서브스트림 실행 / 런타임 확인 13h 계열 제어토큰,인자 BC DF; 다음 주소 DE1A
2044,DE1A~DE1B,25 2B,서브스트림 실행 / 런타임 확인 25h 계열 / CA1D 입 움직임 효과음 인덱스 설정,CA1D=2B; 다음 주소 DE1C
2045,DE1C,17,서브스트림 실행 / 런타임 확인 17h 계열 / 서브스트림 복귀,17h 복귀 → DAA6
2046,DA88~DA8A,1E 40 A4,런타임 확인 1Eh 계열 / 간접 CALL,원본 분석표 2064번 DAA6~DAA8 → 현재 DA88~DA8A; 호출 대상 A440; 처리 후 다음 본류 DAA9
2047,DA8B~DA8C,81 45,패치 슬롯 1182 | 문장부호 | ・,원본 분석표 2065번 DAA9~DAAA → 현재 DA8B~DA8C; 번역 46-001/006 · ・ / 토큰 81 45 / PC-88 가운데점 토큰
2048,DA8D~DA8E,81 45,패치 슬롯 1183 | 문장부호 | ・,원본 분석표 2066번 DAAB~DAAC → 현재 DA8D~DA8E; 번역 46-002/006 · ・ / 토큰 81 45 / PC-88 가운데점 토큰
2049,DA8F~DA90,81 45,패치 슬롯 1184 | 문장부호 | ・,편집기 추가 행; 번역 46-003/006 · ・ / 토큰 81 45 / PC-88 가운데점 토큰
2050,DA91~DA92,81 45,패치 슬롯 1185 | 문장부호 | ・,원본 분석표 2067번 DAAD~DAAE → 현재 DA91~DA92; 번역 46-004/006 · ・ / 토큰 81 45 / PC-88 가운데점 토큰
2051,DA93~DA94,81 45,패치 슬롯 1186 | 문장부호 | ・,원본 분석표 2068번 DAAF~DAB0 → 현재 DA93~DA94; 번역 46-005/006 · ・ / 토큰 81 45 / PC-88 가운데점 토큰
2052,DA95~DA96,81 45,패치 슬롯 1187 | 문장부호 | ・,원본 분석표 2069번 DAB1~DAB2 → 현재 DA95~DA96; 번역 46-006/006 · ・ / 토큰 81 45 / PC-88 가운데점 토큰
2053,DA97~DAA1,1F 02 4E 05 02 04 4E 05 02 00 88,런타임 확인 1Fh 계열 제어토큰,원본 분석표 2070번 DAB3~DABD → 현재 DA97~DAA1; 11바이트 실행 단위; 내부 인자를 독립 문자·토큰으로 분리하지 않음; 다음 본류 DABE
2054,DAA2~DAA4,16 60 DD,런타임 확인 16h 계열 / 서브스트림 호출·전환 → DD60,원본 분석표 2071번 DABE~DAC0 → 현재 DAA2~DAA4; 16h 호출 → DD60; 복귀 주소 DAC1
2055,DD60~DD64,0F 02 1A 04 0D,서브스트림 실행 / 런타임 확인 0Fh 계열 제어토큰,인자 02 1A 04 0D; 다음 주소 DD65
2056,DD65~DD67,16 4D DF,서브스트림 실행 / 런타임 확인 16h 계열 / 서브스트림 호출·전환 → DF4D,16h 호출 → DF4D; 복귀 주소 DD68
2057,DF4D~DF4F,1E 3C 08,서브스트림 실행 / 런타임 확인 1Eh 계열 / 간접 CALL,호출 대상 083C; 처리 후 다음 주소 DF50
2058,DF50~DF55,05 16 86 3A 9E 00,서브스트림 실행 / 런타임 확인 영역·좌표 상태 설정·전개,인자 16 86 3A 9E 00; 다음 주소 DF56
2059,DF56~DF5A,0E 16 20 24 80,서브스트림 실행 / 런타임 확인 화면·버퍼 초기화·전개,인자 16 20 24 80; 다음 주소 DF5B
2060,DF5B,17,서브스트림 실행 / 런타임 확인 17h 계열 / 서브스트림 복귀,17h 복귀 → DD68
2061,DD68~DD6A,13 1C E0,서브스트림 실행 / 런타임 확인 13h 계열 제어토큰,인자 1C E0; 다음 주소 DD6B
2062,DD6B~DD6E,14 00 16 22,서브스트림 실행 / 런타임 확인 버퍼·영역 처리,인자 00 16 22; 다음 주소 DD6F
2063,DD6F~DD72,1D 02 07 40,서브스트림 실행 / 런타임 확인 1Dh 계열 제어토큰,인자 02 07 40; 다음 주소 DD73
2064,DD73~DD76,1D 04 07 40,서브스트림 실행 / 런타임 확인 1Dh 계열 제어토큰,인자 04 07 40; 다음 주소 DD77
2065,DD77~DD7A,1D 05 07 47,서브스트림 실행 / 런타임 확인 1Dh 계열 제어토큰,인자 05 07 47; 다음 주소 DD7B
2066,DD7B~DD7E,1D 06 07 47,서브스트림 실행 / 런타임 확인 1Dh 계열 제어토큰,인자 06 07 47; 다음 주소 DD7F
2067,DD7F,17,서브스트림 실행 / 런타임 확인 17h 계열 / 서브스트림 복귀,17h 복귀 → DAC1
2068,DAA5~DAA7,1E 16 A4,런타임 확인 1Eh 계열 / 간접 CALL,원본 분석표 2085번 DAC1~DAC3 → 현재 DAA5~DAA7; 호출 대상 A416; 처리 후 다음 본류 DAC4
2069,DAA8~DAAA,1E DA DC,런타임 확인 1Eh 계열 / 간접 CALL,원본 분석표 2086번 DAC4~DAC6 → 현재 DAA8~DAAA; 호출 대상 DCDA; 처리 후 다음 본류 DAC7
2070,DAAB~DAAD,16 A0 DD,런타임 확인 16h 계열 / 서브스트림 호출·전환 → DDA0,원본 분석표 2087번 DAC7~DAC9 → 현재 DAAB~DAAD; 16h 호출 → DDA0; 복귀 주소 DACA
2071,DDA0~DDA4,0F 05 2C 04 0E,서브스트림 실행 / 런타임 확인 0Fh 계열 제어토큰,인자 05 2C 04 0E; 다음 주소 DDA5
2072,DDA5~DDA7,16 4D DF,서브스트림 실행 / 런타임 확인 16h 계열 / 서브스트림 호출·전환 → DF4D,16h 호출 → DF4D; 복귀 주소 DDA8
2073,DF4D~DF4F,1E 3C 08,서브스트림 실행 / 런타임 확인 1Eh 계열 / 간접 CALL,호출 대상 083C; 처리 후 다음 주소 DF50
2074,DF50~DF55,05 16 86 3A 9E 00,서브스트림 실행 / 런타임 확인 영역·좌표 상태 설정·전개,인자 16 86 3A 9E 00; 다음 주소 DF56
2075,DF56~DF5A,0E 16 20 24 80,서브스트림 실행 / 런타임 확인 화면·버퍼 초기화·전개,인자 16 20 24 80; 다음 주소 DF5B
2076,DF5B,17,서브스트림 실행 / 런타임 확인 17h 계열 / 서브스트림 복귀,17h 복귀 → DDA8
2077,DDA8~DDAB,14 00 16 22,서브스트림 실행 / 런타임 확인 버퍼·영역 처리,인자 00 16 22; 다음 주소 DDAC
2078,DDAC~DDAF,14 01 3B 00,서브스트림 실행 / 런타임 확인 버퍼·영역 처리,인자 01 3B 00; 다음 주소 DDB0
2079,DDB0~DDB3,04 A4 E0 41,서브스트림 실행 / 런타임 확인 04h 계열 / CAA8 슬롯 포인터 설정,E0A4 포인터를 41h 슬롯에 설정; 다음 주소 DDB4
2080,DDB4~DDB7,04 C2 E0 42,서브스트림 실행 / 런타임 확인 04h 계열 / CAA8 슬롯 포인터 설정,E0C2 포인터를 42h 슬롯에 설정; 다음 주소 DDB8
2081,DDB8,42,서브스트림 실행 / 런타임 확인 41~50h 계열 / CAA8[1] 슬롯 실행,슬롯 토큰 42; 다음 주소 DDB9
2082,DDB9~DDBB,13 BC DF,서브스트림 실행 / 런타임 확인 13h 계열 제어토큰,인자 BC DF; 다음 주소 DDBC
2083,DDBC~DDBD,25 2B,서브스트림 실행 / 런타임 확인 25h 계열 / CA1D 입 움직임 효과음 인덱스 설정,CA1D=2B; 다음 주소 DDBE
2084,DDBE,17,서브스트림 실행 / 런타임 확인 17h 계열 / 서브스트림 복귀,17h 복귀 → DACA
2085,DAAE,41,런타임 확인 41~50h 계열 / CAA8[0] 슬롯 실행,원본 분석표 2102번 DACA → 현재 DAAE; 슬롯 토큰 41; 다음 본류 DACB
2086,DAAF~DAB0,88 DA,패치 슬롯 1188 | 한글 문자 | 메,원본 분석표 2103번 DACB~DACC=83 81(メ) → 패치 DAAF~DAB0=88 DA(메); 번역 47-001/005 · 메 / 토큰 88 DA / KANJI A1C0 / 가나다순 152
2087,DAB1~DAB2,82 9F,패치 슬롯 1189 | 한글 문자 | 가,원본 분석표 2104번 DACD~DACE=83 4B(ガ) → 패치 DAB1~DAB2=82 9F(가); 번역 47-002/005 · 가 / 토큰 82 9F / KANJI 1810 / 가나다순 1
2088,DAB3~DAB4,89 56,패치 슬롯 1190 | 한글 문자 | 스,원본 분석표 2105번 DACF~DAD0=83 58(ス) → 패치 DAB3~DAB4=89 56(스); 번역 47-003/005 · 스 / 토큰 89 56 / KANJI 6370 / 가나다순 211
2089,DAB5~DAB6,81 49,패치 슬롯 1191 | 문장부호 | ！,원본 분석표 2106번 DAD1~DAD2 → 현재 DAB5~DAB6; 번역 47-004/005 · ！ / 토큰 81 49 / PC-88 전각 느낌표 토큰
2090,DAB7~DAB8,81 40,패치 슬롯 1192 | 전각 공백 | ␠,편집기 추가 행; 번역 47-005/005 · ␠ / 토큰 81 40 / PC-88 전각 공백 토큰
2091,DAB9~DABB,16 F4 DE,런타임 확인 16h 계열 / 서브스트림 호출·전환 → DEF4,원본 분석표 2107번 DAD3~DAD5 → 현재 DAB9~DABB; 16h 호출 → DEF4; 복귀 주소 DAD6
2092,DEF4~DEF8,0F 02 28 04 0E,서브스트림 실행 / 런타임 확인 0Fh 계열 제어토큰,인자 02 28 04 0E; 다음 주소 DEF9
2093,DEF9~DEFB,16 4D DF,서브스트림 실행 / 런타임 확인 16h 계열 / 서브스트림 호출·전환 → DF4D,16h 호출 → DF4D; 복귀 주소 DEFC
2094,DF4D~DF4F,1E 3C 08,서브스트림 실행 / 런타임 확인 1Eh 계열 / 간접 CALL,호출 대상 083C; 처리 후 다음 주소 DF50
2095,DF50~DF55,05 16 86 3A 9E 00,서브스트림 실행 / 런타임 확인 영역·좌표 상태 설정·전개,인자 16 86 3A 9E 00; 다음 주소 DF56
2096,DF56~DF5A,0E 16 20 24 80,서브스트림 실행 / 런타임 확인 화면·버퍼 초기화·전개,인자 16 20 24 80; 다음 주소 DF5B
2097,DF5B,17,서브스트림 실행 / 런타임 확인 17h 계열 / 서브스트림 복귀,17h 복귀 → DEFC
2098,DEFC~DEFE,13 FC DF,서브스트림 실행 / 런타임 확인 13h 계열 제어토큰,인자 FC DF; 다음 주소 DEFF
2099,DEFF~DF02,14 00 16 22,서브스트림 실행 / 런타임 확인 버퍼·영역 처리,인자 00 16 22; 다음 주소 DF03
2100,DF03~DF06,14 01 3B 00,서브스트림 실행 / 런타임 확인 버퍼·영역 처리,인자 01 3B 00; 다음 주소 DF07
2101,DF07~DF0A,04 2C E0 41,서브스트림 실행 / 런타임 확인 04h 계열 / CAA8 슬롯 포인터 설정,E02C 포인터를 41h 슬롯에 설정; 다음 주소 DF0B
2102,DF0B~DF0E,04 36 E0 42,서브스트림 실행 / 런타임 확인 04h 계열 / CAA8 슬롯 포인터 설정,E036 포인터를 42h 슬롯에 설정; 다음 주소 DF0F
2103,DF0F~DF12,04 40 E0 43,서브스트림 실행 / 런타임 확인 04h 계열 / CAA8 슬롯 포인터 설정,E040 포인터를 43h 슬롯에 설정; 다음 주소 DF13
2104,DF13~DF14,25 2C,서브스트림 실행 / 런타임 확인 25h 계열 / CA1D 입 움직임 효과음 인덱스 설정,CA1D=2C; 다음 주소 DF15
2105,DF15,17,서브스트림 실행 / 런타임 확인 17h 계열 / 서브스트림 복귀,17h 복귀 → DAD6
2106,DABC,41,런타임 확인 41~50h 계열 / CAA8[0] 슬롯 실행,원본 분석표 2122번 DAD6 → 현재 DABC; 슬롯 토큰 41; 다음 본류 DAD7
2107,DABD~DABE,89 8D,패치 슬롯 1193 | 한글 문자 | 이,원본 분석표 2123번 DAD7~DAD8=82 E2(や) → 패치 DABD~DABE=89 8D(이); 번역 48-001/015 · 이 / 토큰 89 8D / KANJI E2D0 / 가나다순 268
2108,DABF~DAC0,89 A1,패치 슬롯 1194 | 한글 문자 | 제,원본 분석표 2124번 DAD9~DADA=82 C1(っ) → 패치 DABF~DAC0=89 A1(제); 번역 48-002/015 · 제 / 토큰 89 A1 / KANJI 6430 / 가나다순 291
2109,DAC1~DAC2,89 6B,패치 슬롯 1195 | 한글 문자 | 야,원본 분석표 2125번 DADB~DADC=82 C6(と) → 패치 DAC1~DAC2=89 6B(야); 번역 48-003/015 · 야 / 토큰 89 6B / KANJI A2C0 / 가나다순 234
2110,DAC3~DAC4,81 40,패치 슬롯 1196 | 전각 공백 | ␠,원본 분석표 2126번 DADD~DADE=81 41(、) → 패치 DAC3~DAC4=81 40(␠); 번역 48-004/015 · ␠ / 토큰 81 40 / PC-88 전각 공백 토큰
2111,DAC5~DAC6,89 F9,패치 슬롯 1197 | 한글 문자 | 겨,원본 분석표 2127번 DADF~DAE0=83 86(ユ) → 패치 DAC5~DAC6=89 F9(겨); 번역 48-005/015 · 겨 / 토큰 89 F9 / KANJI E5B0 / 가나다순 15
2112,DAC7~DAC8,89 81,패치 슬롯 1198 | 한글 문자 | 우,원본 분석표 2128번 DAE1~DAE2=81 5B(ー) → 패치 DAC7~DAC8=89 81(우); 번역 48-006/015 · 우 / 토큰 89 81 / KANJI E210 / 가나다순 256
2113,DAC9~DACA,81 40,패치 슬롯 1199 | 전각 공백 | ␠,원본 분석표 2129번 DAE3~DAE4=83 52(コ) → 패치 DAC9~DACA=81 40(␠); 번역 48-007/015 · ␠ / 토큰 81 40 / PC-88 전각 공백 토큰
2114,DACB~DACC,89 86,패치 슬롯 1200 | 한글 문자 | 유,원본 분석표 2130번 DAE5~DAE6=82 E7(ら) → 패치 DACB~DACC=89 86(유); 번역 48-008/015 · 유 / 토큰 89 86 / KANJI E260 / 가나다순 261
2115,DACD~DACE,89 C5,패치 슬롯 1201 | 한글 문자 | 코,원본 분석표 2131번 DAE7~DAE8=82 B5(し) → 패치 DACD~DACE=89 C5(코); 번역 48-009/015 · 코 / 토큰 89 C5 / KANJI A470 / 가나다순 331
2116,DACF~DAD0,82 E7,패치 슬롯 1202 | 한글 문자 | 다,원본 분석표 2132번 DAE9~DAEA=82 AD(く) → 패치 DACF~DAD0=82 E7(다); 번역 48-010/015 · 다 / 토큰 82 E7 / KANJI 3890 / 가나다순 78
2117,DAD1~DAD2,89 83,패치 슬롯 1203 | 한글 문자 | 워,원본 분석표 2133번 DAEB~DAEC=82 C8(な) → 패치 DAD1~DAD2=89 83(워); 번역 48-011/015 · 워 / 토큰 89 83 / KANJI E230 / 가나다순 258
2118,DAD3~DAD4,89 A2,패치 슬롯 1204 | 한글 문자 | 졌,원본 분석표 2134번 DAED~DAEE=82 C1(っ) → 패치 DAD3~DAD4=89 A2(졌); 번역 48-012/015 · 졌 / 토큰 89 A2 / KANJI 6440 / 가나다순 292
2119,DAD5~DAD6,82 D9,패치 슬롯 1205 | 한글 문자 | 네,원본 분석표 2135번 DAEF~DAF0=82 BD(た) → 패치 DAD5~DAD6=82 D9(네); 번역 48-013/015 · 네 / 토큰 82 D9 / KANJI 29B0 / 가나다순 64
2120,DAD7~DAD8,81 42,패치 슬롯 1206 | 문장부호 | 。,원본 분석표 2138번 DAF5~DAF6 → 현재 DAD7~DAD8; 번역 48-014/015 · 。 / 토큰 81 42 / PC-88 전각 마침표 토큰
2121,DAD9~DADA,81 40,패치 슬롯 1207 | 전각 공백 | ␠,편집기 추가 행; 번역 48-015/015 · ␠ / 토큰 81 40 / PC-88 전각 공백 토큰
2122,DADB,61,런타임 확인 61~70h 계열 / CAA8[0] 작업슬롯 비활성화,원본 분석표 2139번 DAF7 → 현재 DADB; 비활성화 토큰 61; 다음 본류 DAF8
2123,DADC~DADE,16 BF DD,런타임 확인 16h 계열 / 서브스트림 호출·전환 → DDBF,원본 분석표 2140번 DAF8~DAFA → 현재 DADC~DADE; 16h 호출 → DDBF; 복귀 주소 DAFB
2124,DDBF~DDC1,16 D3 DD,서브스트림 실행 / 런타임 확인 16h 계열 / 서브스트림 호출·전환 → DDD3,16h 호출 → DDD3; 복귀 주소 DDC2
2125,DDD3~DDD7,0F 05 2C 04 0E,서브스트림 실행 / 런타임 확인 0Fh 계열 제어토큰,인자 05 2C 04 0E; 다음 주소 DDD8
2126,DDD8~DDDA,16 4D DF,서브스트림 실행 / 런타임 확인 16h 계열 / 서브스트림 호출·전환 → DF4D,16h 호출 → DF4D; 복귀 주소 DDDB
2127,DF4D~DF4F,1E 3C 08,서브스트림 실행 / 런타임 확인 1Eh 계열 / 간접 CALL,호출 대상 083C; 처리 후 다음 주소 DF50
2128,DF50~DF55,05 16 86 3A 9E 00,서브스트림 실행 / 런타임 확인 영역·좌표 상태 설정·전개,인자 16 86 3A 9E 00; 다음 주소 DF56
2129,DF56~DF5A,0E 16 20 24 80,서브스트림 실행 / 런타임 확인 화면·버퍼 초기화·전개,인자 16 20 24 80; 다음 주소 DF5B
2130,DF5B,17,서브스트림 실행 / 런타임 확인 17h 계열 / 서브스트림 복귀,17h 복귀 → DDDB
2131,DDDB~DDDC,25 2B,서브스트림 실행 / 런타임 확인 25h 계열 / CA1D 입 움직임 효과음 인덱스 설정,CA1D=2B; 다음 주소 DDDD
2132,DDDD~DDE0,14 00 16 22,서브스트림 실행 / 런타임 확인 버퍼·영역 처리,인자 00 16 22; 다음 주소 DDE1
2133,DDE1~DDE4,14 01 3B 00,서브스트림 실행 / 런타임 확인 버퍼·영역 처리,인자 01 3B 00; 다음 주소 DDE5
2134,DDE5~DDE8,04 9A E0 44,서브스트림 실행 / 런타임 확인 04h 계열 / CAA8 슬롯 포인터 설정,E09A 포인터를 44h 슬롯에 설정; 다음 주소 DDE9
2135,DDE9~DDEC,04 CC E0 41,서브스트림 실행 / 런타임 확인 04h 계열 / CAA8 슬롯 포인터 설정,E0CC 포인터를 41h 슬롯에 설정; 다음 주소 DDED
2136,DDED~DDF0,04 D6 E0 42,서브스트림 실행 / 런타임 확인 04h 계열 / CAA8 슬롯 포인터 설정,E0D6 포인터를 42h 슬롯에 설정; 다음 주소 DDF1
2137,DDF1,17,서브스트림 실행 / 런타임 확인 17h 계열 / 서브스트림 복귀,17h 복귀 → DDC2
2138,DDC2~DDC5,04 E0 E0 43,서브스트림 실행 / 런타임 확인 04h 계열 / CAA8 슬롯 포인터 설정,E0E0 포인터를 43h 슬롯에 설정; 다음 주소 DDC6
2139,DDC6,42,서브스트림 실행 / 런타임 확인 41~50h 계열 / CAA8[1] 슬롯 실행,슬롯 토큰 42; 다음 주소 DDC7
2140,DDC7~DDC9,13 BC DF,서브스트림 실행 / 런타임 확인 13h 계열 제어토큰,인자 BC DF; 다음 주소 DDCA
2141,DDCA,17,서브스트림 실행 / 런타임 확인 17h 계열 / 서브스트림 복귀,17h 복귀 → DAFB
2142,DADF,43,런타임 확인 41~50h 계열 / CAA8[2] 슬롯 실행,원본 분석표 2159번 DAFB → 현재 DADF; 슬롯 토큰 43; 다음 본류 DAFC
2143,DAE0~DAE1,88 C0,패치 슬롯 1208 | 한글 문자 | 레,원본 분석표 2160번 DAFC~DAFD=83 8C(レ) → 패치 DAE0~DAE1=88 C0(레); 번역 49-001/027 · 레 / 토큰 88 C0 / KANJI A020 / 가나다순 125
2144,DAE2~DAE3,89 8D,패치 슬롯 1209 | 한글 문자 | 이,원본 분석표 2161번 DAFE~DAFF=83 43(イ) → 패치 DAE2~DAE3=89 8D(이); 번역 49-002/027 · 이 / 토큰 89 8D / KANJI E2D0 / 가나다순 268
2145,DAE4~DAE5,89 C5,패치 슬롯 1210 | 한글 문자 | 코,원본 분석표 2162번 DB00~DB01=83 52(コ) → 패치 DAE4~DAE5=89 C5(코); 번역 49-003/027 · 코 / 토큰 89 C5 / KANJI A470 / 가나다순 331
2146,DAE6~DAE7,81 45,패치 슬롯 1211 | 문장부호 | ・,원본 분석표 2163번 DB02~DB03 → 현재 DAE6~DAE7; 번역 49-004/027 · ・ / 토큰 81 45 / PC-88 가운데점 토큰
2147,DAE8~DAE9,81 45,패치 슬롯 1212 | 문장부호 | ・,원본 분석표 2164번 DB04~DB05 → 현재 DAE8~DAE9; 번역 49-005/027 · ・ / 토큰 81 45 / PC-88 가운데점 토큰
2148,DAEA~DAEB,81 45,패치 슬롯 1213 | 문장부호 | ・,원본 분석표 2165번 DB06~DB07 → 현재 DAEA~DAEB; 번역 49-006/027 · ・ / 토큰 81 45 / PC-88 가운데점 토큰
2149,DAEC~DAED,81 42,패치 슬롯 1214 | 문장부호 | 。,원본 분석표 2166번 DB08~DB09 → 현재 DAEC~DAED; 번역 49-007/027 · 。 / 토큰 81 42 / PC-88 전각 마침표 토큰
2150,DAEE~DAEF,82 B1,패치 슬롯 1215 | 한글 문자 | 고,원본 분석표 2167번 DB0A~DB0B=82 A0(あ) → 패치 DAEE~DAEF=82 B1(고); 번역 49-008/027 · 고 / 토큰 82 B1 / KANJI 1930 / 가나다순 21
2151,DAF0~DAF1,88 D1,패치 슬롯 1216 | 한글 문자 | 마,원본 분석표 2168번 DB0C~DB0D=82 E8(り) → 패치 DAF0~DAF1=88 D1(마); 번역 49-009/027 · 마 / 토큰 88 D1 / KANJI A130 / 가나다순 142
2152,DAF2~DAF3,89 83,패치 슬롯 1217 | 한글 문자 | 워,원본 분석표 2169번 DB0E~DB0F=82 AA(が) → 패치 DAF2~DAF3=89 83(워); 번역 49-010/027 · 워 / 토큰 89 83 / KANJI E230 / 가나다순 258
2153,DAF4~DAF5,81 42,패치 슬롯 1218 | 문장부호 | 。,원본 분석표 2170번 DB10~DB11=82 C6(と) → 패치 DAF4~DAF5=81 42(。); 번역 49-011/027 · 。 / 토큰 81 42 / PC-88 전각 마침표 토큰
2154,DAF6~DAF7,8A 63,패치 슬롯 1219 | 한글 문자 | 넌,원본 분석표 2171번 DB12~DB13=82 A4(う) → 패치 DAF6~DAF7=8A 63(넌); 번역 49-012/027 · 넌 / 토큰 8A 63 / KANJI A640 / 가나다순 401
2155,DAF8~DAF9,81 40,패치 슬롯 1220 | 전각 공백 | ␠,원본 분석표 2172번 DB14~DB15=81 42(。) → 패치 DAF8~DAF9=81 40(␠); 번역 49-013/027 · ␠ / 토큰 81 40 / PC-88 전각 공백 토큰
2156,DAFA~DAFB,89 AD,패치 슬롯 1221 | 한글 문자 | 줄,원본 분석표 2173번 DB16~DB17=82 A0(あ) → 패치 DAFA~DAFB=89 AD(줄); 번역 49-014/027 · 줄 / 토큰 89 AD / KANJI 64F0 / 가나다순 303
2157,DAFC~DAFD,89 FB,패치 슬롯 1222 | 한글 문자 | 곧,원본 분석표 2174번 DB18~DB19=82 C8(な) → 패치 DAFC~DAFD=89 FB(곧); 번역 49-015/027 · 곧 / 토큰 89 FB / KANJI E5D0 / 가나다순 22
2158,DAFE~DAFF,81 40,패치 슬롯 1223 | 전각 공백 | ␠,원본 분석표 2175번 DB1A~DB1B=82 BD(た) → 패치 DAFE~DAFF=81 40(␠); 번역 49-016/027 · ␠ / 토큰 81 40 / PC-88 전각 공백 토큰
2159,DB00~DB01,82 D0,패치 슬롯 1224 | 한글 문자 | 날,원본 분석표 2176번 DB1C~DB1D=82 CD(は) → 패치 DB00~DB01=82 D0(날); 번역 49-017/027 · 날 / 토큰 82 D0 / KANJI 2920 / 가나다순 54
2160,DB02~DB03,81 40,패치 슬롯 1225 | 전각 공백 | ␠,원본 분석표 2177번 DB1E~DB1F=83 8F(ワ) → 패치 DB02~DB03=81 40(␠); 번역 49-018/027 · ␠ / 토큰 81 40 / PC-88 전각 공백 토큰
2161,DB04~DB05,89 B3,패치 슬롯 1226 | 한글 문자 | 지,원본 분석표 2178번 DB20~DB21=83 5E(タ) → 패치 DB04~DB05=89 B3(지); 번역 49-019/027 · 지 / 토큰 89 B3 / KANJI 6550 / 가나다순 309
2162,DB06~DB07,89 C4,패치 슬롯 1227 | 한글 문자 | 켜,원본 분석표 2179번 DB22~DB23=83 56(シ) → 패치 DB06~DB07=89 C4(켜); 번역 49-020/027 · 켜 / 토큰 89 C4 / KANJI A460 / 가나다순 330
2163,DB08~DB09,88 F9,패치 슬롯 1228 | 한글 문자 | 봐,원본 분석표 2180번 DB24~DB25=82 F0(を) → 패치 DB08~DB09=88 F9(봐); 번역 49-021/027 · 봐 / 토큰 88 F9 / KANJI E1B0 / 가나다순 184
2164,DB0A~DB0B,89 AA,패치 슬롯 1229 | 한글 문자 | 주,원본 분석표 2181번 DB26~DB27=82 B8(ず) → 패치 DB0A~DB0B=89 AA(주); 번역 49-022/027 · 주 / 토큰 89 AA / KANJI 64C0 / 가나다순 300
2165,DB0C~DB0D,89 6F,패치 슬롯 1230 | 한글 문자 | 었,원본 분석표 2182번 DB28~DB29=82 C1(っ) → 패치 DB0C~DB0D=89 6F(었); 번역 49-023/027 · 었 / 토큰 89 6F / KANJI A300 / 가나다순 238
2166,DB0E~DB0F,82 B7,패치 슬롯 1231 | 한글 문자 | 구,원본 분석표 2183번 DB2A~DB2B=82 C6(と) → 패치 DB0E~DB0F=82 B7(구); 번역 49-024/027 · 구 / 토큰 82 B7 / KANJI 1990 / 가나다순 28
2167,DB10~DB11,82 CE,패치 슬롯 1232 | 한글 문자 | 나,원본 분석표 2184번 DB2C~DB2D=8C A9(見) → 패치 DB10~DB11=82 CE(나); 번역 49-025/027 · 나 / 토큰 82 CE / KANJI 2900 / 가나다순 52
2168,DB12~DB13,81 42,패치 슬롯 1233 | 문장부호 | 。,원본 분석표 2193번 DB3E~DB3F → 현재 DB12~DB13; 번역 49-026/027 · 。 / 토큰 81 42 / PC-88 전각 마침표 토큰
2169,DB14~DB15,81 40,패치 슬롯 1234 | 전각 공백 | ␠,편집기 추가 행; 번역 49-027/027 · ␠ / 토큰 81 40 / PC-88 전각 공백 토큰
2170,DB16,63,런타임 확인 61~70h 계열 / CAA8[2] 작업슬롯 비활성화,원본 분석표 2194번 DB40 → 현재 DB16; 비활성화 토큰 63; 다음 본류 DB41
2171,DB17~DB19,16 A8 DE,런타임 확인 16h 계열 / 서브스트림 호출·전환 → DEA8,원본 분석표 2195번 DB41~DB43 → 현재 DB17~DB19; 16h 호출 → DEA8; 복귀 주소 DB44
2172,DEA8~DEAC,0F 02 28 04 0E,서브스트림 실행 / 런타임 확인 0Fh 계열 제어토큰,인자 02 28 04 0E; 다음 주소 DEAD
2173,DEAD~DEAF,16 4D DF,서브스트림 실행 / 런타임 확인 16h 계열 / 서브스트림 호출·전환 → DF4D,16h 호출 → DF4D; 복귀 주소 DEB0
2174,DF4D~DF4F,1E 3C 08,서브스트림 실행 / 런타임 확인 1Eh 계열 / 간접 CALL,호출 대상 083C; 처리 후 다음 주소 DF50
2175,DF50~DF55,05 16 86 3A 9E 00,서브스트림 실행 / 런타임 확인 영역·좌표 상태 설정·전개,인자 16 86 3A 9E 00; 다음 주소 DF56
2176,DF56~DF5A,0E 16 20 24 80,서브스트림 실행 / 런타임 확인 화면·버퍼 초기화·전개,인자 16 20 24 80; 다음 주소 DF5B
2177,DF5B,17,서브스트림 실행 / 런타임 확인 17h 계열 / 서브스트림 복귀,17h 복귀 → DEB0
2178,DEB0~DEB3,14 00 16 22,서브스트림 실행 / 런타임 확인 버퍼·영역 처리,인자 00 16 22; 다음 주소 DEB4
2179,DEB4~DEB7,14 01 3B 00,서브스트림 실행 / 런타임 확인 버퍼·영역 처리,인자 01 3B 00; 다음 주소 DEB8
2180,DEB8~DEBB,14 02 16 60,서브스트림 실행 / 런타임 확인 버퍼·영역 처리,인자 02 16 60; 다음 주소 DEBC
2181,DEBC~DEBF,04 2C E0 41,서브스트림 실행 / 런타임 확인 04h 계열 / CAA8 슬롯 포인터 설정,E02C 포인터를 41h 슬롯에 설정; 다음 주소 DEC0
2182,DEC0~DEC3,04 36 E0 42,서브스트림 실행 / 런타임 확인 04h 계열 / CAA8 슬롯 포인터 설정,E036 포인터를 42h 슬롯에 설정; 다음 주소 DEC4
2183,DEC4~DEC7,04 4A E0 43,서브스트림 실행 / 런타임 확인 04h 계열 / CAA8 슬롯 포인터 설정,E04A 포인터를 43h 슬롯에 설정; 다음 주소 DEC8
2184,DEC8~DECA,13 FC DF,서브스트림 실행 / 런타임 확인 13h 계열 제어토큰,인자 FC DF; 다음 주소 DECB
2185,DECB~DECC,25 2C,서브스트림 실행 / 런타임 확인 25h 계열 / CA1D 입 움직임 효과음 인덱스 설정,CA1D=2C; 다음 주소 DECD
2186,DECD,17,서브스트림 실행 / 런타임 확인 17h 계열 / 서브스트림 복귀,17h 복귀 → DB44
2187,DB1A,41,런타임 확인 41~50h 계열 / CAA8[0] 슬롯 실행,원본 분석표 2211번 DB44 → 현재 DB1A; 슬롯 토큰 41; 다음 본류 DB45
2188,DB1B,43,런타임 확인 41~50h 계열 / CAA8[2] 슬롯 실행,원본 분석표 2212번 DB45 → 현재 DB1B; 슬롯 토큰 43; 다음 본류 DB46
2189,DB1C~DB1D,8A 79,패치 슬롯 1235 | 한글 문자 | 응,원본 분석표 2213번 DB46~DB47=82 A6(え) → 패치 DB1C~DB1D=8A 79(응); 번역 50-001/003 · 응 / 토큰 8A 79 / KANJI A7A0 / 가나다순 423
2190,DB1E~DB1F,81 42,패치 슬롯 1236 | 문장부호 | 。,원본 분석표 2215번 DB4A~DB4B → 현재 DB1E~DB1F; 번역 50-002/003 · 。 / 토큰 81 42 / PC-88 전각 마침표 토큰
2191,DB20~DB21,81 40,패치 슬롯 1237 | 전각 공백 | ␠,편집기 추가 행; 번역 50-003/003 · ␠ / 토큰 81 40 / PC-88 전각 공백 토큰
2192,DB22,61,런타임 확인 61~70h 계열 / CAA8[0] 작업슬롯 비활성화,원본 분석표 2216번 DB4C → 현재 DB22; 비활성화 토큰 61; 다음 본류 DB4D
2193,DB23~DB25,16 BF DD,런타임 확인 16h 계열 / 서브스트림 호출·전환 → DDBF,원본 분석표 2217번 DB4D~DB4F → 현재 DB23~DB25; 16h 호출 → DDBF; 복귀 주소 DB50
2194,DDBF~DDC1,16 D3 DD,서브스트림 실행 / 런타임 확인 16h 계열 / 서브스트림 호출·전환 → DDD3,16h 호출 → DDD3; 복귀 주소 DDC2
2195,DDD3~DDD7,0F 05 2C 04 0E,서브스트림 실행 / 런타임 확인 0Fh 계열 제어토큰,인자 05 2C 04 0E; 다음 주소 DDD8
2196,DDD8~DDDA,16 4D DF,서브스트림 실행 / 런타임 확인 16h 계열 / 서브스트림 호출·전환 → DF4D,16h 호출 → DF4D; 복귀 주소 DDDB
2197,DF4D~DF4F,1E 3C 08,서브스트림 실행 / 런타임 확인 1Eh 계열 / 간접 CALL,호출 대상 083C; 처리 후 다음 주소 DF50
2198,DF50~DF55,05 16 86 3A 9E 00,서브스트림 실행 / 런타임 확인 영역·좌표 상태 설정·전개,인자 16 86 3A 9E 00; 다음 주소 DF56
2199,DF56~DF5A,0E 16 20 24 80,서브스트림 실행 / 런타임 확인 화면·버퍼 초기화·전개,인자 16 20 24 80; 다음 주소 DF5B
2200,DF5B,17,서브스트림 실행 / 런타임 확인 17h 계열 / 서브스트림 복귀,17h 복귀 → DDDB
2201,DDDB~DDDC,25 2B,서브스트림 실행 / 런타임 확인 25h 계열 / CA1D 입 움직임 효과음 인덱스 설정,CA1D=2B; 다음 주소 DDDD
2202,DDDD~DDE0,14 00 16 22,서브스트림 실행 / 런타임 확인 버퍼·영역 처리,인자 00 16 22; 다음 주소 DDE1
2203,DDE1~DDE4,14 01 3B 00,서브스트림 실행 / 런타임 확인 버퍼·영역 처리,인자 01 3B 00; 다음 주소 DDE5
2204,DDE5~DDE8,04 9A E0 44,서브스트림 실행 / 런타임 확인 04h 계열 / CAA8 슬롯 포인터 설정,E09A 포인터를 44h 슬롯에 설정; 다음 주소 DDE9
2205,DDE9~DDEC,04 CC E0 41,서브스트림 실행 / 런타임 확인 04h 계열 / CAA8 슬롯 포인터 설정,E0CC 포인터를 41h 슬롯에 설정; 다음 주소 DDED
2206,DDED~DDF0,04 D6 E0 42,서브스트림 실행 / 런타임 확인 04h 계열 / CAA8 슬롯 포인터 설정,E0D6 포인터를 42h 슬롯에 설정; 다음 주소 DDF1
2207,DDF1,17,서브스트림 실행 / 런타임 확인 17h 계열 / 서브스트림 복귀,17h 복귀 → DDC2
2208,DDC2~DDC5,04 E0 E0 43,서브스트림 실행 / 런타임 확인 04h 계열 / CAA8 슬롯 포인터 설정,E0E0 포인터를 43h 슬롯에 설정; 다음 주소 DDC6
2209,DDC6,42,서브스트림 실행 / 런타임 확인 41~50h 계열 / CAA8[1] 슬롯 실행,슬롯 토큰 42; 다음 주소 DDC7
2210,DDC7~DDC9,13 BC DF,서브스트림 실행 / 런타임 확인 13h 계열 제어토큰,인자 BC DF; 다음 주소 DDCA
2211,DDCA,17,서브스트림 실행 / 런타임 확인 17h 계열 / 서브스트림 복귀,17h 복귀 → DB50
2212,DB26,43,런타임 확인 41~50h 계열 / CAA8[2] 슬롯 실행,원본 분석표 2236번 DB50 → 현재 DB26; 슬롯 토큰 43; 다음 본류 DB51
2213,DB27~DB28,82 CB,패치 슬롯 1238 | 한글 문자 | 꿈,원본 분석표 2237번 DB51~DB52=96 B2(夢) → 패치 DB27~DB28=82 CB(꿈); 번역 51-001/024 · 꿈 / 토큰 82 CB / KANJI 28D0 / 가나다순 49
2214,DB29~DB2A,89 51,패치 슬롯 1239 | 한글 문자 | 속,원본 분석표 2238번 DB53~DB54=82 CC(の) → 패치 DB29~DB2A=89 51(속); 번역 51-002/024 · 속 / 토큰 89 51 / KANJI 6320 / 가나다순 205
2215,DB2B~DB2C,89 70,패치 슬롯 1240 | 한글 문자 | 에,원본 분석표 2239번 DB55~DB56=92 86(中) → 패치 DB2B~DB2C=89 70(에); 번역 51-003/024 · 에 / 토큰 89 70 / KANJI A310 / 가나다순 239
2216,DB2D~DB2E,89 49,패치 슬롯 1241 | 한글 문자 | 서,원본 분석표 2240번 DB57~DB58=82 C5(で) → 패치 DB2D~DB2E=89 49(서); 번역 51-004/024 · 서 / 토큰 89 49 / KANJI 62A0 / 가나다순 197
2217,DB2F~DB30,81 40,패치 슬롯 1242 | 전각 공백 | ␠,원본 분석표 2241번 DB59~DB5A=83 8F(ワ) → 패치 DB2F~DB30=81 40(␠); 번역 51-005/024 · ␠ / 토큰 81 40 / PC-88 전각 공백 토큰
2218,DB31~DB32,82 CE,패치 슬롯 1243 | 한글 문자 | 나,원본 분석표 2242번 DB5B~DB5C=83 5E(タ) → 패치 DB31~DB32=82 CE(나); 번역 51-006/024 · 나 / 토큰 82 CE / KANJI 2900 / 가나다순 52
2219,DB33~DB34,89 70,패치 슬롯 1244 | 한글 문자 | 에,원본 분석표 2243번 DB5D~DB5E=83 56(シ) → 패치 DB33~DB34=89 70(에); 번역 51-007/024 · 에 / 토큰 89 70 / KANJI A310 / 가나다순 239
2220,DB35~DB36,82 AB,패치 슬롯 1245 | 한글 문자 | 게,원본 분석표 2244번 DB5F~DB60=82 C9(に) → 패치 DB35~DB36=82 AB(게); 번역 51-008/024 · 게 / 토큰 82 AB / KANJI 18D0 / 가나다순 13
2221,DB37~DB38,81 40,패치 슬롯 1246 | 전각 공백 | ␠,원본 분석표 2245번 DB61~DB62=8C EA(語) → 패치 DB37~DB38=81 40(␠); 번역 51-009/024 · ␠ / 토큰 81 40 / PC-88 전각 공백 토큰
2222,DB39~DB3A,88 D3,패치 슬롯 1247 | 한글 문자 | 말,원본 분석표 2246번 DB63~DB64=82 E8(り) → 패치 DB39~DB3A=88 D3(말); 번역 51-010/024 · 말 / 토큰 88 D3 / KANJI A150 / 가나다순 145
2223,DB3B~DB3C,89 8A,패치 슬롯 1248 | 한글 문자 | 을,원본 분석표 2247번 DB65~DB66=82 A9(か) → 패치 DB3B~DB3C=89 8A(을); 번역 51-011/024 · 을 / 토큰 89 8A / KANJI E2A0 / 가나다순 265
2224,DB3D~DB3E,81 40,패치 슬롯 1249 | 전각 공백 | ␠,원본 분석표 2248번 DB67~DB68=82 AF(け) → 패치 DB3D~DB3E=81 40(␠); 번역 51-012/024 · ␠ / 토큰 81 40 / PC-88 전각 공백 토큰
2225,DB3F~DB40,82 A8,패치 슬롯 1250 | 한글 문자 | 걸,원본 분석표 2249번 DB69~DB6A=82 C4(て) → 패치 DB3F~DB40=82 A8(걸); 번역 51-013/024 · 걸 / 토큰 82 A8 / KANJI 18A0 / 가나다순 10
2226,DB41~DB42,89 6C,패치 슬롯 1251 | 한글 문자 | 어,원본 분석표 2250번 DB6B~DB6C=82 AD(く) → 패치 DB41~DB42=89 6C(어); 번역 51-014/024 · 어 / 토큰 89 6C / KANJI A2D0 / 가나다순 235
2227,DB43~DB44,89 AC,패치 슬롯 1252 | 한글 문자 | 준,원본 분석표 2251번 DB6D~DB6E=82 EA(れ) → 패치 DB43~DB44=89 AC(준); 번역 51-015/024 · 준 / 토큰 89 AC / KANJI 64E0 / 가나다순 302
2228,DB45~DB46,81 40,패치 슬롯 1253 | 전각 공백 | ␠,원본 분석표 2252번 DB6F~DB70=82 BD(た) → 패치 DB45~DB46=81 40(␠); 번역 51-016/024 · ␠ / 토큰 81 40 / PC-88 전각 공백 토큰
2229,DB47~DB48,82 AA,패치 슬롯 1254 | 한글 문자 | 것,원본 분석표 2253번 DB71~DB72=82 C5(で) → 패치 DB47~DB48=82 AA(것); 번역 51-017/024 · 것 / 토큰 82 AA / KANJI 18C0 / 가나다순 12
2230,DB49~DB4A,82 F1,패치 슬롯 1255 | 한글 문자 | 도,원본 분석표 2254번 DB73~DB74=82 B5(し) → 패치 DB49~DB4A=82 F1(도); 번역 51-018/024 · 도 / 토큰 82 F1 / KANJI 3930 / 가나다순 89
2231,DB4B~DB4C,82 D6,패치 슬롯 1256 | 한글 문자 | 너,원본 분석표 2256번 DB77~DB78=82 A4(う) → 패치 DB4B~DB4C=82 D6(너); 번역 51-019/024 · 너 / 토큰 82 D6 / KANJI 2980 / 가나다순 60
2232,DB4D~DB4E,89 75,패치 슬롯 1257 | 한글 문자 | 였,편집기 추가 행; 번역 51-020/024 · 였 / 토큰 89 75 / KANJI A360 / 가나다순 244
2233,DB4F~DB50,82 B7,패치 슬롯 1258 | 한글 문자 | 구,편집기 추가 행; 번역 51-021/024 · 구 / 토큰 82 B7 / KANJI 1990 / 가나다순 28
2234,DB51~DB52,82 CE,패치 슬롯 1259 | 한글 문자 | 나,편집기 추가 행; 번역 51-022/024 · 나 / 토큰 82 CE / KANJI 2900 / 가나다순 52
2235,DB53~DB54,81 42,패치 슬롯 1260 | 문장부호 | 。,원본 분석표 2257번 DB79~DB7A → 현재 DB53~DB54; 번역 51-023/024 · 。 / 토큰 81 42 / PC-88 전각 마침표 토큰
2236,DB55~DB56,81 40,패치 슬롯 1261 | 전각 공백 | ␠,편집기 추가 행; 번역 51-024/024 · ␠ / 토큰 81 40 / PC-88 전각 공백 토큰
2237,DB57,63,런타임 확인 61~70h 계열 / CAA8[2] 작업슬롯 비활성화,원본 분석표 2258번 DB7B → 현재 DB57; 비활성화 토큰 63; 다음 본류 DB7C
2238,DB58~DB5A,16 81 DE,런타임 확인 16h 계열 / 서브스트림 호출·전환 → DE81,원본 분석표 2259번 DB7C~DB7E → 현재 DB58~DB5A; 16h 호출 → DE81; 복귀 주소 DB7F
2239,DE81~DE85,0F 02 28 04 0E,서브스트림 실행 / 런타임 확인 0Fh 계열 제어토큰,인자 02 28 04 0E; 다음 주소 DE86
2240,DE86~DE88,16 4D DF,서브스트림 실행 / 런타임 확인 16h 계열 / 서브스트림 호출·전환 → DF4D,16h 호출 → DF4D; 복귀 주소 DE89
2241,DF4D~DF4F,1E 3C 08,서브스트림 실행 / 런타임 확인 1Eh 계열 / 간접 CALL,호출 대상 083C; 처리 후 다음 주소 DF50
2242,DF50~DF55,05 16 86 3A 9E 00,서브스트림 실행 / 런타임 확인 영역·좌표 상태 설정·전개,인자 16 86 3A 9E 00; 다음 주소 DF56
2243,DF56~DF5A,0E 16 20 24 80,서브스트림 실행 / 런타임 확인 화면·버퍼 초기화·전개,인자 16 20 24 80; 다음 주소 DF5B
2244,DF5B,17,서브스트림 실행 / 런타임 확인 17h 계열 / 서브스트림 복귀,17h 복귀 → DE89
2245,DE89~DE8C,14 00 16 22,서브스트림 실행 / 런타임 확인 버퍼·영역 처리,인자 00 16 22; 다음 주소 DE8D
2246,DE8D~DE90,14 01 3B 00,서브스트림 실행 / 런타임 확인 버퍼·영역 처리,인자 01 3B 00; 다음 주소 DE91
2247,DE91~DE94,14 02 16 60,서브스트림 실행 / 런타임 확인 버퍼·영역 처리,인자 02 16 60; 다음 주소 DE95
2248,DE95~DE98,04 2C E0 41,서브스트림 실행 / 런타임 확인 04h 계열 / CAA8 슬롯 포인터 설정,E02C 포인터를 41h 슬롯에 설정; 다음 주소 DE99
2249,DE99~DE9C,04 54 E0 42,서브스트림 실행 / 런타임 확인 04h 계열 / CAA8 슬롯 포인터 설정,E054 포인터를 42h 슬롯에 설정; 다음 주소 DE9D
2250,DE9D~DEA0,04 5E E0 43,서브스트림 실행 / 런타임 확인 04h 계열 / CAA8 슬롯 포인터 설정,E05E 포인터를 43h 슬롯에 설정; 다음 주소 DEA1
2251,DEA1,42,서브스트림 실행 / 런타임 확인 41~50h 계열 / CAA8[1] 슬롯 실행,슬롯 토큰 42; 다음 주소 DEA2
2252,DEA2~DEA4,13 FC DF,서브스트림 실행 / 런타임 확인 13h 계열 제어토큰,인자 FC DF; 다음 주소 DEA5
2253,DEA5~DEA6,25 2C,서브스트림 실행 / 런타임 확인 25h 계열 / CA1D 입 움직임 효과음 인덱스 설정,CA1D=2C; 다음 주소 DEA7
2254,DEA7,17,서브스트림 실행 / 런타임 확인 17h 계열 / 서브스트림 복귀,17h 복귀 → DB7F
2255,DB5B,41,런타임 확인 41~50h 계열 / CAA8[0] 슬롯 실행,원본 분석표 2276번 DB7F → 현재 DB5B; 슬롯 토큰 41; 다음 본류 DB80
2256,DB5C~DB5D,89 86,패치 슬롯 1262 | 한글 문자 | 유,원본 분석표 2277번 DB80~DB81=83 86(ユ) → 패치 DB5C~DB5D=89 86(유); 번역 52-001/007 · 유 / 토큰 89 86 / KANJI E260 / 가나다순 261
2257,DB5E~DB5F,89 C5,패치 슬롯 1263 | 한글 문자 | 코,원본 분석표 2278번 DB82~DB83=81 5B(ー) → 패치 DB5E~DB5F=89 C5(코); 번역 52-002/007 · 코 / 토큰 89 C5 / KANJI A470 / 가나다순 331
2258,DB60~DB61,81 45,패치 슬롯 1264 | 문장부호 | ・,원본 분석표 2280번 DB86~DB87 → 현재 DB60~DB61; 번역 52-003/007 · ・ / 토큰 81 45 / PC-88 가운데점 토큰
2259,DB62,43,런타임 확인 41~50h 계열 / CAA8[2] 슬롯 실행,원본 분석표 2281번 DB88 → 현재 DB62; 슬롯 토큰 43; 다음 본류 DB89
2260,DB63~DB64,81 45,패치 슬롯 1265 | 문장부호 | ・,원본 분석표 2282번 DB89~DB8A → 현재 DB63~DB64; 번역 52-004/007 · ・ / 토큰 81 45 / PC-88 가운데점 토큰
2261,DB65~DB66,81 45,패치 슬롯 1266 | 문장부호 | ・,원본 분석표 2283번 DB8B~DB8C → 현재 DB65~DB66; 번역 52-005/007 · ・ / 토큰 81 45 / PC-88 가운데점 토큰
2262,DB67~DB68,81 42,패치 슬롯 1267 | 문장부호 | 。,원본 분석표 2284번 DB8D~DB8E → 현재 DB67~DB68; 번역 52-006/007 · 。 / 토큰 81 42 / PC-88 전각 마침표 토큰
2263,DB69~DB6A,81 40,패치 슬롯 1268 | 전각 공백 | ␠,편집기 추가 행; 번역 52-007/007 · ␠ / 토큰 81 40 / PC-88 전각 공백 토큰
2264,DB6B,61,런타임 확인 61~70h 계열 / CAA8[0] 작업슬롯 비활성화,원본 분석표 2285번 DB8F → 현재 DB6B; 비활성화 토큰 61; 다음 본류 DB90
2265,DB6C~DB6E,16 CB DD,런타임 확인 16h 계열 / 서브스트림 호출·전환 → DDCB,원본 분석표 2286번 DB90~DB92 → 현재 DB6C~DB6E; 16h 호출 → DDCB; 복귀 주소 DB93
2266,DDCB~DDCD,16 D3 DD,서브스트림 실행 / 런타임 확인 16h 계열 / 서브스트림 호출·전환 → DDD3,16h 호출 → DDD3; 복귀 주소 DDCE
2267,DDD3~DDD7,0F 05 2C 04 0E,서브스트림 실행 / 런타임 확인 0Fh 계열 제어토큰,인자 05 2C 04 0E; 다음 주소 DDD8
2268,DDD8~DDDA,16 4D DF,서브스트림 실행 / 런타임 확인 16h 계열 / 서브스트림 호출·전환 → DF4D,16h 호출 → DF4D; 복귀 주소 DDDB
2269,DF4D~DF4F,1E 3C 08,서브스트림 실행 / 런타임 확인 1Eh 계열 / 간접 CALL,호출 대상 083C; 처리 후 다음 주소 DF50
2270,DF50~DF55,05 16 86 3A 9E 00,서브스트림 실행 / 런타임 확인 영역·좌표 상태 설정·전개,인자 16 86 3A 9E 00; 다음 주소 DF56
2271,DF56~DF5A,0E 16 20 24 80,서브스트림 실행 / 런타임 확인 화면·버퍼 초기화·전개,인자 16 20 24 80; 다음 주소 DF5B
2272,DF5B,17,서브스트림 실행 / 런타임 확인 17h 계열 / 서브스트림 복귀,17h 복귀 → DDDB
2273,DDDB~DDDC,25 2B,서브스트림 실행 / 런타임 확인 25h 계열 / CA1D 입 움직임 효과음 인덱스 설정,CA1D=2B; 다음 주소 DDDD
2274,DDDD~DDE0,14 00 16 22,서브스트림 실행 / 런타임 확인 버퍼·영역 처리,인자 00 16 22; 다음 주소 DDE1
2275,DDE1~DDE4,14 01 3B 00,서브스트림 실행 / 런타임 확인 버퍼·영역 처리,인자 01 3B 00; 다음 주소 DDE5
2276,DDE5~DDE8,04 9A E0 44,서브스트림 실행 / 런타임 확인 04h 계열 / CAA8 슬롯 포인터 설정,E09A 포인터를 44h 슬롯에 설정; 다음 주소 DDE9
2277,DDE9~DDEC,04 CC E0 41,서브스트림 실행 / 런타임 확인 04h 계열 / CAA8 슬롯 포인터 설정,E0CC 포인터를 41h 슬롯에 설정; 다음 주소 DDED
2278,DDED~DDF0,04 D6 E0 42,서브스트림 실행 / 런타임 확인 04h 계열 / CAA8 슬롯 포인터 설정,E0D6 포인터를 42h 슬롯에 설정; 다음 주소 DDF1
2279,DDF1,17,서브스트림 실행 / 런타임 확인 17h 계열 / 서브스트림 복귀,17h 복귀 → DDCE
2280,DDCE,41,서브스트림 실행 / 런타임 확인 41~50h 계열 / CAA8[0] 슬롯 실행,슬롯 토큰 41; 다음 주소 DDCF
2281,DDCF~DDD1,13 BC DF,서브스트림 실행 / 런타임 확인 13h 계열 제어토큰,인자 BC DF; 다음 주소 DDD2
2282,DDD2,17,서브스트림 실행 / 런타임 확인 17h 계열 / 서브스트림 복귀,17h 복귀 → DB93
2283,DB6F,44,런타임 확인 41~50h 계열 / CAA8[3] 슬롯 실행,원본 분석표 2304번 DB93 → 현재 DB6F; 슬롯 토큰 44; 다음 본류 DB94
2284,DB70~DB71,82 CF,패치 슬롯 1269 | 한글 문자 | 난,원본 분석표 2305번 DB94~DB95=90 53(心) → 패치 DB70~DB71=82 CF(난); 번역 53-001/045 · 난 / 토큰 82 CF / KANJI 2910 / 가나다순 53
2285,DB72~DB73,81 40,패치 슬롯 1270 | 전각 공백 | ␠,원본 분석표 2306번 DB96~DB97=94 7A(配) → 패치 DB72~DB73=81 40(␠); 번역 53-002/045 · ␠ / 토큰 81 40 / PC-88 전각 공백 토큰
2286,DB74~DB75,89 8D,패치 슬롯 1271 | 한글 문자 | 이,원본 분석표 2307번 DB98~DB99=82 B5(し) → 패치 DB74~DB75=89 8D(이); 번역 53-003/045 · 이 / 토큰 89 8D / KANJI E2D0 / 가나다순 268
2287,DB76~DB77,89 A1,패치 슬롯 1272 | 한글 문자 | 제,원본 분석표 2308번 DB9A~DB9B=82 C8(な) → 패치 DB76~DB77=89 A1(제); 번역 53-004/045 · 제 / 토큰 89 A1 / KANJI 6430 / 가나다순 291
2288,DB78~DB79,81 40,패치 슬롯 1273 | 전각 공백 | ␠,원본 분석표 2309번 DB9C~DB9D=82 A2(い) → 패치 DB78~DB79=81 40(␠); 번역 53-005/045 · ␠ / 토큰 81 40 / PC-88 전각 공백 토큰
2289,DB7A~DB7B,8A 86,패치 슬롯 1274 | 한글 문자 | 괜,원본 분석표 2310번 DB9E~DB9F=82 C5(で) → 패치 DB7A~DB7B=8A 86(괜); 번역 53-006/045 · 괜 / 토큰 8A 86 / KANJI E660 / 가나다순 435
2290,DB7C~DB7D,8A AC,패치 슬롯 1275 | 한글 문자 | 찮,원본 분석표 2311번 DBA0~DBA1=81 41(、) → 패치 DB7C~DB7D=8A AC(찮); 번역 53-007/045 · 찮 / 토큰 8A AC / KANJI 68E0 / 가나다순 473
2291,DB7E~DB7F,89 88,패치 슬롯 1276 | 한글 문자 | 으,원본 분석표 2312번 DBA2~DBA3=83 8F(ワ) → 패치 DB7E~DB7F=89 88(으); 번역 53-008/045 · 으 / 토큰 89 88 / KANJI E280 / 가나다순 263
2292,DB80~DB81,82 E4,패치 슬롯 1277 | 한글 문자 | 니,원본 분석표 2313번 DBA4~DBA5=83 5E(タ) → 패치 DB80~DB81=82 E4(니); 번역 53-009/045 · 니 / 토큰 82 E4 / KANJI 3860 / 가나다순 75
2293,DB82~DB83,82 C4,패치 슬롯 1278 | 한글 문자 | 까,원본 분석표 2314번 DBA6~DBA7=83 56(シ) → 패치 DB82~DB83=82 C4(까); 번역 53-010/045 · 까 / 토큰 82 C4 / KANJI 2860 / 가나다순 42
2294,DB84~DB85,81 40,패치 슬롯 1279 | 전각 공백 | ␠,원본 분석표 2315번 DBA8~DBA9=82 CD(は) → 패치 DB84~DB85=81 40(␠); 번역 53-011/045 · ␠ / 토큰 81 40 / PC-88 전각 공백 토큰
2295,DB86~DB87,8A 85,패치 슬롯 1280 | 한글 문자 | 걱,원본 분석표 2316번 DBAA~DBAB=82 E0(も) → 패치 DB86~DB87=8A 85(걱); 번역 53-012/045 · 걱 / 토큰 8A 85 / KANJI E650 / 가나다순 434
2296,DB88~DB89,89 A0,패치 슬롯 1281 | 한글 문자 | 정,원본 분석표 2317번 DBAC~DBAD=82 A4(う) → 패치 DB88~DB89=89 A0(정); 번역 53-013/045 · 정 / 토큰 89 A0 / KANJI 6420 / 가나다순 290
2297,DB8A~DB8B,89 E2,패치 슬롯 1282 | 한글 문자 | 하,원본 분석표 2318번 DBAE~DBAF=91 E5(大) → 패치 DB8A~DB8B=89 E2(하); 번역 53-014/045 · 하 / 토큰 89 E2 / KANJI E440 / 가나다순 362
2298,DB8C~DB8D,89 B3,패치 슬롯 1283 | 한글 문자 | 지,원본 분석표 2319번 DBB0~DBB1=8F E4(丈) → 패치 DB8C~DB8D=89 B3(지); 번역 53-015/045 · 지 / 토큰 89 B3 / KANJI 6550 / 가나다순 309
2299,DB8E~DB8F,81 40,패치 슬롯 1284 | 전각 공백 | ␠,원본 분석표 2320번 DBB2~DBB3=95 76(夫) → 패치 DB8E~DB8F=81 40(␠); 번역 53-016/045 · ␠ / 토큰 81 40 / PC-88 전각 공백 토큰
2300,DB90~DB91,88 D1,패치 슬롯 1285 | 한글 문자 | 마,원본 분석표 2321번 DBB4~DBB5=81 42(。) → 패치 DB90~DB91=88 D1(마); 번역 53-017/045 · 마 / 토큰 88 D1 / KANJI A130 / 가나다순 142
2301,DB92~DB93,81 42,패치 슬롯 1286 | 문장부호 | 。,원본 분석표 2322번 DBB6~DBB7=83 94(ヴ) → 패치 DB92~DB93=81 42(。); 번역 53-018/045 · 。 / 토큰 81 42 / PC-88 전각 마침표 토큰
2302,DB94~DB95,88 E9,패치 슬롯 1287 | 한글 문자 | 바,원본 분석표 2323번 DBB8~DBB9=83 40(ァ) → 패치 DB94~DB95=88 E9(바); 번역 53-019/045 · 바 / 토큰 88 E9 / KANJI E0B0 / 가나다순 168
2303,DB96~DB97,88 CC,패치 슬롯 1288 | 한글 문자 | 리,원본 분석표 2324번 DBBA~DBBB=83 8A(リ) → 패치 DB96~DB97=88 CC(리); 번역 53-020/045 · 리 / 토큰 88 CC / KANJI A0E0 / 가나다순 137
2304,DB98~DB99,89 56,패치 슬롯 1289 | 한글 문자 | 스,원본 분석표 2325번 DBBC~DBBD=83 58(ス) → 패치 DB98~DB99=89 56(스); 번역 53-021/045 · 스 / 토큰 89 56 / KANJI 6370 / 가나다순 211
2305,DB9A~DB9B,89 8C,패치 슬롯 1290 | 한글 문자 | 의,원본 분석표 2326번 DBBE~DBBF=82 CC(の) → 패치 DB9A~DB9B=89 8C(의); 번역 53-022/045 · 의 / 토큰 89 8C / KANJI E2C0 / 가나다순 267
2306,DB9C~DB9D,81 40,패치 슬롯 1291 | 전각 공백 | ␠,원본 분석표 2327번 DBC0~DBC1=90 ED(戦) → 패치 DB9C~DB9D=81 40(␠); 번역 53-023/045 · ␠ / 토큰 81 40 / PC-88 전각 공백 토큰
2307,DB9E~DB9F,89 9D,패치 슬롯 1292 | 한글 문자 | 전,원본 분석표 2328번 DBC2~DBC3=8E 6D(士) → 패치 DB9E~DB9F=89 9D(전); 번역 53-024/045 · 전 / 토큰 89 9D / KANJI E3D0 / 가나다순 287
2308,DBA0~DBA1,89 43,패치 슬롯 1293 | 한글 문자 | 사,원본 분석표 2329번 DBC4~DBC5=82 C6(と) → 패치 DBA0~DBA1=89 43(사); 번역 53-025/045 · 사 / 토큰 89 43 / KANJI 6240 / 가나다순 191
2309,DBA2~DBA3,88 C5,패치 슬롯 1294 | 한글 문자 | 로,원본 분석표 2330번 DBC6~DBC7=82 B5(し) → 패치 DBA2~DBA3=88 C5(로); 번역 53-026/045 · 로 / 토큰 88 C5 / KANJI A070 / 가나다순 130
2310,DBA4~DBA5,89 49,패치 슬롯 1295 | 한글 문자 | 서,원본 분석표 2331번 DBC8~DBC9=82 C4(て) → 패치 DBA4~DBA5=89 49(서); 번역 53-027/045 · 서 / 토큰 89 49 / KANJI 62A0 / 가나다순 197
2311,DBA6~DBA7,81 40,패치 슬롯 1296 | 전각 공백 | ␠,원본 분석표 2332번 DBCA~DBCB=95 4B(必) → 패치 DBA6~DBA7=81 40(␠); 번역 53-028/045 · ␠ / 토큰 81 40 / PC-88 전각 공백 토큰
2312,DBA8~DBA9,88 EA,패치 슬롯 1297 | 한글 문자 | 반,원본 분석표 2333번 DBCC~DBCD=82 B8(ず) → 패치 DBA8~DBA9=88 EA(반); 번역 53-029/045 · 반 / 토큰 88 EA / KANJI E0C0 / 가나다순 169
2313,DBAA~DBAB,88 A8,패치 슬롯 1298 | 한글 문자 | 드,원본 분석표 2334번 DBCE~DBCF=83 81(メ) → 패치 DBAA~DBAB=88 A8(드); 번역 53-030/045 · 드 / 토큰 88 A8 / KANJI 60A0 / 가나다순 100
2314,DBAC~DBAD,89 5A,패치 슬롯 1299 | 한글 문자 | 시,원본 분석표 2335번 DBD0~DBD1=83 4B(ガ) → 패치 DBAC~DBAD=89 5A(시); 번역 53-031/045 · 시 / 토큰 89 5A / KANJI 63B0 / 가나다순 215
2315,DBAE~DBAF,81 40,패치 슬롯 1300 | 전각 공백 | ␠,원본 분석표 2336번 DBD2~DBD3=83 58(ス) → 패치 DBAE~DBAF=81 40(␠); 번역 53-032/045 · ␠ / 토큰 81 40 / PC-88 전각 공백 토큰
2316,DBB0~DBB1,88 DA,패치 슬롯 1301 | 한글 문자 | 메,원본 분석표 2337번 DBD4~DBD5=82 F0(を) → 패치 DBB0~DBB1=88 DA(메); 번역 53-033/045 · 메 / 토큰 88 DA / KANJI A1C0 / 가나다순 152
2317,DBB2~DBB3,82 9F,패치 슬롯 1302 | 한글 문자 | 가,원본 분석표 2338번 DBD6~DBD7=93 7C(倒) → 패치 DBB2~DBB3=82 9F(가); 번역 53-034/045 · 가 / 토큰 82 9F / KANJI 1810 / 가나다순 1
2318,DBB4~DBB5,89 56,패치 슬롯 1303 | 한글 문자 | 스,원본 분석표 2339번 DBD8~DBD9=82 B7(す) → 패치 DBB4~DBB5=89 56(스); 번역 53-035/045 · 스 / 토큰 89 56 / KANJI 6370 / 가나다순 211
2319,DBB6~DBB7,88 CA,패치 슬롯 1304 | 한글 문자 | 를,원본 분석표 2340번 DBDA~DBDB=82 ED(わ) → 패치 DBB6~DBB7=88 CA(를); 번역 53-036/045 · 를 / 토큰 88 CA / KANJI A0C0 / 가나다순 135
2320,DBB8~DBB9,89 5F,패치 슬롯 1305 | 한글 문자 | 쓰,편집기 추가 행; 번역 53-037/045 · 쓰 / 토큰 89 5F / KANJI A200 / 가나다순 222
2321,DBBA~DBBB,88 BB,패치 슬롯 1306 | 한글 문자 | 러,편집기 추가 행; 번역 53-038/045 · 러 / 토큰 88 BB / KANJI 61D0 / 가나다순 120
2322,DBBC~DBBD,88 B3,패치 슬롯 1307 | 한글 문자 | 뜨,편집기 추가 행; 번역 53-039/045 · 뜨 / 토큰 88 B3 / KANJI 6150 / 가나다순 111
2323,DBBE~DBBF,88 CE,패치 슬롯 1308 | 한글 문자 | 릴,편집기 추가 행; 번역 53-040/045 · 릴 / 토큰 88 CE / KANJI A100 / 가나다순 139
2324,DBC0~DBC1,81 40,패치 슬롯 1309 | 전각 공백 | ␠,편집기 추가 행; 번역 53-041/045 · ␠ / 토큰 81 40 / PC-88 전각 공백 토큰
2325,DBC2~DBC3,82 A6,패치 슬롯 1310 | 한글 문자 | 거,편집기 추가 행; 번역 53-042/045 · 거 / 토큰 82 A6 / KANJI 1880 / 가나다순 8
2326,DBC4~DBC5,89 6B,패치 슬롯 1311 | 한글 문자 | 야,편집기 추가 행; 번역 53-043/045 · 야 / 토큰 89 6B / KANJI A2C0 / 가나다순 234
2327,DBC6~DBC7,81 42,패치 슬롯 1312 | 문장부호 | 。,원본 분석표 2341번 DBDC~DBDD → 현재 DBC6~DBC7; 번역 53-044/045 · 。 / 토큰 81 42 / PC-88 전각 마침표 토큰
2328,DBC8~DBC9,81 40,패치 슬롯 1313 | 전각 공백 | ␠,편집기 추가 행; 번역 53-045/045 · ␠ / 토큰 81 40 / PC-88 전각 공백 토큰
2329,DBCA,64,런타임 확인 61~70h 계열 / CAA8[3] 작업슬롯 비활성화,원본 분석표 2342번 DBDE → 현재 DBCA; 비활성화 토큰 64; 다음 본류 DBDF
2330,DBCB~DBCD,16 81 DE,런타임 확인 16h 계열 / 서브스트림 호출·전환 → DE81,원본 분석표 2343번 DBDF~DBE1 → 현재 DBCB~DBCD; 16h 호출 → DE81; 복귀 주소 DBE2
2331,DE81~DE85,0F 02 28 04 0E,서브스트림 실행 / 런타임 확인 0Fh 계열 제어토큰,인자 02 28 04 0E; 다음 주소 DE86
2332,DE86~DE88,16 4D DF,서브스트림 실행 / 런타임 확인 16h 계열 / 서브스트림 호출·전환 → DF4D,16h 호출 → DF4D; 복귀 주소 DE89
2333,DF4D~DF4F,1E 3C 08,서브스트림 실행 / 런타임 확인 1Eh 계열 / 간접 CALL,호출 대상 083C; 처리 후 다음 주소 DF50
2334,DF50~DF55,05 16 86 3A 9E 00,서브스트림 실행 / 런타임 확인 영역·좌표 상태 설정·전개,인자 16 86 3A 9E 00; 다음 주소 DF56
2335,DF56~DF5A,0E 16 20 24 80,서브스트림 실행 / 런타임 확인 화면·버퍼 초기화·전개,인자 16 20 24 80; 다음 주소 DF5B
2336,DF5B,17,서브스트림 실행 / 런타임 확인 17h 계열 / 서브스트림 복귀,17h 복귀 → DE89
2337,DE89~DE8C,14 00 16 22,서브스트림 실행 / 런타임 확인 버퍼·영역 처리,인자 00 16 22; 다음 주소 DE8D
2338,DE8D~DE90,14 01 3B 00,서브스트림 실행 / 런타임 확인 버퍼·영역 처리,인자 01 3B 00; 다음 주소 DE91
2339,DE91~DE94,14 02 16 60,서브스트림 실행 / 런타임 확인 버퍼·영역 처리,인자 02 16 60; 다음 주소 DE95
2340,DE95~DE98,04 2C E0 41,서브스트림 실행 / 런타임 확인 04h 계열 / CAA8 슬롯 포인터 설정,E02C 포인터를 41h 슬롯에 설정; 다음 주소 DE99
2341,DE99~DE9C,04 54 E0 42,서브스트림 실행 / 런타임 확인 04h 계열 / CAA8 슬롯 포인터 설정,E054 포인터를 42h 슬롯에 설정; 다음 주소 DE9D
2342,DE9D~DEA0,04 5E E0 43,서브스트림 실행 / 런타임 확인 04h 계열 / CAA8 슬롯 포인터 설정,E05E 포인터를 43h 슬롯에 설정; 다음 주소 DEA1
2343,DEA1,42,서브스트림 실행 / 런타임 확인 41~50h 계열 / CAA8[1] 슬롯 실행,슬롯 토큰 42; 다음 주소 DEA2
2344,DEA2~DEA4,13 FC DF,서브스트림 실행 / 런타임 확인 13h 계열 제어토큰,인자 FC DF; 다음 주소 DEA5
2345,DEA5~DEA6,25 2C,서브스트림 실행 / 런타임 확인 25h 계열 / CA1D 입 움직임 효과음 인덱스 설정,CA1D=2C; 다음 주소 DEA7
2346,DEA7,17,서브스트림 실행 / 런타임 확인 17h 계열 / 서브스트림 복귀,17h 복귀 → DBE2
2347,DBCE,41,런타임 확인 41~50h 계열 / CAA8[0] 슬롯 실행,원본 분석표 2360번 DBE2 → 현재 DBCE; 슬롯 토큰 41; 다음 본류 DBE3
2348,DBCF~DBD0,89 86,패치 슬롯 1314 | 한글 문자 | 유,원본 분석표 2361번 DBE3~DBE4=83 86(ユ) → 패치 DBCF~DBD0=89 86(유); 번역 54-001/023 · 유 / 토큰 89 86 / KANJI E260 / 가나다순 261
2349,DBD1~DBD2,89 C5,패치 슬롯 1315 | 한글 문자 | 코,원본 분석표 2362번 DBE5~DBE6=81 5B(ー) → 패치 DBD1~DBD2=89 C5(코); 번역 54-002/023 · 코 / 토큰 89 C5 / KANJI A470 / 가나다순 331
2350,DBD3~DBD4,81 41,패치 슬롯 1316 | 문장부호 | 、,원본 분석표 2363번 DBE7~DBE8=83 52(コ) → 패치 DBD3~DBD4=81 41(、); 번역 54-003/023 · 、 / 토큰 81 41 / PC-88 전각 쉼표 토큰
2351,DBD5~DBD6,89 F8,패치 슬롯 1317 | 한글 문자 | 힘,원본 분석표 2364번 DBE9~DBEA=81 41(、) → 패치 DBD5~DBD6=89 F8(힘); 번역 54-004/023 · 힘 / 토큰 89 F8 / KANJI E5A0 / 가나다순 388
2352,DBD7~DBD8,82 D3,패치 슬롯 1318 | 한글 문자 | 내,원본 분석표 2365번 DBEB~DBEC=82 AA(が) → 패치 DBD7~DBD8=82 D3(내); 번역 54-005/023 · 내 / 토큰 82 D3 / KANJI 2950 / 가나다순 57
2353,DBD9,43,런타임 확인 41~50h 계열 / CAA8[2] 슬롯 실행,원본 분석표 2370번 DBF5 → 현재 DBD9; 슬롯 토큰 43; 다음 본류 DBF6
2354,DBDA~DBDB,81 49,패치 슬롯 1319 | 문장부호 | ！,원본 분석표 2371번 DBF6~DBF7 → 현재 DBDA~DBDB; 번역 54-006/023 · ！ / 토큰 81 49 / PC-88 전각 느낌표 토큰
2355,DBDC~DBDD,81 40,패치 슬롯 1320 | 전각 공백 | ␠,원본 분석표 2372번 DBF8~DBF9 → 현재 DBDC~DBDD; 번역 54-007/023 · ␠ / 토큰 81 40 / PC-88 전각 공백 토큰
2356,DBDE~DBDF,82 CF,패치 슬롯 1321 | 한글 문자 | 난,원본 분석표 2373번 DBFA~DBFB=8E 84(私) → 패치 DBDE~DBDF=82 CF(난); 번역 54-008/023 · 난 / 토큰 82 CF / KANJI 2910 / 가나다순 53
2357,DBE0~DBE1,81 40,패치 슬롯 1322 | 전각 공백 | ␠,원본 분석표 2374번 DBFC~DBFD=82 CD(は) → 패치 DBE0~DBE1=81 40(␠); 번역 54-009/023 · ␠ / 토큰 81 40 / PC-88 전각 공백 토큰
2358,DBE2~DBE3,8A 73,패치 슬롯 1323 | 한글 문자 | 언,원본 분석표 2375번 DBFE~DBFF=82 A2(い) → 패치 DBE2~DBE3=8A 73(언); 번역 54-010/023 · 언 / 토큰 8A 73 / KANJI A740 / 가나다순 417
2359,DBE4~DBE5,89 A1,패치 슬롯 1324 | 한글 문자 | 제,원본 분석표 2376번 DC00~DC01=82 C2(つ) → 패치 DBE4~DBE5=89 A1(제); 번역 54-011/023 · 제 / 토큰 89 A1 / KANJI 6430 / 가나다순 291
2360,DBE6~DBE7,82 CE,패치 슬롯 1325 | 한글 문자 | 나,원본 분석표 2377번 DC02~DC03=82 E0(も) → 패치 DBE6~DBE7=82 CE(나); 번역 54-012/023 · 나 / 토큰 82 CE / KANJI 2900 / 가나다순 52
2361,DBE8~DBE9,81 40,패치 슬롯 1326 | 전각 공백 | ␠,원본 분석표 2378번 DC04~DC05=82 A0(あ) → 패치 DBE8~DBE9=81 40(␠); 번역 54-013/023 · ␠ / 토큰 81 40 / PC-88 전각 공백 토큰
2362,DBEA~DBEB,82 D9,패치 슬롯 1327 | 한글 문자 | 네,원본 분석표 2379번 DC06~DC07=82 C8(な) → 패치 DBEA~DBEB=82 D9(네); 번역 54-014/023 · 네 / 토큰 82 D9 / KANJI 29B0 / 가나다순 64
2363,DBEC~DBED,81 40,패치 슬롯 1328 | 전각 공백 | ␠,원본 분석표 2380번 DC08~DC09=82 BD(た) → 패치 DBEC~DBED=81 40(␠); 번역 54-015/023 · ␠ / 토큰 81 40 / PC-88 전각 공백 토큰
2364,DBEE~DBEF,8A B8,패치 슬롯 1329 | 한글 문자 | 곁,원본 분석표 2381번 DC0A~DC0B=82 CC(の) → 패치 DBEE~DBEF=8A B8(곁); 번역 54-016/023 · 곁 / 토큰 8A B8 / KANJI 69A0 / 가나다순 485
2365,DBF0~DBF1,89 70,패치 슬롯 1330 | 한글 문자 | 에,원본 분석표 2382번 DC0C~DC0D=82 BB(そ) → 패치 DBF0~DBF1=89 70(에); 번역 54-017/023 · 에 / 토큰 89 70 / KANJI A310 / 가나다순 239
2366,DBF2~DBF3,81 40,패치 슬롯 1331 | 전각 공백 | ␠,원본 분석표 2383번 DC0E~DC0F=82 CE(ば) → 패치 DBF2~DBF3=81 40(␠); 번역 54-018/023 · ␠ / 토큰 81 40 / PC-88 전각 공백 토큰
2367,DBF4~DBF5,89 92,패치 슬롯 1332 | 한글 문자 | 있,원본 분석표 2384번 DC10~DC11=82 C9(に) → 패치 DBF4~DBF5=89 92(있); 번역 54-019/023 · 있 / 토큰 89 92 / KANJI E320 / 가나다순 276
2368,DBF6~DBF7,89 8A,패치 슬롯 1333 | 한글 문자 | 을,원본 분석표 2385번 DC12~DC13=82 A2(い) → 패치 DBF6~DBF7=89 8A(을); 번역 54-020/023 · 을 / 토큰 89 8A / KANJI E2A0 / 가나다순 265
2369,DBF8~DBF9,82 AB,패치 슬롯 1334 | 한글 문자 | 게,원본 분석표 2386번 DC14~DC15=82 E9(る) → 패치 DBF8~DBF9=82 AB(게); 번역 54-021/023 · 게 / 토큰 82 AB / KANJI 18D0 / 가나다순 13
2370,DBFA~DBFB,81 42,패치 슬롯 1335 | 문장부호 | 。,원본 분석표 2388번 DC18~DC19 → 현재 DBFA~DBFB; 번역 54-022/023 · 。 / 토큰 81 42 / PC-88 전각 마침표 토큰
2371,DBFC~DBFD,81 40,패치 슬롯 1336 | 전각 공백 | ␠,편집기 추가 행; 번역 54-023/023 · ␠ / 토큰 81 40 / PC-88 전각 공백 토큰
2372,DBFE,61,런타임 확인 61~70h 계열 / CAA8[0] 작업슬롯 비활성화,원본 분석표 2389번 DC1A → 현재 DBFE; 비활성화 토큰 61; 다음 본류 DC1B
2373,DBFF~DC01,1E DF DC,런타임 확인 1Eh 계열 / 간접 CALL,원본 분석표 2390번 DC1B~DC1D → 현재 DBFF~DC01; 호출 대상 DCDF; 처리 후 다음 본류 DC1E
2374,DC02~DC04,1E 40 A4,런타임 확인 1Eh 계열 / 간접 CALL,원본 분석표 2391번 DC1E~DC20 → 현재 DC02~DC04; 호출 대상 A440; 처리 후 다음 본류 DC21
2375,DC05,12,런타임 확인 12h 계열 제어토큰,원본 분석표 2392번 DC21 → 현재 DC05; 1바이트 독립 토큰; 다음 본류 DC22
2376,DC06~DC0C,0B 3B 00 04 2F 04 02,런타임 확인 0Bh 계열 제어토큰,원본 분석표 2393번 DC22~DC28 → 현재 DC06~DC0C; 길이 7바이트; 인자 3B 00 04 2F 04 02; 다음 본류 DC29
2377,DC0D~DC0E,01 04,런타임 확인 01h 계열 제어토큰,원본 분석표 2394번 DC29~DC2A → 현재 DC0D~DC0E; 인자 04; 다음 본류 DC2B
2378,DC0F,11,런타임 확인 11h 계열 제어토큰,원본 분석표 2395번 DC2B → 현재 DC0F; 1바이트 독립 토큰; 다음 본류 DC2C
2379,DC10~DC12,16 47 DE,런타임 확인 16h 계열 / 서브스트림 호출·전환 → DE47,원본 분석표 2396번 DC2C~DC2E → 현재 DC10~DC12; 16h 호출 → DE47; 복귀 주소 DC2F
2380,DE47~DE4B,0F 01 30 04 0C,서브스트림 실행 / 런타임 확인 0Fh 계열 제어토큰,인자 01 30 04 0C; 다음 주소 DE4C
2381,DE4C~DE51,05 16 AC 3A C4 00,서브스트림 실행 / 런타임 확인 영역·좌표 상태 설정·전개,인자 16 AC 3A C4 00; 다음 주소 DE52
2382,DE52~DE56,0E 16 10 24 B8,서브스트림 실행 / 런타임 확인 화면·버퍼 초기화·전개,인자 16 10 24 B8; 다음 주소 DE57
2383,DE57~DE59,13 DC DF,서브스트림 실행 / 런타임 확인 13h 계열 제어토큰,인자 DC DF; 다음 주소 DE5A
2384,DE5A~DE5D,14 00 16 15,서브스트림 실행 / 런타임 확인 버퍼·영역 처리,인자 00 16 15; 다음 주소 DE5E
2385,DE5E~DE61,14 01 3A 00,서브스트림 실행 / 런타임 확인 버퍼·영역 처리,인자 01 3A 00; 다음 주소 DE62
2386,DE62~DE65,04 EA E0 41,서브스트림 실행 / 런타임 확인 04h 계열 / CAA8 슬롯 포인터 설정,E0EA 포인터를 41h 슬롯에 설정; 다음 주소 DE66
2387,DE66~DE69,04 F4 E0 42,서브스트림 실행 / 런타임 확인 04h 계열 / CAA8 슬롯 포인터 설정,E0F4 포인터를 42h 슬롯에 설정; 다음 주소 DE6A
2388,DE6A,17,서브스트림 실행 / 런타임 확인 17h 계열 / 서브스트림 복귀,17h 복귀 → DC2F
2389,DC13~DC14,06 0E,런타임 확인 상태 설정,원본 분석표 2406번 DC2F~DC30 → 현재 DC13~DC14; 인자 0E; 다음 본류 DC31
2390,DC15,41,런타임 확인 41~50h 계열 / CAA8[0] 슬롯 실행,원본 분석표 2407번 DC31 → 현재 DC15; 슬롯 토큰 41; 다음 본류 DC32
2391,DC16~DC17,81 40,패치 슬롯 1337 | 전각 공백 | ␠,원본 분석표 2408번 DC32~DC33 → 현재 DC16~DC17; 번역 55-001/006 · ␠ / 토큰 81 40 / PC-88 전각 공백 토큰
2392,DC18~DC19,81 40,패치 슬롯 1338 | 전각 공백 | ␠,원본 분석표 2409번 DC34~DC35 → 현재 DC18~DC19; 번역 55-002/006 · ␠ / 토큰 81 40 / PC-88 전각 공백 토큰
2393,DC1A~DC1B,81 40,패치 슬롯 1339 | 전각 공백 | ␠,원본 분석표 2410번 DC36~DC37 → 현재 DC1A~DC1B; 번역 55-003/006 · ␠ / 토큰 81 40 / PC-88 전각 공백 토큰
2394,DC1C~DC1D,81 40,패치 슬롯 1340 | 전각 공백 | ␠,원본 분석표 2411번 DC38~DC39 → 현재 DC1C~DC1D; 번역 55-004/006 · ␠ / 토큰 81 40 / PC-88 전각 공백 토큰
2395,DC1E~DC1F,81 40,패치 슬롯 1341 | 전각 공백 | ␠,원본 분석표 2412번 DC3A~DC3B → 현재 DC1E~DC1F; 번역 55-005/006 · ␠ / 토큰 81 40 / PC-88 전각 공백 토큰
2396,DC20~DC21,81 40,패치 슬롯 1342 | 전각 공백 | ␠,원본 분석표 2413번 DC3C~DC3D → 현재 DC20~DC21; 번역 55-006/006 · ␠ / 토큰 81 40 / PC-88 전각 공백 토큰
2397,DC22,61,런타임 확인 61~70h 계열 / CAA8[0] 작업슬롯 비활성화,원본 분석표 2414번 DC3E → 현재 DC22; 비활성화 토큰 61; 다음 본류 DC3F
2398,DC23,42,런타임 확인 41~50h 계열 / CAA8[1] 슬롯 실행,원본 분석표 2415번 DC3F → 현재 DC23; 슬롯 토큰 42; 다음 본류 DC40
2399,DC24,62,런타임 확인 61~70h 계열 / CAA8[1] 작업슬롯 비활성화,원본 분석표 2416번 DC40 → 현재 DC24; 비활성화 토큰 62; 다음 본류 DC41
2400,DC25,12,런타임 확인 12h 계열 제어토큰,원본 분석표 2417번 DC41 → 현재 DC25; 1바이트 독립 토큰; 다음 본류 DC42
2401,DC26~DC2A,0F 03 32 04 13,런타임 확인 0Fh 계열 제어토큰,원본 분석표 2418번 DC42~DC46 → 현재 DC26~DC2A; 인자 03 32 04 13; 다음 본류 DC47
2402,DC2B~DC2C,01 08,런타임 확인 01h 계열 제어토큰,원본 분석표 2419번 DC47~DC48 → 현재 DC2B~DC2C; 인자 08; 다음 본류 DC49
2403,DC2D,11,런타임 확인 11h 계열 제어토큰,원본 분석표 2420번 DC49 → 현재 DC2D; 1바이트 독립 토큰; 다음 본류 DC4A
2404,DC2E~DC35,2B 03 04 4D 04 04 00 88,런타임 확인 2Bh 계열 제어토큰,원본 분석표 2421번 DC4A~DC51 → 현재 DC2E~DC35; 길이 8바이트; 인자 03 04 4D 04 04 00 88; 다음 본류 DC52
2405,DC36~DC38,16 11 DD,런타임 확인 16h 계열 / 서브스트림 호출·전환 → DD11,원본 분석표 2422번 DC52~DC54 → 현재 DC36~DC38; 16h 호출 → DD11; 복귀 주소 DC55
2406,DD11~DD15,0F 02 36 04 0B,서브스트림 실행 / 런타임 확인 0Fh 계열 제어토큰,인자 02 36 04 0B; 다음 주소 DD16
2407,DD16~DD18,16 4D DF,서브스트림 실행 / 런타임 확인 16h 계열 / 서브스트림 호출·전환 → DF4D,16h 호출 → DF4D; 복귀 주소 DD19
2408,DF4D~DF4F,1E 3C 08,서브스트림 실행 / 런타임 확인 1Eh 계열 / 간접 CALL,호출 대상 083C; 처리 후 다음 주소 DF50
2409,DF50~DF55,05 16 86 3A 9E 00,서브스트림 실행 / 런타임 확인 영역·좌표 상태 설정·전개,인자 16 86 3A 9E 00; 다음 주소 DF56
2410,DF56~DF5A,0E 16 20 24 80,서브스트림 실행 / 런타임 확인 화면·버퍼 초기화·전개,인자 16 20 24 80; 다음 주소 DF5B
2411,DF5B,17,서브스트림 실행 / 런타임 확인 17h 계열 / 서브스트림 복귀,17h 복귀 → DD19
2412,DD19~DD1B,13 6C DF,서브스트림 실행 / 런타임 확인 13h 계열 제어토큰,인자 6C DF; 다음 주소 DD1C
2413,DD1C~DD1F,14 00 3B 00,서브스트림 실행 / 런타임 확인 버퍼·영역 처리,인자 00 3B 00; 다음 주소 DD20
2414,DD20~DD23,14 01 3B 64,서브스트림 실행 / 런타임 확인 버퍼·영역 처리,인자 01 3B 64; 다음 주소 DD24
2415,DD24,17,서브스트림 실행 / 런타임 확인 17h 계열 / 서브스트림 복귀,17h 복귀 → DC55
2416,DC39~DC3B,1E 16 A4,런타임 확인 1Eh 계열 / 간접 CALL,원본 분석표 2433번 DC55~DC57 → 현재 DC39~DC3B; 호출 대상 A416; 처리 후 다음 본류 DC58
2417,DC3C~DC3D,01 0A,런타임 확인 01h 계열 제어토큰,원본 분석표 2434번 DC58~DC59 → 현재 DC3C~DC3D; 인자 0A; 다음 본류 DC5A
2418,DC3E,11,런타임 확인 11h 계열 제어토큰,원본 분석표 2435번 DC5A → 현재 DC3E; 1바이트 독립 토큰; 다음 본류 DC5B
2419,DC3F~DC41,16 25 DD,런타임 확인 16h 계열 / 서브스트림 호출·전환 → DD25,원본 분석표 2436번 DC5B~DC5D → 현재 DC3F~DC41; 16h 호출 → DD25; 복귀 주소 DC5E
2420,DD25~DD29,0F 03 38 04 0A,서브스트림 실행 / 런타임 확인 0Fh 계열 제어토큰,인자 03 38 04 0A; 다음 주소 DD2A
2421,DD2A~DD2C,1E 3C 08,서브스트림 실행 / 런타임 확인 1Eh 계열 / 간접 CALL,호출 대상 083C; 처리 후 다음 주소 DD2D
2422,DD2D~DD32,05 16 86 3A 9E 03,서브스트림 실행 / 런타임 확인 영역·좌표 상태 설정·전개,인자 16 86 3A 9E 03; 다음 주소 DD33
2423,DD33~DD37,0E 16 20 24 80,서브스트림 실행 / 런타임 확인 화면·버퍼 초기화·전개,인자 16 20 24 80; 다음 주소 DD38
2424,DD38~DD3A,13 7C DF,서브스트림 실행 / 런타임 확인 13h 계열 제어토큰,인자 7C DF; 다음 주소 DD3B
2425,DD3B~DD3C,19 04,서브스트림 실행 / 런타임 확인 19h 계열 제어토큰,인자 04; 다음 주소 DD3D
2426,DD3D~DD42,08 B6 FD 24 04 FF,서브스트림 실행 / 런타임 확인 08h 계열 제어토큰,길이 6바이트; 인자 B6 FD 24 04 FF; 다음 주소 DD43
2427,DD43~DD46,04 FE E0 41,서브스트림 실행 / 런타임 확인 04h 계열 / CAA8 슬롯 포인터 설정,E0FE 포인터를 41h 슬롯에 설정; 다음 주소 DD47
2428,DD47,17,서브스트림 실행 / 런타임 확인 17h 계열 / 서브스트림 복귀,17h 복귀 → DC5E
2429,DC42~DC43,01 07,런타임 확인 01h 계열 제어토큰,원본 분석표 2446번 DC5E~DC5F → 현재 DC42~DC43; 인자 07; 다음 본류 DC60
2430,DC44,11,런타임 확인 11h 계열 제어토큰,원본 분석표 2447번 DC60 → 현재 DC44; 1바이트 독립 토큰; 다음 본류 DC61
2431,DC45~DC46,19 07,런타임 확인 19h 계열 제어토큰,원본 분석표 2448번 DC61~DC62 → 현재 DC45~DC46; 인자 07; 다음 본류 DC63
2432,DC47~DC49,16 11 DD,런타임 확인 16h 계열 / 서브스트림 호출·전환 → DD11,원본 분석표 2449번 DC63~DC65 → 현재 DC47~DC49; 16h 호출 → DD11; 복귀 주소 DC66
2433,DD11~DD15,0F 02 36 04 0B,서브스트림 실행 / 런타임 확인 0Fh 계열 제어토큰,인자 02 36 04 0B; 다음 주소 DD16
2434,DD16~DD18,16 4D DF,서브스트림 실행 / 런타임 확인 16h 계열 / 서브스트림 호출·전환 → DF4D,16h 호출 → DF4D; 복귀 주소 DD19
2435,DF4D~DF4F,1E 3C 08,서브스트림 실행 / 런타임 확인 1Eh 계열 / 간접 CALL,호출 대상 083C; 처리 후 다음 주소 DF50
2436,DF50~DF55,05 16 86 3A 9E 00,서브스트림 실행 / 런타임 확인 영역·좌표 상태 설정·전개,인자 16 86 3A 9E 00; 다음 주소 DF56
2437,DF56~DF5A,0E 16 20 24 80,서브스트림 실행 / 런타임 확인 화면·버퍼 초기화·전개,인자 16 20 24 80; 다음 주소 DF5B
2438,DF5B,17,서브스트림 실행 / 런타임 확인 17h 계열 / 서브스트림 복귀,17h 복귀 → DD19
2439,DD19~DD1B,13 6C DF,서브스트림 실행 / 런타임 확인 13h 계열 제어토큰,인자 6C DF; 다음 주소 DD1C
2440,DD1C~DD1F,14 00 3B 00,서브스트림 실행 / 런타임 확인 버퍼·영역 처리,인자 00 3B 00; 다음 주소 DD20
2441,DD20~DD23,14 01 3B 64,서브스트림 실행 / 런타임 확인 버퍼·영역 처리,인자 01 3B 64; 다음 주소 DD24
2442,DD24,17,서브스트림 실행 / 런타임 확인 17h 계열 / 서브스트림 복귀,17h 복귀 → DC66
2443,DC4A~DC4B,01 09,런타임 확인 01h 계열 제어토큰,원본 분석표 2460번 DC66~DC67 → 현재 DC4A~DC4B; 인자 09; 다음 본류 DC68
2444,DC4C,11,런타임 확인 11h 계열 제어토큰,원본 분석표 2461번 DC68 → 현재 DC4C; 1바이트 독립 토큰; 다음 본류 DC69
2445,DC4D~DC4F,16 54 DD,런타임 확인 16h 계열 / 서브스트림 호출·전환 → DD54,원본 분석표 2462번 DC69~DC6B → 현재 DC4D~DC4F; 16h 호출 → DD54; 복귀 주소 DC6C
2446,DD54~DD58,0F 03 3F 04 19,서브스트림 실행 / 런타임 확인 0Fh 계열 제어토큰,인자 03 3F 04 19; 다음 주소 DD59
2447,DD59~DD5B,16 4D DF,서브스트림 실행 / 런타임 확인 16h 계열 / 서브스트림 호출·전환 → DF4D,16h 호출 → DF4D; 복귀 주소 DD5C
2448,DF4D~DF4F,1E 3C 08,서브스트림 실행 / 런타임 확인 1Eh 계열 / 간접 CALL,호출 대상 083C; 처리 후 다음 주소 DF50
2449,DF50~DF55,05 16 86 3A 9E 00,서브스트림 실행 / 런타임 확인 영역·좌표 상태 설정·전개,인자 16 86 3A 9E 00; 다음 주소 DF56
2450,DF56~DF5A,0E 16 20 24 80,서브스트림 실행 / 런타임 확인 화면·버퍼 초기화·전개,인자 16 20 24 80; 다음 주소 DF5B
2451,DF5B,17,서브스트림 실행 / 런타임 확인 17h 계열 / 서브스트림 복귀,17h 복귀 → DD5C
2452,DD5C~DD5E,13 9C DF,서브스트림 실행 / 런타임 확인 13h 계열 제어토큰,인자 9C DF; 다음 주소 DD5F
2453,DD5F,17,서브스트림 실행 / 런타임 확인 17h 계열 / 서브스트림 복귀,17h 복귀 → DC6C
2454,DC50~DC51,01 05,런타임 확인 01h 계열 제어토큰,원본 분석표 2471번 DC6C~DC6D → 현재 DC50~DC51; 인자 05; 다음 본류 DC6E
2455,DC52,11,런타임 확인 11h 계열 제어토큰,원본 분석표 2472번 DC6E → 현재 DC52; 1바이트 독립 토큰; 다음 본류 DC6F
2456,DC53~DC55,16 11 DD,런타임 확인 16h 계열 / 서브스트림 호출·전환 → DD11,원본 분석표 2473번 DC6F~DC71 → 현재 DC53~DC55; 16h 호출 → DD11; 복귀 주소 DC72
2457,DD11~DD15,0F 02 36 04 0B,서브스트림 실행 / 런타임 확인 0Fh 계열 제어토큰,인자 02 36 04 0B; 다음 주소 DD16
2458,DD16~DD18,16 4D DF,서브스트림 실행 / 런타임 확인 16h 계열 / 서브스트림 호출·전환 → DF4D,16h 호출 → DF4D; 복귀 주소 DD19
2459,DF4D~DF4F,1E 3C 08,서브스트림 실행 / 런타임 확인 1Eh 계열 / 간접 CALL,호출 대상 083C; 처리 후 다음 주소 DF50
2460,DF50~DF55,05 16 86 3A 9E 00,서브스트림 실행 / 런타임 확인 영역·좌표 상태 설정·전개,인자 16 86 3A 9E 00; 다음 주소 DF56
2461,DF56~DF5A,0E 16 20 24 80,서브스트림 실행 / 런타임 확인 화면·버퍼 초기화·전개,인자 16 20 24 80; 다음 주소 DF5B
2462,DF5B,17,서브스트림 실행 / 런타임 확인 17h 계열 / 서브스트림 복귀,17h 복귀 → DD19
2463,DD19~DD1B,13 6C DF,서브스트림 실행 / 런타임 확인 13h 계열 제어토큰,인자 6C DF; 다음 주소 DD1C
2464,DD1C~DD1F,14 00 3B 00,서브스트림 실행 / 런타임 확인 버퍼·영역 처리,인자 00 3B 00; 다음 주소 DD20
2465,DD20~DD23,14 01 3B 64,서브스트림 실행 / 런타임 확인 버퍼·영역 처리,인자 01 3B 64; 다음 주소 DD24
2466,DD24,17,서브스트림 실행 / 런타임 확인 17h 계열 / 서브스트림 복귀,17h 복귀 → DC72
2467,DC56~DC57,01 0A,런타임 확인 01h 계열 제어토큰,원본 분석표 2484번 DC72~DC73 → 현재 DC56~DC57; 인자 0A; 다음 본류 DC74
2468,DC58,11,런타임 확인 11h 계열 제어토큰,원본 분석표 2485번 DC74 → 현재 DC58; 1바이트 독립 토큰; 다음 본류 DC75
2469,DC59~DC5B,16 48 DD,런타임 확인 16h 계열 / 서브스트림 호출·전환 → DD48,원본 분석표 2486번 DC75~DC77 → 현재 DC59~DC5B; 16h 호출 → DD48; 복귀 주소 DC78
2470,DD48~DD4C,0F 03 44 04 15,서브스트림 실행 / 런타임 확인 0Fh 계열 제어토큰,인자 03 44 04 15; 다음 주소 DD4D
2471,DD4D~DD4F,16 4D DF,서브스트림 실행 / 런타임 확인 16h 계열 / 서브스트림 호출·전환 → DF4D,16h 호출 → DF4D; 복귀 주소 DD50
2472,DF4D~DF4F,1E 3C 08,서브스트림 실행 / 런타임 확인 1Eh 계열 / 간접 CALL,호출 대상 083C; 처리 후 다음 주소 DF50
2473,DF50~DF55,05 16 86 3A 9E 00,서브스트림 실행 / 런타임 확인 영역·좌표 상태 설정·전개,인자 16 86 3A 9E 00; 다음 주소 DF56
2474,DF56~DF5A,0E 16 20 24 80,서브스트림 실행 / 런타임 확인 화면·버퍼 초기화·전개,인자 16 20 24 80; 다음 주소 DF5B
2475,DF5B,17,서브스트림 실행 / 런타임 확인 17h 계열 / 서브스트림 복귀,17h 복귀 → DD50
2476,DD50~DD52,13 8C DF,서브스트림 실행 / 런타임 확인 13h 계열 제어토큰,인자 8C DF; 다음 주소 DD53
2477,DD53,17,서브스트림 실행 / 런타임 확인 17h 계열 / 서브스트림 복귀,17h 복귀 → DC78
2478,DC5C~DC5D,01 06,런타임 확인 01h 계열 제어토큰,원본 분석표 2495번 DC78~DC79 → 현재 DC5C~DC5D; 인자 06; 다음 본류 DC7A
2479,DC5E,11,런타임 확인 11h 계열 제어토큰,원본 분석표 2496번 DC7A → 현재 DC5E; 1바이트 독립 토큰; 다음 본류 DC7B
2480,DC5F~DC61,16 F5 DC,런타임 확인 16h 계열 / 서브스트림 호출·전환 → DCF5,원본 분석표 2497번 DC7B~DC7D → 현재 DC5F~DC61; 16h 호출 → DCF5; 복귀 주소 DC7E
2481,DCF5~DCF9,0F 02 4A 05 06,서브스트림 실행 / 런타임 확인 0Fh 계열 제어토큰,인자 02 4A 05 06; 다음 주소 DCFA
2482,DCFA~DCFC,16 4D DF,서브스트림 실행 / 런타임 확인 16h 계열 / 서브스트림 호출·전환 → DF4D,16h 호출 → DF4D; 복귀 주소 DCFD
2483,DF4D~DF4F,1E 3C 08,서브스트림 실행 / 런타임 확인 1Eh 계열 / 간접 CALL,호출 대상 083C; 처리 후 다음 주소 DF50
2484,DF50~DF55,05 16 86 3A 9E 00,서브스트림 실행 / 런타임 확인 영역·좌표 상태 설정·전개,인자 16 86 3A 9E 00; 다음 주소 DF56
2485,DF56~DF5A,0E 16 20 24 80,서브스트림 실행 / 런타임 확인 화면·버퍼 초기화·전개,인자 16 20 24 80; 다음 주소 DF5B
2486,DF5B,17,서브스트림 실행 / 런타임 확인 17h 계열 / 서브스트림 복귀,17h 복귀 → DCFD
2487,DCFD~DCFF,13 5C DF,서브스트림 실행 / 런타임 확인 13h 계열 제어토큰,인자 5C DF; 다음 주소 DD00
2488,DD00~DD02,1E EA DC,서브스트림 실행 / 런타임 확인 1Eh 계열 / 간접 CALL,호출 대상 DCEA; 처리 후 다음 주소 DD03
2489,DD03~DD06,14 00 3B 00,서브스트림 실행 / 런타임 확인 버퍼·영역 처리,인자 00 3B 00; 다음 주소 DD07
2490,DD07~DD0A,14 01 51 00,서브스트림 실행 / 런타임 확인 버퍼·영역 처리,인자 01 51 00; 다음 주소 DD0B
2491,DD0B~DD0F,0F 04 48 04 15,서브스트림 실행 / 런타임 확인 0Fh 계열 제어토큰,인자 04 48 04 15; 다음 주소 DD10
2492,DD10,17,서브스트림 실행 / 런타임 확인 17h 계열 / 서브스트림 복귀,17h 복귀 → DC7E
2493,DC62~DC63,01 0B,런타임 확인 01h 계열 제어토큰,원본 분석표 2510번 DC7E~DC7F → 현재 DC62~DC63; 인자 0B; 다음 본류 DC80
2494,DC64,11,런타임 확인 11h 계열 제어토큰,원본 분석표 2511번 DC80 → 현재 DC64; 1바이트 독립 토큰; 다음 본류 DC81
2495,DC65~DC67,16 25 DD,런타임 확인 16h 계열 / 서브스트림 호출·전환 → DD25,원본 분석표 2512번 DC81~DC83 → 현재 DC65~DC67; 16h 호출 → DD25; 복귀 주소 DC84
2496,DD25~DD29,0F 03 38 04 0A,서브스트림 실행 / 런타임 확인 0Fh 계열 제어토큰,인자 03 38 04 0A; 다음 주소 DD2A
2497,DD2A~DD2C,1E 3C 08,서브스트림 실행 / 런타임 확인 1Eh 계열 / 간접 CALL,호출 대상 083C; 처리 후 다음 주소 DD2D
2498,DD2D~DD32,05 16 86 3A 9E 03,서브스트림 실행 / 런타임 확인 영역·좌표 상태 설정·전개,인자 16 86 3A 9E 03; 다음 주소 DD33
2499,DD33~DD37,0E 16 20 24 80,서브스트림 실행 / 런타임 확인 화면·버퍼 초기화·전개,인자 16 20 24 80; 다음 주소 DD38
2500,DD38~DD3A,13 7C DF,서브스트림 실행 / 런타임 확인 13h 계열 제어토큰,인자 7C DF; 다음 주소 DD3B
2501,DD3B~DD3C,19 04,서브스트림 실행 / 런타임 확인 19h 계열 제어토큰,인자 04; 다음 주소 DD3D
2502,DD3D~DD42,08 B6 FD 24 04 FF,서브스트림 실행 / 런타임 확인 08h 계열 제어토큰,길이 6바이트; 인자 B6 FD 24 04 FF; 다음 주소 DD43
2503,DD43~DD46,04 FE E0 41,서브스트림 실행 / 런타임 확인 04h 계열 / CAA8 슬롯 포인터 설정,E0FE 포인터를 41h 슬롯에 설정; 다음 주소 DD47
2504,DD47,17,서브스트림 실행 / 런타임 확인 17h 계열 / 서브스트림 복귀,17h 복귀 → DC84
2505,DC68~DC69,01 0C,런타임 확인 01h 계열 제어토큰,원본 분석표 2522번 DC84~DC85 → 현재 DC68~DC69; 인자 0C; 다음 본류 DC86
2506,DC6A~DC6B,06 02,런타임 확인 상태 설정,원본 분석표 2523번 DC86~DC87 → 현재 DC6A~DC6B; 인자 02; 다음 본류 DC88
2507,DC6C~DC6F,24 3A D7 00,런타임 확인 24h 계열 / 메모리값 일치 대기 제어토큰,"원본 분석표 2524번 DC88~DC8B → 현재 DC6C~DC6F; 형식 24 LL HH VV; (D73A)와 00 비교; 불일치 시 DC88 유지, 일치 시 DC8C 진행"
2508,DC70~DC71,25 2B,런타임 확인 25h 계열 / CA1D 입 움직임 효과음 인덱스 설정,원본 분석표 2525번 DC8C~DC8D → 현재 DC70~DC71; CA1D=2B; 다음 본류 DC8E
2509,DC72,41,런타임 확인 41~50h 계열 / CAA8[0] 슬롯 실행,원본 분석표 2526번 DC8E → 현재 DC72; 슬롯 토큰 41; 다음 본류 DC8F
2510,DC73~DC74,89 95,패치 슬롯 1343 | 한글 문자 | 잔,원본 분석표 2527번 DC8F~DC90=8E 63(残) → 패치 DC73~DC74=89 95(잔); 번역 56-001/018 · 잔 / 토큰 89 95 / KANJI E350 / 가나다순 279
2511,DC75~DC76,89 8E,패치 슬롯 1344 | 한글 문자 | 인,원본 분석표 2528번 DC91~DC92=94 45(忍) → 패치 DC75~DC76=89 8E(인); 번역 56-002/018 · 인 / 토큰 89 8E / KANJI E2E0 / 가나다순 270
2512,DC77~DC78,89 7C,패치 슬롯 1345 | 한글 문자 | 왕,원본 분석표 2529번 DC93~DC94=89 A4(王) → 패치 DC77~DC78=89 7C(왕); 번역 56-003/018 · 왕 / 토큰 89 7C / KANJI A3D0 / 가나다순 252
2513,DC79~DC7A,81 40,패치 슬롯 1346 | 전각 공백 | ␠,원본 분석표 2530번 DC95~DC96=83 81(メ) → 패치 DC79~DC7A=81 40(␠); 번역 56-004/018 · ␠ / 토큰 81 40 / PC-88 전각 공백 토큰
2514,DC7B~DC7C,88 DA,패치 슬롯 1347 | 한글 문자 | 메,원본 분석표 2531번 DC97~DC98=83 4B(ガ) → 패치 DC7B~DC7C=88 DA(메); 번역 56-005/018 · 메 / 토큰 88 DA / KANJI A1C0 / 가나다순 152
2515,DC7D~DC7E,82 9F,패치 슬롯 1348 | 한글 문자 | 가,원본 분석표 2532번 DC99~DC9A=83 58(ス) → 패치 DC7D~DC7E=82 9F(가); 번역 56-006/018 · 가 / 토큰 82 9F / KANJI 1810 / 가나다순 1
2516,DC7F~DC80,89 56,패치 슬롯 1349 | 한글 문자 | 스,원본 분석표 2533번 DC9B~DC9C=81 49(！) → 패치 DC7F~DC80=89 56(스); 번역 56-007/018 · 스 / 토큰 89 56 / KANJI 6370 / 가나다순 211
2517,DC81~DC82,81 49,패치 슬롯 1350 | 문장부호 | ！,원본 분석표 2534번 DC9D~DC9E=81 40 → 패치 DC81~DC82=81 49(！); 번역 56-008/018 · ！ / 토큰 81 49 / PC-88 전각 느낌표 토큰
2518,DC83~DC84,81 40,패치 슬롯 1351 | 전각 공백 | ␠,원본 분석표 2535번 DC9F~DCA0=8C 88(決) → 패치 DC83~DC84=81 40(␠); 번역 56-009/018 · ␠ / 토큰 81 40 / PC-88 전각 공백 토큰
2519,DC85~DC86,82 CC,패치 슬롯 1352 | 한글 문자 | 끝,원본 분석표 2536번 DCA1~DCA2=92 85(着) → 패치 DC85~DC86=82 CC(끝); 번역 56-010/018 · 끝 / 토큰 82 CC / KANJI 28E0 / 가나다순 50
2520,DC87~DC88,89 99,패치 슬롯 1353 | 한글 문자 | 장,원본 분석표 2537번 DCA3~DCA4=82 F0(を) → 패치 DC87~DC88=89 99(장); 번역 56-011/018 · 장 / 토큰 89 99 / KANJI E390 / 가나다순 283
2521,DC89~DC8A,89 8A,패치 슬롯 1354 | 한글 문자 | 을,원본 분석표 2538번 DCA5~DCA6=82 C2(つ) → 패치 DC89~DC8A=89 8A(을); 번역 56-012/018 · 을 / 토큰 89 8A / KANJI E2A0 / 가나다순 265
2522,DC8B~DC8C,81 40,패치 슬롯 1355 | 전각 공백 | ␠,원본 분석표 2539번 DCA7~DCA8=82 AF(け) → 패치 DC8B~DC8C=81 40(␠); 번역 56-013/018 · ␠ / 토큰 81 40 / PC-88 전각 공백 토큰
2523,DC8D~DC8E,82 D3,패치 슬롯 1356 | 한글 문자 | 내,원본 분석표 2540번 DCA9~DCAA=82 C4(て) → 패치 DC8D~DC8E=82 D3(내); 번역 56-014/018 · 내 / 토큰 82 D3 / KANJI 2950 / 가나다순 57
2524,DC8F~DC90,89 AA,패치 슬롯 1357 | 한글 문자 | 주,원본 분석표 2541번 DCAB~DCAC=82 E2(や) → 패치 DC8F~DC90=89 AA(주); 번역 56-015/018 · 주 / 토큰 89 AA / KANJI 64C0 / 가나다순 300
2525,DC91~DC92,82 AC,패치 슬롯 1358 | 한글 문자 | 겠,원본 분석표 2542번 DCAD~DCAE=82 E9(る) → 패치 DC91~DC92=82 AC(겠); 번역 56-016/018 · 겠 / 토큰 82 AC / KANJI 18E0 / 가나다순 14
2526,DC93~DC94,89 6C,패치 슬롯 1359 | 한글 문자 | 어,편집기 추가 행; 번역 56-017/018 · 어 / 토큰 89 6C / KANJI A2D0 / 가나다순 235
2527,DC95~DC96,81 49,패치 슬롯 1360 | 문장부호 | ！,원본 분석표 2543번 DCAF~DCB0 → 현재 DC95~DC96; 번역 56-018/018 · ！ / 토큰 81 49 / PC-88 전각 느낌표 토큰
2528,DC97,61,덤프 기반 정적 분석 61~70h 계열 / CAA8[0] 작업슬롯 비활성화,원본 분석표 2545번 DCB3 → 현재 DC97; 비활성화 토큰 61; 다음 본류 DCB4
2529,DC98~DC99,19 07,덤프 기반 정적 분석 19h 계열 제어토큰,원본 분석표 2546번 DCB4~DCB5 → 현재 DC98~DC99; 인자 07; 다음 본류 DCB6
2530,DC9A,26,덤프 기반 정적 분석 / 기존 확인 26h 계열 / 제2 이벤트 블록 종료 토큰,원본 분석표 2547번 DCB6 → 현재 DC9A; DCB6 종료; 제2 payload D762~DCB6 완료
