순번,주소,현재 바이트,분류,핵심 확인값
1,D501~D502,0C 01,기존 확인 0Ch 계열 / C008 파라미터 저장,파라미터 01 / D88 raw 0x07171~0x07172
2,D503~D504,06 0E,기존 확인 06h 계열 / 상태 설정,파라미터 0E / D88 raw 0x07173~0x07174
3,D505~D50F,1F 05 4C 04 02 02 4D 04 02 00 88,기존 확인 1Fh 계열 / 그래픽·전송 제어,길이 11바이트; 인자 05 4C 04 02 02 4D 04 02 00 88 / D88 raw 0x07175~0x0717F
4,D510~D512,16 9C E3,기존 확인 16h 계열 / 서브스트림 호출·전환 → E39C,16h 호출 → E39C; 복귀 주소 D513 / D88 raw 0x07180~0x07182
5,E39C~E39E,1E 3C 08,서브스트림 실행 / 기존 확인 1Eh 계열 / 간접 CALL,호출 대상 083C
6,E39F~E3A4,05 16 86 3A 9E 00,서브스트림 실행 / 기존 확인 05h 계열 / 영역·좌표 상태 설정·전개,인자 16 86 3A 9E 00
7,E3A5~E3A9,0E 16 20 24 80,서브스트림 실행 / 기존 확인 0Eh 계열 / 화면·버퍼 초기화·전개,인자 16 20 24 80
8,E3AA,17,서브스트림 실행 / 기존 확인 17h 계열 / 서브스트림 복귀,17h 복귀 → D513
9,D513~D515,16 95 E2,기존 확인 16h 계열 / 서브스트림 호출·전환 → E295,16h 호출 → E295; 복귀 주소 D516 / D88 raw 0x07183~0x07185
10,E295~E299,0F 02 32 03 0F,서브스트림 실행 / 기존 확인 0Fh 계열 제어토큰,인자 02 32 03 0F
11,E29A~E29C,16 9C E3,서브스트림 실행 / 기존 확인 16h 계열 / 서브스트림 호출·전환 → E39C,16h 중첩 호출 → E39C; 복귀 주소 E29D
12,E39C~E39E,1E 3C 08,서브스트림 실행 / 기존 확인 1Eh 계열 / 간접 CALL,호출 대상 083C
13,E39F~E3A4,05 16 86 3A 9E 00,서브스트림 실행 / 기존 확인 05h 계열 / 영역·좌표 상태 설정·전개,인자 16 86 3A 9E 00
14,E3A5~E3A9,0E 16 20 24 80,서브스트림 실행 / 기존 확인 0Eh 계열 / 화면·버퍼 초기화·전개,인자 16 20 24 80
15,E3AA,17,서브스트림 실행 / 기존 확인 17h 계열 / 서브스트림 복귀,17h 복귀 → E29D
16,E29D~E29F,13 BB E3,서브스트림 실행 / 기존 확인 13h 계열 제어토큰,인자 BB E3
17,E2A0~E2A3,14 00 16 22,서브스트림 실행 / 기존 확인 14h 계열 / 버퍼·영역 처리,인자 00 16 22
18,E2A4~E2A7,14 01 3B 00,서브스트림 실행 / 기존 확인 14h 계열 / 버퍼·영역 처리,인자 01 3B 00
19,E2A8~E2AB,14 02 3B 64,서브스트림 실행 / 기존 확인 14h 계열 / 버퍼·영역 처리,인자 02 3B 64
20,E2AC~E2AF,04 6F E5 41,서브스트림 실행 / 기존 확인 04h 계열 / CAA8 슬롯 포인터 설정,E56F 포인터를 41h 슬롯에 설정
21,E2B0~E2B3,04 79 E5 42,서브스트림 실행 / 기존 확인 04h 계열 / CAA8 슬롯 포인터 설정,E579 포인터를 42h 슬롯에 설정
22,E2B4~E2B5,25 30,서브스트림 실행 / 기존 확인 25h 계열 / CA1D 입 움직임 효과음 인덱스 설정,CA1D=30
23,E2B6,17,서브스트림 실행 / 기존 확인 17h 계열 / 서브스트림 복귀,17h 복귀 → D516
24,D516~D518,1E 16 A4,기존 확인 1Eh 계열 / 간접 CALL,호출 대상 A416 / D88 raw 0x07186~0x07188
25,D519,41,기존 확인 41~50h 계열 / CAA8[0] 슬롯 실행,슬롯 토큰 41 / D88 raw 0x07189
26,D51A~D51B,82 B4,패치 슬롯 0001 | 한글 문자 | 과,번역 01-001/132 · 과 / 토큰 82 B4 / KANJI 1960 / 가나다순 25 / 원본 82 B3 → 패치 82 B4 / D88 raw 0x0718A~0x0718B
27,D51C~D51D,89 73,패치 슬롯 0002 | 한글 문자 | 연,번역 01-002/132 · 연 / 토큰 89 73 / KANJI A340 / 가나다순 242 / 원본 82 B7 → 패치 89 73 / D88 raw 0x0718C~0x0718D
28,D51E~D51F,81 45,패치 슬롯 0003 | 문장부호 | ・,번역 01-003/132 · ・ / 토큰 81 45 / PC-88 가운데점 토큰 / 원본 82 AA → 패치 81 45 / D88 raw 0x0718E~0x0718F
29,D520~D521,81 45,패치 슬롯 0004 | 문장부호 | ・,번역 01-004/132 · ・ / 토큰 81 45 / PC-88 가운데점 토큰 / 원본 82 BE → 패치 81 45 / D88 raw 0x07190~0x07191
30,D522~D523,81 45,패치 슬롯 0005 | 문장부호 | ・,번역 01-005/132 · ・ / 토큰 81 45 / PC-88 가운데점 토큰 / 원본 82 C8 → 패치 81 45 / D88 raw 0x07192~0x07193
31,D524~D525,81 40,패치 슬롯 0006 | 전각 공백 | ␠,번역 01-006/132 · ␠ / 토큰 81 40 / PC-88 전각 공백 토큰 / 원본 81 45 → 패치 81 40 / D88 raw 0x07194~0x07195
32,D526~D527,88 C5,패치 슬롯 0007 | 한글 문자 | 로,번역 01-007/132 · 로 / 토큰 88 C5 / KANJI A070 / 가나다순 130 / 원본 81 45 → 패치 88 C5 / D88 raw 0x07196~0x07197
33,D528~D529,82 BD,패치 슬롯 0008 | 한글 문자 | 그,번역 01-008/132 · 그 / 토큰 82 BD / KANJI 19F0 / 가나다순 34 / 원본 81 45 → 패치 82 BD / D88 raw 0x07198~0x07199
34,D52A~D52B,88 C0,패치 슬롯 0009 | 한글 문자 | 레,번역 01-009/132 · 레 / 토큰 88 C0 / KANJI A020 / 가나다순 125 / 원본 83 8D → 패치 88 C0 / D88 raw 0x0719A~0x0719B
35,D52C~D52D,89 56,패치 슬롯 0010 | 한글 문자 | 스,번역 01-010/132 · 스 / 토큰 89 56 / KANJI 6370 / 가나다순 211 / 원본 83 4F → 패치 89 56 / D88 raw 0x0719C~0x0719D
36,D52E~D52F,82 E6,패치 슬롯 0011 | 한글 문자 | 님,번역 01-011/132 · 님 / 토큰 82 E6 / KANJI 3880 / 가나다순 77 / 원본 83 8C → 패치 82 E6 / D88 raw 0x0719E~0x0719F
37,D530~D531,89 8A,패치 슬롯 0012 | 한글 문자 | 을,번역 01-012/132 · 을 / 토큰 89 8A / KANJI E2A0 / 가나다순 265 / 원본 83 58 → 패치 89 8A / D88 raw 0x071A0~0x071A1
38,D532~D533,81 40,패치 슬롯 0013 | 전각 공백 | ␠,번역 01-013/132 · ␠ / 토큰 81 40 / PC-88 전각 공백 토큰 / 원본 97 6C → 패치 81 40 / D88 raw 0x071A2~0x071A3
39,D534~D535,89 5F,패치 슬롯 0014 | 한글 문자 | 쓰,번역 01-014/132 · 쓰 / 토큰 89 5F / KANJI A200 / 가나다순 222 / 원본 82 F0 → 패치 89 5F / D88 raw 0x071A4~0x071A5
40,D536~D537,88 BB,패치 슬롯 0015 | 한글 문자 | 러,번역 01-015/132 · 러 / 토큰 88 BB / KANJI 61D0 / 가나다순 120 / 원본 93 7C → 패치 88 BB / D88 raw 0x071A6~0x071A7
41,D538~D539,8A 59,패치 슬롯 0016 | 한글 문자 | 트,번역 01-016/132 · 트 / 토큰 8A 59 / KANJI 67A0 / 가나다순 391 / 원본 82 B5 → 패치 8A 59 / D88 raw 0x071A8~0x071A9
42,D53A~D53B,88 CD,패치 슬롯 0017 | 한글 문자 | 린,번역 01-017/132 · 린 / 토큰 88 CD / KANJI A0F0 / 가나다순 138 / 원본 82 BD → 패치 88 CD / D88 raw 0x071AA~0x071AB
43,D53C~D53D,81 40,패치 슬롯 0018 | 전각 공백 | ␠,번역 01-018/132 · ␠ / 토큰 81 40 / PC-88 전각 공백 토큰 / 원본 82 BE → 패치 81 40 / D88 raw 0x071AC~0x071AD
44,D53E~D53F,89 9D,패치 슬롯 0019 | 한글 문자 | 전,번역 01-019/132 · 전 / 토큰 89 9D / KANJI E3D0 / 가나다순 287 / 원본 82 AF → 패치 89 9D / D88 raw 0x071AE~0x071AF
45,D540~D541,89 43,패치 슬롯 0020 | 한글 문자 | 사,번역 01-020/132 · 사 / 토큰 89 43 / KANJI 6240 / 가나다순 191 / 원본 82 CC → 패치 89 43 / D88 raw 0x071B0~0x071B1
46,D542~D543,8A 41,패치 슬롯 0021 | 한글 문자 | 답,번역 01-021/132 · 답 / 토큰 8A 41 / KANJI 6620 / 가나다순 82 / 원본 82 B1 → 패치 8A 41 / D88 raw 0x071B2~0x071B3
47,D544~D545,82 B7,패치 슬롯 0022 | 한글 문자 | 구,번역 01-022/132 · 구 / 토큰 82 B7 / KANJI 1990 / 가나다순 28 / 원본 82 C6 → 패치 82 B7 / D88 raw 0x071B4~0x071B5
48,D546~D547,82 CE,패치 슬롯 0023 | 한글 문자 | 나,번역 01-023/132 · 나 / 토큰 82 CE / KANJI 2900 / 가나다순 52 / 원본 82 CD → 패치 82 CE / D88 raw 0x071B6~0x071B7
49,D548~D549,81 45,패치 슬롯 0024 | 문장부호 | ・,번역 01-024/132 · ・ / 토큰 81 45 / PC-88 가운데점 토큰 / 원본 82 A0 → 패치 81 45 / D88 raw 0x071B8~0x071B9
50,D54A~D54B,81 45,패치 슬롯 0025 | 문장부호 | ・,번역 01-025/132 · ・ / 토큰 81 45 / PC-88 가운데점 토큰 / 원본 82 E9 → 패치 81 45 / D88 raw 0x071BA~0x071BB
51,D54C~D54D,81 45,기존 확인 특수부호 / ・,Shift-JIS 81 45 = ・ / D88 raw 0x071BC~0x071BD
52,D54E~D54F,81 42,패치 슬롯 0027 | 문장부호 | 。,번역 01-027/132 · 。 / 토큰 81 42 / PC-88 전각 마침표 토큰 / 원본 81 45 → 패치 81 42 / D88 raw 0x071BE~0x071BF
53,D550~D551,89 E2,패치 슬롯 0028 | 한글 문자 | 하,번역 01-028/132 · 하 / 토큰 89 E2 / KANJI E440 / 가나다순 362 / 원본 82 BE → 패치 89 E2 / D88 raw 0x071C0~0x071C1
54,D552~D553,89 B3,패치 슬롯 0029 | 한글 문자 | 지,번역 01-029/132 · 지 / 토큰 89 B3 / KANJI 6550 / 가나다순 309 / 원본 82 AA → 패치 89 B3 / D88 raw 0x071C2~0x071C3
55,D554~D555,88 D2,패치 슬롯 0030 | 한글 문자 | 만,번역 01-030/132 · 만 / 토큰 88 D2 / KANJI A140 / 가나다순 144 / 원본 8E 63 → 패치 88 D2 / D88 raw 0x071C4~0x071C5
56,D556~D557,81 40,패치 슬롯 0031 | 전각 공백 | ␠,번역 01-031/132 · ␠ / 토큰 81 40 / PC-88 전각 공백 토큰 / 원본 94 45 → 패치 81 40 / D88 raw 0x071C6~0x071C7
57,D558~D559,88 DA,패치 슬롯 0032 | 한글 문자 | 메,번역 01-032/132 · 메 / 토큰 88 DA / KANJI A1C0 / 가나다순 152 / 원본 89 A4 → 패치 88 DA / D88 raw 0x071C8~0x071C9
58,D55A~D55B,82 9F,패치 슬롯 0033 | 한글 문자 | 가,번역 01-033/132 · 가 / 토큰 82 9F / KANJI 1810 / 가나다순 1 / 원본 83 81 → 패치 82 9F / D88 raw 0x071CA~0x071CB
59,D55C~D55D,89 56,패치 슬롯 0034 | 한글 문자 | 스,번역 01-034/132 · 스 / 토큰 89 56 / KANJI 6370 / 가나다순 211 / 원본 83 4B → 패치 89 56 / D88 raw 0x071CC~0x071CD
60,D55E~D55F,82 E3,패치 슬롯 0035 | 한글 문자 | 는,번역 01-035/132 · 는 / 토큰 82 E3 / KANJI 3850 / 가나다순 74 / 원본 83 58 → 패치 82 E3 / D88 raw 0x071CE~0x071CF
61,D560~D561,81 40,패치 슬롯 0036 | 전각 공백 | ␠,번역 01-036/132 · ␠ / 토큰 81 40 / PC-88 전각 공백 토큰 / 원본 82 CD → 패치 81 40 / D88 raw 0x071D0~0x071D1
62,D562~D563,82 BD,패치 슬롯 0037 | 한글 문자 | 그,번역 01-037/137 · 그 / 토큰 82 BD / KANJI 19F0 / 가나다순 34 / 원본 82 C7 → 패치 82 BD / D88 raw 0x071D2~0x071D3
63,D564~D565,88 BD,패치 슬롯 0038 | 한글 문자 | 럴,번역 01-038/137 · 럴 / 토큰 88 BD / KANJI 61F0 / 가나다순 122 / 원본 82 A4 → 패치 88 BD / D88 raw 0x071D4~0x071D5
64,D566~D567,81 40,패치 슬롯 0039 | 전각 공백 | ␠,번역 01-039/137 · ␠ / 토큰 81 40 / PC-88 전각 공백 토큰 / 원본 82 A9 → 패치 81 40 / D88 raw 0x071D6~0x071D7
65,D568~D569,89 54,패치 슬롯 0040 | 한글 문자 | 수,번역 01-040/137 · 수 / 토큰 89 54 / KANJI 6350 / 가나다순 208 / D88 raw 0x071D8~0x071D9
66,D56A~D56B,81 40,패치 슬롯 0041 | 전각 공백 | ␠,번역 01-041/137 · ␠ / 토큰 81 40 / PC-88 전각 공백 토큰 / D88 raw 0x071DA~0x071DB
67,D56C~D56D,89 92,패치 슬롯 0042 | 한글 문자 | 있,번역 01-042/137 · 있 / 토큰 89 92 / KANJI E320 / 가나다순 276 / D88 raw 0x071DC~0x071DD
68,D56E~D56F,89 8A,패치 슬롯 0043 | 한글 문자 | 을,번역 01-043/137 · 을 / 토큰 89 8A / KANJI E2A0 / 가나다순 265 / D88 raw 0x071DE~0x071DF
69,D570~D571,82 C4,패치 슬롯 0044 | 한글 문자 | 까,번역 01-044/137 · 까 / 토큰 82 C4 / KANJI 2860 / 가나다순 42 / D88 raw 0x071E0~0x071E1
70,D572~D573,81 48,패치 슬롯 0045 | 문장부호 | ？,번역 01-045/137 · ？ / 토큰 81 48 / PC-88 전각 물음표 토큰 / 원본 82 C8 → 패치 81 48 / D88 raw 0x071E2~0x071E3
71,D574~D575,81 40,패치 슬롯 0046 | 전각 공백 | ␠,번역 01-046/137 · ␠ / 토큰 81 40 / PC-88 전각 공백 토큰 / 원본 81 48 → 패치 81 40 / D88 raw 0x071E4~0x071E5
72,D576~D577,82 BD,패치 슬롯 0047 | 한글 문자 | 그,번역 01-047/137 · 그 / 토큰 82 BD / KANJI 19F0 / 가나다순 34 / 원본 81 40 → 패치 82 BD / D88 raw 0x071E6~0x071E7
73,D578~D579,82 DD,패치 슬롯 0048 | 한글 문자 | 놈,번역 01-048/137 · 놈 / 토큰 82 DD / KANJI 29F0 / 가나다순 68 / 원본 83 81 → 패치 82 DD / D88 raw 0x071E8~0x071E9
74,D57A~D57B,89 89,패치 슬롯 0049 | 한글 문자 | 은,번역 01-049/137 · 은 / 토큰 89 89 / KANJI E290 / 가나다순 264 / 원본 83 4B → 패치 89 89 / D88 raw 0x071EA~0x071EB
75,D57C~D57D,81 40,패치 슬롯 0050 | 전각 공백 | ␠,번역 01-050/137 · ␠ / 토큰 81 40 / PC-88 전각 공백 토큰 / 원본 83 58 → 패치 81 40 / D88 raw 0x071EC~0x071ED
76,D57E~D57F,89 45,패치 슬롯 0051 | 한글 문자 | 살,번역 01-051/137 · 살 / 토큰 89 45 / KANJI 6260 / 가나다순 193 / 원본 82 CD → 패치 89 45 / D88 raw 0x071EE~0x071EF
77,D580~D581,89 60,패치 슬롯 0052 | 한글 문자 | 아,번역 01-052/137 · 아 / 토큰 89 60 / KANJI A210 / 가나다순 223 / 원본 90 B6 → 패치 89 60 / D88 raw 0x071F0~0x071F1
78,D582~D583,89 92,패치 슬롯 0053 | 한글 문자 | 있,번역 01-053/137 · 있 / 토큰 89 92 / KANJI E320 / 가나다순 276 / 원본 82 AB → 패치 89 92 / D88 raw 0x071F2~0x071F3
79,D584~D585,82 E3,패치 슬롯 0054 | 한글 문자 | 는,번역 01-054/137 · 는 / 토큰 82 E3 / KANJI 3850 / 가나다순 74 / 원본 95 A8 → 패치 82 E3 / D88 raw 0x071F4~0x071F5
80,D586~D587,89 A5,패치 슬롯 0055 | 한글 문자 | 존,번역 01-055/136 · 존 / 토큰 89 A5 / KANJI 6470 / 가나다순 295 / 원본 82 CD → 패치 89 A5 / D88 raw 0x071F6~0x071F7
81,D588~D589,89 9A,패치 슬롯 0056 | 한글 문자 | 재,번역 01-056/136 · 재 / 토큰 89 9A / KANJI E3A0 / 가나다순 284 / 원본 82 C8 → 패치 89 9A / D88 raw 0x071F8~0x071F9
82,D58A~D58B,82 9F,패치 슬롯 0057 | 한글 문자 | 가,번역 01-057/136 · 가 / 토큰 82 9F / KANJI 1810 / 가나다순 1 / 원본 82 A2 → 패치 82 9F / D88 raw 0x071FA~0x071FB
83,D58C~D58D,81 40,패치 슬롯 0058 | 전각 공백 | ␠,번역 01-058/136 · ␠ / 토큰 81 40 / PC-88 전각 공백 토큰 / 원본 81 45 → 패치 81 40 / D88 raw 0x071FC~0x071FD
84,D58E~D58F,89 60,패치 슬롯 0059 | 한글 문자 | 아,번역 01-059/136 · 아 / 토큰 89 60 / KANJI A210 / 가나다순 223 / 원본 81 45 → 패치 89 60 / D88 raw 0x071FE~0x071FF
85,D590~D591,82 E4,패치 슬롯 0060 | 한글 문자 | 니,번역 01-060/136 · 니 / 토큰 82 E4 / KANJI 3860 / 가나다순 75 / 원본 81 45 → 패치 82 E4 / D88 raw 0x07200~0x07201
86,D592~D593,82 E7,패치 슬롯 0061 | 한글 문자 | 다,번역 01-061/136 · 다 / 토큰 82 E7 / KANJI 3890 / 가나다순 78 / 원본 83 81 → 패치 82 E7 / D88 raw 0x07202~0x07203
87,D594~D595,81 45,패치 슬롯 0062 | 문장부호 | ・,번역 01-062/136 · ・ / 토큰 81 45 / PC-88 가운데점 토큰 / 원본 83 4B → 패치 81 45 / D88 raw 0x07204~0x07205
88,D596~D597,81 45,패치 슬롯 0063 | 문장부호 | ・,번역 01-063/136 · ・ / 토큰 81 45 / PC-88 가운데점 토큰 / 원본 83 58 → 패치 81 45 / D88 raw 0x07206~0x07207
89,D598~D599,81 45,패치 슬롯 0064 | 문장부호 | ・,번역 01-064/136 · ・ / 토큰 81 45 / PC-88 가운데점 토큰 / 원본 82 CD → 패치 81 45 / D88 raw 0x07208~0x07209
90,D59A~D59B,81 40,패치 슬롯 0065 | 전각 공백 | ␠,번역 01-065/136 · ␠ / 토큰 81 40 / PC-88 전각 공백 토큰 / 원본 8E 45 → 패치 81 40 / D88 raw 0x0720A~0x0720B
91,D59C~D59D,82 BD,패치 슬롯 0066 | 한글 문자 | 그,번역 01-066/136 · 그 / 토큰 82 BD / KANJI 19F0 / 가나다순 34 / 원본 90 6C → 패치 82 BD / D88 raw 0x0720C~0x0720D
92,D59E~D59F,89 9B,패치 슬롯 0067 | 한글 문자 | 저,번역 01-067/136 · 저 / 토큰 89 9B / KANJI E3B0 / 가나다순 285 / 원본 8B 40 → 패치 89 9B / D88 raw 0x0720E~0x0720F
93,D5A0~D5A1,81 40,패치 슬롯 0068 | 전각 공백 | ␠,번역 01-068/136 · ␠ / 토큰 81 40 / PC-88 전각 공백 토큰 / 원본 8A 42 → 패치 81 40 / D88 raw 0x07210~0x07211
94,D5A2~D5A3,88 DF,패치 슬롯 0069 | 한글 문자 | 모,번역 01-069/136 · 모 / 토큰 88 DF / KANJI E010 / 가나다순 157 / 원본 82 BE → 패치 88 DF / D88 raw 0x07212~0x07213
95,D5A4~D5A5,88 A9,패치 슬롯 0070 | 한글 문자 | 든,번역 01-070/136 · 든 / 토큰 88 A9 / KANJI 60B0 / 가나다순 101 / 원본 81 45 → 패치 88 A9 / D88 raw 0x07214~0x07215
96,D5A6~D5A7,81 40,패치 슬롯 0071 | 전각 공백 | ␠,번역 01-071/136 · ␠ / 토큰 81 40 / PC-88 전각 공백 토큰 / 원본 81 45 → 패치 81 40 / D88 raw 0x07216~0x07217
97,D5A8~D5A9,82 AA,패치 슬롯 0072 | 한글 문자 | 것,번역 01-072/136 · 것 / 토큰 82 AA / KANJI 18C0 / 가나다순 12 / 원본 81 45 → 패치 82 AA / D88 raw 0x07218~0x07219
98,D5AA~D5AB,89 8A,패치 슬롯 0073 | 한글 문자 | 을,번역 01-073/136 · 을 / 토큰 89 8A / KANJI E2A0 / 가나다순 265 / 원본 82 B7 → 패치 89 8A / D88 raw 0x0721A~0x0721B
99,D5AC~D5AD,81 40,패치 슬롯 0074 | 전각 공백 | ␠,번역 01-074/136 · ␠ / 토큰 81 40 / PC-88 전각 공백 토큰 / 원본 82 D7 → 패치 81 40 / D88 raw 0x0721C~0x0721D
100,D5AE~D5AF,89 AB,패치 슬롯 0075 | 한글 문자 | 죽,번역 01-075/136 · 죽 / 토큰 89 AB / KANJI 64D0 / 가나다순 301 / 원본 82 C4 → 패치 89 AB / D88 raw 0x0721E~0x0721F
101,D5B0~D5B1,89 8D,패치 슬롯 0076 | 한글 문자 | 이,번역 01-076/136 · 이 / 토큰 89 8D / KANJI E2D0 / 가나다순 268 / 원본 82 F0 → 패치 89 8D / D88 raw 0x07220~0x07221
102,D5B2~D5B3,82 B1,패치 슬롯 0077 | 한글 문자 | 고,번역 01-077/136 · 고 / 토큰 82 B1 / KANJI 1930 / 가나다순 21 / 원본 8E 45 → 패치 82 B1 / D88 raw 0x07222~0x07223
103,D5B4~D5B5,81 41,패치 슬롯 0078 | 문장부호 | 、,번역 01-078/136 · 、 / 토큰 81 41 / PC-88 전각 쉼표 토큰 / 원본 82 B5 → 패치 81 41 / D88 raw 0x07224~0x07225
104,D5B6~D5B7,89 D8,패치 슬롯 0079 | 한글 문자 | 파,번역 01-079/136 · 파 / 토큰 89 D8 / KANJI A5A0 / 가나다순 352 / 원본 81 41 → 패치 89 D8 / D88 raw 0x07226~0x07227
105,D5B8~D5B9,82 B6,패치 슬롯 0080 | 한글 문자 | 괴,번역 01-080/136 · 괴 / 토큰 82 B6 / KANJI 1980 / 가나다순 27 / 원본 82 B7 → 패치 82 B6 / D88 raw 0x07228~0x07229
106,D5BA~D5BB,89 E2,패치 슬롯 0081 | 한글 문자 | 하,번역 01-081/136 · 하 / 토큰 89 E2 / KANJI E440 / 가나다순 362 / 원본 82 D7 → 패치 89 E2 / D88 raw 0x0722A~0x0722B
107,D5BC~D5BD,82 B1,패치 슬롯 0082 | 한글 문자 | 고,번역 01-082/136 · 고 / 토큰 82 B1 / KANJI 1930 / 가나다순 21 / 원본 82 C4 → 패치 82 B1 / D88 raw 0x0722C~0x0722D
108,D5BE~D5BF,81 41,패치 슬롯 0083 | 문장부호 | 、,번역 01-083/136 · 、 / 토큰 81 41 / PC-88 전각 쉼표 토큰 / 원본 82 F0 → 패치 81 41 / D88 raw 0x0722E~0x0722F
109,D5C0~D5C1,88 DD,패치 슬롯 0084 | 한글 문자 | 멸,번역 01-084/136 · 멸 / 토큰 88 DD / KANJI A1F0 / 가나다순 155 / 원본 94 6A → 패치 88 DD / D88 raw 0x07230~0x07231
110,D5C2~D5C3,88 D6,패치 슬롯 0085 | 한글 문자 | 망,번역 01-085/136 · 망 / 토큰 88 D6 / KANJI A180 / 가나다순 148 / 원본 89 F3 → 패치 88 D6 / D88 raw 0x07232~0x07233
111,D5C4~D5C5,89 5A,패치 슬롯 0086 | 한글 문자 | 시,번역 01-086/136 · 시 / 토큰 89 5A / KANJI 63B0 / 가나다순 215 / 원본 82 B5 → 패치 89 5A / D88 raw 0x07234~0x07235
112,D5C6~D5C7,89 C9,패치 슬롯 0087 | 한글 문자 | 키,번역 01-087/136 · 키 / 토큰 89 C9 / KANJI A4B0 / 가나다순 335 / 원본 81 41 → 패치 89 C9 / D88 raw 0x07236~0x07237
113,D5C8~D5C9,82 C1,패치 슬롯 0088 | 한글 문자 | 기,번역 01-088/136 · 기 / 토큰 82 C1 / KANJI 2830 / 가나다순 39 / 원본 82 B7 → 패치 82 C1 / D88 raw 0x07238~0x07239
114,D5CA~D5CB,81 40,패치 슬롯 0089 | 전각 공백 | ␠,번역 01-089/136 · ␠ / 토큰 81 40 / PC-88 전각 공백 토큰 / 원본 82 D7 → 패치 81 40 / D88 raw 0x0723A~0x0723B
115,D5CC~D5CD,89 85,패치 슬롯 0090 | 한글 문자 | 위,번역 01-090/136 · 위 / 토큰 89 85 / KANJI E250 / 가나다순 260 / 원본 82 C4 → 패치 89 85 / D88 raw 0x0723C~0x0723D
116,D5CE~D5CF,89 E8,패치 슬롯 0091 | 한글 문자 | 해,번역 01-091/136 · 해 / 토큰 89 E8 / KANJI E4A0 / 가나다순 369 / 원본 82 F0 → 패치 89 E8 / D88 raw 0x0723E~0x0723F
117,D5D0~D5D1,81 40,패치 슬롯 0092 | 전각 공백 | ␠,번역 01-092/136 · ␠ / 토큰 81 40 / PC-88 전각 공백 토큰 / 원본 96 C5 → 패치 81 40 / D88 raw 0x07240~0x07241
118,D5D2~D5D3,89 CF,패치 슬롯 0093 | 한글 문자 | 태,번역 01-093/136 · 태 / 토큰 89 CF / KANJI A510 / 가나다순 341 / 원본 82 DA → 패치 89 CF / D88 raw 0x07242~0x07243
119,D5D4~D5D5,89 6C,패치 슬롯 0094 | 한글 문자 | 어,번역 01-094/136 · 어 / 토큰 89 6C / KANJI A2D0 / 가나다순 235 / 원본 82 B7 → 패치 89 6C / D88 raw 0x07244~0x07245
120,D5D6~D5D7,82 CF,패치 슬롯 0095 | 한글 문자 | 난,번역 01-095/136 · 난 / 토큰 82 CF / KANJI 2910 / 가나다순 53 / 원본 82 BD → 패치 82 CF / D88 raw 0x07246~0x07247
121,D5D8~D5D9,81 40,패치 슬롯 0096 | 전각 공백 | ␠,번역 01-096/136 · ␠ / 토큰 81 40 / PC-88 전각 공백 토큰 / 원본 82 DF → 패치 81 40 / D88 raw 0x07248~0x07249
122,D5DA~D5DB,89 45,패치 슬롯 0097 | 한글 문자 | 살,번역 01-097/136 · 살 / 토큰 89 45 / KANJI 6260 / 가나다순 193 / 원본 82 C9 → 패치 89 45 / D88 raw 0x0724A~0x0724B
123,D5DC~D5DD,89 8E,패치 슬롯 0098 | 한글 문자 | 인,번역 01-098/136 · 인 / 토큰 89 8E / KANJI E2E0 / 가나다순 270 / 원본 90 B6 → 패치 89 8E / D88 raw 0x0724C~0x0724D
124,D5DE~D5DF,82 C1,패치 슬롯 0099 | 한글 문자 | 기,번역 01-099/136 · 기 / 토큰 82 C1 / KANJI 2830 / 가나다순 39 / 원본 82 DC → 패치 82 C1 / D88 raw 0x0724E~0x0724F
125,D5E0~D5E1,82 B0,패치 슬롯 0100 | 한글 문자 | 계,번역 01-100/136 · 계 / 토큰 82 B0 / KANJI 1920 / 가나다순 20 / 원본 82 EA → 패치 82 B0 / D88 raw 0x07250~0x07251
126,D5E2~D5E3,82 E7,패치 슬롯 0101 | 한글 문자 | 다,번역 01-101/136 · 다 / 토큰 82 E7 / KANJI 3890 / 가나다순 78 / 원본 82 BD → 패치 82 E7 / D88 raw 0x07252~0x07253
127,D5E4~D5E5,81 45,패치 슬롯 0102 | 문장부호 | ・,번역 01-102/136 · ・ / 토큰 81 45 / PC-88 가운데점 토큰 / 원본 92 6A → 패치 81 45 / D88 raw 0x07254~0x07255
128,D5E6~D5E7,81 45,패치 슬롯 0103 | 문장부호 | ・,번역 01-103/136 · ・ / 토큰 81 45 / PC-88 가운데점 토큰 / D88 raw 0x07256~0x07257
129,D5E8~D5E9,81 45,패치 슬롯 0104 | 문장부호 | ・,번역 01-104/136 · ・ / 토큰 81 45 / PC-88 가운데점 토큰 / D88 raw 0x07258~0x07259
130,D5EA~D5EB,81 42,패치 슬롯 0105 | 문장부호 | 。,번역 01-105/136 · 。 / 토큰 81 42 / PC-88 전각 마침표 토큰 / 원본 81 45 → 패치 81 42 / D88 raw 0x0725A~0x0725B
131,D5EC,61,기존 확인 61~70h 계열 / CAA8[0] 작업슬롯 비활성화,비활성화 토큰 61 / D88 raw 0x0725C
132,D5ED~D5EE,01 00,기존 확인 01h 계열 / 하위 제어 래퍼,하위코드 00 / D88 raw 0x0725D~0x0725E
133,D5EF,42,기존 확인 41~50h 계열 / CAA8[1] 슬롯 실행,슬롯 토큰 42 / D88 raw 0x0725F
134,D5F0~D5F1,89 E2,패치 슬롯 0106 | 한글 문자 | 하,번역 01-106/140 · 하 / 토큰 89 E2 / KANJI E440 / 가나다순 362 / D88 raw 0x07260~0x07261
135,D5F2~D5F3,89 B3,패치 슬롯 0107 | 한글 문자 | 지,번역 01-107/140 · 지 / 토큰 89 B3 / KANJI 6550 / 가나다순 309 / D88 raw 0x07262~0x07263
136,D5F4~D5F5,88 D2,패치 슬롯 0108 | 한글 문자 | 만,번역 01-108/140 · 만 / 토큰 88 D2 / KANJI A140 / 가나다순 144 / D88 raw 0x07264~0x07265
137,D5F6~D5F7,88 C5,패치 슬롯 0109 | 한글 문자 | 로,번역 01-109/139 · 로 / 토큰 88 C5 / KANJI A070 / 가나다순 130 / 원본 83 8D → 패치 88 C5 / D88 raw 0x07266~0x07267
138,D5F8~D5F9,82 BD,패치 슬롯 0110 | 한글 문자 | 그,번역 01-110/139 · 그 / 토큰 82 BD / KANJI 19F0 / 가나다순 34 / 원본 83 4F → 패치 82 BD / D88 raw 0x07268~0x07269
139,D5FA~D5FB,88 C0,패치 슬롯 0111 | 한글 문자 | 레,번역 01-111/139 · 레 / 토큰 88 C0 / KANJI A020 / 가나다순 125 / 원본 83 8C → 패치 88 C0 / D88 raw 0x0726A~0x0726B
140,D5FC~D5FD,89 56,패치 슬롯 0112 | 한글 문자 | 스,번역 01-112/139 · 스 / 토큰 89 56 / KANJI 6370 / 가나다순 211 / 원본 83 58 → 패치 89 56 / D88 raw 0x0726C~0x0726D
141,D5FE~D5FF,82 E6,패치 슬롯 0113 | 한글 문자 | 님,번역 01-113/139 · 님 / 토큰 82 E6 / KANJI 3880 / 가나다순 77 / 원본 97 6C → 패치 82 E6 / D88 raw 0x0726E~0x0726F
142,D600~D601,89 89,패치 슬롯 0114 | 한글 문자 | 은,번역 01-114/139 · 은 / 토큰 89 89 / KANJI E290 / 가나다순 264 / 원본 82 CD → 패치 89 89 / D88 raw 0x07270~0x07271
143,D602~D603,81 40,패치 슬롯 0115 | 전각 공백 | ␠,번역 01-115/139 · ␠ / 토큰 81 40 / PC-88 전각 공백 토큰 / 원본 82 BF → 패치 81 40 / D88 raw 0x07272~0x07273
144,D604~D605,82 EA,패치 슬롯 0116 | 한글 문자 | 달,번역 01-116/139 · 달 / 토큰 82 EA / KANJI 38C0 / 가나다순 81 / 원본 82 AA → 패치 82 EA / D88 raw 0x07274~0x07275
145,D606~D607,8A 5A,패치 슬롯 0117 | 한글 문자 | 랐,번역 01-117/139 · 랐 / 토큰 8A 5A / KANJI 67B0 / 가나다순 392 / 원본 82 A4 → 패치 8A 5A / D88 raw 0x07276~0x07277
146,D608~D609,82 E7,패치 슬롯 0118 | 한글 문자 | 다,번역 01-118/139 · 다 / 토큰 82 E7 / KANJI 3890 / 가나다순 78 / 원본 81 45 → 패치 82 E7 / D88 raw 0x07278~0x07279
147,D60A~D60B,81 45,패치 슬롯 0119 | 문장부호 | ・,번역 01-119/139 · ・ / 토큰 81 45 / PC-88 가운데점 토큰 / D88 raw 0x0727A~0x0727B
148,D60C~D60D,81 45,패치 슬롯 0120 | 문장부호 | ・,번역 01-120/139 · ・ / 토큰 81 45 / PC-88 가운데점 토큰 / D88 raw 0x0727C~0x0727D
149,D60E~D60F,81 45,패치 슬롯 0121 | 문장부호 | ・,번역 01-121/139 · ・ / 토큰 81 45 / PC-88 가운데점 토큰 / 원본 83 8D → 패치 81 45 / D88 raw 0x0727E~0x0727F
150,D610~D611,81 40,패치 슬롯 0122 | 전각 공백 | ␠,번역 01-122/139 · ␠ / 토큰 81 40 / PC-88 전각 공백 토큰 / 원본 83 4F → 패치 81 40 / D88 raw 0x07280~0x07281
151,D612~D613,82 BD,패치 슬롯 0123 | 한글 문자 | 그,번역 01-123/139 · 그 / 토큰 82 BD / KANJI 19F0 / 가나다순 34 / 원본 83 8C → 패치 82 BD / D88 raw 0x07282~0x07283
152,D614~D615,88 FB,패치 슬롯 0124 | 한글 문자 | 분,번역 01-124/139 · 분 / 토큰 88 FB / KANJI E1D0 / 가나다순 186 / 원본 83 58 → 패치 88 FB / D88 raw 0x07284~0x07285
153,D616~D617,89 89,패치 슬롯 0125 | 한글 문자 | 은,번역 01-125/139 · 은 / 토큰 89 89 / KANJI E290 / 가나다순 264 / 원본 97 6C → 패치 89 89 / D88 raw 0x07286~0x07287
154,D618~D619,81 40,패치 슬롯 0126 | 전각 공백 | ␠,번역 01-126/139 · ␠ / 토큰 81 40 / PC-88 전각 공백 토큰 / D88 raw 0x07288~0x07289
155,D61A~D61B,8A 5C,패치 슬롯 0127 | 한글 문자 | 훌,번역 01-127/139 · 훌 / 토큰 8A 5C / KANJI 67D0 / 가나다순 394 / 원본 97 C7 → 패치 8A 5C / D88 raw 0x0728A~0x0728B
156,D61C~D61D,8A 5B,패치 슬롯 0128 | 한글 문자 | 륭,번역 01-128/139 · 륭 / 토큰 8A 5B / KANJI 67C0 / 가나다순 393 / 원본 82 AB → 패치 8A 5B / D88 raw 0x0728C~0x0728D
157,D61E~D61F,89 E4,패치 슬롯 0129 | 한글 문자 | 한,번역 01-129/139 · 한 / 토큰 89 E4 / KANJI E460 / 가나다순 364 / 원본 8E 78 → 패치 89 E4 / D88 raw 0x0728E~0x0728F
158,D620~D621,81 40,패치 슬롯 0130 | 전각 공백 | ␠,번역 01-130/139 · ␠ / 토큰 81 40 / PC-88 전각 공백 토큰 / 원본 94 7A → 패치 81 40 / D88 raw 0x07290~0x07291
159,D622~D623,89 D4,패치 슬롯 0131 | 한글 문자 | 통,번역 01-131/139 · 통 / 토큰 89 D4 / KANJI A560 / 가나다순 348 / 원본 8E D2 → 패치 89 D4 / D88 raw 0x07292~0x07293
160,D624~D625,89 BF,패치 슬롯 0132 | 한글 문자 | 치,번역 01-132/139 · 치 / 토큰 89 BF / KANJI A410 / 가나다순 325 / 원본 82 BE → 패치 89 BF / D88 raw 0x07294~0x07295
161,D626~D627,89 93,패치 슬롯 0133 | 한글 문자 | 자,번역 01-133/139 · 자 / 토큰 89 93 / KANJI E330 / 가나다순 277 / 원본 82 C1 → 패치 89 93 / D88 raw 0x07296~0x07297
162,D628~D629,89 75,패치 슬롯 0134 | 한글 문자 | 였,번역 01-134/139 · 였 / 토큰 89 75 / KANJI A360 / 가나다순 244 / 원본 82 BD → 패치 89 75 / D88 raw 0x07298~0x07299
163,D62A~D62B,82 E7,패치 슬롯 0135 | 한글 문자 | 다,번역 01-135/139 · 다 / 토큰 82 E7 / KANJI 3890 / 가나다순 78 / 원본 81 45 → 패치 82 E7 / D88 raw 0x0729A~0x0729B
164,D62C~D62D,81 45,패치 슬롯 0136 | 문장부호 | ・,번역 01-136/139 · ・ / 토큰 81 45 / PC-88 가운데점 토큰 / D88 raw 0x0729C~0x0729D
165,D62E~D62F,81 45,패치 슬롯 0137 | 문장부호 | ・,번역 01-137/139 · ・ / 토큰 81 45 / PC-88 가운데점 토큰 / D88 raw 0x0729E~0x0729F
166,D630~D631,81 45,패치 슬롯 0138 | 문장부호 | ・,번역 01-138/139 · ・ / 토큰 81 45 / PC-88 가운데점 토큰 / 원본 81 42 → 패치 81 45 / D88 raw 0x072A0~0x072A1
167,D632~D633,81 42,패치 슬롯 0139 | 문장부호 | 。,번역 01-139/139 · 。 / 토큰 81 42 / PC-88 전각 마침표 토큰 / D88 raw 0x072A2~0x072A3
168,D634,62,기존 확인 61~70h 계열 / CAA8[1] 작업슬롯 비활성화,비활성화 토큰 62 / D88 raw 0x072A4
169,D635~D636,01 FF,기존 확인 01h 계열 / 하위 제어 래퍼,하위코드 FF / D88 raw 0x072A5~0x072A6
170,D637~D639,16 5F E2,기존 확인 16h 계열 / 서브스트림 호출·전환 → E25F,16h 호출 → E25F; 복귀 주소 D630 / D88 raw 0x072A7~0x072A9
171,E25F~E261,16 66 E2,서브스트림 실행 / 기존 확인 16h 계열 / 서브스트림 호출·전환 → E266,16h 중첩 호출 → E266; 복귀 주소 E262
172,E266~E26A,0F 02 35 03 0F,서브스트림 실행 / 기존 확인 0Fh 계열 제어토큰,인자 02 35 03 0F
173,E26B~E26D,16 9C E3,서브스트림 실행 / 기존 확인 16h 계열 / 서브스트림 호출·전환 → E39C,16h 중첩 호출 → E39C; 복귀 주소 E26E
174,E39C~E39E,1E 3C 08,서브스트림 실행 / 기존 확인 1Eh 계열 / 간접 CALL,호출 대상 083C
175,E39F~E3A4,05 16 86 3A 9E 00,서브스트림 실행 / 기존 확인 05h 계열 / 영역·좌표 상태 설정·전개,인자 16 86 3A 9E 00
176,E3A5~E3A9,0E 16 20 24 80,서브스트림 실행 / 기존 확인 0Eh 계열 / 화면·버퍼 초기화·전개,인자 16 20 24 80
177,E3AA,17,서브스트림 실행 / 기존 확인 17h 계열 / 서브스트림 복귀,17h 복귀 → E26E
178,E26E~E271,14 00 16 22,서브스트림 실행 / 기존 확인 14h 계열 / 버퍼·영역 처리,인자 00 16 22
179,E272~E275,14 01 3B 00,서브스트림 실행 / 기존 확인 14h 계열 / 버퍼·영역 처리,인자 01 3B 00
180,E276~E279,04 51 E5 41,서브스트림 실행 / 기존 확인 04h 계열 / CAA8 슬롯 포인터 설정,E551 포인터를 41h 슬롯에 설정
181,E27A~E27D,04 5B E5 46,서브스트림 실행 / 기존 확인 04h 계열 / CAA8 슬롯 포인터 설정,E55B 포인터를 46h 슬롯에 설정
182,E27E~E281,04 65 E5 47,서브스트림 실행 / 기존 확인 04h 계열 / CAA8 슬롯 포인터 설정,E565 포인터를 47h 슬롯에 설정
183,E282~E285,04 1F E5 42,서브스트림 실행 / 기존 확인 04h 계열 / CAA8 슬롯 포인터 설정,E51F 포인터를 42h 슬롯에 설정
184,E286~E289,04 29 E5 43,서브스트림 실행 / 기존 확인 04h 계열 / CAA8 슬롯 포인터 설정,E529 포인터를 43h 슬롯에 설정
185,E28A~E28D,04 33 E5 44,서브스트림 실행 / 기존 확인 04h 계열 / CAA8 슬롯 포인터 설정,E533 포인터를 44h 슬롯에 설정
186,E28E~E291,04 3D E5 45,서브스트림 실행 / 기존 확인 04h 계열 / CAA8 슬롯 포인터 설정,E53D 포인터를 45h 슬롯에 설정
187,E292~E293,25 2B,서브스트림 실행 / 기존 확인 25h 계열 / CA1D 입 움직임 효과음 인덱스 설정,CA1D=2B
188,E294,17,서브스트림 실행 / 기존 확인 17h 계열 / 서브스트림 복귀,17h 복귀 → E262
189,E262~E264,13 CB E3,서브스트림 실행 / 기존 확인 13h 계열 제어토큰,인자 CB E3
190,E265,17,서브스트림 실행 / 기존 확인 17h 계열 / 서브스트림 복귀,17h 복귀 → D630
191,D63A,41,기존 확인 41~50h 계열 / CAA8[0] 슬롯 실행,슬롯 토큰 41 / D88 raw 0x072AA
192,D63B~D63C,8A 5D,패치 슬롯 0140 | 한글 문자 | 웃,번역 02-001/083 · 웃 / 토큰 8A 5D / KANJI 67E0 / 가나다순 395 / 원본 83 6F → 패치 8A 5D / D88 raw 0x072AB~0x072AC
193,D63D~D63E,82 C1,패치 슬롯 0141 | 한글 문자 | 기,번역 02-002/083 · 기 / 토큰 82 C1 / KANJI 2830 / 가나다순 39 / 원본 83 4A → 패치 82 C1 / D88 raw 0x072AD~0x072AE
194,D63F~D640,89 B3,패치 슬롯 0142 | 한글 문자 | 지,번역 02-003/083 · 지 / 토큰 89 B3 / KANJI 6550 / 가나다순 309 / 원본 82 C8 → 패치 89 B3 / D88 raw 0x072AF~0x072B0
195,D641~D642,81 40,패치 슬롯 0143 | 전각 공백 | ␠,번역 02-004/083 · ␠ / 토큰 81 40 / PC-88 전각 공백 토큰 / 원본 81 49 → 패치 81 40 / D88 raw 0x072B1~0x072B2
196,D643~D644,88 D1,패치 슬롯 0144 | 한글 문자 | 마,번역 02-005/083 · 마 / 토큰 88 D1 / KANJI A130 / 가나다순 142 / 원본 81 40 → 패치 88 D1 / D88 raw 0x072B3~0x072B4
197,D645~D646,81 49,패치 슬롯 0145 | 문장부호 | ！,번역 02-006/083 · ！ / 토큰 81 49 / PC-88 전각 느낌표 토큰 / 원본 83 8D → 패치 81 49 / D88 raw 0x072B5~0x072B6
198,D647~D648,81 40,패치 슬롯 0146 | 전각 공백 | ␠,번역 02-007/083 · ␠ / 토큰 81 40 / PC-88 전각 공백 토큰 / 원본 83 4F → 패치 81 40 / D88 raw 0x072B7~0x072B8
199,D649~D64A,88 C5,패치 슬롯 0147 | 한글 문자 | 로,번역 02-008/083 · 로 / 토큰 88 C5 / KANJI A070 / 가나다순 130 / 원본 83 8C → 패치 88 C5 / D88 raw 0x072B9~0x072BA
200,D64B~D64C,82 BD,패치 슬롯 0148 | 한글 문자 | 그,번역 02-009/083 · 그 / 토큰 82 BD / KANJI 19F0 / 가나다순 34 / 원본 83 58 → 패치 82 BD / D88 raw 0x072BB~0x072BC
201,D64D~D64E,88 C0,패치 슬롯 0149 | 한글 문자 | 레,번역 02-010/083 · 레 / 토큰 88 C0 / KANJI A020 / 가나다순 125 / 원본 82 E0 → 패치 88 C0 / D88 raw 0x072BD~0x072BE
202,D64F~D650,89 56,패치 슬롯 0150 | 한글 문자 | 스,번역 02-011/083 · 스 / 토큰 89 56 / KANJI 6370 / 가나다순 211 / 원본 83 81 → 패치 89 56 / D88 raw 0x072BF~0x072C0
203,D651~D652,82 F1,패치 슬롯 0151 | 한글 문자 | 도,번역 02-012/083 · 도 / 토큰 82 F1 / KANJI 3930 / 가나다순 89 / 원본 83 4B → 패치 82 F1 / D88 raw 0x072C1~0x072C2
204,D653~D654,81 40,패치 슬롯 0152 | 전각 공백 | ␠,번역 02-013/083 · ␠ / 토큰 81 40 / PC-88 전각 공백 토큰 / 원본 83 58 → 패치 81 40 / D88 raw 0x072C3~0x072C4
205,D655~D656,88 DA,패치 슬롯 0153 | 한글 문자 | 메,번역 02-014/083 · 메 / 토큰 88 DA / KANJI A1C0 / 가나다순 152 / 원본 82 C6 → 패치 88 DA / D88 raw 0x072C5~0x072C6
206,D657~D658,82 9F,패치 슬롯 0154 | 한글 문자 | 가,번역 02-015/083 · 가 / 토큰 82 9F / KANJI 1810 / 가나다순 1 / 원본 93 AF → 패치 82 9F / D88 raw 0x072C7~0x072C8
207,D659~D65A,89 56,패치 슬롯 0155 | 한글 문자 | 스,번역 02-016/083 · 스 / 토큰 89 56 / KANJI 6370 / 가나다순 211 / 원본 82 B6 → 패치 89 56 / D88 raw 0x072C9~0x072CA
208,D65B~D65C,89 7A,패치 슬롯 0156 | 한글 문자 | 와,번역 02-017/083 · 와 / 토큰 89 7A / KANJI A3B0 / 가나다순 250 / 원본 82 E6 → 패치 89 7A / D88 raw 0x072CB~0x072CC
209,D65D~D65E,81 40,패치 슬롯 0157 | 전각 공백 | ␠,번역 02-018/083 · ␠ / 토큰 81 40 / PC-88 전각 공백 토큰 / 원본 82 A4 → 패치 81 40 / D88 raw 0x072CD~0x072CE
210,D65F~D660,88 D1,패치 슬롯 0158 | 한글 문자 | 마,번역 02-019/083 · 마 / 토큰 88 D1 / KANJI A130 / 가나다순 142 / 원본 82 C9 → 패치 88 D1 / D88 raw 0x072CF~0x072D0
211,D661~D662,8A 5E,패치 슬롯 0159 | 한글 문자 | 찬,번역 02-020/083 · 찬 / 토큰 8A 5E / KANJI 67F0 / 가나다순 396 / 원본 81 41 → 패치 8A 5E / D88 raw 0x072D1~0x072D2
212,D663~D664,82 9F,패치 슬롯 0160 | 한글 문자 | 가,번역 02-021/083 · 가 / 토큰 82 9F / KANJI 1810 / 가나다순 1 / 원본 83 94 → 패치 82 9F / D88 raw 0x072D3~0x072D4
213,D665~D666,89 B3,패치 슬롯 0161 | 한글 문자 | 지,번역 02-022/083 · 지 / 토큰 89 B3 / KANJI 6550 / 가나다순 309 / 원본 83 40 → 패치 89 B3 / D88 raw 0x072D5~0x072D6
214,D667~D668,88 C5,패치 슬롯 0162 | 한글 문자 | 로,번역 02-023/083 · 로 / 토큰 88 C5 / KANJI A070 / 가나다순 130 / 원본 83 6A → 패치 88 C5 / D88 raw 0x072D7~0x072D8
215,D669~D66A,81 40,패치 슬롯 0163 | 전각 공백 | ␠,번역 02-024/083 · ␠ / 토큰 81 40 / PC-88 전각 공백 토큰 / 원본 83 65 → 패치 81 40 / D88 raw 0x072D9~0x072DA
216,D66B~D66C,88 E9,패치 슬롯 0164 | 한글 문자 | 바,번역 02-025/083 · 바 / 토큰 88 E9 / KANJI E0B0 / 가나다순 168 / 원본 83 42 → 패치 88 E9 / D88 raw 0x072DB~0x072DC
217,D66D~D66E,82 E4,패치 슬롯 0165 | 한글 문자 | 니,번역 02-026/083 · 니 / 토큰 82 E4 / KANJI 3860 / 가나다순 75 / 원본 82 C6 → 패치 82 E4 / D88 raw 0x072DD~0x072DE
218,D66F~D670,89 D7,패치 슬롯 0166 | 한글 문자 | 티,번역 02-027/083 · 티 / 토큰 89 D7 / KANJI A590 / 가나다순 351 / 원본 83 8A → 패치 89 D7 / D88 raw 0x072DF~0x072E0
219,D671~D672,89 7A,패치 슬롯 0167 | 한글 문자 | 와,번역 02-028/083 · 와 / 토큰 89 7A / KANJI A3B0 / 가나다순 250 / 원본 83 41 → 패치 89 7A / D88 raw 0x072E1~0x072E2
220,D673~D674,81 40,패치 슬롯 0168 | 전각 공백 | ␠,번역 02-029/083 · ␠ / 토큰 81 40 / PC-88 전각 공백 토큰 / 원본 83 8A → 패치 81 40 / D88 raw 0x072E3~0x072E4
221,D675~D676,88 CC,패치 슬롯 0169 | 한글 문자 | 리,번역 02-030/083 · 리 / 토큰 88 CC / KANJI A0E0 / 가나다순 137 / 원본 83 65 → 패치 88 CC / D88 raw 0x072E5~0x072E6
222,D677~D678,89 6D,패치 슬롯 0170 | 한글 문자 | 얼,번역 02-031/083 · 얼 / 토큰 89 6D / KANJI A2E0 / 가나다순 236 / 원본 83 42 → 패치 89 6D / D88 raw 0x072E7~0x072E8
223,D679~D67A,88 CC,패치 슬롯 0171 | 한글 문자 | 리,번역 02-032/083 · 리 / 토큰 88 CC / KANJI A0E0 / 가나다순 137 / 원본 82 F0 → 패치 88 CC / D88 raw 0x072E9~0x072EA
224,D67B~D67C,89 D7,패치 슬롯 0172 | 한글 문자 | 티,번역 02-033/083 · 티 / 토큰 89 D7 / KANJI A590 / 가나다순 351 / 원본 96 C5 → 패치 89 D7 / D88 raw 0x072EB~0x072EC
225,D67D~D67E,88 CA,패치 슬롯 0173 | 한글 문자 | 를,번역 02-034/083 · 를 / 토큰 88 CA / KANJI A0C0 / 가나다순 135 / 원본 82 DA → 패치 88 CA / D88 raw 0x072ED~0x072EE
226,D67F~D680,81 40,패치 슬롯 0174 | 전각 공백 | ␠,번역 02-035/083 · ␠ / 토큰 81 40 / PC-88 전각 공백 토큰 / 원본 82 BB → 패치 81 40 / D88 raw 0x072EF~0x072F0
227,D681~D682,88 DD,패치 슬롯 0175 | 한글 문자 | 멸,번역 02-036/083 · 멸 / 토큰 88 DD / KANJI A1F0 / 가나다순 155 / 원본 82 A4 → 패치 88 DD / D88 raw 0x072F1~0x072F2
228,D683~D684,88 D6,패치 슬롯 0176 | 한글 문자 | 망,번역 02-037/083 · 망 / 토큰 88 D6 / KANJI A180 / 가나다순 148 / 원본 82 C6 → 패치 88 D6 / D88 raw 0x072F3~0x072F4
229,D685~D686,89 5A,패치 슬롯 0177 | 한글 문자 | 시,번역 02-038/083 · 시 / 토큰 89 5A / KANJI 63B0 / 가나다순 215 / 원본 82 B5 → 패치 89 5A / D88 raw 0x072F5~0x072F6
230,D687~D688,89 C9,패치 슬롯 0178 | 한글 문자 | 키,번역 02-039/083 · 키 / 토큰 89 C9 / KANJI A4B0 / 가나다순 335 / 원본 82 C4 → 패치 89 C9 / D88 raw 0x072F7~0x072F8
231,D689~D68A,88 C1,패치 슬롯 0179 | 한글 문자 | 려,번역 02-040/083 · 려 / 토큰 88 C1 / KANJI A030 / 가나다순 126 / 원본 82 A2 → 패치 88 C1 / D88 raw 0x072F9~0x072FA
232,D68B~D68C,81 40,패치 슬롯 0180 | 전각 공백 | ␠,번역 02-041/083 · ␠ / 토큰 81 40 / PC-88 전각 공백 토큰 / D88 raw 0x072FB~0x072FC
233,D68D~D68E,89 E9,패치 슬롯 0181 | 한글 문자 | 했,번역 02-042/083 · 했 / 토큰 89 E9 / KANJI E4B0 / 가나다순 370 / D88 raw 0x072FD~0x072FE
234,D68F,42,기존 확인 41~50h 계열 / CAA8[1] 슬롯 실행,슬롯 토큰 42 / D88 raw 0x072FF
235,D690~D691,89 6C,패치 슬롯 0182 | 한글 문자 | 어,번역 02-043/083 · 어 / 토큰 89 6C / KANJI A2D0 / 가나다순 235 / 원본 82 BD → 패치 89 6C / D88 raw 0x07300~0x07301
236,D692~D693,81 42,패치 슬롯 0183 | 문장부호 | 。,번역 02-044/083 · 。 / 토큰 81 42 / PC-88 전각 마침표 토큰 / D88 raw 0x07302~0x07303
237,D694~D695,82 BD,패치 슬롯 0184 | 한글 문자 | 그,번역 02-045/083 · 그 / 토큰 82 BD / KANJI 19F0 / 가나다순 34 / 원본 82 BB → 패치 82 BD / D88 raw 0x07304~0x07305
238,D696~D697,88 BC,패치 슬롯 0185 | 한글 문자 | 런,번역 02-046/083 · 런 / 토큰 88 BC / KANJI 61E0 / 가나다순 121 / 원본 82 CC → 패치 88 BC / D88 raw 0x07306~0x07307
239,D698~D699,81 40,패치 슬롯 0186 | 전각 공백 | ␠,번역 02-047/083 · ␠ / 토큰 81 40 / PC-88 전각 공백 토큰 / 원본 83 8D → 패치 81 40 / D88 raw 0x07308~0x07309
240,D69A~D69B,82 DD,패치 슬롯 0187 | 한글 문자 | 놈,번역 02-048/083 · 놈 / 토큰 82 DD / KANJI 29F0 / 가나다순 68 / 원본 83 4F → 패치 82 DD / D88 raw 0x0730A~0x0730B
241,D69C,42,기존 확인 41~50h 계열 / CAA8[1] 슬롯 실행,슬롯 토큰 42 / D88 raw 0x0730C
242,D69D~D69E,89 8D,패치 슬롯 0188 | 한글 문자 | 이,번역 02-049/083 · 이 / 토큰 89 8D / KANJI E2D0 / 가나다순 268 / 원본 82 AA → 패치 89 8D / D88 raw 0x0730D~0x0730E
243,D69F~D6A0,81 40,패치 슬롯 0189 | 전각 공백 | ␠,번역 02-050/083 · ␠ / 토큰 81 40 / PC-88 전각 공백 토큰 / 원본 81 41 → 패치 81 40 / D88 raw 0x0730F~0x07310
244,D6A1~D6A2,8A 5C,패치 슬롯 0190 | 한글 문자 | 훌,번역 02-051/083 · 훌 / 토큰 8A 5C / KANJI 67D0 / 가나다순 394 / 원본 97 C7 → 패치 8A 5C / D88 raw 0x07311~0x07312
245,D6A3~D6A4,8A 5B,패치 슬롯 0191 | 한글 문자 | 륭,번역 02-052/083 · 륭 / 토큰 8A 5B / KANJI 67C0 / 가나다순 393 / 원본 82 AB → 패치 8A 5B / D88 raw 0x07313~0x07314
246,D6A5~D6A6,89 E2,패치 슬롯 0192 | 한글 문자 | 하,번역 02-053/083 · 하 / 토큰 89 E2 / KANJI E440 / 가나다순 362 / 원본 8E 78 → 패치 89 E2 / D88 raw 0x07315~0x07316
247,D6A7~D6A8,82 E7,패치 슬롯 0193 | 한글 문자 | 다,번역 02-054/083 · 다 / 토큰 82 E7 / KANJI 3890 / 가나다순 78 / 원본 94 7A → 패치 82 E7 / D88 raw 0x07317~0x07318
248,D6A9,42,기존 확인 41~50h 계열 / CAA8[1] 슬롯 실행,슬롯 토큰 42 / D88 raw 0x07319
249,D6AA~D6AB,82 B1,패치 슬롯 0194 | 한글 문자 | 고,번역 02-055/083 · 고 / 토큰 82 B1 / KANJI 1930 / 가나다순 21 / 원본 82 CC → 패치 82 B1 / D88 raw 0x0731A~0x0731B
250,D6AC~D6AD,81 49,패치 슬롯 0195 | 문장부호 | ！,번역 02-056/083 · ！ / 토큰 81 49 / PC-88 전각 느낌표 토큰 / D88 raw 0x0731C~0x0731D
251,D6AE~D6AF,81 48,패치 슬롯 0196 | 문장부호 | ？,번역 02-057/083 · ？ / 토큰 81 48 / PC-88 전각 물음표 토큰 / D88 raw 0x0731E~0x0731F
252,D6B0~D6B1,81 40,패치 슬롯 0197 | 전각 공백 | ␠,번역 02-058/083 · ␠ / 토큰 81 40 / PC-88 전각 공백 토큰 / 원본 83 8D → 패치 81 40 / D88 raw 0x07320~0x07321
253,D6B2~D6B3,88 C5,패치 슬롯 0198 | 한글 문자 | 로,번역 02-059/083 · 로 / 토큰 88 C5 / KANJI A070 / 가나다순 130 / 원본 83 4F → 패치 88 C5 / D88 raw 0x07322~0x07323
254,D6B4~D6B5,82 BD,패치 슬롯 0199 | 한글 문자 | 그,번역 02-060/083 · 그 / 토큰 82 BD / KANJI 19F0 / 가나다순 34 / 원본 83 8C → 패치 82 BD / D88 raw 0x07324~0x07325
255,D6B6~D6B7,88 C0,패치 슬롯 0200 | 한글 문자 | 레,번역 02-061/083 · 레 / 토큰 88 C0 / KANJI A020 / 가나다순 125 / 원본 83 58 → 패치 88 C0 / D88 raw 0x07326~0x07327
256,D6B8~D6B9,89 56,패치 슬롯 0201 | 한글 문자 | 스,번역 02-062/083 · 스 / 토큰 89 56 / KANJI 6370 / 가나다순 211 / 원본 82 C6 → 패치 89 56 / D88 raw 0x07328~0x07329
257,D6BA~D6BB,89 7A,패치 슬롯 0202 | 한글 문자 | 와,번역 02-063/083 · 와 / 토큰 89 7A / KANJI A3B0 / 가나다순 250 / 원본 83 81 → 패치 89 7A / D88 raw 0x0732A~0x0732B
258,D6BC~D6BD,81 40,패치 슬롯 0203 | 전각 공백 | ␠,번역 02-064/083 · ␠ / 토큰 81 40 / PC-88 전각 공백 토큰 / 원본 83 4B → 패치 81 40 / D88 raw 0x0732C~0x0732D
259,D6BE~D6BF,88 DA,패치 슬롯 0204 | 한글 문자 | 메,번역 02-065/083 · 메 / 토큰 88 DA / KANJI A1C0 / 가나다순 152 / 원본 83 58 → 패치 88 DA / D88 raw 0x0732E~0x0732F
260,D6C0~D6C1,82 9F,패치 슬롯 0205 | 한글 문자 | 가,번역 02-066/083 · 가 / 토큰 82 9F / KANJI 1810 / 가나다순 1 / 원본 82 C9 → 패치 82 9F / D88 raw 0x07330~0x07331
261,D6C2~D6C3,89 56,패치 슬롯 0206 | 한글 문자 | 스,번역 02-067/083 · 스 / 토큰 89 56 / KANJI 6370 / 가나다순 211 / 원본 82 C7 → 패치 89 56 / D88 raw 0x07332~0x07333
262,D6C4~D6C5,82 9F,패치 슬롯 0207 | 한글 문자 | 가,번역 02-068/083 · 가 / 토큰 82 9F / KANJI 1810 / 가나다순 1 / 원본 82 F1 → 패치 82 9F / D88 raw 0x07334~0x07335
263,D6C6~D6C7,81 40,패치 슬롯 0208 | 전각 공백 | ␠,번역 02-069/083 · ␠ / 토큰 81 40 / PC-88 전각 공백 토큰 / 원본 82 C8 → 패치 81 40 / D88 raw 0x07336~0x07337
264,D6C8~D6C9,82 EC,패치 슬롯 0209 | 한글 문자 | 대,번역 02-070/083 · 대 / 토큰 82 EC / KANJI 38E0 / 가나다순 84 / D88 raw 0x07338~0x07339
265,D6CA~D6CB,89 BB,패치 슬롯 0210 | 한글 문자 | 체,번역 02-071/083 · 체 / 토큰 89 BB / KANJI 65D0 / 가나다순 320 / D88 raw 0x0733A~0x0733B
266,D6CC~D6CD,81 40,패치 슬롯 0211 | 전각 공백 | ␠,번역 02-072/083 · ␠ / 토큰 81 40 / PC-88 전각 공백 토큰 / D88 raw 0x0733C~0x0733D
267,D6CE~D6CF,88 E6,패치 슬롯 0212 | 한글 문자 | 뭐,번역 02-073/083 · 뭐 / 토큰 88 E6 / KANJI E080 / 가나다순 164 / 원본 82 AA → 패치 88 E6 / D88 raw 0x0733E~0x0733F
268,D6D0,42,기존 확인 41~50h 계열 / CAA8[1] 슬롯 실행,슬롯 토큰 42 / D88 raw 0x07340
269,D6D1~D6D2,82 9F,패치 슬롯 0213 | 한글 문자 | 가,번역 02-074/083 · 가 / 토큰 82 9F / KANJI 1810 / 가나다순 1 / 원본 82 AA → 패치 82 9F / D88 raw 0x07341~0x07342
270,D6D3~D6D4,81 40,패치 슬롯 0214 | 전각 공백 | ␠,번역 02-075/083 · ␠ / 토큰 81 40 / PC-88 전각 공백 토큰 / 원본 82 A0 → 패치 81 40 / D88 raw 0x07343~0x07344
271,D6D5~D6D6,82 E7,패치 슬롯 0215 | 한글 문자 | 다,번역 02-076/083 · 다 / 토큰 82 E7 / KANJI 3890 / 가나다순 78 / 원본 82 E9 → 패치 82 E7 / D88 raw 0x07345~0x07346
272,D6D7~D6D8,88 C9,패치 슬롯 0216 | 한글 문자 | 르,번역 02-077/083 · 르 / 토큰 88 C9 / KANJI A0B0 / 가나다순 134 / 원본 82 C6 → 패치 88 C9 / D88 raw 0x07347~0x07348
273,D6D9~D6DA,82 E7,패치 슬롯 0217 | 한글 문자 | 다,번역 02-078/083 · 다 / 토큰 82 E7 / KANJI 3890 / 가나다순 78 / 원본 82 A2 → 패치 82 E7 / D88 raw 0x07349~0x0734A
274,D6DB~D6DC,82 E3,패치 슬롯 0218 | 한글 문자 | 는,번역 02-079/083 · 는 / 토큰 82 E3 / KANJI 3850 / 가나다순 74 / 원본 82 A4 → 패치 82 E3 / D88 raw 0x0734B~0x0734C
275,D6DD~D6DE,81 40,패치 슬롯 0219 | 전각 공백 | ␠,번역 02-080/083 · ␠ / 토큰 81 40 / PC-88 전각 공백 토큰 / 원본 82 CC → 패치 81 40 / D88 raw 0x0734D~0x0734E
276,D6DF~D6E0,82 A6,패치 슬롯 0220 | 한글 문자 | 거,번역 02-081/083 · 거 / 토큰 82 A6 / KANJI 1880 / 가나다순 8 / 원본 81 49 → 패치 82 A6 / D88 raw 0x0734F~0x07350
277,D6E1~D6E2,89 6B,패치 슬롯 0221 | 한글 문자 | 야,번역 02-082/083 · 야 / 토큰 89 6B / KANJI A2C0 / 가나다순 234 / D88 raw 0x07351~0x07352
278,D6E3~D6E4,81 49,패치 슬롯 0222 | 문장부호 | ！,번역 02-083/083 · ！ / 토큰 81 49 / PC-88 전각 느낌표 토큰 / D88 raw 0x07353~0x07354
279,D6E5,61,기존 확인 61~70h 계열 / CAA8[0] 작업슬롯 비활성화,비활성화 토큰 61 / D88 raw 0x07355
280,D6E6,62,기존 확인 61~70h 계열 / CAA8[1] 작업슬롯 비활성화,비활성화 토큰 62 / D88 raw 0x07356
281,D6E7~D6E9,16 95 E2,기존 확인 16h 계열 / 서브스트림 호출·전환 → E295,16h 호출 → E295; 복귀 주소 D6E8 / D88 raw 0x07357~0x07359
282,E295~E299,0F 02 32 03 0F,서브스트림 실행 / 기존 확인 0Fh 계열 제어토큰,인자 02 32 03 0F
283,E29A~E29C,16 9C E3,서브스트림 실행 / 기존 확인 16h 계열 / 서브스트림 호출·전환 → E39C,16h 중첩 호출 → E39C; 복귀 주소 E29D
284,E39C~E39E,1E 3C 08,서브스트림 실행 / 기존 확인 1Eh 계열 / 간접 CALL,호출 대상 083C
285,E39F~E3A4,05 16 86 3A 9E 00,서브스트림 실행 / 기존 확인 05h 계열 / 영역·좌표 상태 설정·전개,인자 16 86 3A 9E 00
286,E3A5~E3A9,0E 16 20 24 80,서브스트림 실행 / 기존 확인 0Eh 계열 / 화면·버퍼 초기화·전개,인자 16 20 24 80
287,E3AA,17,서브스트림 실행 / 기존 확인 17h 계열 / 서브스트림 복귀,17h 복귀 → E29D
288,E29D~E29F,13 BB E3,서브스트림 실행 / 기존 확인 13h 계열 제어토큰,인자 BB E3
289,E2A0~E2A3,14 00 16 22,서브스트림 실행 / 기존 확인 14h 계열 / 버퍼·영역 처리,인자 00 16 22
290,E2A4~E2A7,14 01 3B 00,서브스트림 실행 / 기존 확인 14h 계열 / 버퍼·영역 처리,인자 01 3B 00
291,E2A8~E2AB,14 02 3B 64,서브스트림 실행 / 기존 확인 14h 계열 / 버퍼·영역 처리,인자 02 3B 64
292,E2AC~E2AF,04 6F E5 41,서브스트림 실행 / 기존 확인 04h 계열 / CAA8 슬롯 포인터 설정,E56F 포인터를 41h 슬롯에 설정
293,E2B0~E2B3,04 79 E5 42,서브스트림 실행 / 기존 확인 04h 계열 / CAA8 슬롯 포인터 설정,E579 포인터를 42h 슬롯에 설정
294,E2B4~E2B5,25 30,서브스트림 실행 / 기존 확인 25h 계열 / CA1D 입 움직임 효과음 인덱스 설정,CA1D=30
295,E2B6,17,서브스트림 실행 / 기존 확인 17h 계열 / 서브스트림 복귀,17h 복귀 → D6E8
296,D6EA,41,기존 확인 41~50h 계열 / CAA8[0] 슬롯 실행,슬롯 토큰 41 / D88 raw 0x0735A
297,D6EB~D6EC,81 45,패치 슬롯 0223 | 문장부호 | ・,번역 03-001/145 · ・ / 토큰 81 45 / PC-88 가운데점 토큰 / D88 raw 0x0735B~0x0735C
298,D6ED~D6EE,81 45,패치 슬롯 0224 | 문장부호 | ・,번역 03-002/145 · ・ / 토큰 81 45 / PC-88 가운데점 토큰 / D88 raw 0x0735D~0x0735E
299,D6EF~D6F0,81 45,패치 슬롯 0225 | 문장부호 | ・,번역 03-003/145 · ・ / 토큰 81 45 / PC-88 가운데점 토큰 / 원본 8F AD → 패치 81 45 / D88 raw 0x0735F~0x07360
300,D6F1~D6F2,81 40,패치 슬롯 0226 | 전각 공백 | ␠,번역 03-004/145 · ␠ / 토큰 81 40 / PC-88 전각 공백 토큰 / D88 raw 0x07361~0x07362
301,D6F3~D6F4,89 9C,패치 슬롯 0227 | 한글 문자 | 적,번역 03-005/145 · 적 / 토큰 89 9C / KANJI E3C0 / 가나다순 286 / 원본 82 C8 → 패치 89 9C / D88 raw 0x07363~0x07364
302,D6F5~D6F6,89 6C,패치 슬롯 0228 | 한글 문자 | 어,번역 03-006/145 · 어 / 토큰 89 6C / KANJI A2D0 / 가나다순 235 / 원본 82 AD → 패치 89 6C / D88 raw 0x07365~0x07366
303,D6F7~D6F8,82 F1,패치 슬롯 0229 | 한글 문자 | 도,번역 03-007/145 · 도 / 토큰 82 F1 / KANJI 3930 / 가나다순 89 / 원본 82 C6 → 패치 82 F1 / D88 raw 0x07367~0x07368
304,D6F9~D6FA,81 40,패치 슬롯 0230 | 전각 공백 | ␠,번역 03-008/145 · ␠ / 토큰 81 40 / PC-88 전각 공백 토큰 / 원본 82 E0 → 패치 81 40 / D88 raw 0x07369~0x0736A
305,D6FB~D6FC,89 81,패치 슬롯 0231 | 한글 문자 | 우,번역 03-009/145 · 우 / 토큰 89 81 / KANJI E210 / 가나다순 256 / 원본 89 E4 → 패치 89 81 / D88 raw 0x0736B~0x0736C
306,D6FD~D6FE,88 CC,패치 슬롯 0232 | 한글 문자 | 리,번역 03-010/145 · 리 / 토큰 88 CC / KANJI A0E0 / 가나다순 137 / 원본 82 E7 → 패치 88 CC / D88 raw 0x0736D~0x0736E
307,D6FF~D700,81 40,패치 슬롯 0233 | 전각 공백 | ␠,번역 03-011/145 · ␠ / 토큰 81 40 / PC-88 전각 공백 토큰 / 원본 83 8D → 패치 81 40 / D88 raw 0x0736F~0x07370
308,D701~D702,88 C5,패치 슬롯 0234 | 한글 문자 | 로,번역 03-012/145 · 로 / 토큰 88 C5 / KANJI A070 / 가나다순 130 / 원본 83 4F → 패치 88 C5 / D88 raw 0x07371~0x07372
309,D703~D704,82 BD,패치 슬롯 0235 | 한글 문자 | 그,번역 03-013/145 · 그 / 토큰 82 BD / KANJI 19F0 / 가나다순 34 / 원본 83 8C → 패치 82 BD / D88 raw 0x07373~0x07374
310,D705~D706,88 C0,패치 슬롯 0236 | 한글 문자 | 레,번역 03-014/145 · 레 / 토큰 88 C0 / KANJI A020 / 가나다순 125 / 원본 83 58 → 패치 88 C0 / D88 raw 0x07375~0x07376
311,D707~D708,89 56,패치 슬롯 0237 | 한글 문자 | 스,번역 03-015/145 · 스 / 토큰 89 56 / KANJI 6370 / 가나다순 211 / 원본 91 B0 → 패치 89 56 / D88 raw 0x07377~0x07378
312,D709~D70A,89 A4,패치 슬롯 0238 | 한글 문자 | 족,번역 03-016/145 · 족 / 토큰 89 A4 / KANJI 6460 / 가나다순 294 / 원본 82 C9 → 패치 89 A4 / D88 raw 0x07379~0x0737A
313,D70B~D70C,89 70,패치 슬롯 0239 | 한글 문자 | 에,번역 03-017/145 · 에 / 토큰 89 70 / KANJI A310 / 가나다순 239 / 원본 82 C6 → 패치 89 70 / D88 raw 0x0737B~0x0737C
314,D70D~D70E,82 AB,패치 슬롯 0240 | 한글 문자 | 게,번역 03-018/145 · 게 / 토큰 82 AB / KANJI 18D0 / 가나다순 13 / 원본 82 C1 → 패치 82 AB / D88 raw 0x0737D~0x0737E
315,D70F~D710,89 92,패치 슬롯 0241 | 한글 문자 | 있,번역 03-019/145 · 있 / 토큰 89 92 / KANJI E320 / 가나다순 276 / 원본 81 41 → 패치 89 92 / D88 raw 0x0737F~0x07380
316,D711~D712,89 6C,패치 슬롯 0242 | 한글 문자 | 어,번역 03-020/145 · 어 / 토큰 89 6C / KANJI A2D0 / 가나다순 235 / 원본 83 8D → 패치 89 6C / D88 raw 0x07381~0x07382
317,D713~D714,89 4B,패치 슬롯 0243 | 한글 문자 | 선,번역 03-021/145 · 선 / 토큰 89 4B / KANJI 62C0 / 가나다순 199 / 원본 83 4F → 패치 89 4B / D88 raw 0x07383~0x07384
318,D715~D716,81 41,패치 슬롯 0244 | 문장부호 | 、,번역 03-022/145 · 、 / 토큰 81 41 / PC-88 전각 쉼표 토큰 / 원본 83 8C → 패치 81 41 / D88 raw 0x07385~0x07386
319,D717~D718,89 93,패치 슬롯 0245 | 한글 문자 | 자,번역 03-023/145 · 자 / 토큰 89 93 / KANJI E330 / 가나다순 277 / 원본 82 B3 → 패치 89 93 / D88 raw 0x07387~0x07388
320,D719~D71A,89 41,패치 슬롯 0246 | 한글 문자 | 비,번역 03-024/145 · 비 / 토큰 89 41 / KANJI 6220 / 가나다순 189 / 원본 82 B5 → 패치 89 41 / D88 raw 0x07389~0x0738A
321,D71B~D71C,88 C5,패치 슬롯 0247 | 한글 문자 | 로,번역 03-025/145 · 로 / 토큰 88 C5 / KANJI A070 / 가나다순 130 / 원본 82 A2 → 패치 88 C5 / D88 raw 0x0738B~0x0738C
322,D71D~D71E,8A 5F,패치 슬롯 0248 | 한글 문자 | 운,번역 03-026/145 · 운 / 토큰 8A 5F / KANJI A600 / 가나다순 397 / 원본 82 A8 → 패치 8A 5F / D88 raw 0x0738D~0x0738E
323,D71F~D720,81 40,패치 슬롯 0249 | 전각 공백 | ␠,번역 03-027/145 · ␠ / 토큰 81 40 / PC-88 전각 공백 토큰 / 원본 95 FB → 패치 81 40 / D88 raw 0x0738F~0x07390
324,D721~D722,88 FB,패치 슬롯 0250 | 한글 문자 | 분,번역 03-028/145 · 분 / 토큰 88 FB / KANJI E1D0 / 가나다순 186 / 원본 82 BE → 패치 88 FB / D88 raw 0x07391~0x07392
325,D723~D724,89 8D,패치 슬롯 0251 | 한글 문자 | 이,번역 03-029/145 · 이 / 토큰 89 8D / KANJI E2D0 / 가나다순 268 / 원본 82 C1 → 패치 89 8D / D88 raw 0x07393~0x07394
326,D725~D726,89 4F,패치 슬롯 0252 | 한글 문자 | 셨,번역 03-030/145 · 셨 / 토큰 89 4F / KANJI 6300 / 가나다순 203 / 원본 82 BD → 패치 89 4F / D88 raw 0x07395~0x07396
327,D727~D728,82 E7,패치 슬롯 0253 | 한글 문자 | 다,번역 03-031/145 · 다 / 토큰 82 E7 / KANJI 3890 / 가나다순 78 / 원본 81 45 → 패치 82 E7 / D88 raw 0x07397~0x07398
328,D729~D72A,81 45,패치 슬롯 0254 | 문장부호 | ・,번역 03-032/145 · ・ / 토큰 81 45 / PC-88 가운데점 토큰 / D88 raw 0x07399~0x0739A
329,D72B~D72C,81 45,패치 슬롯 0255 | 문장부호 | ・,번역 03-033/145 · ・ / 토큰 81 45 / PC-88 가운데점 토큰 / D88 raw 0x0739B~0x0739C
330,D72D~D72E,81 45,패치 슬롯 0256 | 문장부호 | ・,번역 03-034/145 · ・ / 토큰 81 45 / PC-88 가운데점 토큰 / 원본 81 42 → 패치 81 45 / D88 raw 0x0739D~0x0739E
331,D72F~D730,81 42,패치 슬롯 0257 | 문장부호 | 。,번역 03-035/145 · 。 / 토큰 81 42 / PC-88 전각 마침표 토큰 / D88 raw 0x0739F~0x073A0
332,D731~D732,89 E2,패치 슬롯 0258 | 한글 문자 | 하,번역 03-036/145 · 하 / 토큰 89 E2 / KANJI E440 / 가나다순 362 / 원본 82 BE → 패치 89 E2 / D88 raw 0x073A1~0x073A2
333,D733~D734,89 B3,패치 슬롯 0259 | 한글 문자 | 지,번역 03-037/145 · 지 / 토큰 89 B3 / KANJI 6550 / 가나다순 309 / 원본 82 AA → 패치 89 B3 / D88 raw 0x073A3~0x073A4
334,D735~D736,88 D2,패치 슬롯 0260 | 한글 문자 | 만,번역 03-038/145 · 만 / 토큰 88 D2 / KANJI A140 / 가나다순 144 / 원본 81 41 → 패치 88 D2 / D88 raw 0x073A5~0x073A6
335,D737~D738,81 40,패치 슬롯 0261 | 전각 공백 | ␠,번역 03-039/145 · ␠ / 토큰 81 40 / PC-88 전각 공백 토큰 / 원본 83 81 → 패치 81 40 / D88 raw 0x073A7~0x073A8
336,D739~D73A,88 DA,패치 슬롯 0262 | 한글 문자 | 메,번역 03-040/145 · 메 / 토큰 88 DA / KANJI A1C0 / 가나다순 152 / 원본 83 4B → 패치 88 DA / D88 raw 0x073A9~0x073AA
337,D73B~D73C,82 9F,패치 슬롯 0263 | 한글 문자 | 가,번역 03-041/145 · 가 / 토큰 82 9F / KANJI 1810 / 가나다순 1 / 원본 83 58 → 패치 82 9F / D88 raw 0x073AB~0x073AC
338,D73D~D73E,89 56,패치 슬롯 0264 | 한글 문자 | 스,번역 03-042/145 · 스 / 토큰 89 56 / KANJI 6370 / 가나다순 211 / 원본 82 CD → 패치 89 56 / D88 raw 0x073AD~0x073AE
339,D73F~D740,82 E3,패치 슬롯 0265 | 한글 문자 | 는,번역 03-043/145 · 는 / 토큰 82 E3 / KANJI 3850 / 가나다순 74 / 원본 82 C8 → 패치 82 E3 / D88 raw 0x073AF~0x073B0
340,D741~D742,81 40,패치 슬롯 0266 | 전각 공백 | ␠,번역 03-044/145 · ␠ / 토큰 81 40 / PC-88 전각 공백 토큰 / 원본 82 C9 → 패치 81 40 / D88 raw 0x073B1~0x073B2
341,D743~D744,82 BD,패치 슬롯 0267 | 한글 문자 | 그,번역 03-045/145 · 그 / 토큰 82 BD / KANJI 19F0 / 가나다순 34 / 원본 82 E0 → 패치 82 BD / D88 raw 0x073B3~0x073B4
342,D745~D746,81 40,패치 슬롯 0268 | 전각 공백 | ␠,번역 03-046/145 · ␠ / 토큰 81 40 / PC-88 전각 공백 토큰 / 원본 82 CC → 패치 81 40 / D88 raw 0x073B5~0x073B6
343,D747~D748,88 E3,패치 슬롯 0269 | 한글 문자 | 무,번역 03-047/145 · 무 / 토큰 88 E3 / KANJI E050 / 가나다순 161 / 원본 82 E0 → 패치 88 E3 / D88 raw 0x073B7~0x073B8
344,D749~D74A,8A 74,패치 슬롯 0270 | 한글 문자 | 엇,번역 03-048/145 · 엇 / 토큰 8A 74 / KANJI A750 / 가나다순 418 / 원본 88 A4 → 패치 8A 74 / D88 raw 0x073B9~0x073BA
345,D74B~D74C,82 F1,패치 슬롯 0271 | 한글 문자 | 도,번역 03-049/145 · 도 / 토큰 82 F1 / KANJI 3930 / 가나다순 89 / 원본 82 B5 → 패치 82 F1 / D88 raw 0x073BB~0x073BC
346,D74D~D74E,81 40,패치 슬롯 0272 | 전각 공백 | ␠,번역 03-050/145 · ␠ / 토큰 81 40 / PC-88 전각 공백 토큰 / 원본 82 CD → 패치 81 40 / D88 raw 0x073BD~0x073BE
347,D74F~D750,89 43,패치 슬롯 0273 | 한글 문자 | 사,번역 03-051/145 · 사 / 토큰 89 43 / KANJI 6240 / 가나다순 191 / 원본 82 B5 → 패치 89 43 / D88 raw 0x073BF~0x073C0
348,D751~D752,8A 6B,패치 슬롯 0274 | 한글 문자 | 랑,번역 03-052/145 · 랑 / 토큰 8A 6B / KANJI A6C0 / 가나다순 409 / 원본 82 C8 → 패치 8A 6B / D88 raw 0x073C1~0x073C2
349,D753~D754,89 E2,패치 슬롯 0275 | 한글 문자 | 하,번역 03-053/145 · 하 / 토큰 89 E2 / KANJI E440 / 가나다순 362 / 원본 82 A2 → 패치 89 E2 / D88 raw 0x073C3~0x073C4
350,D755~D756,89 B3,패치 슬롯 0276 | 한글 문자 | 지,번역 03-054/145 · 지 / 토큰 89 B3 / KANJI 6550 / 가나다순 309 / 원본 81 42 → 패치 89 B3 / D88 raw 0x073C5~0x073C6
351,D757~D758,89 64,패치 슬롯 0277 | 한글 문자 | 않,번역 03-055/145 · 않 / 토큰 89 64 / KANJI A250 / 가나다순 227 / 원본 82 BE → 패치 89 64 / D88 raw 0x073C7~0x073C8
352,D759~D75A,82 E3,패치 슬롯 0278 | 한글 문자 | 는,번역 03-056/145 · 는 / 토큰 82 E3 / KANJI 3850 / 가나다순 74 / 원본 8C C8 → 패치 82 E3 / D88 raw 0x073C9~0x073CA
353,D75B~D75C,82 E7,패치 슬롯 0279 | 한글 문자 | 다,번역 03-057/145 · 다 / 토큰 82 E7 / KANJI 3890 / 가나다순 78 / 원본 82 EA → 패치 82 E7 / D88 raw 0x073CB~0x073CC
354,D75D~D75E,81 42,패치 슬롯 0280 | 문장부호 | 。,번역 03-058/145 · 。 / 토큰 81 42 / PC-88 전각 마침표 토큰 / 원본 82 CC → 패치 81 42 / D88 raw 0x073CD~0x073CE
355,D75F~D760,82 BD,패치 슬롯 0281 | 한글 문자 | 그,번역 03-059/145 · 그 / 토큰 82 BD / KANJI 19F0 / 가나다순 34 / 원본 97 7E → 패치 82 BD / D88 raw 0x073CF~0x073D0
356,D761~D762,89 9B,패치 슬롯 0282 | 한글 문자 | 저,번역 03-060/145 · 저 / 토큰 89 9B / KANJI E3B0 / 가나다순 285 / 원본 96 5D → 패치 89 9B / D88 raw 0x073D1~0x073D2
357,D763~D764,81 40,패치 슬롯 0283 | 전각 공백 | ␠,번역 03-061/145 · ␠ / 토큰 81 40 / PC-88 전각 공백 토큰 / 원본 82 CC → 패치 81 40 / D88 raw 0x073D3~0x073D4
358,D765~D766,89 A1,패치 슬롯 0284 | 한글 문자 | 제,번역 03-062/145 · 제 / 토큰 89 A1 / KANJI 6430 / 가나다순 291 / 원본 82 DC → 패치 89 A1 / D88 raw 0x073D5~0x073D6
359,D767~D768,81 40,패치 슬롯 0285 | 전각 공백 | ␠,번역 03-063/145 · ␠ / 토큰 81 40 / PC-88 전각 공백 토큰 / 원본 82 DC → 패치 81 40 / D88 raw 0x073D7~0x073D8
360,D769~D76A,8A 76,패치 슬롯 0286 | 한글 문자 | 욕,번역 03-064/145 · 욕 / 토큰 8A 76 / KANJI A770 / 가나다순 420 / 원본 82 C9 → 패치 8A 76 / D88 raw 0x073D9~0x073DA
361,D76B~D76C,88 D6,패치 슬롯 0287 | 한글 문자 | 망,번역 03-065/145 · 망 / 토큰 88 D6 / KANJI A180 / 가나다순 148 / 원본 8D 73 → 패치 88 D6 / D88 raw 0x073DB~0x073DC
362,D76D~D76E,89 70,패치 슬롯 0288 | 한글 문자 | 에,번역 03-066/145 · 에 / 토큰 89 70 / KANJI A310 / 가나다순 239 / 원본 93 AE → 패치 89 70 / D88 raw 0x073DD~0x073DE
363,D76F~D770,81 40,패치 슬롯 0289 | 전각 공백 | ␠,번역 03-067/145 · ␠ / 토큰 81 40 / PC-88 전각 공백 토큰 / 원본 82 B7 → 패치 81 40 / D88 raw 0x073DF~0x073E0
364,D771~D772,8A 68,패치 슬롯 0290 | 한글 문자 | 따,번역 03-068/145 · 따 / 토큰 8A 68 / KANJI A690 / 가나다순 406 / 원본 82 E9 → 패치 8A 68 / D88 raw 0x073E1~0x073E2
365,D773~D774,88 B6,패치 슬롯 0291 | 한글 문자 | 라,번역 03-069/145 · 라 / 토큰 88 B6 / KANJI 6180 / 가나다순 114 / 원본 82 CC → 패치 88 B6 / D88 raw 0x073E3~0x073E4
366,D775~D776,81 40,패치 슬롯 0292 | 전각 공백 | ␠,번역 03-070/145 · ␠ / 토큰 81 40 / PC-88 전각 공백 토큰 / 원본 82 DD → 패치 81 40 / D88 raw 0x073E5~0x073E6
367,D777~D778,89 82,패치 슬롯 0293 | 한글 문자 | 움,번역 03-071/145 · 움 / 토큰 89 82 / KANJI E220 / 가나다순 257 / 원본 81 42 → 패치 89 82 / D88 raw 0x073E7~0x073E8
368,D779~D77A,8A 4D,패치 슬롯 0294 | 한글 문자 | 직,번역 03-072/145 · 직 / 토큰 8A 4D / KANJI 66E0 / 가나다순 310 / 원본 83 81 → 패치 8A 4D / D88 raw 0x073E9~0x073EA
369,D77B~D77C,89 8F,패치 슬롯 0295 | 한글 문자 | 일,번역 03-073/145 · 일 / 토큰 89 8F / KANJI E2F0 / 가나다순 271 / 원본 83 4B → 패치 89 8F / D88 raw 0x073EB~0x073EC
370,D77D~D77E,81 40,패치 슬롯 0296 | 전각 공백 | ␠,번역 03-074/145 · ␠ / 토큰 81 40 / PC-88 전각 공백 토큰 / 원본 83 58 → 패치 81 40 / D88 raw 0x073ED~0x073EE
371,D77F~D780,89 42,패치 슬롯 0297 | 한글 문자 | 뿐,번역 03-075/145 · 뿐 / 토큰 89 42 / KANJI 6230 / 가나다순 190 / 원본 82 C9 → 패치 89 42 / D88 raw 0x073EF~0x073F0
372,D781~D782,89 8D,패치 슬롯 0298 | 한글 문자 | 이,번역 03-076/145 · 이 / 토큰 89 8D / KANJI E2D0 / 가나다순 268 / D88 raw 0x073F1~0x073F2
373,D783~D784,82 E7,패치 슬롯 0299 | 한글 문자 | 다,번역 03-077/145 · 다 / 토큰 82 E7 / KANJI 3890 / 가나다순 78 / D88 raw 0x073F3~0x073F4
374,D785~D786,81 42,패치 슬롯 0300 | 문장부호 | 。,번역 03-078/145 · 。 / 토큰 81 42 / PC-88 전각 마침표 토큰 / 원본 82 A8 → 패치 81 42 / D88 raw 0x073F5~0x073F6
375,D787~D788,82 BD,패치 슬롯 0301 | 한글 문자 | 그,번역 03-079/145 · 그 / 토큰 82 BD / KANJI 19F0 / 가나다순 34 / 원본 82 E0 → 패치 82 BD / D88 raw 0x073F7~0x073F8
376,D789~D78A,82 DD,패치 슬롯 0302 | 한글 문자 | 놈,번역 03-080/145 · 놈 / 토큰 82 DD / KANJI 29F0 / 가나다순 68 / 원본 82 CB → 패치 82 DD / D88 raw 0x073F9~0x073FA
377,D78B~D78C,89 70,패치 슬롯 0303 | 한글 문자 | 에,번역 03-081/145 · 에 / 토큰 89 70 / KANJI A310 / 가나다순 239 / 원본 82 E9 → 패치 89 70 / D88 raw 0x073FB~0x073FC
378,D78D~D78E,82 AB,패치 슬롯 0304 | 한글 문자 | 게,번역 03-082/145 · 게 / 토큰 82 AB / KANJI 18D0 / 가나다순 13 / 원본 8E D2 → 패치 82 AB / D88 raw 0x073FD~0x073FE
379,D78F~D790,81 40,패치 슬롯 0305 | 전각 공백 | ␠,번역 03-083/145 · ␠ / 토큰 81 40 / PC-88 전각 공백 토큰 / 원본 82 E0 → 패치 81 40 / D88 raw 0x073FF~0x07400
380,D791~D792,82 BB,패치 슬롯 0306 | 한글 문자 | 굴,번역 03-084/145 · 굴 / 토큰 82 BB / KANJI 19D0 / 가나다순 32 / 원본 81 41 → 패치 82 BB / D88 raw 0x07401~0x07402
381,D793~D794,89 A6,패치 슬롯 0307 | 한글 문자 | 종,번역 03-085/145 · 종 / 토큰 89 A6 / KANJI 6480 / 가나다순 296 / 원본 82 A2 → 패치 89 A6 / D88 raw 0x07403~0x07404
382,D795~D796,89 E4,패치 슬롯 0308 | 한글 문자 | 한,번역 03-086/145 · 한 / 토큰 89 E4 / KANJI E460 / 가나다순 364 / 원본 82 B8 → 패치 89 E4 / D88 raw 0x07405~0x07406
383,D797~D798,81 40,패치 슬롯 0309 | 전각 공백 | ␠,번역 03-087/145 · ␠ / 토큰 81 40 / PC-88 전각 공백 토큰 / 원본 82 EA → 패치 81 40 / D88 raw 0x07407~0x07408
384,D799~D79A,82 DD,패치 슬롯 0310 | 한글 문자 | 놈,번역 03-088/145 · 놈 / 토큰 82 DD / KANJI 29F0 / 가나다순 68 / 원본 82 CD → 패치 82 DD / D88 raw 0x07409~0x0740A
385,D79B~D79C,88 AA,패치 슬롯 0311 | 한글 문자 | 들,번역 03-089/145 · 들 / 토큰 88 AA / KANJI 60C0 / 가나다순 102 / 원본 8E 45 → 패치 88 AA / D88 raw 0x0740B~0x0740C
386,D79D~D79E,82 F1,패치 슬롯 0312 | 한글 문자 | 도,번역 03-090/145 · 도 / 토큰 82 F1 / KANJI 3930 / 가나다순 89 / 원본 82 B3 → 패치 82 F1 / D88 raw 0x0740D~0x0740E
387,D79F~D7A0,82 AE,패치 슬롯 0313 | 한글 문자 | 결,번역 03-091/145 · 결 / 토큰 82 AE / KANJI 1900 / 가나다순 18 / 원본 82 E9 → 패치 82 AE / D88 raw 0x0740F~0x07410
388,D7A1~D7A2,82 B8,패치 슬롯 0314 | 한글 문자 | 국,번역 03-092/145 · 국 / 토큰 82 B8 / KANJI 19A0 / 가나다순 29 / 원본 89 5E → 패치 82 B8 / D88 raw 0x07411~0x07412
389,D7A3~D7A4,89 71,패치 슬롯 0315 | 한글 문자 | 엔,번역 03-093/145 · 엔 / 토큰 89 71 / KANJI A320 / 가나다순 240 / 원본 96 BD → 패치 89 71 / D88 raw 0x07413~0x07414
390,D7A5~D7A6,81 40,패치 슬롯 0316 | 전각 공백 | ␠,번역 03-094/145 · ␠ / 토큰 81 40 / PC-88 전각 공백 토큰 / 원본 82 C9 → 패치 81 40 / D88 raw 0x07415~0x07416
391,D7A7~D7A8,82 E7,패치 슬롯 0317 | 한글 문자 | 다,번역 03-095/145 · 다 / 토큰 82 E7 / KANJI 3890 / 가나다순 78 / 원본 82 A0 → 패치 82 E7 / D88 raw 0x07417~0x07418
392,D7A9~D7AA,81 40,패치 슬롯 0318 | 전각 공백 | ␠,번역 03-096/145 · ␠ / 토큰 81 40 / PC-88 전각 공백 토큰 / 원본 82 EB → 패치 81 40 / D88 raw 0x07419~0x0741A
393,D7AB~D7AC,89 AB,패치 슬롯 0319 | 한글 문자 | 죽,번역 03-097/145 · 죽 / 토큰 89 AB / KANJI 64D0 / 가나다순 301 / 원본 82 A4 → 패치 89 AB / D88 raw 0x0741B~0x0741C
394,D7AD~D7AE,82 AB,패치 슬롯 0320 | 한글 문자 | 게,번역 03-098/145 · 게 / 토큰 82 AB / KANJI 18D0 / 가나다순 13 / 원본 81 45 → 패치 82 AB / D88 raw 0x0741D~0x0741E
395,D7AF~D7B0,81 40,패치 슬롯 0321 | 전각 공백 | ␠,번역 03-099/145 · ␠ / 토큰 81 40 / PC-88 전각 공백 토큰 / 원본 81 45 → 패치 81 40 / D88 raw 0x0741F~0x07420
396,D7B1~D7B2,88 A4,패치 슬롯 0322 | 한글 문자 | 될,번역 03-100/145 · 될 / 토큰 88 A4 / KANJI 6060 / 가나다순 95 / 원본 81 45 → 패치 88 A4 / D88 raw 0x07421~0x07422
397,D7B3~D7B4,81 40,패치 슬롯 0323 | 전각 공백 | ␠,번역 03-101/145 · ␠ / 토큰 81 40 / PC-88 전각 공백 토큰 / 원본 81 42 → 패치 81 40 / D88 raw 0x07423~0x07424
398,D7B5~D7B6,82 AA,패치 슬롯 0324 | 한글 문자 | 것,번역 03-102/145 · 것 / 토큰 82 AA / KANJI 18C0 / 가나다순 12 / D88 raw 0x07425~0x07426
399,D7B7~D7B8,89 8D,패치 슬롯 0325 | 한글 문자 | 이,번역 03-103/145 · 이 / 토큰 89 8D / KANJI E2D0 / 가나다순 268 / D88 raw 0x07427~0x07428
400,D7B9~D7BA,82 E7,패치 슬롯 0326 | 한글 문자 | 다,번역 03-104/145 · 다 / 토큰 82 E7 / KANJI 3890 / 가나다순 78 / D88 raw 0x07429~0x0742A
401,D7BB~D7BC,81 45,패치 슬롯 0327 | 문장부호 | ・,번역 03-105/145 · ・ / 토큰 81 45 / PC-88 가운데점 토큰 / D88 raw 0x0742B~0x0742C
402,D7BD~D7BE,81 45,패치 슬롯 0328 | 문장부호 | ・,번역 03-106/145 · ・ / 토큰 81 45 / PC-88 가운데점 토큰 / D88 raw 0x0742D~0x0742E
403,D7BF~D7C0,81 45,패치 슬롯 0329 | 문장부호 | ・,번역 03-107/145 · ・ / 토큰 81 45 / PC-88 가운데점 토큰 / D88 raw 0x0742F~0x07430
404,D7C1~D7C2,81 42,패치 슬롯 0330 | 문장부호 | 。,번역 03-108/145 · 。 / 토큰 81 42 / PC-88 전각 마침표 토큰 / D88 raw 0x07431~0x07432
405,D7C3~D7C4,88 E9,패치 슬롯 0331 | 한글 문자 | 바,번역 03-109/145 · 바 / 토큰 88 E9 / KANJI E0B0 / 가나다순 168 / 원본 97 44 → 패치 88 E9 / D88 raw 0x07433~0x07434
406,D7C5~D7C6,88 CC,패치 슬롯 0332 | 한글 문자 | 리,번역 03-110/145 · 리 / 토큰 88 CC / KANJI A0E0 / 가나다순 137 / 원본 8E 71 → 패치 88 CC / D88 raw 0x07435~0x07436
407,D7C7~D7C8,89 56,패치 슬롯 0333 | 한글 문자 | 스,번역 03-111/145 · 스 / 토큰 89 56 / KANJI 6370 / 가나다순 211 / 원본 81 41 → 패치 89 56 / D88 raw 0x07437~0x07438
408,D7C9~D7CA,89 8C,패치 슬롯 0334 | 한글 문자 | 의,번역 03-112/145 · 의 / 토큰 89 8C / KANJI E2C0 / 가나다순 267 / 원본 83 94 → 패치 89 8C / D88 raw 0x07439~0x0743A
409,D7CB~D7CC,81 40,패치 슬롯 0335 | 전각 공백 | ␠,번역 03-113/145 · ␠ / 토큰 81 40 / PC-88 전각 공백 토큰 / 원본 83 40 → 패치 81 40 / D88 raw 0x0743B~0x0743C
410,D7CD~D7CE,89 9D,패치 슬롯 0336 | 한글 문자 | 전,번역 03-114/145 · 전 / 토큰 89 9D / KANJI E3D0 / 가나다순 287 / 원본 83 8A → 패치 89 9D / D88 raw 0x0743D~0x0743E
411,D7CF~D7D0,89 43,패치 슬롯 0337 | 한글 문자 | 사,번역 03-115/145 · 사 / 토큰 89 43 / KANJI 6240 / 가나다순 191 / 원본 83 58 → 패치 89 43 / D88 raw 0x0743F~0x07440
412,D7D1~D7D2,81 40,패치 슬롯 0338 | 전각 공백 | ␠,번역 03-116/145 · ␠ / 토큰 81 40 / PC-88 전각 공백 토큰 / 원본 82 CC → 패치 81 40 / D88 raw 0x07441~0x07442
413,D7D3~D7D4,89 86,패치 슬롯 0339 | 한글 문자 | 유,번역 03-117/145 · 유 / 토큰 89 86 / KANJI E260 / 가나다순 261 / 원본 90 ED → 패치 89 86 / D88 raw 0x07443~0x07444
414,D7D5~D7D6,89 C5,패치 슬롯 0340 | 한글 문자 | 코,번역 03-118/145 · 코 / 토큰 89 C5 / KANJI A470 / 가나다순 331 / 원본 8E 6D → 패치 89 C5 / D88 raw 0x07445~0x07446
415,D7D7~D7D8,89 72,패치 슬롯 0341 | 한글 문자 | 여,번역 03-119/145 · 여 / 토큰 89 72 / KANJI A330 / 가나다순 241 / 원본 82 E6 → 패치 89 72 / D88 raw 0x07447~0x07448
416,D7D9~D7DA,81 41,패치 슬롯 0342 | 문장부호 | 、,번역 03-120/145 · 、 / 토큰 81 41 / PC-88 전각 쉼표 토큰 / D88 raw 0x07449~0x0744A
417,D7DB~D7DC,88 C5,패치 슬롯 0343 | 한글 문자 | 로,번역 03-121/152 · 로 / 토큰 88 C5 / KANJI A070 / 가나다순 130 / D88 raw 0x0744B~0x0744C
418,D7DD~D7DE,82 BD,패치 슬롯 0344 | 한글 문자 | 그,번역 03-122/152 · 그 / 토큰 82 BD / KANJI 19F0 / 가나다순 34 / D88 raw 0x0744D~0x0744E
419,D7DF~D7E0,88 C0,패치 슬롯 0345 | 한글 문자 | 레,번역 03-123/152 · 레 / 토큰 88 C0 / KANJI A020 / 가나다순 125 / D88 raw 0x0744F~0x07450
420,D7E1~D7E2,89 56,패치 슬롯 0346 | 한글 문자 | 스,번역 03-124/152 · 스 / 토큰 89 56 / KANJI 6370 / 가나다순 211 / D88 raw 0x07451~0x07452
421,D7E3~D7E4,82 E6,패치 슬롯 0347 | 한글 문자 | 님,번역 03-125/152 · 님 / 토큰 82 E6 / KANJI 3880 / 가나다순 77 / D88 raw 0x07453~0x07454
422,D7E5~D7E6,89 8C,패치 슬롯 0348 | 한글 문자 | 의,번역 03-126/152 · 의 / 토큰 89 8C / KANJI E2C0 / 가나다순 267 / D88 raw 0x07455~0x07456
423,D7E7~D7E8,81 40,패치 슬롯 0349 | 전각 공백 | ␠,번역 03-127/152 · ␠ / 토큰 81 40 / PC-88 전각 공백 토큰 / D88 raw 0x07457~0x07458
424,D7E9~D7EA,88 F5,패치 슬롯 0350 | 한글 문자 | 복,번역 03-128/152 · 복 / 토큰 88 F5 / KANJI E170 / 가나다순 180 / 원본 82 A8 → 패치 88 F5 / D88 raw 0x07459~0x0745A
425,D7EB~D7EC,89 54,패치 슬롯 0351 | 한글 문자 | 수,번역 03-129/152 · 수 / 토큰 89 54 / KANJI 6350 / 가나다순 208 / 원본 82 DC → 패치 89 54 / D88 raw 0x0745B~0x0745C
426,D7ED~D7EE,88 D1,패치 슬롯 0352 | 한글 문자 | 마,번역 03-130/152 · 마 / 토큰 88 D1 / KANJI A130 / 가나다순 142 / 원본 82 A6 → 패치 88 D1 / D88 raw 0x0745D~0x0745E
427,D7EF~D7F0,89 9B,패치 슬롯 0353 | 한글 문자 | 저,번역 03-131/152 · 저 / 토큰 89 9B / KANJI E3B0 / 가나다순 285 / 원본 82 D6 → 패치 89 9B / D88 raw 0x0745F~0x07460
428,D7F1~D7F2,81 40,패치 슬롯 0354 | 전각 공백 | ␠,번역 03-132/152 · ␠ / 토큰 81 40 / PC-88 전각 공백 토큰 / D88 raw 0x07461~0x07462
429,D7F3~D7F4,89 5C,패치 슬롯 0355 | 한글 문자 | 실,번역 03-133/152 · 실 / 토큰 89 5C / KANJI 63D0 / 가나다순 217 / 원본 95 9C → 패치 89 5C / D88 raw 0x07463~0x07464
430,D7F5~D7F6,89 DA,패치 슬롯 0356 | 한글 문자 | 패,번역 03-134/152 · 패 / 토큰 89 DA / KANJI A5C0 / 가나다순 354 / 원본 8F 51 → 패치 89 DA / D88 raw 0x07465~0x07466
431,D7F7~D7F8,89 E4,패치 슬롯 0357 | 한글 문자 | 한,번역 03-135/152 · 한 / 토큰 89 E4 / KANJI E460 / 가나다순 364 / 원본 82 AA → 패치 89 E4 / D88 raw 0x07467~0x07468
432,D7F9~D7FA,81 40,패치 슬롯 0358 | 전각 공백 | ␠,번역 03-136/152 · ␠ / 토큰 81 40 / PC-88 전각 공백 토큰 / 원본 89 CA → 패치 81 40 / D88 raw 0x07469~0x0746A
433,D7FB~D7FC,89 B3,패치 슬롯 0359 | 한글 문자 | 지,번역 03-137/152 · 지 / 토큰 89 B3 / KANJI 6550 / 가나다순 309 / 원본 82 B9 → 패치 89 B3 / D88 raw 0x0746B~0x0746C
434,D7FD~D7FE,82 BF,패치 슬롯 0360 | 한글 문자 | 금,번역 03-138/152 · 금 / 토큰 82 BF / KANJI 2810 / 가나다순 37 / 원본 82 C8 → 패치 82 BF / D88 raw 0x0746D~0x0746E
435,D7FF~D800,81 41,패치 슬롯 0361 | 문장부호 | 、,번역 03-139/152 · 、 / 토큰 81 41 / PC-88 전각 쉼표 토큰 / 원본 82 AD → 패치 81 41 / D88 raw 0x0746F | 0x07480
436,D801~D802,82 D6,패치 슬롯 0362 | 한글 문자 | 너,번역 03-140/152 · 너 / 토큰 82 D6 / KANJI 2980 / 가나다순 60 / 원본 82 C8 → 패치 82 D6 / D88 raw 0x07481~0x07482
437,D803~D804,88 D2,패치 슬롯 0363 | 한글 문자 | 만,번역 03-141/152 · 만 / 토큰 88 D2 / KANJI A140 / 가나다순 144 / 원본 82 C1 → 패치 88 D2 / D88 raw 0x07483~0x07484
438,D805~D806,89 8D,패치 슬롯 0364 | 한글 문자 | 이,번역 03-142/152 · 이 / 토큰 89 8D / KANJI E2D0 / 가나다순 268 / 원본 82 BD → 패치 89 8D / D88 raw 0x07485~0x07486
439,D807~D808,81 40,패치 슬롯 0365 | 전각 공백 | ␠,번역 03-143/152 · ␠ / 토큰 81 40 / PC-88 전각 공백 토큰 / 원본 8D A1 → 패치 81 40 / D88 raw 0x07487~0x07488
440,D809~D80A,89 86,패치 슬롯 0366 | 한글 문자 | 유,번역 03-144/152 · 유 / 토큰 89 86 / KANJI E260 / 가나다순 261 / 원본 82 C6 → 패치 89 86 / D88 raw 0x07489~0x0748A
441,D80B~D80C,89 8F,패치 슬롯 0367 | 한글 문자 | 일,번역 03-145/152 · 일 / 토큰 89 8F / KANJI E2F0 / 가나다순 271 / 원본 82 C8 → 패치 89 8F / D88 raw 0x0748B~0x0748C
442,D80D~D80E,89 E4,패치 슬롯 0368 | 한글 문자 | 한,번역 03-146/152 · 한 / 토큰 89 E4 / KANJI E460 / 가나다순 364 / 원본 82 C1 → 패치 89 E4 / D88 raw 0x0748D~0x0748E
443,D80F~D810,81 40,패치 슬롯 0369 | 전각 공백 | ␠,번역 03-147/152 · ␠ / 토큰 81 40 / PC-88 전각 공백 토큰 / 원본 82 C4 → 패치 81 40 / D88 raw 0x0748F~0x07490
444,D811~D812,89 F6,패치 슬롯 0370 | 한글 문자 | 희,번역 03-148/152 · 희 / 토큰 89 F6 / KANJI E580 / 가나다순 386 / 원본 82 CD → 패치 89 F6 / D88 raw 0x07491~0x07492
445,D813~D814,88 D6,패치 슬롯 0371 | 한글 문자 | 망,번역 03-149/152 · 망 / 토큰 88 D6 / KANJI A180 / 가나다순 148 / 원본 81 41 → 패치 88 D6 / D88 raw 0x07493~0x07494
446,D815~D816,89 8D,패치 슬롯 0372 | 한글 문자 | 이,번역 03-150/152 · 이 / 토큰 89 8D / KANJI E2D0 / 가나다순 268 / 원본 82 A8 → 패치 89 8D / D88 raw 0x07495~0x07496
447,D817~D818,82 E7,패치 슬롯 0373 | 한글 문자 | 다,번역 03-151/152 · 다 / 토큰 82 E7 / KANJI 3890 / 가나다순 78 / 원본 82 DC → 패치 82 E7 / D88 raw 0x07497~0x07498
448,D819~D81A,81 42,패치 슬롯 0374 | 문장부호 | 。,번역 03-152/152 · 。 / 토큰 81 42 / PC-88 전각 마침표 토큰 / 원본 82 A6 → 패치 81 42 / D88 raw 0x07499~0x0749A
449,D81B,61,기존 확인 61~70h 계열 / CAA8[0] 작업슬롯 비활성화,비활성화 토큰 61 / D88 raw 0x0749B
450,D81C~D81E,16 5F E2,기존 확인 16h 계열 / 서브스트림 호출·전환 → E25F,16h 호출 → E25F; 복귀 주소 D817 / D88 raw 0x0749C~0x0749E
451,E25F~E261,16 66 E2,서브스트림 실행 / 기존 확인 16h 계열 / 서브스트림 호출·전환 → E266,16h 중첩 호출 → E266; 복귀 주소 E262
452,E266~E26A,0F 02 35 03 0F,서브스트림 실행 / 기존 확인 0Fh 계열 제어토큰,인자 02 35 03 0F
453,E26B~E26D,16 9C E3,서브스트림 실행 / 기존 확인 16h 계열 / 서브스트림 호출·전환 → E39C,16h 중첩 호출 → E39C; 복귀 주소 E26E
454,E39C~E39E,1E 3C 08,서브스트림 실행 / 기존 확인 1Eh 계열 / 간접 CALL,호출 대상 083C
455,E39F~E3A4,05 16 86 3A 9E 00,서브스트림 실행 / 기존 확인 05h 계열 / 영역·좌표 상태 설정·전개,인자 16 86 3A 9E 00
456,E3A5~E3A9,0E 16 20 24 80,서브스트림 실행 / 기존 확인 0Eh 계열 / 화면·버퍼 초기화·전개,인자 16 20 24 80
457,E3AA,17,서브스트림 실행 / 기존 확인 17h 계열 / 서브스트림 복귀,17h 복귀 → E26E
458,E26E~E271,14 00 16 22,서브스트림 실행 / 기존 확인 14h 계열 / 버퍼·영역 처리,인자 00 16 22
459,E272~E275,14 01 3B 00,서브스트림 실행 / 기존 확인 14h 계열 / 버퍼·영역 처리,인자 01 3B 00
460,E276~E279,04 51 E5 41,서브스트림 실행 / 기존 확인 04h 계열 / CAA8 슬롯 포인터 설정,E551 포인터를 41h 슬롯에 설정
461,E27A~E27D,04 5B E5 46,서브스트림 실행 / 기존 확인 04h 계열 / CAA8 슬롯 포인터 설정,E55B 포인터를 46h 슬롯에 설정
462,E27E~E281,04 65 E5 47,서브스트림 실행 / 기존 확인 04h 계열 / CAA8 슬롯 포인터 설정,E565 포인터를 47h 슬롯에 설정
463,E282~E285,04 1F E5 42,서브스트림 실행 / 기존 확인 04h 계열 / CAA8 슬롯 포인터 설정,E51F 포인터를 42h 슬롯에 설정
464,E286~E289,04 29 E5 43,서브스트림 실행 / 기존 확인 04h 계열 / CAA8 슬롯 포인터 설정,E529 포인터를 43h 슬롯에 설정
465,E28A~E28D,04 33 E5 44,서브스트림 실행 / 기존 확인 04h 계열 / CAA8 슬롯 포인터 설정,E533 포인터를 44h 슬롯에 설정
466,E28E~E291,04 3D E5 45,서브스트림 실행 / 기존 확인 04h 계열 / CAA8 슬롯 포인터 설정,E53D 포인터를 45h 슬롯에 설정
467,E292~E293,25 2B,서브스트림 실행 / 기존 확인 25h 계열 / CA1D 입 움직임 효과음 인덱스 설정,CA1D=2B
468,E294,17,서브스트림 실행 / 기존 확인 17h 계열 / 서브스트림 복귀,17h 복귀 → E262
469,E262~E264,13 CB E3,서브스트림 실행 / 기존 확인 13h 계열 제어토큰,인자 CB E3
470,E265,17,서브스트림 실행 / 기존 확인 17h 계열 / 서브스트림 복귀,17h 복귀 → D817
471,D81F,41,기존 확인 41~50h 계열 / CAA8[0] 슬롯 실행,슬롯 토큰 41 / D88 raw 0x0749F
472,D820,43,기존 확인 41~50h 계열 / CAA8[2] 슬롯 실행,슬롯 토큰 43 / D88 raw 0x074A0
473,D821~D822,82 D3,패치 슬롯 0375 | 한글 문자 | 내,번역 04-001/018 · 내 / 토큰 82 D3 / KANJI 2950 / 가나다순 57 / 원본 83 8F → 패치 82 D3 / D88 raw 0x074A1~0x074A2
474,D823~D824,82 9F,패치 슬롯 0376 | 한글 문자 | 가,번역 04-002/018 · 가 / 토큰 82 9F / KANJI 1810 / 가나다순 1 / 원본 83 5E → 패치 82 9F / D88 raw 0x074A3~0x074A4
475,D825~D826,81 40,패치 슬롯 0377 | 전각 공백 | ␠,번역 04-003/018 · ␠ / 토큰 81 40 / PC-88 전각 공백 토큰 / 원본 83 56 → 패치 81 40 / D88 raw 0x074A5~0x074A6
476,D827~D828,89 F6,패치 슬롯 0378 | 한글 문자 | 희,번역 04-004/018 · 희 / 토큰 89 F6 / KANJI E580 / 가나다순 386 / 원본 82 BE → 패치 89 F6 / D88 raw 0x074A7~0x074A8
477,D829~D82A,88 D6,패치 슬롯 0379 | 한글 문자 | 망,번역 04-005/018 · 망 / 토큰 88 D6 / KANJI A180 / 가나다순 148 / 원본 82 AF → 패치 88 D6 / D88 raw 0x074A9~0x074AA
478,D82B~D82C,89 8D,패치 슬롯 0380 | 한글 문자 | 이,번역 04-006/018 · 이 / 토큰 89 8D / KANJI E2D0 / 가나다순 268 / 원본 82 AA → 패치 89 8D / D88 raw 0x074AB~0x074AC
479,D82D~D82E,88 B6,패치 슬롯 0381 | 한글 문자 | 라,번역 04-007/018 · 라 / 토큰 88 B6 / KANJI 6180 / 가나다순 114 / 원본 97 8A → 패치 88 B6 / D88 raw 0x074AD~0x074AE
480,D82F~D830,82 E4,패치 슬롯 0382 | 한글 문자 | 니,번역 04-008/018 · 니 / 토큰 82 E4 / KANJI 3860 / 가나다순 75 / 원본 82 E8 → 패치 82 E4 / D88 raw 0x074AF~0x074B0
481,D831~D832,81 48,패치 슬롯 0383 | 문장부호 | ？,번역 04-009/018 · ？ / 토큰 81 48 / PC-88 전각 물음표 토큰 / D88 raw 0x074B1~0x074B2
482,D833~D834,81 40,패치 슬롯 0384 | 전각 공백 | ␠,번역 04-010/018 · ␠ / 토큰 81 40 / PC-88 전각 공백 토큰 / D88 raw 0x074B3~0x074B4
483,D835~D836,88 E3,패치 슬롯 0385 | 한글 문자 | 무,번역 04-011/018 · 무 / 토큰 88 E3 / KANJI E050 / 가나다순 161 / 원본 82 C7 → 패치 88 E3 / D88 raw 0x074B5~0x074B6
484,D837~D838,89 57,패치 슬롯 0386 | 한글 문자 | 슨,번역 04-012/018 · 슨 / 토큰 89 57 / KANJI 6380 / 가나다순 212 / 원본 82 A4 → 패치 89 57 / D88 raw 0x074B7~0x074B8
485,D839~D83A,81 40,패치 슬롯 0387 | 전각 공백 | ␠,번역 04-013/018 · ␠ / 토큰 81 40 / PC-88 전각 공백 토큰 / 원본 82 A2 → 패치 81 40 / D88 raw 0x074B9~0x074BA
486,D83B~D83C,89 50,패치 슬롯 0388 | 한글 문자 | 소,번역 04-014/018 · 소 / 토큰 89 50 / KANJI 6310 / 가나다순 204 / 원본 82 A4 → 패치 89 50 / D88 raw 0x074BB~0x074BC
487,D83D~D83E,88 CC,패치 슬롯 0389 | 한글 문자 | 리,번역 04-015/018 · 리 / 토큰 88 CC / KANJI A0E0 / 가나다순 137 / 원본 82 B1 → 패치 88 CC / D88 raw 0x074BD~0x074BE
488,D83F~D840,89 6B,패치 슬롯 0390 | 한글 문자 | 야,번역 04-016/018 · 야 / 토큰 89 6B / KANJI A2C0 / 가나다순 234 / 원본 82 C6 → 패치 89 6B / D88 raw 0x074BF~0x074C0
489,D841~D842,81 48,패치 슬롯 0391 | 문장부호 | ？,번역 04-017/018 · ？ / 토큰 81 48 / PC-88 전각 물음표 토큰 / D88 raw 0x074C1~0x074C2
490,D843~D844,81 40,패치 슬롯 0392 | 전각 공백 | ␠,번역 04-018/018 · ␠ / 토큰 81 40 / PC-88 전각 공백 토큰 / D88 raw 0x074C3~0x074C4
491,D845,61,기존 확인 61~70h 계열 / CAA8[0] 작업슬롯 비활성화,비활성화 토큰 61 / D88 raw 0x074C5
492,D846,62,기존 확인 61~70h 계열 / CAA8[1] 작업슬롯 비활성화,비활성화 토큰 62 / D88 raw 0x074C6
493,D847~D849,16 9C E3,기존 확인 16h 계열 / 서브스트림 호출·전환 → E39C,16h 호출 → E39C; 복귀 주소 D842 / D88 raw 0x074C7~0x074C9
494,E39C~E39E,1E 3C 08,서브스트림 실행 / 기존 확인 1Eh 계열 / 간접 CALL,호출 대상 083C
495,E39F~E3A4,05 16 86 3A 9E 00,서브스트림 실행 / 기존 확인 05h 계열 / 영역·좌표 상태 설정·전개,인자 16 86 3A 9E 00
496,E3A5~E3A9,0E 16 20 24 80,서브스트림 실행 / 기존 확인 0Eh 계열 / 화면·버퍼 초기화·전개,인자 16 20 24 80
497,E3AA,17,서브스트림 실행 / 기존 확인 17h 계열 / 서브스트림 복귀,17h 복귀 → D842
498,D84A~D84C,16 95 E2,기존 확인 16h 계열 / 서브스트림 호출·전환 → E295,16h 호출 → E295; 복귀 주소 D845 / D88 raw 0x074CA~0x074CC
499,E295~E299,0F 02 32 03 0F,서브스트림 실행 / 기존 확인 0Fh 계열 제어토큰,인자 02 32 03 0F
500,E29A~E29C,16 9C E3,서브스트림 실행 / 기존 확인 16h 계열 / 서브스트림 호출·전환 → E39C,16h 중첩 호출 → E39C; 복귀 주소 E29D
501,E39C~E39E,1E 3C 08,서브스트림 실행 / 기존 확인 1Eh 계열 / 간접 CALL,호출 대상 083C
502,E39F~E3A4,05 16 86 3A 9E 00,서브스트림 실행 / 기존 확인 05h 계열 / 영역·좌표 상태 설정·전개,인자 16 86 3A 9E 00
503,E3A5~E3A9,0E 16 20 24 80,서브스트림 실행 / 기존 확인 0Eh 계열 / 화면·버퍼 초기화·전개,인자 16 20 24 80
504,E3AA,17,서브스트림 실행 / 기존 확인 17h 계열 / 서브스트림 복귀,17h 복귀 → E29D
505,E29D~E29F,13 BB E3,서브스트림 실행 / 기존 확인 13h 계열 제어토큰,인자 BB E3
506,E2A0~E2A3,14 00 16 22,서브스트림 실행 / 기존 확인 14h 계열 / 버퍼·영역 처리,인자 00 16 22
507,E2A4~E2A7,14 01 3B 00,서브스트림 실행 / 기존 확인 14h 계열 / 버퍼·영역 처리,인자 01 3B 00
508,E2A8~E2AB,14 02 3B 64,서브스트림 실행 / 기존 확인 14h 계열 / 버퍼·영역 처리,인자 02 3B 64
509,E2AC~E2AF,04 6F E5 41,서브스트림 실행 / 기존 확인 04h 계열 / CAA8 슬롯 포인터 설정,E56F 포인터를 41h 슬롯에 설정
510,E2B0~E2B3,04 79 E5 42,서브스트림 실행 / 기존 확인 04h 계열 / CAA8 슬롯 포인터 설정,E579 포인터를 42h 슬롯에 설정
511,E2B4~E2B5,25 30,서브스트림 실행 / 기존 확인 25h 계열 / CA1D 입 움직임 효과음 인덱스 설정,CA1D=30
512,E2B6,17,서브스트림 실행 / 기존 확인 17h 계열 / 서브스트림 복귀,17h 복귀 → D845
513,D84D,41,기존 확인 41~50h 계열 / CAA8[0] 슬롯 실행,슬롯 토큰 41 / D88 raw 0x074CD
514,D84E~D84F,88 DA,패치 슬롯 0393 | 한글 문자 | 메,번역 05-001/097 · 메 / 토큰 88 DA / KANJI A1C0 / 가나다순 152 / 원본 83 4B → 패치 88 DA / D88 raw 0x074CE~0x074CF
515,D850~D851,82 9F,패치 슬롯 0394 | 한글 문자 | 가,번역 05-002/097 · 가 / 토큰 82 9F / KANJI 1810 / 가나다순 1 / 원본 83 58 → 패치 82 9F / D88 raw 0x074D0~0x074D1
516,D852~D853,89 56,패치 슬롯 0395 | 한글 문자 | 스,번역 05-003/097 · 스 / 토큰 89 56 / KANJI 6370 / 가나다순 211 / 원본 82 F0 → 패치 89 56 / D88 raw 0x074D2~0x074D3
517,D854~D855,88 CA,패치 슬롯 0396 | 한글 문자 | 를,번역 05-004/097 · 를 / 토큰 88 CA / KANJI A0C0 / 가나다순 135 / 원본 93 7C → 패치 88 CA / D88 raw 0x074D4~0x074D5
518,D856~D857,81 40,패치 슬롯 0397 | 전각 공백 | ␠,번역 05-005/097 · ␠ / 토큰 81 40 / PC-88 전각 공백 토큰 / 원본 82 B9 → 패치 81 40 / D88 raw 0x074D6~0x074D7
519,D858~D859,8A 44,패치 슬롯 0398 | 한글 문자 | 막,번역 05-006/097 · 막 / 토큰 8A 44 / KANJI 6650 / 가나다순 143 / 원본 82 E9 → 패치 8A 44 / D88 raw 0x074D8~0x074D9
520,D85A~D85B,89 8A,패치 슬롯 0399 | 한글 문자 | 을,번역 05-007/097 · 을 / 토큰 89 8A / KANJI E2A0 / 가나다순 265 / 원본 82 CC → 패치 89 8A / D88 raw 0x074DA~0x074DB
521,D85C~D85D,81 40,패치 슬롯 0400 | 전각 공백 | ␠,번역 05-008/097 · ␠ / 토큰 81 40 / PC-88 전각 공백 토큰 / 원본 82 CD → 패치 81 40 / D88 raw 0x074DC~0x074DD
522,D85E~D85F,89 54,패치 슬롯 0401 | 한글 문자 | 수,번역 05-009/097 · 수 / 토큰 89 54 / KANJI 6350 / 가나다순 208 / 원본 81 41 → 패치 89 54 / D88 raw 0x074DE~0x074DF
523,D860~D861,81 40,패치 슬롯 0402 | 전각 공백 | ␠,번역 05-010/097 · ␠ / 토큰 81 40 / PC-88 전각 공백 토큰 / 원본 82 A8 → 패치 81 40 / D88 raw 0x074E0~0x074E1
524,D862~D863,89 92,패치 슬롯 0403 | 한글 문자 | 있,번역 05-011/097 · 있 / 토큰 89 92 / KANJI E320 / 가나다순 276 / 원본 82 DC → 패치 89 92 / D88 raw 0x074E2~0x074E3
525,D864~D865,82 E3,패치 슬롯 0404 | 한글 문자 | 는,번역 05-012/097 · 는 / 토큰 82 E3 / KANJI 3850 / 가나다순 74 / 원본 82 A6 → 패치 82 E3 / D88 raw 0x074E4~0x074E5
526,D866~D867,81 40,패치 슬롯 0405 | 전각 공백 | ␠,번역 05-013/097 · ␠ / 토큰 81 40 / PC-88 전각 공백 토큰 / 원본 82 B5 → 패치 81 40 / D88 raw 0x074E6~0x074E7
527,D868~D869,82 A7,패치 슬롯 0406 | 한글 문자 | 건,번역 05-014/097 · 건 / 토큰 82 A7 / KANJI 1890 / 가나다순 9 / 원본 82 A9 → 패치 82 A7 / D88 raw 0x074E8~0x074E9
528,D86A~D86B,81 40,패치 슬롯 0407 | 전각 공백 | ␠,번역 05-015/097 · ␠ / 토큰 81 40 / PC-88 전각 공백 토큰 / 원본 82 A2 → 패치 81 40 / D88 raw 0x074EA~0x074EB
529,D86C~D86D,89 76,패치 슬롯 0408 | 한글 문자 | 오,번역 05-016/097 · 오 / 토큰 89 76 / KANJI A370 / 가나다순 246 / 원본 82 C8 → 패치 89 76 / D88 raw 0x074EC~0x074ED
530,D86E~D86F,8A 4D,패치 슬롯 0409 | 한글 문자 | 직,번역 05-017/097 · 직 / 토큰 8A 4D / KANJI 66E0 / 가나다순 310 / 원본 82 A2 → 패치 8A 4D / D88 raw 0x074EE~0x074EF
531,D870~D871,81 40,패치 슬롯 0410 | 전각 공백 | ␠,번역 05-018/097 · ␠ / 토큰 81 40 / PC-88 전각 공백 토큰 / 원본 97 8A → 패치 81 40 / D88 raw 0x074F0~0x074F1
532,D872~D873,82 D6,패치 슬롯 0411 | 한글 문자 | 너,번역 05-019/097 · 너 / 토큰 82 D6 / KANJI 2980 / 가나다순 60 / 원본 82 DE → 패치 82 D6 / D88 raw 0x074F2~0x074F3
533,D874~D875,89 42,패치 슬롯 0412 | 한글 문자 | 뿐,번역 05-020/097 · 뿐 / 토큰 89 42 / KANJI 6230 / 가나다순 190 / 원본 81 41 → 패치 89 42 / D88 raw 0x074F4~0x074F5
534,D876~D877,89 8D,패치 슬롯 0413 | 한글 문자 | 이,번역 05-021/097 · 이 / 토큰 89 8D / KANJI E2D0 / 가나다순 268 / 원본 82 C7 → 패치 89 8D / D88 raw 0x074F6~0x074F7
535,D878~D879,82 E7,패치 슬롯 0414 | 한글 문자 | 다,번역 05-022/097 · 다 / 토큰 82 E7 / KANJI 3890 / 가나다순 78 / 원본 82 A4 → 패치 82 E7 / D88 raw 0x074F8~0x074F9
536,D87A~D87B,81 42,패치 슬롯 0415 | 문장부호 | 。,번역 05-023/097 · 。 / 토큰 81 42 / PC-88 전각 마침표 토큰 / 원본 82 A9 → 패치 81 42 / D88 raw 0x074FA~0x074FB
537,D87C~D87D,89 A1,패치 슬롯 0416 | 한글 문자 | 제,번역 05-024/097 · 제 / 토큰 89 A1 / KANJI 6430 / 가나다순 291 / 원본 83 81 → 패치 89 A1 / D88 raw 0x074FC~0x074FD
538,D87E~D87F,88 EC,패치 슬롯 0417 | 한글 문자 | 발,번역 05-025/097 · 발 / 토큰 88 EC / KANJI E0E0 / 가나다순 171 / 원본 83 4B → 패치 88 EC / D88 raw 0x074FE~0x074FF
539,D880~D881,81 40,패치 슬롯 0418 | 전각 공백 | ␠,번역 05-026/097 · ␠ / 토큰 81 40 / PC-88 전각 공백 토큰 / 원본 83 58 → 패치 81 40 / D88 raw 0x07500~0x07501
540,D882~D883,88 DA,패치 슬롯 0419 | 한글 문자 | 메,번역 05-027/097 · 메 / 토큰 88 DA / KANJI A1C0 / 가나다순 152 / 원본 82 F0 → 패치 88 DA / D88 raw 0x07502~0x07503
541,D884~D885,82 9F,패치 슬롯 0420 | 한글 문자 | 가,번역 05-028/097 · 가 / 토큰 82 9F / KANJI 1810 / 가나다순 1 / 원본 8E 45 → 패치 82 9F / D88 raw 0x07504~0x07505
542,D886~D887,89 56,패치 슬롯 0421 | 한글 문자 | 스,번역 05-029/097 · 스 / 토큰 89 56 / KANJI 6370 / 가나다순 211 / 원본 82 B5 → 패치 89 56 / D88 raw 0x07506~0x07507
543,D888~D889,88 CA,패치 슬롯 0422 | 한글 문자 | 를,번역 05-030/097 · 를 / 토큰 88 CA / KANJI A0C0 / 가나다순 135 / 원본 82 C4 → 패치 88 CA / D88 raw 0x07508~0x07509
544,D88A~D88B,81 40,패치 슬롯 0423 | 전각 공백 | ␠,번역 05-031/097 · ␠ / 토큰 81 40 / PC-88 전각 공백 토큰 / 원본 82 AD → 패치 81 40 / D88 raw 0x0750A~0x0750B
545,D88C~D88D,89 BA,패치 슬롯 0424 | 한글 문자 | 처,번역 05-032/097 · 처 / 토큰 89 BA / KANJI 65C0 / 가나다순 319 / 원본 82 EA → 패치 89 BA / D88 raw 0x0750C~0x0750D
546,D88E~D88F,82 E9,패치 슬롯 0425 | 한글 문자 | 단,번역 05-033/097 · 단 / 토큰 82 E9 / KANJI 38B0 / 가나다순 80 / 원본 81 42 → 패치 82 E9 / D88 raw 0x0750E~0x0750F
547,D890~D891,89 E8,패치 슬롯 0426 | 한글 문자 | 해,번역 05-034/097 · 해 / 토큰 89 E8 / KANJI E4A0 / 가나다순 369 / D88 raw 0x07510~0x07511
548,D892~D893,81 40,패치 슬롯 0427 | 전각 공백 | ␠,번역 05-035/097 · ␠ / 토큰 81 40 / PC-88 전각 공백 토큰 / D88 raw 0x07512~0x07513
549,D894~D895,82 E7,패치 슬롯 0428 | 한글 문자 | 다,번역 05-036/097 · 다 / 토큰 82 E7 / KANJI 3890 / 가나다순 78 / 원본 83 94 → 패치 82 E7 / D88 raw 0x07514~0x07515
550,D896~D897,89 76,패치 슬롯 0429 | 한글 문자 | 오,번역 05-037/097 · 오 / 토큰 89 76 / KANJI A370 / 가나다순 246 / 원본 83 46 → 패치 89 76 / D88 raw 0x07516~0x07517
551,D898~D899,81 42,패치 슬롯 0430 | 문장부호 | 。,번역 05-038/097 · 。 / 토큰 81 42 / PC-88 전각 마침표 토큰 / 원본 83 4A → 패치 81 42 / D88 raw 0x07518~0x07519
552,D89A~D89B,89 8D,패치 슬롯 0431 | 한글 문자 | 이,번역 05-039/097 · 이 / 토큰 89 8D / KANJI E2D0 / 가나다순 268 / 원본 83 93 → 패치 89 8D / D88 raw 0x0751A~0x0751B
553,D89C~D89D,89 A1,패치 슬롯 0432 | 한글 문자 | 제,번역 05-040/097 · 제 / 토큰 89 A1 / KANJI 6430 / 가나다순 291 / 원본 83 65 → 패치 89 A1 / D88 raw 0x0751C~0x0751D
554,D89E~D89F,81 40,패치 슬롯 0433 | 전각 공백 | ␠,번역 05-041/097 · ␠ / 토큰 81 40 / PC-88 전각 공백 토큰 / 원본 83 42 → 패치 81 40 / D88 raw 0x0751E~0x0751F
555,D8A0~D8A1,88 F2,패치 슬롯 0434 | 한글 문자 | 베,번역 05-042/097 · 베 / 토큰 88 F2 / KANJI E140 / 가나다순 177 / 원본 82 AA → 패치 88 F2 / D88 raw 0x07520~0x07521
556,D8A2~D8A3,89 C2,패치 슬롯 0435 | 한글 문자 | 칸,번역 05-043/097 · 칸 / 토큰 89 C2 / KANJI A440 / 가나다순 328 / 원본 82 C7 → 패치 89 C2 / D88 raw 0x07522~0x07523
557,D8A4~D8A5,89 D7,패치 슬롯 0436 | 한글 문자 | 티,번역 05-044/097 · 티 / 토큰 89 D7 / KANJI A590 / 가나다순 351 / 원본 82 A4 → 패치 89 D7 / D88 raw 0x07524~0x07525
558,D8A6~D8A7,82 E3,패치 슬롯 0437 | 한글 문자 | 는,번역 05-045/097 · 는 / 토큰 82 E3 / KANJI 3850 / 가나다순 74 / 원본 82 C8 → 패치 82 E3 / D88 raw 0x07526~0x07527
559,D8A8~D8A9,81 40,패치 슬롯 0438 | 전각 공백 | ␠,번역 05-046/097 · ␠ / 토큰 81 40 / PC-88 전각 공백 토큰 / 원본 82 EB → 패치 81 40 / D88 raw 0x07528~0x07529
560,D8AA~D8AB,89 6C,패치 슬롯 0439 | 한글 문자 | 어,번역 05-047/097 · 어 / 토큰 89 6C / KANJI A2D0 / 가나다순 235 / 원본 82 A4 → 패치 89 6C / D88 raw 0x0752A~0x0752B
561,D8AC~D8AD,8A 4F,패치 슬롯 0440 | 한글 문자 | 찌,번역 05-048/097 · 찌 / 토큰 8A 4F / KANJI 6700 / 가나다순 314 / 원본 82 C6 → 패치 8A 4F / D88 raw 0x0752C~0x0752D
562,D8AE~D8AF,81 40,패치 슬롯 0441 | 전각 공백 | ␠,번역 05-049/097 · ␠ / 토큰 81 40 / PC-88 전각 공백 토큰 / 원본 81 41 → 패치 81 40 / D88 raw 0x0752E~0x0752F
563,D8B0~D8B1,88 A2,패치 슬롯 0442 | 한글 문자 | 되,번역 05-050/097 · 되 / 토큰 88 A2 / KANJI 6040 / 가나다순 93 / 원본 82 E0 → 패치 88 A2 / D88 raw 0x07530~0x07531
564,D8B2~D8B3,88 A9,패치 슬롯 0443 | 한글 문자 | 든,번역 05-051/097 · 든 / 토큰 88 A9 / KANJI 60B0 / 가나다순 101 / 원본 82 CD → 패치 88 A9 / D88 raw 0x07532~0x07533
565,D8B4~D8B5,81 40,패치 슬롯 0444 | 전각 공백 | ␠,번역 05-052/097 · ␠ / 토큰 81 40 / PC-88 전각 공백 토큰 / 원본 82 E2 → 패치 81 40 / D88 raw 0x07534~0x07535
566,D8B6~D8B7,89 47,패치 슬롯 0445 | 한글 문자 | 상,번역 05-053/097 · 상 / 토큰 89 47 / KANJI 6280 / 가나다순 195 / 원본 82 A9 → 패치 89 47 / D88 raw 0x07536~0x07537
567,D8B8~D8B9,8A 61,패치 슬롯 0446 | 한글 문자 | 관,번역 05-054/097 · 관 / 토큰 8A 61 / KANJI A620 / 가나다순 399 / 원본 82 DC → 패치 8A 61 / D88 raw 0x07538~0x07539
568,D8BA~D8BB,89 6E,패치 슬롯 0447 | 한글 문자 | 없,번역 05-055/097 · 없 / 토큰 89 6E / KANJI A2F0 / 가나다순 237 / 원본 82 ED → 패치 89 6E / D88 raw 0x0753A~0x0753B
569,D8BC~D8BD,82 E7,패치 슬롯 0448 | 한글 문자 | 다,번역 05-056/097 · 다 / 토큰 82 E7 / KANJI 3890 / 가나다순 78 / 원본 82 CA → 패치 82 E7 / D88 raw 0x0753C~0x0753D
570,D8BE~D8BF,81 42,패치 슬롯 0449 | 문장부호 | 。,번역 05-057/097 · 。 / 토큰 81 42 / PC-88 전각 마침표 토큰 / D88 raw 0x0753E~0x0753F
571,D8C0~D8C1,89 E2,패치 슬롯 0450 | 한글 문자 | 하,번역 05-058/097 · 하 / 토큰 89 E2 / KANJI E440 / 가나다순 362 / 원본 82 BE → 패치 89 E2 / D88 raw 0x07540~0x07541
572,D8C2~D8C3,89 B3,패치 슬롯 0451 | 한글 문자 | 지,번역 05-059/097 · 지 / 토큰 89 B3 / KANJI 6550 / 가나다순 309 / 원본 82 AA → 패치 89 B3 / D88 raw 0x07542~0x07543
573,D8C4~D8C5,88 D2,패치 슬롯 0452 | 한글 문자 | 만,번역 05-060/097 · 만 / 토큰 88 D2 / KANJI A140 / 가나다순 144 / 원본 83 81 → 패치 88 D2 / D88 raw 0x07544~0x07545
574,D8C6~D8C7,81 40,패치 슬롯 0453 | 전각 공백 | ␠,번역 05-061/097 · ␠ / 토큰 81 40 / PC-88 전각 공백 토큰 / 원본 83 4B → 패치 81 40 / D88 raw 0x07546~0x07547
575,D8C8~D8C9,88 DA,패치 슬롯 0454 | 한글 문자 | 메,번역 05-062/097 · 메 / 토큰 88 DA / KANJI A1C0 / 가나다순 152 / 원본 83 58 → 패치 88 DA / D88 raw 0x07548~0x07549
576,D8CA~D8CB,82 9F,패치 슬롯 0455 | 한글 문자 | 가,번역 05-063/097 · 가 / 토큰 82 9F / KANJI 1810 / 가나다순 1 / 원본 82 BE → 패치 82 9F / D88 raw 0x0754A~0x0754B
577,D8CC~D8CD,89 56,패치 슬롯 0456 | 한글 문자 | 스,번역 05-064/097 · 스 / 토큰 89 56 / KANJI 6370 / 가나다순 211 / 원본 82 AF → 패치 89 56 / D88 raw 0x0754C~0x0754D
578,D8CE~D8CF,81 41,패치 슬롯 0457 | 문장부호 | 、,번역 05-065/097 · 、 / 토큰 81 41 / PC-88 전각 쉼표 토큰 / 원본 82 CD → 패치 81 41 / D88 raw 0x0754E~0x0754F
579,D8D0~D8D1,82 BD,패치 슬롯 0458 | 한글 문자 | 그,번역 05-066/097 · 그 / 토큰 82 BD / KANJI 19F0 / 가나다순 34 / 원본 81 41 → 패치 82 BD / D88 raw 0x07550~0x07551
580,D8D2~D8D3,82 DD,패치 슬롯 0459 | 한글 문자 | 놈,번역 05-067/097 · 놈 / 토큰 82 DD / KANJI 29F0 / 가나다순 68 / 원본 83 81 → 패치 82 DD / D88 raw 0x07552~0x07553
581,D8D4~D8D5,88 D2,패치 슬롯 0460 | 한글 문자 | 만,번역 05-068/097 · 만 / 토큰 88 D2 / KANJI A140 / 가나다순 144 / 원본 83 4B → 패치 88 D2 / D88 raw 0x07554~0x07555
582,D8D6~D8D7,89 89,패치 슬롯 0461 | 한글 문자 | 은,번역 05-069/097 · 은 / 토큰 89 89 / KANJI E290 / 가나다순 264 / 원본 83 58 → 패치 89 89 / D88 raw 0x07556~0x07557
583,D8D8~D8D9,81 40,패치 슬롯 0462 | 전각 공백 | ␠,번역 05-070/097 · ␠ / 토큰 81 40 / PC-88 전각 공백 토큰 / 원본 82 BE → 패치 81 40 / D88 raw 0x07558~0x07559
584,D8DA~D8DB,89 9E,패치 슬롯 0463 | 한글 문자 | 절,번역 05-071/097 · 절 / 토큰 89 9E / KANJI E3E0 / 가나다순 288 / 원본 82 AF → 패치 89 9E / D88 raw 0x0755A~0x0755B
585,D8DC~D8DD,82 EC,패치 슬롯 0464 | 한글 문자 | 대,번역 05-072/097 · 대 / 토큰 82 EC / KANJI 38E0 / 가나다순 84 / 원본 82 CD → 패치 82 EC / D88 raw 0x0755C~0x0755D
586,D8DE~D8DF,89 45,패치 슬롯 0465 | 한글 문자 | 살,번역 05-073/096 · 살 / 토큰 89 45 / KANJI 6260 / 가나다순 193 / 원본 82 B5 → 패치 89 45 / D88 raw 0x0755E~0x0755F
587,D8E0~D8E1,88 C1,패치 슬롯 0466 | 한글 문자 | 려,번역 05-074/096 · 려 / 토큰 88 C1 / KANJI A030 / 가나다순 126 / 원본 82 C4 → 패치 88 C1 / D88 raw 0x07560~0x07561
588,D8E2~D8E3,88 A6,패치 슬롯 0467 | 한글 문자 | 둘,번역 05-075/096 · 둘 / 토큰 88 A6 / KANJI 6080 / 가나다순 98 / 원본 82 A8 → 패치 88 A6 / D88 raw 0x07562~0x07563
589,D8E4~D8E5,81 40,패치 슬롯 0468 | 전각 공백 | ␠,번역 05-076/096 · ␠ / 토큰 81 40 / PC-88 전각 공백 토큰 / 원본 82 AD → 패치 81 40 / D88 raw 0x07564~0x07565
590,D8E6~D8E7,89 54,패치 슬롯 0469 | 한글 문자 | 수,번역 05-077/096 · 수 / 토큰 89 54 / KANJI 6350 / 가나다순 208 / 원본 82 ED → 패치 89 54 / D88 raw 0x07566~0x07567
591,D8E8~D8E9,81 40,패치 슬롯 0470 | 전각 공백 | ␠,번역 05-078/096 · ␠ / 토큰 81 40 / PC-88 전각 공백 토큰 / 원본 82 AF → 패치 81 40 / D88 raw 0x07568~0x07569
592,D8EA~D8EB,89 6E,패치 슬롯 0471 | 한글 문자 | 없,번역 05-079/096 · 없 / 토큰 89 6E / KANJI A2F0 / 가나다순 237 / 원본 82 C9 → 패치 89 6E / D88 raw 0x0756A~0x0756B
593,D8EC~D8ED,82 E7,패치 슬롯 0472 | 한글 문자 | 다,번역 05-080/096 · 다 / 토큰 82 E7 / KANJI 3890 / 가나다순 78 / 원본 82 CD → 패치 82 E7 / D88 raw 0x0756C~0x0756D
594,D8EE~D8EF,81 49,패치 슬롯 0473 | 문장부호 | ！,번역 05-081/096 · ！ / 토큰 81 49 / PC-88 전각 느낌표 토큰 / 원본 82 A2 → 패치 81 49 / D88 raw 0x0756E~0x0756F
595,D8F0~D8F1,81 40,패치 슬롯 0474 | 전각 공백 | ␠,번역 05-082/096 · ␠ / 토큰 81 40 / PC-88 전각 공백 토큰 / 원본 82 A9 → 패치 81 40 / D88 raw 0x07570~0x07571
596,D8F2~D8F3,89 81,패치 슬롯 0475 | 한글 문자 | 우,번역 05-083/096 · 우 / 토큰 89 81 / KANJI E210 / 가나다순 256 / 원본 82 F1 → 패치 89 81 / D88 raw 0x07572~0x07573
597,D8F4~D8F5,88 CC,패치 슬롯 0476 | 한글 문자 | 리,번역 05-084/096 · 리 / 토큰 88 CC / KANJI A0E0 / 가나다순 137 / 원본 81 49 → 패치 88 CC / D88 raw 0x07574~0x07575
598,D8F6~D8F7,88 AA,패치 슬롯 0477 | 한글 문자 | 들,번역 05-085/096 · 들 / 토큰 88 AA / KANJI 60C0 / 가나다순 102 / 원본 81 40 → 패치 88 AA / D88 raw 0x07576~0x07577
599,D8F8~D8F9,89 8C,패치 슬롯 0478 | 한글 문자 | 의,번역 05-086/096 · 의 / 토큰 89 8C / KANJI E2C0 / 가나다순 267 / 원본 89 E4 → 패치 89 8C / D88 raw 0x07578~0x07579
600,D8FA~D8FB,81 40,패치 슬롯 0479 | 전각 공백 | ␠,번역 05-087/096 · ␠ / 토큰 81 40 / PC-88 전각 공백 토큰 / 원본 82 E7 → 패치 81 40 / D88 raw 0x0757A~0x0757B
601,D8FC~D8FD,89 84,패치 슬롯 0480 | 한글 문자 | 원,번역 05-088/096 · 원 / 토큰 89 84 / KANJI E240 / 가나다순 259 / 원본 82 CC → 패치 89 84 / D88 raw 0x0757C~0x0757D
602,D8FE~D8FF,89 54,패치 슬롯 0481 | 한글 문자 | 수,번역 05-089/096 · 수 / 토큰 89 54 / KANJI 6350 / 가나다순 208 / 원본 82 A9 → 패치 89 54 / D88 raw 0x0757E~0x0757F
603,D900~D901,88 CA,패치 슬롯 0482 | 한글 문자 | 를,번역 05-090/096 · 를 / 토큰 88 CA / KANJI A0C0 / 가나다순 135 / 원본 82 BD → 패치 88 CA / D88 raw 0x07580~0x07581
604,D902~D903,81 40,패치 슬롯 0483 | 전각 공백 | ␠,번역 05-091/096 · ␠ / 토큰 81 40 / PC-88 전각 공백 토큰 / D88 raw 0x07582~0x07583
605,D904~D905,82 A5,패치 슬롯 0484 | 한글 문자 | 갚,번역 05-092/096 · 갚 / 토큰 82 A5 / KANJI 1870 / 가나다순 7 / 원본 82 F0 → 패치 82 A5 / D88 raw 0x07584~0x07585
606,D906~D907,89 60,패치 슬롯 0485 | 한글 문자 | 아,번역 05-093/096 · 아 / 토큰 89 60 / KANJI A210 / 가나다순 223 / 원본 93 A2 → 패치 89 60 / D88 raw 0x07586~0x07587
607,D908~D909,82 E7,패치 슬롯 0486 | 한글 문자 | 다,번역 05-094/096 · 다 / 토큰 82 E7 / KANJI 3890 / 가나다순 78 / 원본 82 C1 → 패치 82 E7 / D88 raw 0x07588~0x07589
608,D90A~D90B,89 76,패치 슬롯 0487 | 한글 문자 | 오,번역 05-095/096 · 오 / 토큰 89 76 / KANJI A370 / 가나다순 246 / 원본 82 C4 → 패치 89 76 / D88 raw 0x0758A~0x0758B
609,D90C~D90D,81 49,패치 슬롯 0488 | 문장부호 | ！,번역 05-096/096 · ！ / 토큰 81 49 / PC-88 전각 느낌표 토큰 / 원본 82 AD → 패치 81 49 / D88 raw 0x0758C~0x0758D
610,D90E,61,기존 확인 61~70h 계열 / CAA8[0] 작업슬롯 비활성화,비활성화 토큰 61 / D88 raw 0x0758E
611,D90F~D911,16 B7 E2,기존 확인 16h 계열 / 서브스트림 호출·전환 → E2B7,16h 호출 → E2B7; 복귀 주소 D912 / D88 raw 0x0758F~0x07591
612,E2B7~E2BB,0F 02 38 03 06,서브스트림 실행 / 기존 확인 0Fh 계열 제어토큰,인자 02 38 03 06
613,E2BC~E2BE,16 8D E3,서브스트림 실행 / 기존 확인 16h 계열 / 서브스트림 호출·전환 → E38D,16h 중첩 호출 → E38D; 복귀 주소 E2BF
614,E38D~E38F,1E 3C 08,서브스트림 실행 / 기존 확인 1Eh 계열 / 간접 CALL,호출 대상 083C
615,E390~E395,05 16 86 3A 9E 05,서브스트림 실행 / 기존 확인 05h 계열 / 영역·좌표 상태 설정·전개,인자 16 86 3A 9E 05
616,E396~E39A,0E 16 20 24 80,서브스트림 실행 / 기존 확인 0Eh 계열 / 화면·버퍼 초기화·전개,인자 16 20 24 80
617,E39B,17,서브스트림 실행 / 기존 확인 17h 계열 / 서브스트림 복귀,17h 복귀 → E2BF
618,E2BF~E2C1,13 DB E3,서브스트림 실행 / 기존 확인 13h 계열 제어토큰,인자 DB E3
619,E2C2~E2C5,14 00 16 22,서브스트림 실행 / 기존 확인 14h 계열 / 버퍼·영역 처리,인자 00 16 22
620,E2C6~E2C9,14 01 3B 00,서브스트림 실행 / 기존 확인 14h 계열 / 버퍼·영역 처리,인자 01 3B 00
621,E2CA~E2CB,25 30,서브스트림 실행 / 기존 확인 25h 계열 / CA1D 입 움직임 효과음 인덱스 설정,CA1D=30
622,E2CC,17,서브스트림 실행 / 기존 확인 17h 계열 / 서브스트림 복귀,17h 복귀 → D912
623,D912~D913,01 05,기존 확인 01h 계열 / 하위 제어 래퍼,하위코드 05 / D88 raw 0x07592~0x07593
624,D914~D915,06 04,기존 확인 06h 계열 / 상태 설정,파라미터 04 / D88 raw 0x07594~0x07595
625,D916~D917,89 8D,패치 슬롯 0489 | 한글 문자 | 이,번역 06-001/012 · 이 / 토큰 89 8D / KANJI E2D0 / 가나다순 268 / 원본 82 B1 → 패치 89 8D / D88 raw 0x07596~0x07597
626,D918~D919,82 AA,패치 슬롯 0490 | 한글 문자 | 것,번역 06-002/012 · 것 / 토큰 82 AA / KANJI 18C0 / 가나다순 12 / 원본 82 EA → 패치 82 AA / D88 raw 0x07598~0x07599
627,D91A~D91B,89 8A,패치 슬롯 0491 | 한글 문자 | 을,번역 06-003/012 · 을 / 토큰 89 8A / KANJI E2A0 / 가나다순 265 / 원본 82 F0 → 패치 89 8A / D88 raw 0x0759A~0x0759B
628,D91C~D91D,81 40,패치 슬롯 0492 | 전각 공백 | ␠,번역 06-004/012 · ␠ / 토큰 81 40 / PC-88 전각 공백 토큰 / 원본 95 D4 → 패치 81 40 / D88 raw 0x0759C~0x0759D
629,D91E~D91F,88 9F,패치 슬롯 0493 | 한글 문자 | 돌,번역 06-005/012 · 돌 / 토큰 88 9F / KANJI 6010 / 가나다순 90 / 원본 82 BB → 패치 88 9F / D88 raw 0x0759E~0x0759F
630,D920~D921,88 C1,패치 슬롯 0494 | 한글 문자 | 려,번역 06-006/012 · 려 / 토큰 88 C1 / KANJI A030 / 가나다순 126 / 원본 82 A4 → 패치 88 C1 / D88 raw 0x075A0~0x075A1
631,D922~D923,89 AA,패치 슬롯 0495 | 한글 문자 | 주,번역 06-007/012 · 주 / 토큰 89 AA / KANJI 64C0 / 가나다순 300 / 원본 81 45 → 패치 89 AA / D88 raw 0x075A2~0x075A3
632,D924~D925,88 D1,패치 슬롯 0496 | 한글 문자 | 마,번역 06-008/012 · 마 / 토큰 88 D1 / KANJI A130 / 가나다순 142 / 원본 81 45 → 패치 88 D1 / D88 raw 0x075A4~0x075A5
633,D926~D927,81 45,패치 슬롯 0497 | 문장부호 | ・,번역 06-009/012 · ・ / 토큰 81 45 / PC-88 가운데점 토큰 / D88 raw 0x075A6~0x075A7
634,D928~D929,81 45,패치 슬롯 0498 | 문장부호 | ・,번역 06-010/012 · ・ / 토큰 81 45 / PC-88 가운데점 토큰 / 원본 81 42 → 패치 81 45 / D88 raw 0x075A8~0x075A9
635,D92A~D92B,81 45,패치 슬롯 0499 | 문장부호 | ・,번역 06-011/012 · ・ / 토큰 81 45 / PC-88 가운데점 토큰 / D88 raw 0x075AA~0x075AB
636,D92C~D92D,81 42,패치 슬롯 0500 | 문장부호 | 。,번역 06-012/012 · 。 / 토큰 81 42 / PC-88 전각 마침표 토큰 / D88 raw 0x075AC~0x075AD
637,D92E,11,기존 확인 11h 계열 / 1바이트 상태 제어,기존 확인 11h 제어토큰 / D88 raw 0x075AE
638,D92F~D930,06 0E,기존 확인 06h 계열 / 상태 설정,파라미터 0E / D88 raw 0x075AF~0x075B0
639,D931,12,기존 확인 12h 계열 / 1바이트 상태 제어,기존 확인 12h 제어토큰 / D88 raw 0x075B1
640,D932~D934,16 5F E2,기존 확인 16h 계열 / 서브스트림 호출·전환 → E25F,16h 호출 → E25F; 복귀 주소 D937 / D88 raw 0x075B2~0x075B4
641,E25F~E261,16 66 E2,서브스트림 실행 / 기존 확인 16h 계열 / 서브스트림 호출·전환 → E266,16h 중첩 호출 → E266; 복귀 주소 E262
642,E266~E26A,0F 02 35 03 0F,서브스트림 실행 / 기존 확인 0Fh 계열 제어토큰,인자 02 35 03 0F
643,E26B~E26D,16 9C E3,서브스트림 실행 / 기존 확인 16h 계열 / 서브스트림 호출·전환 → E39C,16h 중첩 호출 → E39C; 복귀 주소 E26E
644,E39C~E39E,1E 3C 08,서브스트림 실행 / 기존 확인 1Eh 계열 / 간접 CALL,호출 대상 083C
645,E39F~E3A4,05 16 86 3A 9E 00,서브스트림 실행 / 기존 확인 05h 계열 / 영역·좌표 상태 설정·전개,인자 16 86 3A 9E 00
646,E3A5~E3A9,0E 16 20 24 80,서브스트림 실행 / 기존 확인 0Eh 계열 / 화면·버퍼 초기화·전개,인자 16 20 24 80
647,E3AA,17,서브스트림 실행 / 기존 확인 17h 계열 / 서브스트림 복귀,17h 복귀 → E26E
648,E26E~E271,14 00 16 22,서브스트림 실행 / 기존 확인 14h 계열 / 버퍼·영역 처리,인자 00 16 22
649,E272~E275,14 01 3B 00,서브스트림 실행 / 기존 확인 14h 계열 / 버퍼·영역 처리,인자 01 3B 00
650,E276~E279,04 51 E5 41,서브스트림 실행 / 기존 확인 04h 계열 / CAA8 슬롯 포인터 설정,E551 포인터를 41h 슬롯에 설정
651,E27A~E27D,04 5B E5 46,서브스트림 실행 / 기존 확인 04h 계열 / CAA8 슬롯 포인터 설정,E55B 포인터를 46h 슬롯에 설정
652,E27E~E281,04 65 E5 47,서브스트림 실행 / 기존 확인 04h 계열 / CAA8 슬롯 포인터 설정,E565 포인터를 47h 슬롯에 설정
653,E282~E285,04 1F E5 42,서브스트림 실행 / 기존 확인 04h 계열 / CAA8 슬롯 포인터 설정,E51F 포인터를 42h 슬롯에 설정
654,E286~E289,04 29 E5 43,서브스트림 실행 / 기존 확인 04h 계열 / CAA8 슬롯 포인터 설정,E529 포인터를 43h 슬롯에 설정
655,E28A~E28D,04 33 E5 44,서브스트림 실행 / 기존 확인 04h 계열 / CAA8 슬롯 포인터 설정,E533 포인터를 44h 슬롯에 설정
656,E28E~E291,04 3D E5 45,서브스트림 실행 / 기존 확인 04h 계열 / CAA8 슬롯 포인터 설정,E53D 포인터를 45h 슬롯에 설정
657,E292~E293,25 2B,서브스트림 실행 / 기존 확인 25h 계열 / CA1D 입 움직임 효과음 인덱스 설정,CA1D=2B
658,E294,17,서브스트림 실행 / 기존 확인 17h 계열 / 서브스트림 복귀,17h 복귀 → E262
659,E262~E264,13 CB E3,서브스트림 실행 / 기존 확인 13h 계열 제어토큰,인자 CB E3
660,E265,17,서브스트림 실행 / 기존 확인 17h 계열 / 서브스트림 복귀,17h 복귀 → D937
661,D935,46,기존 확인 41~50h 계열 / CAA8[5] 슬롯 실행,"슬롯 토큰 46; D937 덤프값 반영, 다음 본류 D938 / D88 raw 0x075B5"
662,D936,44,기존 확인 41~50h 계열 / CAA8[3] 슬롯 실행,슬롯 토큰 44 / D88 raw 0x075B6
663,D937~D938,82 BD,패치 슬롯 0501 | 한글 문자 | 그,번역 07-001/011 · 그 / 토큰 82 BD / KANJI 19F0 / 가나다순 34 / 원본 82 BB → 패치 82 BD / D88 raw 0x075B7~0x075B8
664,D939~D93A,82 A7,패치 슬롯 0502 | 한글 문자 | 건,번역 07-002/011 · 건 / 토큰 82 A7 / KANJI 1890 / 가나다순 9 / 원본 82 EA → 패치 82 A7 / D88 raw 0x075B9~0x075BA
665,D93B~D93C,81 41,패치 슬롯 0503 | 문장부호 | 、,번역 07-003/011 · 、 / 토큰 81 41 / PC-88 전각 쉼표 토큰 / 원본 82 CD → 패치 81 41 / D88 raw 0x075BB~0x075BC
666,D93D~D93E,89 D9,패치 슬롯 0504 | 한글 문자 | 판,번역 07-004/011 · 판 / 토큰 89 D9 / KANJI A5B0 / 가나다순 353 / 원본 81 41 → 패치 89 D9 / D88 raw 0x075BD~0x075BE
667,D93F~D940,89 CA,패치 슬롯 0505 | 한글 문자 | 타,번역 07-005/011 · 타 / 토큰 89 CA / KANJI A4C0 / 가나다순 336 / 원본 83 74 → 패치 89 CA / D88 raw 0x075BF~0x075C0
668,D941~D942,89 B1,패치 슬롯 0506 | 한글 문자 | 즘,번역 07-006/011 · 즘 / 토큰 89 B1 / KANJI 6530 / 가나다순 307 / 원본 83 40 → 패치 89 B1 / D88 raw 0x075C1~0x075C2
669,D943~D944,81 40,패치 슬롯 0507 | 전각 공백 | ␠,번역 07-007/011 · ␠ / 토큰 81 40 / PC-88 전각 공백 토큰 / 원본 83 93 → 패치 81 40 / D88 raw 0x075C3~0x075C4
670,D945~D946,89 AA,패치 슬롯 0508 | 한글 문자 | 주,번역 07-008/011 · 주 / 토큰 89 AA / KANJI 64C0 / 가나다순 300 / 원본 83 5E → 패치 89 AA / D88 raw 0x075C5~0x075C6
671,D947~D948,89 6D,패치 슬롯 0509 | 한글 문자 | 얼,번역 07-009/011 · 얼 / 토큰 89 6D / KANJI A2E0 / 가나다순 236 / 원본 83 59 → 패치 89 6D / D88 raw 0x075C7~0x075C8
672,D949~D94A,88 CC,패치 슬롯 0510 | 한글 문자 | 리,번역 07-010/011 · 리 / 토큰 88 CC / KANJI A0E0 / 가나다순 137 / 원본 83 80 → 패치 88 CC / D88 raw 0x075C9~0x075CA
673,D94B~D94C,81 49,패치 슬롯 0511 | 문장부호 | ！,번역 07-011/011 · ！ / 토큰 81 49 / PC-88 전각 느낌표 토큰 / 원본 81 45 → 패치 81 49 / D88 raw 0x075CB~0x075CC
674,D94D,66,기존 확인 61~70h 계열 / CAA8[5] 작업슬롯 비활성화,비활성화 토큰 66 / D88 raw 0x075CD
675,D94E~D950,16 CD E2,기존 확인 16h 계열 / 서브스트림 호출·전환 → E2CD,16h 호출 → E2CD; 복귀 주소 D95F / D88 raw 0x075CE~0x075D0
676,E2CD~E2D1,0F 02 38 03 06,서브스트림 실행 / 기존 확인 0Fh 계열 / 제어토큰,인자 02 38 03 06
677,E2D2~E2D4,16 8D E3,서브스트림 실행 / 기존 확인 16h 계열 / 서브스트림 호출·전환 → E38D,16h 중첩 호출 → E38D; 복귀 주소 E2D5
678,E38D~E38F,1E 3C 08,서브스트림 실행 / 기존 확인 1Eh 계열 / 간접 CALL,호출 대상 083C
679,E390~E395,05 16 86 3A 9E 05,서브스트림 실행 / 기존 확인 05h 계열 / 영역·좌표 상태 설정·전개,인자 16 86 3A 9E 05
680,E396~E39A,0E 16 20 24 80,서브스트림 실행 / 기존 확인 0Eh 계열 / 화면·버퍼 초기화·전개,인자 16 20 24 80
681,E39B,17,서브스트림 실행 / 기존 확인 17h 계열 / 서브스트림 복귀,17h 복귀 → E2D5
682,E2D5~E2D7,13 DB E3,서브스트림 실행 / 기존 확인 13h 계열 / 제어토큰,인자 DB E3
683,E2D8~E2DB,14 00 3B 00,서브스트림 실행 / 기존 확인 14h 계열 / 버퍼·영역 처리,인자 00 3B 00
684,E2DC~E2DF,14 01 3B 64,서브스트림 실행 / 기존 확인 14h 계열 / 버퍼·영역 처리,인자 01 3B 64
685,E2E0~E2E4,0F 03 39 03 01,서브스트림 실행 / 기존 확인 0Fh 계열 / 제어토큰,인자 03 39 03 01
686,E2E5~E2E6,25 30,서브스트림 실행 / 기존 확인 25h 계열 / CA1D 입 움직임 효과음 인덱스 설정,CA1D=30
687,E2E7,17,서브스트림 실행 / 기존 확인 17h 계열 / 서브스트림 복귀,17h 복귀 → D95F
688,D951~D952,01 06,기존 확인 01h 계열 / 하위 제어 래퍼,하위코드 06 / D88 raw 0x075D1~0x075D2
689,D953~D954,88 FA,패치 슬롯 0512 | 한글 문자 | 부,번역 08-001/008 · 부 / 토큰 88 FA / KANJI E1C0 / 가나다순 185 / 원본 97 8A → 패치 88 FA / D88 raw 0x075D3~0x075D4
690,D955~D956,89 CB,패치 슬롯 0513 | 한글 문자 | 탁,번역 08-002/008 · 탁 / 토큰 89 CB / KANJI A4D0 / 가나다순 337 / 원본 82 DE → 패치 89 CB / D88 raw 0x075D5~0x075D6
691,D957~D958,81 45,패치 슬롯 0514 | 문장부호 | ・,번역 08-003/008 · ・ / 토큰 81 45 / PC-88 가운데점 토큰 / D88 raw 0x075D7~0x075D8
692,D959~D95A,89 E4,패치 슬롯 0515 | 한글 문자 | 한,번역 08-004/008 · 한 / 토큰 89 E4 / KANJI E460 / 가나다순 364 / 원본 82 BC → 패치 89 E4 / D88 raw 0x075D9~0x075DA
693,D95B~D95C,82 E7,패치 슬롯 0516 | 한글 문자 | 다,번역 08-005/008 · 다 / 토큰 82 E7 / KANJI 3890 / 가나다순 78 / 원본 81 45 → 패치 82 E7 / D88 raw 0x075DB~0x075DC
694,D95D~D95E,81 45,패치 슬롯 0517 | 문장부호 | ・,번역 08-006/008 · ・ / 토큰 81 45 / PC-88 가운데점 토큰 / D88 raw 0x075DD~0x075DE
695,D95F~D960,81 45,패치 슬롯 0518 | 문장부호 | ・,번역 08-007/008 · ・ / 토큰 81 45 / PC-88 가운데점 토큰 / D88 raw 0x075DF~0x075E0
696,D961~D962,81 45,패치 슬롯 0519 | 문장부호 | ・,번역 08-008/008 · ・ / 토큰 81 45 / PC-88 가운데점 토큰 / D88 raw 0x075E1~0x075E2
697,D963~D968,05 16 86 3A 9E 05,기존 확인 05h 계열 / 영역·좌표 상태 설정·전개,인자 16 86 3A 9E 05 / D88 raw 0x075E3~0x075E8
698,D969~D96A,25 2B,기존 확인 25h 계열 / CA1D 입 움직임 효과음 인덱스 설정,CA1D=2B / D88 raw 0x075E9~0x075EA
699,D96B~D96D,1E BF D1,기존 확인 1Eh 계열 / 간접 CALL,호출 대상 D1BF / D88 raw 0x075EB~0x075ED
700,D96E~D96F,8A 78,패치 슬롯 0520 | 한글 문자 | 윽,번역 09-001/005 · 윽 / 토큰 8A 78 / KANJI A790 / 가나다순 422 / 원본 83 62 → 패치 8A 78 / D88 raw 0x075EE~0x075EF
701,D970~D971,81 45,패치 슬롯 0521 | 문장부호 | ・,번역 09-002/005 · ・ / 토큰 81 45 / PC-88 가운데점 토큰 / D88 raw 0x075F0~0x075F1
702,D972~D973,81 45,패치 슬롯 0522 | 문장부호 | ・,번역 09-003/005 · ・ / 토큰 81 45 / PC-88 가운데점 토큰 / D88 raw 0x075F2~0x075F3
703,D974~D975,81 45,패치 슬롯 0523 | 문장부호 | ・,번역 09-004/005 · ・ / 토큰 81 45 / PC-88 가운데점 토큰 / D88 raw 0x075F4~0x075F5
704,D976~D977,81 42,패치 슬롯 0524 | 문장부호 | 。,번역 09-005/005 · 。 / 토큰 81 42 / PC-88 전각 마침표 토큰 / D88 raw 0x075F6~0x075F7
705,D978,11,기존 확인 11h 계열 / 1바이트 상태 제어,기존 확인 11h 제어토큰 / D88 raw 0x075F8
706,D979~D97B,16 E8 E2,기존 확인 16h 계열 / 서브스트림 호출·전환 → E2E8,16h 호출 → E2E8; 복귀 주소 D98A / D88 raw 0x075F9~0x075FB
707,E2E8~E2EC,0F 02 3B 03 04,서브스트림 실행 / 기존 확인 0Fh 계열 / 제어토큰,인자 02 3B 03 04
708,E2ED~E2EF,16 9C E3,서브스트림 실행 / 기존 확인 16h 계열 / 서브스트림 호출·전환 → E39C,16h 중첩 호출 → E39C; 복귀 주소 E2F0
709,E39C~E39E,1E 3C 08,서브스트림 실행 / 기존 확인 1Eh 계열 / 간접 CALL,호출 대상 083C
710,E39F~E3A4,05 16 86 3A 9E 00,서브스트림 실행 / 기존 확인 05h 계열 / 영역·좌표 상태 설정·전개,인자 16 86 3A 9E 00
711,E3A5~E3A9,0E 16 20 24 80,서브스트림 실행 / 기존 확인 0Eh 계열 / 화면·버퍼 초기화·전개,인자 16 20 24 80
712,E3AA,17,서브스트림 실행 / 기존 확인 17h 계열 / 서브스트림 복귀,17h 복귀 → E2F0
713,E2F0~E2F2,13 EB E3,서브스트림 실행 / 기존 확인 13h 계열 / 제어토큰,인자 EB E3
714,E2F3,17,서브스트림 실행 / 기존 확인 17h 계열 / 서브스트림 복귀,17h 복귀 → D98A
715,D97C~D97D,01 07,기존 확인 01h 계열 / 하위 제어 래퍼,하위코드 07 / D88 raw 0x075FC~0x075FD
716,D97E,11,기존 확인 11h 계열 / 1바이트 상태 제어,기존 확인 11h 제어토큰 / D88 raw 0x075FE
717,D97F~D981,16 53 E2,기존 확인 16h 계열 / 서브스트림 호출·전환 → E253,16h 호출 → E253; 복귀 주소 D990 / D88 raw 0x075FF~0x07601
718,E253~E255,16 66 E2,서브스트림 실행 / 기존 확인 16h 계열 / 서브스트림 호출·전환 → E266,16h 중첩 호출 → E266; 복귀 주소 E256
719,E266~E26A,0F 02 35 03 0F,서브스트림 실행 / 기존 확인 0Fh 계열 / 제어토큰,인자 02 35 03 0F
720,E26B~E26D,16 9C E3,서브스트림 실행 / 기존 확인 16h 계열 / 서브스트림 호출·전환 → E39C,16h 중첩 호출 → E39C; 복귀 주소 E26E
721,E39C~E39E,1E 3C 08,서브스트림 실행 / 기존 확인 1Eh 계열 / 간접 CALL,호출 대상 083C
722,E39F~E3A4,05 16 86 3A 9E 00,서브스트림 실행 / 기존 확인 05h 계열 / 영역·좌표 상태 설정·전개,인자 16 86 3A 9E 00
723,E3A5~E3A9,0E 16 20 24 80,서브스트림 실행 / 기존 확인 0Eh 계열 / 화면·버퍼 초기화·전개,인자 16 20 24 80
724,E3AA,17,서브스트림 실행 / 기존 확인 17h 계열 / 서브스트림 복귀,17h 복귀 → E26E
725,E26E~E271,14 00 16 22,서브스트림 실행 / 기존 확인 14h 계열 / 버퍼·영역 처리,인자 00 16 22
726,E272~E275,14 01 3B 00,서브스트림 실행 / 기존 확인 14h 계열 / 버퍼·영역 처리,인자 01 3B 00
727,E276~E279,04 51 E5 41,서브스트림 실행 / 기존 확인 04h 계열 / CAA8 슬롯 포인터 설정,E551 포인터를 41h 슬롯에 설정
728,E27A~E27D,04 5B E5 46,서브스트림 실행 / 기존 확인 04h 계열 / CAA8 슬롯 포인터 설정,E55B 포인터를 46h 슬롯에 설정
729,E27E~E281,04 65 E5 47,서브스트림 실행 / 기존 확인 04h 계열 / CAA8 슬롯 포인터 설정,E565 포인터를 47h 슬롯에 설정
730,E282~E285,04 1F E5 42,서브스트림 실행 / 기존 확인 04h 계열 / CAA8 슬롯 포인터 설정,E51F 포인터를 42h 슬롯에 설정
731,E286~E289,04 29 E5 43,서브스트림 실행 / 기존 확인 04h 계열 / CAA8 슬롯 포인터 설정,E529 포인터를 43h 슬롯에 설정
732,E28A~E28D,04 33 E5 44,서브스트림 실행 / 기존 확인 04h 계열 / CAA8 슬롯 포인터 설정,E533 포인터를 44h 슬롯에 설정
733,E28E~E291,04 3D E5 45,서브스트림 실행 / 기존 확인 04h 계열 / CAA8 슬롯 포인터 설정,E53D 포인터를 45h 슬롯에 설정
734,E292~E293,25 2B,서브스트림 실행 / 기존 확인 25h 계열 / CA1D 입 움직임 효과음 인덱스 설정,CA1D=2B
735,E294,17,서브스트림 실행 / 기존 확인 17h 계열 / 서브스트림 복귀,17h 복귀 → E256
736,E256~E259,04 47 E5 42,서브스트림 실행 / 기존 확인 04h 계열 / CAA8 슬롯 포인터 설정,E547 포인터를 42h 슬롯에 설정
737,E25A,42,서브스트림 실행 / 기존 확인 41~50h 계열 / CAA8[1] 슬롯 실행,슬롯 토큰 42
738,E25B~E25D,13 CB E3,서브스트림 실행 / 기존 확인 13h 계열 / 제어토큰,인자 CB E3
739,E25E,17,서브스트림 실행 / 기존 확인 17h 계열 / 서브스트림 복귀,17h 복귀 → D990
740,D982,47,기존 확인 41~50h 계열 / CAA8[6] 슬롯 실행,슬롯 토큰 47 / D88 raw 0x07602
741,D983,45,기존 확인 41~50h 계열 / CAA8[4] 슬롯 실행,슬롯 토큰 45 / D88 raw 0x07603
742,D984~D985,81 45,패치 슬롯 0525 | 문장부호 | ・,번역 10-001/006 · ・ / 토큰 81 45 / PC-88 가운데점 토큰 / D88 raw 0x07604~0x07605
743,D986~D987,81 45,패치 슬롯 0526 | 문장부호 | ・,번역 10-002/006 · ・ / 토큰 81 45 / PC-88 가운데점 토큰 / D88 raw 0x07606~0x07607
744,D988~D989,81 45,패치 슬롯 0527 | 문장부호 | ・,번역 10-003/006 · ・ / 토큰 81 45 / PC-88 가운데점 토큰 / D88 raw 0x07608~0x07609
745,D98A~D98B,81 45,패치 슬롯 0528 | 문장부호 | ・,번역 10-004/006 · ・ / 토큰 81 45 / PC-88 가운데점 토큰 / D88 raw 0x0760A~0x0760B
746,D98C~D98D,81 45,패치 슬롯 0529 | 문장부호 | ・,번역 10-005/006 · ・ / 토큰 81 45 / PC-88 가운데점 토큰 / D88 raw 0x0760C~0x0760D
747,D98E~D98F,81 45,패치 슬롯 0530 | 문장부호 | ・,번역 10-006/006 · ・ / 토큰 81 45 / PC-88 가운데점 토큰 / D88 raw 0x0760E~0x0760F
748,D990~D992,16 E8 E2,기존 확인 16h 계열 / 서브스트림 호출·전환 → E2E8,16h 호출 → E2E8; 복귀 주소 D9A1 / D88 raw 0x07610~0x07612
749,E2E8~E2EC,0F 02 3B 03 04,서브스트림 실행 / 기존 확인 0Fh 계열 / 제어토큰,인자 02 3B 03 04
750,E2ED~E2EF,16 9C E3,서브스트림 실행 / 기존 확인 16h 계열 / 서브스트림 호출·전환 → E39C,16h 중첩 호출 → E39C; 복귀 주소 E2F0
751,E39C~E39E,1E 3C 08,서브스트림 실행 / 기존 확인 1Eh 계열 / 간접 CALL,호출 대상 083C
752,E39F~E3A4,05 16 86 3A 9E 00,서브스트림 실행 / 기존 확인 05h 계열 / 영역·좌표 상태 설정·전개,인자 16 86 3A 9E 00
753,E3A5~E3A9,0E 16 20 24 80,서브스트림 실행 / 기존 확인 0Eh 계열 / 화면·버퍼 초기화·전개,인자 16 20 24 80
754,E3AA,17,서브스트림 실행 / 기존 확인 17h 계열 / 서브스트림 복귀,17h 복귀 → E2F0
755,E2F0~E2F2,13 EB E3,서브스트림 실행 / 기존 확인 13h 계열 / 제어토큰,인자 EB E3
756,E2F3,17,서브스트림 실행 / 기존 확인 17h 계열 / 서브스트림 복귀,17h 복귀 → D9A1
757,D993~D995,1E 40 A4,기존 확인 1Eh 계열 / 간접 CALL,호출 대상 A440 / D88 raw 0x07613~0x07615
758,D996~D997,01 07,기존 확인 01h 계열 / 하위 제어 래퍼,하위코드 07 / D88 raw 0x07616~0x07617
759,D998,11,기존 확인 11h 계열 / 1바이트 상태 제어,기존 확인 11h 제어토큰 / D88 raw 0x07618
760,D999~D9A3,1F 03 4C 03 07 05 4D 03 06 00 88,기존 확인 1Fh 계열 / 그래픽·전송 제어,길이 11바이트; 인자 03 4C 03 07 05 4D 03 06 00 88 / D88 raw 0x07619~0x07623
761,D9A4~D9A5,06 0E,기존 확인 06h 계열 / 상태 설정,파라미터 0E / D88 raw 0x07624~0x07625
762,D9A6~D9A8,16 F4 E2,기존 확인 16h 계열 / 서브스트림 호출·전환 → E2F4,16h 호출 → E2F4; 복귀 주소 D9B7 / D88 raw 0x07626~0x07628
763,E2F4~E2F8,0F 01 3C 03 0A,서브스트림 실행 / 기존 확인 0Fh 계열 / 제어토큰,인자 01 3C 03 0A
764,E2F9~E2FB,1E 3C 08,서브스트림 실행 / 기존 확인 1Eh 계열 / 간접 CALL,호출 대상 083C
765,E2FC~E301,05 12 93 3E AB 00,서브스트림 실행 / 기존 확인 05h 계열 / 영역·좌표 상태 설정·전개,인자 12 93 3E AB 00
766,E302~E306,0E 12 10 2C A0,서브스트림 실행 / 기존 확인 0Eh 계열 / 화면·버퍼 초기화·전개,인자 12 10 2C A0
767,E307~E309,13 FB E3,서브스트림 실행 / 기존 확인 13h 계열 / 제어토큰,인자 FB E3
768,E30A~E30D,1D 01 07 40,서브스트림 실행 / 기존 확인 1Dh 계열 / 제어토큰,인자 01 07 40
769,E30E~E311,1D 03 3F 40,서브스트림 실행 / 기존 확인 1Dh 계열 / 제어토큰,인자 03 3F 40
770,E312~E315,1D 05 07 47,서브스트림 실행 / 기존 확인 1Dh 계열 / 제어토큰,인자 05 07 47
771,E316~E318,10 12 16,서브스트림 실행 / 기존 확인 10h 계열 / 제어토큰,인자 12 16
772,E319,17,서브스트림 실행 / 기존 확인 17h 계열 / 서브스트림 복귀,17h 복귀 → D9B7
773,D9A9~D9AA,25 2B,기존 확인 25h 계열 / CA1D 입 움직임 효과음 인덱스 설정,CA1D=2B / D88 raw 0x07629~0x0762A
774,D9AB~D9AD,1E 16 A4,기존 확인 1Eh 계열 / 간접 CALL,호출 대상 A416 / D88 raw 0x0762B~0x0762D
775,D9AE~D9AF,22 0E,기존 확인 22h 계열 / 2바이트 제어,22 0E 제어토큰 / D88 raw 0x0762E~0x0762F
776,D9B0~D9B1,81 49,패치 슬롯 0531 | 문장부호 | ！,번역 11-001/009 · ！ / 토큰 81 49 / PC-88 전각 느낌표 토큰 / D88 raw 0x07630~0x07631
777,D9B2~D9B3,81 49,패치 슬롯 0532 | 문장부호 | ！,번역 11-002/009 · ！ / 토큰 81 49 / PC-88 전각 느낌표 토큰 / D88 raw 0x07632~0x07633
778,D9B4~D9B5,81 40,패치 슬롯 0533 | 전각 공백 | ␠,번역 11-003/009 · ␠ / 토큰 81 40 / PC-88 전각 공백 토큰 / D88 raw 0x07634~0x07635
779,D9B6~D9B7,8A 63,패치 슬롯 0534 | 한글 문자 | 넌,번역 11-004/009 · 넌 / 토큰 8A 63 / KANJI A640 / 가나다순 401 / 원본 82 A8 → 패치 8A 63 / D88 raw 0x07636~0x07637
780,D9B8~D9B9,81 40,패치 슬롯 0535 | 전각 공백 | ␠,번역 11-005/009 · ␠ / 토큰 81 40 / PC-88 전각 공백 토큰 / 원본 82 DC → 패치 81 40 / D88 raw 0x07638~0x07639
781,D9BA~D9BB,82 DF,패치 슬롯 0536 | 한글 문자 | 누,번역 11-006/009 · 누 / 토큰 82 DF / KANJI 3810 / 가나다순 70 / 원본 82 A6 → 패치 82 DF / D88 raw 0x0763A~0x0763B
782,D9BC~D9BD,82 B7,패치 슬롯 0537 | 한글 문자 | 구,번역 11-007/009 · 구 / 토큰 82 B7 / KANJI 1990 / 가나다순 28 / 원본 82 CD → 패치 82 B7 / D88 raw 0x0763C~0x0763D
783,D9BE~D9BF,82 D5,패치 슬롯 0538 | 한글 문자 | 냐,번역 11-008/009 · 냐 / 토큰 82 D5 / KANJI 2970 / 가나다순 59 / 원본 81 49 → 패치 82 D5 / D88 raw 0x0763E~0x0763F
784,D9C0~D9C1,81 49,패치 슬롯 0539 | 문장부호 | ！,번역 11-009/009 · ！ / 토큰 81 49 / PC-88 전각 느낌표 토큰 / D88 raw 0x07640~0x07641
785,D9C2~D9C4,16 1A E3,기존 확인 16h 계열 / 서브스트림 호출·전환 → E31A,16h 호출 → E31A; 복귀 주소 D9CF / D88 raw 0x07642~0x07644
786,E31A~E31E,0F 01 3E 03 10,서브스트림 실행 / 기존 확인 0Fh 계열 / 제어토큰,인자 01 3E 03 10
787,E31F~E321,1E 3C 08,서브스트림 실행 / 기존 확인 1Eh 계열 / 간접 CALL,호출 대상 083C
788,E322~E327,05 16 86 3A 9E 05,서브스트림 실행 / 기존 확인 05h 계열 / 영역·좌표 상태 설정·전개,인자 16 86 3A 9E 05
789,E328~E32C,0E 16 20 24 80,서브스트림 실행 / 기존 확인 0Eh 계열 / 화면·버퍼 초기화·전개,인자 16 20 24 80
790,E32D~E330,14 02 16 00,서브스트림 실행 / 기존 확인 14h 계열 / 버퍼·영역 처리,인자 02 16 00
791,E331~E334,14 00 3B 00,서브스트림 실행 / 기존 확인 14h 계열 / 버퍼·영역 처리,인자 00 3B 00
792,E335~E338,04 BB E4 41,서브스트림 실행 / 기존 확인 04h 계열 / CAA8 슬롯 포인터 설정,E4BB 포인터를 41h 슬롯에 설정
793,E339~E33A,25 30,서브스트림 실행 / 기존 확인 25h 계열 / CA1D 입 움직임 효과음 인덱스 설정,CA1D=30
794,E33B,17,서브스트림 실행 / 기존 확인 17h 계열 / 서브스트림 복귀,17h 복귀 → D9CF
795,D9C5~D9C6,01 08,기존 확인 01h 계열 / 하위 제어 래퍼,하위코드 08 / D88 raw 0x07645~0x07646
796,D9C7,41,기존 확인 41~50h 계열 / CAA8[0] 슬롯 실행,슬롯 토큰 41 / D88 raw 0x07647
797,D9C8~D9C9,82 CE,패치 슬롯 0540 | 한글 문자 | 나,번역 12-001/134 · 나 / 토큰 82 CE / KANJI 2900 / 가나다순 52 / 원본 8E 63 → 패치 82 CE / D88 raw 0x07648~0x07649
798,D9CA~D9CB,82 E3,패치 슬롯 0541 | 한글 문자 | 는,번역 12-002/134 · 는 / 토큰 82 E3 / KANJI 3850 / 가나다순 74 / D88 raw 0x0764A~0x0764B
799,D9CC~D9CD,81 40,패치 슬롯 0542 | 전각 공백 | ␠,번역 12-003/134 · ␠ / 토큰 81 40 / PC-88 전각 공백 토큰 / 원본 94 45 → 패치 81 40 / D88 raw 0x0764C~0x0764D
800,D9CE~D9CF,89 95,패치 슬롯 0543 | 한글 문자 | 잔,번역 12-004/134 · 잔 / 토큰 89 95 / KANJI E350 / 가나다순 279 / 원본 89 A4 → 패치 89 95 / D88 raw 0x0764E~0x0764F
801,D9D0~D9D1,89 8E,패치 슬롯 0544 | 한글 문자 | 인,번역 12-005/134 · 인 / 토큰 89 8E / KANJI E2E0 / 가나다순 270 / 원본 83 81 → 패치 89 8E / D88 raw 0x07650~0x07651
802,D9D2~D9D3,89 7C,패치 슬롯 0545 | 한글 문자 | 왕,번역 12-006/134 · 왕 / 토큰 89 7C / KANJI A3D0 / 가나다순 252 / 원본 83 4B → 패치 89 7C / D88 raw 0x07652~0x07653
803,D9D4~D9D5,81 40,패치 슬롯 0546 | 전각 공백 | ␠,번역 12-007/134 · ␠ / 토큰 81 40 / PC-88 전각 공백 토큰 / 원본 83 58 → 패치 81 40 / D88 raw 0x07654~0x07655
804,D9D6~D9D7,88 DA,패치 슬롯 0547 | 한글 문자 | 메,번역 12-008/134 · 메 / 토큰 88 DA / KANJI A1C0 / 가나다순 152 / 원본 91 E6 → 패치 88 DA / D88 raw 0x07656~0x07657
805,D9D8~D9D9,82 9F,패치 슬롯 0548 | 한글 문자 | 가,번역 12-009/134 · 가 / 토큰 82 9F / KANJI 1810 / 가나다순 1 / 원본 8E 4F → 패치 82 9F / D88 raw 0x07658~0x07659
806,D9DA~D9DB,89 56,패치 슬롯 0549 | 한글 문자 | 스,번역 12-010/134 · 스 / 토큰 89 56 / KANJI 6370 / 가나다순 211 / 원본 8C 52 → 패치 89 56 / D88 raw 0x0765A~0x0765B
807,D9DC~D9DD,81 40,패치 슬롯 0550 | 전각 공백 | ␠,번역 12-011/134 · ␠ / 토큰 81 40 / PC-88 전각 공백 토큰 / 원본 92 63 → 패치 81 40 / D88 raw 0x0765C~0x0765D
808,D9DE~D9DF,89 A1,패치 슬롯 0551 | 한글 문자 | 제,번역 12-012/134 · 제 / 토큰 89 A1 / KANJI 6430 / 가나다순 291 / 원본 8E 77 → 패치 89 A1 / D88 raw 0x0765E~0x0765F
809,D9E0~D9E1,82 52,패치 슬롯 0552 | 기본문자 | ３,번역 12-013/134 · ３ / 토큰 82 52 / PC-88 기본 KANJI ROM 전각 영문·숫자 토큰 / 원본 8A F6 → 패치 82 52 / D88 raw 0x07660~0x07661
810,D9E2~D9E3,82 B9,패치 슬롯 0553 | 한글 문자 | 군,번역 12-014/134 · 군 / 토큰 82 B9 / KANJI 19B0 / 가나다순 30 / 원본 8A AF → 패치 82 B9 / D88 raw 0x07662~0x07663
811,D9E4~D9E5,82 E9,패치 슬롯 0554 | 한글 문자 | 단,번역 12-015/134 · 단 / 토큰 82 E9 / KANJI 38B0 / 가나다순 80 / 원본 83 6E → 패치 82 E9 / D88 raw 0x07664~0x07665
812,D9E6~D9E7,81 40,패치 슬롯 0555 | 전각 공백 | ␠,번역 12-016/134 · ␠ / 토큰 81 40 / PC-88 전각 공백 토큰 / 원본 83 43 → 패치 81 40 / D88 raw 0x07666~0x07667
813,D9E8~D9E9,89 B3,패치 슬롯 0556 | 한글 문자 | 지,번역 12-017/134 · 지 / 토큰 89 B3 / KANJI 6550 / 가나다순 309 / 원본 83 5B → 패치 89 B3 / D88 raw 0x07668~0x07669
814,D9EA~D9EB,8A 82,패치 슬롯 0557 | 한글 문자 | 휘,번역 12-018/134 · 휘 / 토큰 8A 82 / KANJI E620 / 가나다순 431 / 원본 83 93 → 패치 8A 82 / D88 raw 0x0766A~0x0766B
815,D9EC~D9ED,8A 61,패치 슬롯 0558 | 한글 문자 | 관,번역 12-019/134 · 관 / 토큰 8A 61 / KANJI A620 / 가나다순 399 / 원본 81 42 → 패치 8A 61 / D88 raw 0x0766C~0x0766D
816,D9EE~D9EF,89 E2,패치 슬롯 0559 | 한글 문자 | 하,번역 12-020/134 · 하 / 토큰 89 E2 / KANJI E440 / 가나다순 362 / D88 raw 0x0766E~0x0766F
817,D9F0~D9F1,89 8D,패치 슬롯 0560 | 한글 문자 | 이,번역 12-021/134 · 이 / 토큰 89 8D / KANJI E2D0 / 가나다순 268 / D88 raw 0x07670~0x07671
818,D9F2~D9F3,8A 7A,패치 슬롯 0561 | 한글 문자 | 젠,번역 12-022/134 · 젠 / 토큰 8A 7A / KANJI A7B0 / 가나다순 424 / D88 raw 0x07672~0x07673
819,D9F4~D9F5,89 8D,패치 슬롯 0562 | 한글 문자 | 이,번역 12-023/134 · 이 / 토큰 89 8D / KANJI E2D0 / 가나다순 268 / D88 raw 0x07674~0x07675
820,D9F6~D9F7,82 E7,패치 슬롯 0563 | 한글 문자 | 다,번역 12-024/134 · 다 / 토큰 82 E7 / KANJI 3890 / 가나다순 78 / D88 raw 0x07676~0x07677
821,D9F8~D9F9,81 42,패치 슬롯 0564 | 문장부호 | 。,번역 12-025/134 · 。 / 토큰 81 42 / PC-88 전각 마침표 토큰 / D88 raw 0x07678~0x07679
822,D9FA~D9FB,89 D9,패치 슬롯 0565 | 한글 문자 | 판,번역 12-026/134 · 판 / 토큰 89 D9 / KANJI A5B0 / 가나다순 353 / 원본 83 74 → 패치 89 D9 / D88 raw 0x0767A~0x0767B
823,D9FC~D9FD,89 CA,패치 슬롯 0566 | 한글 문자 | 타,번역 12-027/134 · 타 / 토큰 89 CA / KANJI A4C0 / 가나다순 336 / 원본 83 40 → 패치 89 CA / D88 raw 0x0767C~0x0767D
824,D9FE~D9FF,89 B1,패치 슬롯 0567 | 한글 문자 | 즘,번역 12-028/134 · 즘 / 토큰 89 B1 / KANJI 6530 / 가나다순 307 / 원본 83 93 → 패치 89 B1 / D88 raw 0x0767E~0x0767F
825,DA00~DA01,81 40,패치 슬롯 0568 | 전각 공백 | ␠,번역 12-029/134 · ␠ / 토큰 81 40 / PC-88 전각 공백 토큰 / 원본 83 5E → 패치 81 40 / D88 raw 0x07680~0x07681
826,DA02~DA03,89 AA,패치 슬롯 0569 | 한글 문자 | 주,번역 12-030/134 · 주 / 토큰 89 AA / KANJI 64C0 / 가나다순 300 / 원본 83 59 → 패치 89 AA / D88 raw 0x07682~0x07683
827,DA04~DA05,89 6D,패치 슬롯 0570 | 한글 문자 | 얼,번역 12-031/134 · 얼 / 토큰 89 6D / KANJI A2E0 / 가나다순 236 / 원본 83 80 → 패치 89 6D / D88 raw 0x07684~0x07685
828,DA06~DA07,88 CC,패치 슬롯 0571 | 한글 문자 | 리,번역 12-032/134 · 리 / 토큰 88 CC / KANJI A0E0 / 가나다순 137 / 원본 81 45 → 패치 88 CC / D88 raw 0x07686~0x07687
829,DA08~DA09,82 E3,패치 슬롯 0572 | 한글 문자 | 는,번역 12-033/134 · 는 / 토큰 82 E3 / KANJI 3850 / 가나다순 74 / 원본 83 57 → 패치 82 E3 / D88 raw 0x07688~0x07689
830,DA0A~DA0B,81 40,패치 슬롯 0573 | 전각 공백 | ␠,번역 12-034/134 · ␠ / 토큰 81 40 / PC-88 전각 공백 토큰 / 원본 83 85 → 패치 81 40 / D88 raw 0x0768A~0x0768B
831,DA0C~DA0D,82 D9,패치 슬롯 0574 | 한글 문자 | 네,번역 12-035/134 · 네 / 토큰 82 D9 / KANJI 29B0 / 가나다순 64 / 원본 83 47 → 패치 82 D9 / D88 raw 0x0768C~0x0768D
832,DA0E~DA0F,82 AB,패치 슬롯 0575 | 한글 문자 | 게,번역 12-036/134 · 게 / 토큰 82 AB / KANJI 18D0 / 가나다순 13 / 원본 83 8A → 패치 82 AB / D88 raw 0x0768E~0x0768F
833,DA10~DA11,88 9F,패치 슬롯 0577 | 한글 문자 | 돌,번역 12-038/134 · 돌 / 토큰 88 9F / KANJI 6010 / 가나다순 90 / 원본 82 F0 → 패치 88 9F / D88 raw 0x07690~0x07691
834,DA12~DA13,88 C1,패치 슬롯 0578 | 한글 문자 | 려,번역 12-039/134 · 려 / 토큰 88 C1 / KANJI A030 / 가나다순 126 / 원본 82 A8 → 패치 88 C1 / D88 raw 0x07692~0x07693
835,DA14~DA15,89 AD,패치 슬롯 0579 | 한글 문자 | 줄,번역 12-040/134 · 줄 / 토큰 89 AD / KANJI 64F0 / 가나다순 303 / 원본 82 DC → 패치 89 AD / D88 raw 0x07694~0x07695
836,DA16~DA17,81 40,패치 슬롯 0580 | 전각 공백 | ␠,번역 12-041/134 · ␠ / 토큰 81 40 / PC-88 전각 공백 토큰 / 원본 82 A6 → 패치 81 40 / D88 raw 0x07696~0x07697
837,DA18~DA19,89 54,패치 슬롯 0581 | 한글 문자 | 수,번역 12-042/134 · 수 / 토큰 89 54 / KANJI 6350 / 가나다순 208 / 원본 82 C9 → 패치 89 54 / D88 raw 0x07698~0x07699
838,DA1A~DA1B,81 40,패치 슬롯 0582 | 전각 공백 | ␠,번역 12-043/134 · ␠ / 토큰 81 40 / PC-88 전각 공백 토큰 / 원본 95 D4 → 패치 81 40 / D88 raw 0x0769A~0x0769B
839,DA1C~DA1D,89 6E,패치 슬롯 0583 | 한글 문자 | 없,번역 12-044/134 · 없 / 토큰 89 6E / KANJI A2F0 / 가나다순 237 / 원본 82 B7 → 패치 89 6E / D88 raw 0x0769C~0x0769D
840,DA1E~DA1F,82 E7,패치 슬롯 0584 | 한글 문자 | 다,번역 12-045/134 · 다 / 토큰 82 E7 / KANJI 3890 / 가나다순 78 / 원본 82 ED → 패치 82 E7 / D88 raw 0x0769E~0x0769F
841,DA20~DA21,81 42,패치 슬롯 0585 | 문장부호 | 。,번역 12-046/134 · 。 / 토큰 81 42 / PC-88 전각 마침표 토큰 / 원본 82 AF → 패치 81 42 / D88 raw 0x076A0~0x076A1
842,DA22~DA23,89 8D,패치 슬롯 0586 | 한글 문자 | 이,번역 12-047/134 · 이 / 토큰 89 8D / KANJI E2D0 / 가나다순 268 / 원본 82 B1 → 패치 89 8D / D88 raw 0x076A2~0x076A3
843,DA24~DA25,82 AB,패치 슬롯 0587 | 한글 문자 | 게,번역 12-048/134 · 게 / 토큰 82 AB / KANJI 18D0 / 가나다순 13 / 원본 82 EA → 패치 82 AB / D88 raw 0x076A4~0x076A5
844,DA26~DA27,81 40,패치 슬롯 0588 | 전각 공백 | ␠,번역 12-049/134 · ␠ / 토큰 81 40 / PC-88 전각 공백 토큰 / 원본 82 AA → 패치 81 40 / D88 raw 0x076A6~0x076A7
845,DA28~DA29,89 6E,패치 슬롯 0589 | 한글 문자 | 없,번역 12-050/134 · 없 / 토큰 89 6E / KANJI A2F0 / 가나다순 237 / 원본 96 B3 → 패치 89 6E / D88 raw 0x076A8~0x076A9
846,DA2A~DA2B,89 88,패치 슬롯 0590 | 한글 문자 | 으,번역 12-051/134 · 으 / 토큰 89 88 / KANJI E280 / 가나다순 263 / 원본 82 A2 → 패치 89 88 / D88 raw 0x076AA~0x076AB
847,DA2C~DA2D,88 DC,패치 슬롯 0591 | 한글 문자 | 면,번역 12-052/134 · 면 / 토큰 88 DC / KANJI A1E0 / 가나다순 154 / 원본 82 A4 → 패치 88 DC / D88 raw 0x076AC~0x076AD
848,DA2E~DA2F,81 40,패치 슬롯 0592 | 전각 공백 | ␠,번역 12-053/134 · ␠ / 토큰 81 40 / PC-88 전각 공백 토큰 / 원본 82 BF → 패치 81 40 / D88 raw 0x076AE~0x076AF
849,DA30~DA31,82 D9,패치 슬롯 0593 | 한글 문자 | 네,번역 12-054/134 · 네 / 토큰 82 D9 / KANJI 29B0 / 가나다순 64 / 원본 82 CD → 패치 82 D9 / D88 raw 0x076B0~0x076B1
850,DA32~DA33,81 40,패치 슬롯 0593 | 전각 공백 | ␠,번역 12-054/134 · ␠ / 토큰 81 40 / PC-88 전각 공백 토큰 / D88 raw 0x076B2~0x076B3
851,DA34~DA35,89 F8,패치 슬롯 0593 | 한글 문자 | 힘,번역 12-054/133 · 힘 / 토큰 89 F8 / KANJI E5A0 / 가나다순 388 / 원본 82 DC → 패치 89 F8 / D88 raw 0x076B4~0x076B5
852,DA36~DA37,82 F1,패치 슬롯 0594 | 한글 문자 | 도,번역 12-055/133 · 도 / 토큰 82 F1 / KANJI 3930 / 가나다순 89 / 원본 82 A6 → 패치 82 F1 / D88 raw 0x076B6~0x076B7
853,DA38~DA39,89 9E,패치 슬롯 0595 | 한글 문자 | 절,번역 12-056/133 · 절 / 토큰 89 9E / KANJI E3E0 / 가나다순 288 / 원본 97 CD → 패치 89 9E / D88 raw 0x076B8~0x076B9
854,DA3A~DA3B,88 EA,패치 슬롯 0596 | 한글 문자 | 반,번역 12-057/133 · 반 / 토큰 88 EA / KANJI E0C0 / 가나다순 169 / 원본 82 CD → 패치 88 EA / D88 raw 0x076BA~0x076BB
855,DA3C~DA3D,8A 6E,패치 슬롯 0597 | 한글 문자 | 밖,번역 12-058/133 · 밖 / 토큰 8A 6E / KANJI A6F0 / 가나다순 412 / 원본 94 BC → 패치 8A 6E / D88 raw 0x076BC~0x076BD
856,DA3E~DA3F,89 70,패치 슬롯 0598 | 한글 문자 | 에,번역 12-059/133 · 에 / 토큰 89 70 / KANJI A310 / 가나다순 239 / 원본 8C B8 → 패치 89 70 / D88 raw 0x076BE~0x076BF
857,DA40~DA41,81 40,패치 슬롯 0599 | 전각 공백 | ␠,번역 12-060/133 · ␠ / 토큰 81 40 / PC-88 전각 공백 토큰 / 원본 82 B5 → 패치 81 40 / D88 raw 0x076C0~0x076C1
858,DA42~DA43,88 EC,패치 슬롯 0600 | 한글 문자 | 발,번역 12-061/133 · 발 / 토큰 88 EC / KANJI E0E0 / 가나다순 171 / 원본 82 C4 → 패치 88 EC / D88 raw 0x076C2~0x076C3
859,DA44~DA45,8A 82,패치 슬롯 0601 | 한글 문자 | 휘,번역 12-062/133 · 휘 / 토큰 8A 82 / KANJI E620 / 가나다순 431 / 원본 82 A2 → 패치 8A 82 / D88 raw 0x076C4~0x076C5
860,DA46~DA47,88 A2,패치 슬롯 0602 | 한글 문자 | 되,번역 12-063/133 · 되 / 토큰 88 A2 / KANJI 6040 / 가나다순 93 / 원본 82 E9 → 패치 88 A2 / D88 raw 0x076C6~0x076C7
861,DA48~DA49,89 B3,패치 슬롯 0603 | 한글 문자 | 지,번역 12-064/133 · 지 / 토큰 89 B3 / KANJI 6550 / 가나다순 309 / 원본 82 CD → 패치 89 B3 / D88 raw 0x076C8~0x076C9
862,DA4A~DA4B,81 40,패치 슬롯 0604 | 전각 공백 | ␠,번역 12-065/133 · ␠ / 토큰 81 40 / PC-88 전각 공백 토큰 / 원본 82 B8 → 패치 81 40 / D88 raw 0x076CA~0x076CB
863,DA4C~DA4D,88 E2,패치 슬롯 0605 | 한글 문자 | 못,번역 12-066/133 · 못 / 토큰 88 E2 / KANJI E040 / 가나다순 160 / 원본 82 BE → 패치 88 E2 / D88 raw 0x076CC~0x076CD
864,DA4E~DA4F,89 E5,패치 슬롯 0606 | 한글 문자 | 할,번역 12-067/133 · 할 / 토큰 89 E5 / KANJI E470 / 가나다순 365 / 원본 82 A9 → 패치 89 E5 / D88 raw 0x076CE~0x076CF
865,DA50~DA51,81 40,패치 슬롯 0607 | 전각 공백 | ␠,번역 12-068/133 · ␠ / 토큰 81 40 / PC-88 전각 공백 토큰 / 원본 82 E7 → 패치 81 40 / D88 raw 0x076D0~0x076D1
866,DA52~DA53,8A 51,패치 슬롯 0608 | 한글 문자 | 테,번역 12-069/133 · 테 / 토큰 8A 51 / KANJI 6720 / 가나다순 345 / 원본 82 C8 → 패치 8A 51 / D88 raw 0x076D2~0x076D3
867,DA54~DA55,89 B3,패치 슬롯 0609 | 한글 문자 | 지,번역 12-070/133 · 지 / 토큰 89 B3 / KANJI 6550 / 가나다순 309 / 원본 81 42 → 패치 89 B3 / D88 raw 0x076D4~0x076D5
868,DA56~DA57,81 42,패치 슬롯 0610 | 문장부호 | 。,번역 12-071/133 · 。 / 토큰 81 42 / PC-88 전각 마침표 토큰 / D88 raw 0x076D6~0x076D7
869,DA58~DA59,8A 73,패치 슬롯 0611 | 한글 문자 | 언,번역 12-072/133 · 언 / 토큰 8A 73 / KANJI A740 / 가나다순 417 / 원본 82 A2 → 패치 8A 73 / D88 raw 0x076D8~0x076D9
870,DA5A~DA5B,8A 7A,패치 슬롯 0612 | 한글 문자 | 젠,번역 12-073/133 · 젠 / 토큰 8A 7A / KANJI A7B0 / 가나다순 424 / 원본 82 B8 → 패치 8A 7A / D88 raw 0x076DA~0x076DB
871,DA5C~DA5D,82 9F,패치 슬롯 0613 | 한글 문자 | 가,번역 12-074/133 · 가 / 토큰 82 9F / KANJI 1810 / 가나다순 1 / 원본 82 EA → 패치 82 9F / D88 raw 0x076DC~0x076DD
872,DA5E~DA5F,81 40,패치 슬롯 0614 | 전각 공백 | ␠,번역 12-075/133 · ␠ / 토큰 81 40 / PC-88 전각 공백 토큰 / 원본 82 A8 → 패치 81 40 / D88 raw 0x076DE~0x076DF
873,DA60~DA61,82 D6,패치 슬롯 0615 | 한글 문자 | 너,번역 12-076/133 · 너 / 토큰 82 D6 / KANJI 2980 / 가나다순 60 / 원본 82 DC → 패치 82 D6 / D88 raw 0x076E0~0x076E1
874,DA62~DA63,89 7A,패치 슬롯 0616 | 한글 문자 | 와,번역 12-077/133 · 와 / 토큰 89 7A / KANJI A3B0 / 가나다순 250 / 원본 82 A6 → 패치 89 7A / D88 raw 0x076E2~0x076E3
875,DA64~DA65,81 40,패치 슬롯 0617 | 전각 공백 | ␠,번역 12-078/133 · ␠ / 토큰 81 40 / PC-88 전각 공백 토큰 / 원본 82 C6 → 패치 81 40 / D88 raw 0x076E4~0x076E5
876,DA66~DA67,89 5E,패치 슬롯 0618 | 한글 문자 | 싸,번역 12-079/133 · 싸 / 토큰 89 5E / KANJI 63F0 / 가나다순 221 / 원본 82 CD → 패치 89 5E / D88 raw 0x076E6~0x076E7
877,DA68~DA69,89 81,패치 슬롯 0619 | 한글 문자 | 우,번역 12-080/133 · 우 / 토큰 89 81 / KANJI E210 / 가나다순 256 / 원본 90 ED → 패치 89 81 / D88 raw 0x076E8~0x076E9
878,DA6A~DA6B,82 AB,패치 슬롯 0620 | 한글 문자 | 게,번역 12-081/133 · 게 / 토큰 82 AB / KANJI 18D0 / 가나다순 13 / 원본 82 A4 → 패치 82 AB / D88 raw 0x076EA~0x076EB
879,DA6C~DA6D,81 40,패치 슬롯 0621 | 전각 공백 | ␠,번역 12-082/133 · ␠ / 토큰 81 40 / PC-88 전각 공백 토큰 / 원본 82 B1 → 패치 81 40 / D88 raw 0x076EC~0x076ED
880,DA6E~DA6F,88 A2,패치 슬롯 0622 | 한글 문자 | 되,번역 12-083/133 · 되 / 토큰 88 A2 / KANJI 6040 / 가나다순 93 / 원본 82 C6 → 패치 88 A2 / D88 raw 0x076EE~0x076EF
881,DA70~DA71,82 AC,패치 슬롯 0623 | 한글 문자 | 겠,번역 12-084/133 · 겠 / 토큰 82 AC / KANJI 18E0 / 가나다순 14 / 원본 82 C9 → 패치 82 AC / D88 raw 0x076F0~0x076F1
882,DA72~DA73,89 B3,패치 슬롯 0624 | 한글 문자 | 지,번역 12-085/133 · 지 / 토큰 89 B3 / KANJI 6550 / 가나다순 309 / 원본 82 C8 → 패치 89 B3 / D88 raw 0x076F2~0x076F3
883,DA74~DA75,88 D2,패치 슬롯 0625 | 한글 문자 | 만,번역 12-086/133 · 만 / 토큰 88 D2 / KANJI A140 / 가나다순 144 / 원본 82 EB → 패치 88 D2 / D88 raw 0x076F4~0x076F5
884,DA76~DA77,81 41,패치 슬롯 0626 | 문장부호 | 、,번역 12-087/133 · 、 / 토큰 81 41 / PC-88 전각 쉼표 토큰 / 원본 82 A4 → 패치 81 41 / D88 raw 0x076F6~0x076F7
885,DA78~DA79,89 B3,패치 슬롯 0627 | 한글 문자 | 지,번역 12-088/133 · 지 / 토큰 89 B3 / KANJI 6550 / 가나다순 309 / 원본 81 41 → 패치 89 B3 / D88 raw 0x076F8~0x076F9
886,DA7A~DA7B,82 BF,패치 슬롯 0628 | 한글 문자 | 금,번역 12-089/133 · 금 / 토큰 82 BF / KANJI 2810 / 가나다순 37 / 원본 82 BE → 패치 82 BF / D88 raw 0x076FA~0x076FB
887,DA7C~DA7D,89 89,패치 슬롯 0629 | 한글 문자 | 은,번역 12-090/133 · 은 / 토큰 89 89 / KANJI E290 / 가나다순 264 / 원본 82 AA → 패치 89 89 / D88 raw 0x076FC~0x076FD
888,DA7E~DA7F,81 40,패치 슬롯 0630 | 전각 공백 | ␠,번역 12-091/133 · ␠ / 토큰 81 40 / PC-88 전각 공백 토큰 / 원본 8D A1 → 패치 81 40 / D88 raw 0x076FE~0x076FF
889,DA80~DA81,82 D6,패치 슬롯 0631 | 한글 문자 | 너,번역 12-092/133 · 너 / 토큰 82 D6 / KANJI 2980 / 가나다순 60 / 원본 82 CD → 패치 82 D6 / D88 raw 0x07700~0x07701
890,DA82~DA83,81 40,패치 슬롯 0632 | 전각 공백 | ␠,번역 12-093/133 · ␠ / 토큰 81 40 / PC-88 전각 공백 토큰 / 원본 82 A8 → 패치 81 40 / D88 raw 0x07702~0x07703
891,DA84~DA85,8A 68,패치 슬롯 0633 | 한글 문자 | 따,번역 12-094/133 · 따 / 토큰 8A 68 / KANJI A690 / 가나다순 406 / 원본 82 DC → 패치 8A 68 / D88 raw 0x07704~0x07705
892,DA86~DA87,89 85,패치 슬롯 0634 | 한글 문자 | 위,번역 12-095/133 · 위 / 토큰 89 85 / KANJI E250 / 가나다순 260 / 원본 82 A6 → 패치 89 85 / D88 raw 0x07706~0x07707
893,DA88~DA89,88 CA,패치 슬롯 0635 | 한글 문자 | 를,번역 12-096/133 · 를 / 토큰 88 CA / KANJI A0C0 / 가나다순 135 / 원본 82 C9 → 패치 88 CA / D88 raw 0x07708~0x07709
894,DA8A~DA8B,81 40,패치 슬롯 0636 | 전각 공백 | ␠,번역 12-097/133 · ␠ / 토큰 81 40 / PC-88 전각 공백 토큰 / 원본 8A D6 → 패치 81 40 / D88 raw 0x0770A~0x0770B
895,DA8C~DA8D,89 5B,패치 슬롯 0637 | 한글 문자 | 신,번역 12-098/133 · 신 / 토큰 89 5B / KANJI 63C0 / 가나다순 216 / 원본 82 ED → 패치 89 5B / D88 raw 0x0770C~0x0770D
896,DA8E~DA8F,82 AF,패치 슬롯 0638 | 한글 문자 | 경,번역 12-099/133 · 경 / 토큰 82 AF / KANJI 1910 / 가나다순 19 / 원본 82 C1 → 패치 82 AF / D88 raw 0x0770E~0x0770F
897,DA90~DA91,81 40,패치 슬롯 0639 | 전각 공백 | ␠,번역 12-100/133 · ␠ / 토큰 81 40 / PC-88 전각 공백 토큰 / 원본 82 C4 → 패치 81 40 / D88 raw 0x07710~0x07711
898,DA92~DA93,8A 71,패치 슬롯 0640 | 한글 문자 | 쓸,번역 12-101/133 · 쓸 / 토큰 8A 71 / KANJI A720 / 가나다순 415 / 원본 82 A2 → 패치 8A 71 / D88 raw 0x07712~0x07713
899,DA94~DA95,81 40,패치 슬롯 0641 | 전각 공백 | ␠,번역 12-102/133 · ␠ / 토큰 81 40 / PC-88 전각 공백 토큰 / 원본 82 E9 → 패치 81 40 / D88 raw 0x07714~0x07715
900,DA96~DA97,89 F9,패치 슬롯 0642 | 한글 문자 | 겨,번역 12-103/133 · 겨 / 토큰 89 F9 / KANJI E5B0 / 가나다순 15 / 원본 89 C9 → 패치 89 F9 / D88 raw 0x07716~0x07717
901,DA98~DA99,88 CA,패치 슬롯 0643 | 한글 문자 | 를,번역 12-104/133 · 를 / 토큰 88 CA / KANJI A0C0 / 가나다순 135 / 원본 82 CD → 패치 88 CA / D88 raw 0x07718~0x07719
902,DA9A~DA9B,89 8D,패치 슬롯 0644 | 한글 문자 | 이,번역 12-105/133 · 이 / 토큰 89 8D / KANJI E2D0 / 가나다순 268 / 원본 82 C8 → 패치 89 8D / D88 raw 0x0771A~0x0771B
903,DA9C~DA9D,81 40,패치 슬롯 0645 | 전각 공백 | ␠,번역 12-106/133 · ␠ / 토큰 81 40 / PC-88 전각 공백 토큰 / 원본 82 A2 → 패치 81 40 / D88 raw 0x0771C~0x0771D
904,DA9E~DA9F,89 6E,패치 슬롯 0646 | 한글 문자 | 없,번역 12-107/133 · 없 / 토큰 89 6E / KANJI A2F0 / 가나다순 237 / 원본 81 42 → 패치 89 6E / D88 raw 0x0771E~0x0771F
905,DAA0~DAA1,82 E7,패치 슬롯 0647 | 한글 문자 | 다,번역 12-108/133 · 다 / 토큰 82 E7 / KANJI 3890 / 가나다순 78 / 원본 82 BB → 패치 82 E7 / D88 raw 0x07720~0x07721
906,DAA2~DAA3,81 42,패치 슬롯 0648 | 문장부호 | 。,번역 12-109/133 · 。 / 토큰 81 42 / PC-88 전각 마침표 토큰 / 원본 82 CC → 패치 81 42 / D88 raw 0x07722~0x07723
907,DAA4~DAA5,82 BD,패치 슬롯 0649 | 한글 문자 | 그,번역 12-110/133 · 그 / 토큰 82 BD / KANJI 19F0 / 가나다순 34 / D88 raw 0x07724~0x07725
908,DAA6~DAA7,81 40,패치 슬롯 0650 | 전각 공백 | ␠,번역 12-111/133 · ␠ / 토큰 81 40 / PC-88 전각 공백 토큰 / D88 raw 0x07726~0x07727
909,DAA8~DAA9,82 EC,패치 슬롯 0651 | 한글 문자 | 대,번역 12-112/133 · 대 / 토큰 82 EC / KANJI 38E0 / 가나다순 84 / 원본 82 A9 → 패치 82 EC / D88 raw 0x07728~0x07729
910,DAAA~DAAB,89 5B,패치 슬롯 0652 | 한글 문자 | 신,번역 12-113/133 · 신 / 토큰 89 5B / KANJI 63C0 / 가나다순 216 / 원본 82 ED → 패치 89 5B / D88 raw 0x0772A~0x0772B
911,DAAC~DAAD,81 40,패치 슬롯 0653 | 전각 공백 | ␠,번역 12-114/133 · ␠ / 토큰 81 40 / PC-88 전각 공백 토큰 / 원본 82 E8 → 패치 81 40 / D88 raw 0x0772C~0x0772D
912,DAAE~DAAF,88 DA,패치 슬롯 0654 | 한글 문자 | 메,번역 12-115/133 · 메 / 토큰 88 DA / KANJI A1C0 / 가나다순 152 / 원본 81 41 → 패치 88 DA / D88 raw 0x0772E~0x0772F
913,DAB0~DAB1,82 9F,패치 슬롯 0655 | 한글 문자 | 가,번역 12-116/133 · 가 / 토큰 82 9F / KANJI 1810 / 가나다순 1 / 원본 83 81 → 패치 82 9F / D88 raw 0x07730~0x07731
914,DAB2~DAB3,89 56,패치 슬롯 0656 | 한글 문자 | 스,번역 12-117/133 · 스 / 토큰 89 56 / KANJI 6370 / 가나다순 211 / 원본 83 4B → 패치 89 56 / D88 raw 0x07732~0x07733
915,DAB4~DAB5,82 E6,패치 슬롯 0657 | 한글 문자 | 님,번역 12-118/133 · 님 / 토큰 82 E6 / KANJI 3880 / 가나다순 77 / 원본 83 58 → 패치 82 E6 / D88 raw 0x07734~0x07735
916,DAB6~DAB7,82 C9,패치 슬롯 0658 | 한글 문자 | 께,번역 12-119/133 · 께 / 토큰 82 C9 / KANJI 28B0 / 가나다순 47 / 원본 97 6C → 패치 82 C9 / D88 raw 0x07736~0x07737
917,DAB8~DAB9,89 49,패치 슬롯 0659 | 한글 문자 | 서,번역 12-120/133 · 서 / 토큰 89 49 / KANJI 62A0 / 가나다순 197 / 원본 82 AA → 패치 89 49 / D88 raw 0x07738~0x07739
918,DABA~DABB,81 40,패치 슬롯 0660 | 전각 공백 | ␠,번역 12-121/133 · ␠ / 토큰 81 40 / PC-88 전각 공백 토큰 / 원본 82 B6 → 패치 81 40 / D88 raw 0x0773A~0x0773B
919,DABC~DABD,89 C0,패치 슬롯 0661 | 한글 문자 | 친,번역 12-122/133 · 친 / 토큰 89 C0 / KANJI A420 / 가나다순 326 / 원본 82 AB → 패치 89 C0 / D88 raw 0x0773C~0x0773D
920,DABE~DABF,89 F7,패치 슬롯 0662 | 한글 문자 | 히,번역 12-123/133 · 히 / 토큰 89 F7 / KANJI E590 / 가나다순 387 / 원본 82 B6 → 패치 89 F7 / D88 raw 0x0773E~0x0773F
921,DAC0~DAC1,81 40,패치 슬롯 0663 | 전각 공백 | ␠,번역 12-124/133 · ␠ / 토큰 81 40 / PC-88 전각 공백 토큰 / 원본 82 AB → 패치 81 40 / D88 raw 0x07740~0x07741
922,DAC2~DAC3,89 47,패치 슬롯 0664 | 한글 문자 | 상,번역 12-125/133 · 상 / 토큰 89 47 / KANJI 6280 / 가나다순 195 / 원본 82 A8 → 패치 89 47 / D88 raw 0x07742~0x07743
923,DAC4~DAC5,82 EC,패치 슬롯 0665 | 한글 문자 | 대,번역 12-126/133 · 대 / 토큰 82 EC / KANJI 38E0 / 가나다순 84 / 원본 91 8A → 패치 82 EC / D88 raw 0x07744~0x07745
924,DAC6~DAC7,89 E8,패치 슬롯 0666 | 한글 문자 | 해,번역 12-127/133 · 해 / 토큰 89 E8 / KANJI E4A0 / 가나다순 369 / 원본 8E E8 → 패치 89 E8 / D88 raw 0x07746~0x07747
925,DAC8~DAC9,89 AA,패치 슬롯 0667 | 한글 문자 | 주,번역 12-128/133 · 주 / 토큰 89 AA / KANJI 64C0 / 가나다순 300 / 원본 82 B5 → 패치 89 AA / D88 raw 0x07748~0x07749
926,DACA~DACB,89 5C,패치 슬롯 0669 | 한글 문자 | 실,번역 12-130/134 · 실 / 토큰 89 5C / KANJI 63D0 / 가나다순 217 / 원본 82 C4 → 패치 89 5C / D88 raw 0x0774A~0x0774B
927,DACC~DACD,81 40,패치 슬롯 0670 | 전각 공백 | ␠,번역 12-131/134 · ␠ / 토큰 81 40 / PC-88 전각 공백 토큰 / 원본 89 BA → 패치 81 40 / D88 raw 0x0774C~0x0774D
928,DACE~DACF,82 A6,패치 슬롯 0671 | 한글 문자 | 거,번역 12-132/134 · 거 / 토큰 82 A6 / KANJI 1880 / 가나다순 8 / 원본 82 B3 → 패치 82 A6 / D88 raw 0x0774E~0x0774F
929,DAD0~DAD1,82 E7,패치 슬롯 0672 | 한글 문자 | 다,번역 12-133/134 · 다 / 토큰 82 E7 / KANJI 3890 / 가나다순 78 / 원본 82 E9 → 패치 82 E7 / D88 raw 0x07750~0x07751
930,DAD2~DAD3,81 49,패치 슬롯 0673 | 문장부호 | ！,번역 12-134/134 · ！ / 토큰 81 49 / PC-88 전각 느낌표 토큰 / D88 raw 0x07752~0x07753
931,DAD4,61,기존 확인 61~70h 계열 / CAA8[0] 작업슬롯 비활성화,비활성화 토큰 61 / D88 raw 0x07754
932,DAD5~DAD7,16 3C E3,기존 확인 16h 계열 / 서브스트림 호출·전환 → E33C,16h 호출 → E33C; 복귀 주소 DAE4 / D88 raw 0x07755~0x07757
933,E33C~E340,0F 02 41 03 17,서브스트림 실행 / 기존 확인 0Fh 계열 / 제어토큰,인자 02 41 03 17
934,E341~E343,16 9C E3,서브스트림 실행 / 기존 확인 16h 계열 / 서브스트림 호출·전환 → E39C,16h 중첩 호출 → E39C; 복귀 주소 E344
935,E39C~E39E,1E 3C 08,서브스트림 실행 / 기존 확인 1Eh 계열 / 간접 CALL,호출 대상 083C
936,E39F~E3A4,05 16 86 3A 9E 00,서브스트림 실행 / 기존 확인 05h 계열 / 영역·좌표 상태 설정·전개,인자 16 86 3A 9E 00
937,E3A5~E3A9,0E 16 20 24 80,서브스트림 실행 / 기존 확인 0Eh 계열 / 화면·버퍼 초기화·전개,인자 16 20 24 80
938,E3AA,17,서브스트림 실행 / 기존 확인 17h 계열 / 서브스트림 복귀,17h 복귀 → E344
939,E344~E347,14 00 16 22,서브스트림 실행 / 기존 확인 14h 계열 / 버퍼·영역 처리,인자 00 16 22
940,E348~E349,25 2B,서브스트림 실행 / 기존 확인 25h 계열 / CA1D 입 움직임 효과음 인덱스 설정,CA1D=2B
941,E34A,17,서브스트림 실행 / 기존 확인 17h 계열 / 서브스트림 복귀,17h 복귀 → DAE4
942,DAD8~DAD9,01 09,기존 확인 01h 계열 / 하위 제어 래퍼,하위코드 09 / D88 raw 0x07758~0x07759
943,DADA~DADB,81 49,패치 슬롯 0673 | 문장부호 | ！,번역 13-001/002 · ！ / 토큰 81 49 / PC-88 전각 느낌표 토큰 / D88 raw 0x0775A~0x0775B
944,DADC~DADD,81 49,패치 슬롯 0674 | 문장부호 | ！,번역 13-002/002 · ！ / 토큰 81 49 / PC-88 전각 느낌표 토큰 / D88 raw 0x0775C~0x0775D
945,DADE~DAE0,13 1B E4,기존 확인 13h 계열 제어토큰,인자 1B E4 / D88 raw 0x0775E~0x07760
946,DAE1,12,기존 확인 12h 계열 / 1바이트 상태 제어,기존 확인 12h 제어토큰 / D88 raw 0x07761
947,DAE2~DAE4,13 1B E4,기존 확인 13h 계열 제어토큰,인자 1B E4 / D88 raw 0x07762~0x07764
948,DAE5~DAE7,16 4B E3,기존 확인 16h 계열 / 서브스트림 호출·전환 → E34B,16h 호출 → E34B; 복귀 주소 DAF4 / D88 raw 0x07765~0x07767
949,E34B~E34F,0F 05 45 03 14,서브스트림 실행 / 기존 확인 0Fh 계열 / 제어토큰,인자 05 45 03 14
950,E350~E352,1E 3C 08,서브스트림 실행 / 기존 확인 1Eh 계열 / 간접 CALL,호출 대상 083C
951,E353~E358,05 12 93 3E AB 00,서브스트림 실행 / 기존 확인 05h 계열 / 영역·좌표 상태 설정·전개,인자 12 93 3E AB 00
952,E359~E35D,0E 12 10 2C A0,서브스트림 실행 / 기존 확인 0Eh 계열 / 화면·버퍼 초기화·전개,인자 12 10 2C A0
953,E35E~E361,14 05 12 16,서브스트림 실행 / 기존 확인 14h 계열 / 버퍼·영역 처리,인자 05 12 16
954,E362~E364,13 6B E4,서브스트림 실행 / 기존 확인 13h 계열 / 제어토큰,인자 6B E4
955,E365~E367,1E 84 CC,서브스트림 실행 / 기존 확인 1Eh 계열 / 간접 CALL,호출 대상 CC84
956,E368~E369,25 2D,서브스트림 실행 / 기존 확인 25h 계열 / CA1D 입 움직임 효과음 인덱스 설정,CA1D=2D
957,E36A,17,서브스트림 실행 / 기존 확인 17h 계열 / 서브스트림 복귀,17h 복귀 → DAF4
958,DAE8~DAE9,23 0A,ACT 3 신규 확인 23h 계열 / 1바이트 제어 번호 설정,핸들러 C274; 뒤의 0A를 읽어 HL을 DAF6으로 증가시키고 C273=0A 저장; 2바이트 토큰 / D88 raw 0x07768~0x07769
959,DAEA~DAEB,82 D3,패치 슬롯 0675 | 한글 문자 | 내,번역 14-001/180 · 내 / 토큰 82 D3 / KANJI 2950 / 가나다순 57 / 원본 89 E4 → 패치 82 D3 / D88 raw 0x0776A~0x0776B
960,DAEC,5A,ACT 3 신규 확인 5Ah 계열 / C273 기반 제어 실행,핸들러 C267; 1바이트·추가 파라미터 없음; HL 보존; C273=0A를 CC00에 전달해 0Ah 처리 루틴 CCC0 호출; 다음 본류 DAF9 / D88 raw 0x0776C
961,DAED~DAEE,81 40,패치 슬롯 0676 | 전각 공백 | ␠,번역 14-002/180 · ␠ / 토큰 81 40 / PC-88 전각 공백 토큰 / 원본 82 AA → 패치 81 40 / D88 raw 0x0776D~0x0776E
962,DAEF~DAF0,89 8D,패치 슬롯 0677 | 한글 문자 | 이,번역 14-003/180 · 이 / 토큰 89 8D / KANJI E2D0 / 가나다순 268 / 원본 96 BC → 패치 89 8D / D88 raw 0x0776F~0x07770
963,DAF1~DAF2,88 CB,패치 슬롯 0678 | 한글 문자 | 름,번역 14-004/180 · 름 / 토큰 88 CB / KANJI A0D0 / 가나다순 136 / 원본 82 CD → 패치 88 CB / D88 raw 0x07771~0x07772
964,DAF3~DAF4,89 89,패치 슬롯 0679 | 한글 문자 | 은,번역 14-005/180 · 은 / 토큰 89 89 / KANJI E290 / 가나다순 264 / 원본 8E 63 → 패치 89 89 / D88 raw 0x07773~0x07774
965,DAF5~DAF6,81 40,패치 슬롯 0680 | 전각 공백 | ␠,번역 14-006/180 · ␠ / 토큰 81 40 / PC-88 전각 공백 토큰 / 원본 94 45 → 패치 81 40 / D88 raw 0x07775~0x07776
966,DAF7~DAF8,89 95,패치 슬롯 0681 | 한글 문자 | 잔,번역 14-007/180 · 잔 / 토큰 89 95 / KANJI E350 / 가나다순 279 / 원본 89 A4 → 패치 89 95 / D88 raw 0x07777~0x07778
967,DAF9~DAFA,89 8E,패치 슬롯 0682 | 한글 문자 | 인,번역 14-008/180 · 인 / 토큰 89 8E / KANJI E2E0 / 가나다순 270 / 원본 83 81 → 패치 89 8E / D88 raw 0x07779~0x0777A
968,DAFB~DAFC,89 7C,패치 슬롯 0683 | 한글 문자 | 왕,번역 14-009/180 · 왕 / 토큰 89 7C / KANJI A3D0 / 가나다순 252 / 원본 83 4B → 패치 89 7C / D88 raw 0x0777B~0x0777C
969,DAFD~DAFE,81 40,패치 슬롯 0684 | 전각 공백 | ␠,번역 14-010/180 · ␠ / 토큰 81 40 / PC-88 전각 공백 토큰 / 원본 83 58 → 패치 81 40 / D88 raw 0x0777D~0x0777E
970,DAFF~DB00,88 DA,패치 슬롯 0685 | 한글 문자 | 메,번역 14-011/180 · 메 / 토큰 88 DA / KANJI A1C0 / 가나다순 152 / 원본 81 42 → 패치 88 DA / D88 raw 0x0777F~0x07780
971,DB01~DB02,82 9F,패치 슬롯 0686 | 한글 문자 | 가,번역 14-012/180 · 가 / 토큰 82 9F / KANJI 1810 / 가나다순 1 / D88 raw 0x07781~0x07782
972,DB03~DB04,89 56,패치 슬롯 0687 | 한글 문자 | 스,번역 14-013/180 · 스 / 토큰 89 56 / KANJI 6370 / 가나다순 211 / D88 raw 0x07783~0x07784
973,DB05~DB06,81 42,패치 슬롯 0688 | 문장부호 | 。,번역 14-014/180 · 。 / 토큰 81 42 / PC-88 전각 마침표 토큰 / D88 raw 0x07785~0x07786
974,DB07~DB08,88 E9,패치 슬롯 0689 | 한글 문자 | 바,번역 14-015/180 · 바 / 토큰 88 E9 / KANJI E0B0 / 가나다순 168 / 원본 97 44 → 패치 88 E9 / D88 raw 0x07787~0x07788
975,DB09~DB0A,88 CC,패치 슬롯 0690 | 한글 문자 | 리,번역 14-016/180 · 리 / 토큰 88 CC / KANJI A0E0 / 가나다순 137 / 원본 8E 71 → 패치 88 CC / D88 raw 0x07789~0x0778A
976,DB0B~DB0C,89 56,패치 슬롯 0691 | 한글 문자 | 스,번역 14-017/180 · 스 / 토큰 89 56 / KANJI 6370 / 가나다순 211 / 원본 81 41 → 패치 89 56 / D88 raw 0x0778B~0x0778C
977,DB0D~DB0E,89 8C,패치 슬롯 0692 | 한글 문자 | 의,번역 14-018/180 · 의 / 토큰 89 8C / KANJI E2C0 / 가나다순 267 / 원본 83 94 → 패치 89 8C / D88 raw 0x0778D~0x0778E
978,DB0F~DB10,81 40,패치 슬롯 0693 | 전각 공백 | ␠,번역 14-019/180 · ␠ / 토큰 81 40 / PC-88 전각 공백 토큰 / 원본 83 40 → 패치 81 40 / D88 raw 0x0778F~0x07790
979,DB11~DB12,89 9D,패치 슬롯 0694 | 한글 문자 | 전,번역 14-020/180 · 전 / 토큰 89 9D / KANJI E3D0 / 가나다순 287 / 원본 83 8A → 패치 89 9D / D88 raw 0x07791~0x07792
980,DB13~DB14,89 43,패치 슬롯 0695 | 한글 문자 | 사,번역 14-021/180 · 사 / 토큰 89 43 / KANJI 6240 / 가나다순 191 / 원본 83 58 → 패치 89 43 / D88 raw 0x07793~0x07794
981,DB15~DB16,81 40,패치 슬롯 0696 | 전각 공백 | ␠,번역 14-022/180 · ␠ / 토큰 81 40 / PC-88 전각 공백 토큰 / 원본 82 CC → 패치 81 40 / D88 raw 0x07795~0x07796
982,DB17~DB18,89 86,패치 슬롯 0697 | 한글 문자 | 유,번역 14-023/180 · 유 / 토큰 89 86 / KANJI E260 / 가나다순 261 / 원본 90 ED → 패치 89 86 / D88 raw 0x07797~0x07798
983,DB19~DB1A,89 C5,패치 슬롯 0698 | 한글 문자 | 코,번역 14-024/180 · 코 / 토큰 89 C5 / KANJI A470 / 가나다순 331 / 원본 8E 6D → 패치 89 C5 / D88 raw 0x07799~0x0779A
984,DB1B~DB1C,89 72,패치 슬롯 0699 | 한글 문자 | 여,번역 14-025/180 · 여 / 토큰 89 72 / KANJI A330 / 가나다순 241 / 원본 82 E6 → 패치 89 72 / D88 raw 0x0779B~0x0779C
985,DB1D~DB1E,81 41,패치 슬롯 0701 | 문장부호 | 、,번역 14-026/179 · 、 / 토큰 81 41 / PC-88 전각 쉼표 토큰 / 원본 81 42 → 패치 81 41 / D88 raw 0x0779D~0x0779E
986,DB1F~DB20,89 73,패치 슬롯 0701 | 한글 문자 | 연,번역 14-027/180 · 연 / 토큰 89 73 / KANJI A340 / 가나다순 242 / 원본 96 B3 → 패치 89 73 / D88 raw 0x0779F~0x077A0
987,DB21~DB22,8A 72,패치 슬롯 0702 | 한글 문자 | 약,번역 14-028/180 · 약 / 토큰 8A 72 / KANJI A730 / 가나다순 416 / 원본 97 CD → 패치 8A 72 / D88 raw 0x077A1~0x077A2
988,DB23~DB24,89 E4,패치 슬롯 0703 | 한글 문자 | 한,번역 14-029/180 · 한 / 토큰 89 E4 / KANJI E460 / 가나다순 364 / 원본 82 C8 → 패치 89 E4 / D88 raw 0x077A3~0x077A4
989,DB25~DB26,81 40,패치 슬롯 0704 | 전각 공백 | ␠,번역 14-030/180 · ␠ / 토큰 81 40 / PC-88 전각 공백 토큰 / 원본 89 B3 → 패치 81 40 / D88 raw 0x077A5~0x077A6
990,DB27~DB28,82 B0,패치 슬롯 0705 | 한글 문자 | 계,번역 14-031/180 · 계 / 토큰 82 B0 / KANJI 1920 / 가나다순 20 / 원본 8F 97 → 패치 82 B0 / D88 raw 0x077A7~0x077A8
991,DB29~DB2A,89 B5,패치 슬롯 0706 | 한글 문자 | 집,번역 14-032/180 · 집 / 토큰 89 B5 / KANJI 6570 / 가나다순 313 / 원본 82 CC → 패치 89 B5 / D88 raw 0x077A9~0x077AA
992,DB2B~DB2C,89 8C,패치 슬롯 0707 | 한글 문자 | 의,번역 14-033/180 · 의 / 토큰 89 8C / KANJI E2C0 / 가나다순 267 / 원본 82 A0 → 패치 89 8C / D88 raw 0x077AB~0x077AC
993,DB2D~DB2E,81 40,패치 슬롯 0708 | 전각 공백 | ␠,번역 14-034/180 · ␠ / 토큰 81 40 / PC-88 전각 공백 토큰 / 원본 82 E7 → 패치 81 40 / D88 raw 0x077AD~0x077AE
994,DB2F~DB30,8A 6D,패치 슬롯 0709 | 한글 문자 | 몸,번역 14-035/180 · 몸 / 토큰 8A 6D / KANJI A6E0 / 가나다순 411 / 원본 82 AA → 패치 8A 6D / D88 raw 0x077AF~0x077B0
995,DB31~DB32,88 FA,패치 슬롯 0710 | 한글 문자 | 부,번역 14-036/180 · 부 / 토큰 88 FA / KANJI E1C0 / 가나다순 185 / 원본 82 A2 → 패치 88 FA / D88 raw 0x077B1~0x077B2
996,DB33~DB34,88 CF,패치 슬롯 0711 | 한글 문자 | 림,번역 14-037/180 · 림 / 토큰 88 CF / KANJI A110 / 가나다순 140 / 원본 82 D9 → 패치 88 CF / D88 raw 0x077B3~0x077B4
997,DB35~DB36,88 D2,패치 슬롯 0712 | 한글 문자 | 만,번역 14-038/180 · 만 / 토큰 88 D2 / KANJI A140 / 가나다순 144 / 원본 82 C7 → 패치 88 D2 / D88 raw 0x077B5~0x077B6
998,DB37~DB38,8A 7E,패치 슬롯 0713 | 한글 문자 | 큼,번역 14-039/180 · 큼 / 토큰 8A 7E / KANJI A7F0 / 가나다순 428 / 원본 81 41 → 패치 8A 7E / D88 raw 0x077B7~0x077B8
999,DB39~DB3A,81 40,패치 슬롯 0714 | 전각 공백 | ␠,번역 14-040/180 · ␠ / 토큰 81 40 / PC-88 전각 공백 토큰 / 원본 82 B1 → 패치 81 40 / D88 raw 0x077B9~0x077BA
1000,DB3B~DB3C,82 CE,패치 슬롯 0715 | 한글 문자 | 나,번역 14-041/180 · 나 / 토큰 82 CE / KANJI 2900 / 가나다순 52 / 원본 82 CC → 패치 82 CE / D88 raw 0x077BB~0x077BC
1001,DB3D,5A,ACT 3 신규 확인 5Ah 계열 / C273 기반 제어 실행,965번 런타임 분석으로 확인된 5Ah 동작 적용; 1바이트·추가 파라미터 없음; C273=0A를 CC00에 전달해 0Ah 처리 루틴 CCC0 호출 / D88 raw 0x077BD
1002,DB3E~DB3F,88 CA,패치 슬롯 0716 | 한글 문자 | 를,번역 14-042/180 · 를 / 토큰 88 CA / KANJI A0C0 / 가나다순 135 / 원본 82 F0 → 패치 88 CA / D88 raw 0x077BE~0x077BF
1003,DB40~DB41,81 40,패치 슬롯 0717 | 전각 공백 | ␠,번역 14-043/180 · ␠ / 토큰 81 40 / PC-88 전각 공백 토큰 / 원본 97 7E → 패치 81 40 / D88 raw 0x077C0~0x077C1
1004,DB42~DB43,89 93,패치 슬롯 0718 | 한글 문자 | 자,번역 14-044/180 · 자 / 토큰 89 93 / KANJI E330 / 가나다순 277 / 원본 8F EE → 패치 89 93 / D88 raw 0x077C2~0x077C3
1005,DB44~DB45,82 BE,패치 슬롯 0719 | 한글 문자 | 극,번역 14-045/180 · 극 / 토큰 82 BE / KANJI 2800 / 가나다순 35 / 원본 82 B3 → 패치 82 BE / D88 raw 0x077C4~0x077C5
1006,DB46~DB47,89 E2,패치 슬롯 0720 | 한글 문자 | 하,번역 14-046/180 · 하 / 토큰 89 E2 / KANJI E440 / 가나다순 362 / 원본 82 B9 → 패치 89 E2 / D88 raw 0x077C6~0x077C7
1007,DB48~DB49,82 E3,패치 슬롯 0721 | 한글 문자 | 는,번역 14-047/180 · 는 / 토큰 82 E3 / KANJI 3850 / 가나다순 74 / 원본 82 E9 → 패치 82 E3 / D88 raw 0x077C8~0x077C9
1008,DB4A~DB4B,81 40,패치 슬롯 0722 | 전각 공백 | ␠,번역 14-048/180 · ␠ / 토큰 81 40 / PC-88 전각 공백 토큰 / 원본 82 E0 → 패치 81 40 / D88 raw 0x077CA~0x077CB
1009,DB4C~DB4D,82 AA,패치 슬롯 0723 | 한글 문자 | 것,번역 14-049/180 · 것 / 토큰 82 AA / KANJI 18C0 / 가나다순 12 / 원본 82 CC → 패치 82 AA / D88 raw 0x077CC~0x077CD
1010,DB4E~DB4F,82 F1,패치 슬롯 0724 | 한글 문자 | 도,번역 14-050/180 · 도 / 토큰 82 F1 / KANJI 3930 / 가나다순 89 / 원본 82 CD → 패치 82 F1 / D88 raw 0x077CE~0x077CF
1011,DB50~DB51,81 40,패치 슬롯 0725 | 전각 공백 | ␠,번역 14-051/180 · ␠ / 토큰 81 40 / PC-88 전각 공백 토큰 / 원본 82 C8 → 패치 81 40 / D88 raw 0x077D0~0x077D1
1012,DB52~DB53,89 6E,패치 슬롯 0726 | 한글 문자 | 없,번역 14-052/180 · 없 / 토큰 89 6E / KANJI A2F0 / 가나다순 237 / 원본 82 A2 → 패치 89 6E / D88 raw 0x077D2~0x077D3
1013,DB54~DB55,89 B3,패치 슬롯 0727 | 한글 문자 | 지,번역 14-053/180 · 지 / 토큰 89 B3 / KANJI 6550 / 가나다순 309 / 원본 81 42 → 패치 89 B3 / D88 raw 0x077D4~0x077D5
1014,DB56~DB57,88 D2,패치 슬롯 0728 | 한글 문자 | 만,번역 14-054/180 · 만 / 토큰 88 D2 / KANJI A140 / 가나다순 144 / 원본 82 BE → 패치 88 D2 / D88 raw 0x077D6~0x077D7
1015,DB58~DB59,81 41,패치 슬롯 0729 | 문장부호 | 、,번역 14-055/180 · 、 / 토큰 81 41 / PC-88 전각 쉼표 토큰 / 원본 82 AA → 패치 81 41 / D88 raw 0x077D8~0x077D9
1016,DB5A~DB5B,88 C5,패치 슬롯 0731 | 한글 문자 | 로,번역 14-056/179 · 로 / 토큰 88 C5 / KANJI A070 / 가나다순 130 / 원본 81 41 → 패치 88 C5 / D88 raw 0x077DA~0x077DB
1017,DB5C~DB5D,82 BD,패치 슬롯 0732 | 한글 문자 | 그,번역 14-057/179 · 그 / 토큰 82 BD / KANJI 19F0 / 가나다순 34 / 원본 83 8D → 패치 82 BD / D88 raw 0x077DC~0x077DD
1018,DB5E~DB5F,88 C0,패치 슬롯 0733 | 한글 문자 | 레,번역 14-058/179 · 레 / 토큰 88 C0 / KANJI A020 / 가나다순 125 / 원본 83 4F → 패치 88 C0 / D88 raw 0x077DE~0x077DF
1019,DB60~DB61,89 56,패치 슬롯 0734 | 한글 문자 | 스,번역 14-059/179 · 스 / 토큰 89 56 / KANJI 6370 / 가나다순 211 / D88 raw 0x077E0~0x077E1
1020,DB62~DB63,81 40,패치 슬롯 0735 | 전각 공백 | ␠,번역 14-060/179 · ␠ / 토큰 81 40 / PC-88 전각 공백 토큰 / 원본 83 8C → 패치 81 40 / D88 raw 0x077E2~0x077E3
1021,DB64~DB65,89 95,패치 슬롯 0736 | 한글 문자 | 잔,번역 14-061/179 · 잔 / 토큰 89 95 / KANJI E350 / 가나다순 279 / 원본 83 58 → 패치 89 95 / D88 raw 0x077E4~0x077E5
1022,DB66~DB67,82 EB,패치 슬롯 0737 | 한글 문자 | 당,번역 14-062/179 · 당 / 토큰 82 EB / KANJI 38D0 / 가나다순 83 / 원본 82 CC → 패치 82 EB / D88 raw 0x077E6~0x077E7
1023,DB68~DB69,81 40,패치 슬롯 0738 | 전각 공백 | ␠,번역 14-063/179 · ␠ / 토큰 81 40 / PC-88 전각 공백 토큰 / 원본 8E 63 → 패치 81 40 / D88 raw 0x077E8~0x077E9
1024,DB6A~DB6B,82 DD,패치 슬롯 0739 | 한글 문자 | 놈,번역 14-064/179 · 놈 / 토큰 82 DD / KANJI 29F0 / 가나다순 68 / 원본 93 7D → 패치 82 DD / D88 raw 0x077EA~0x077EB
1025,DB6C~DB6D,88 AA,패치 슬롯 0740 | 한글 문자 | 들,번역 14-065/179 · 들 / 토큰 88 AA / KANJI 60C0 / 가나다순 102 / 원본 82 AA → 패치 88 AA / D88 raw 0x077EC~0x077ED
1026,DB6E~DB6F,89 8D,패치 슬롯 0741 | 한글 문자 | 이,번역 14-066/179 · 이 / 토큰 89 8D / KANJI E2D0 / 가나다순 268 / 원본 82 D0 → 패치 89 8D / D88 raw 0x077EE~0x077EF
1027,DB70~DB71,82 D1,패치 슬롯 0743 | 한글 문자 | 남,번역 14-068/181 · 남 / 토큰 82 D1 / KANJI 2930 / 가나다순 55 / 원본 82 E8 → 패치 82 D1 / D88 raw 0x077F0~0x077F1
1028,DB72~DB73,8A 62,패치 슬롯 0744 | 한글 문자 | 김,번역 14-069/181 · 김 / 토큰 8A 62 / KANJI A630 / 가나다순 400 / 원본 8E 63 → 패치 8A 62 / D88 raw 0x077F2~0x077F3
1029,DB74~DB75,89 6E,패치 슬롯 0745 | 한글 문자 | 없,번역 14-070/181 · 없 / 토큰 89 6E / KANJI A2F0 / 가나다순 237 / 원본 82 E7 → 패치 89 6E / D88 raw 0x077F4~0x077F5
1030,DB76~DB77,89 8D,패치 슬롯 0746 | 한글 문자 | 이,번역 14-071/181 · 이 / 토큰 89 8D / KANJI E2D0 / 가나다순 268 / 원본 82 B8 → 패치 89 8D / D88 raw 0x077F6~0x077F7
1031,DB78~DB79,81 40,패치 슬롯 0747 | 전각 공백 | ␠,번역 14-072/181 · ␠ / 토큰 81 40 / PC-88 전각 공백 토큰 / 원본 8E 80 → 패치 81 40 / D88 raw 0x077F8~0x077F9
1032,DB7A~DB7B,89 9D,패치 슬롯 0748 | 한글 문자 | 전,번역 14-073/181 · 전 / 토큰 89 9D / KANJI E3D0 / 가나다순 287 / 원본 82 C9 → 패치 89 9D / D88 raw 0x077FA~0x077FB
1033,DB7C~DB7D,88 DD,패치 슬롯 0749 | 한글 문자 | 멸,번역 14-074/181 · 멸 / 토큰 88 DD / KANJI A1F0 / 가나다순 155 / 원본 90 E2 → 패치 88 DD / D88 raw 0x077FC~0x077FD
1034,DB7E~DB7F,89 E4,패치 슬롯 0750 | 한글 문자 | 한,번역 14-075/181 · 한 / 토큰 89 E4 / KANJI E460 / 가나다순 364 / 원본 82 A6 → 패치 89 E4 / D88 raw 0x077FE~0x077FF
1035,DB80~DB81,81 40,패치 슬롯 0751 | 전각 공백 | ␠,번역 14-076/181 · ␠ / 토큰 81 40 / PC-88 전각 공백 토큰 / 원본 82 BD → 패치 81 40 / D88 raw 0x07800~0x07801
1036,DB82~DB83,89 8D,패치 슬롯 0752 | 한글 문자 | 이,번역 14-077/181 · 이 / 토큰 89 8D / KANJI E2D0 / 가나다순 268 / 원본 8D A1 → 패치 89 8D / D88 raw 0x07802~0x07803
1037,DB84~DB85,89 47,패치 슬롯 0753 | 한글 문자 | 상,번역 14-078/181 · 상 / 토큰 89 47 / KANJI 6280 / 가나다순 195 / 원본 81 41 → 패치 89 47 / D88 raw 0x07804~0x07805
1038,DB86,5A,ACT 3 신규 확인 5Ah 계열 / C273 기반 제어 실행,965번 런타임 분석으로 확인된 5Ah 동작 적용; 1바이트·추가 파라미터 없음; C273=0A를 CC00에 전달해 0Ah 처리 루틴 CCC0 호출 / D88 raw 0x07806
1039,DB87~DB88,81 41,패치 슬롯 0754 | 문장부호 | 、,번역 14-079/181 · 、 / 토큰 81 41 / PC-88 전각 쉼표 토큰 / 원본 97 56 → 패치 81 41 / D88 raw 0x07807~0x07808
1040,DB89~DB8A,89 86,패치 슬롯 0755 | 한글 문자 | 유,번역 14-080/181 · 유 / 토큰 89 86 / KANJI E260 / 가나다순 261 / 원본 82 D1 → 패치 89 86 / D88 raw 0x07809~0x0780A
1041,DB8B~DB8C,89 F6,패치 슬롯 0756 | 한글 문자 | 희,번역 14-081/181 · 희 / 토큰 89 F6 / KANJI E580 / 가나다순 386 / 원본 82 E0 → 패치 89 F6 / D88 raw 0x0780B~0x0780C
1042,DB8D~DB8E,82 F1,패치 슬롯 0757 | 한글 문자 | 도,번역 14-082/181 · 도 / 토큰 82 F1 / KANJI 3930 / 가나다순 89 / 원본 8F 49 → 패치 82 F1 / D88 raw 0x0780D~0x0780E
1043,DB8F~DB90,81 40,패치 슬롯 0758 | 전각 공백 | ␠,번역 14-083/181 · ␠ / 토큰 81 40 / PC-88 전각 공백 토큰 / 원본 82 E8 → 패치 81 40 / D88 raw 0x0780F~0x07810
1044,DB91~DB92,89 72,패치 슬롯 0759 | 한글 문자 | 여,번역 14-084/181 · 여 / 토큰 89 72 / KANJI A330 / 가나다순 241 / 원본 82 BE → 패치 89 72 / D88 raw 0x07811~0x07812
1045,DB93~DB94,82 C1,패치 슬롯 0760 | 한글 문자 | 기,번역 14-085/181 · 기 / 토큰 82 C1 / KANJI 2830 / 가나다순 39 / 원본 81 42 → 패치 82 C1 / D88 raw 0x07813~0x07814
1046,DB95~DB96,82 C4,패치 슬롯 0761 | 한글 문자 | 까,번역 14-086/181 · 까 / 토큰 82 C4 / KANJI 2860 / 가나다순 42 / D88 raw 0x07815~0x07816
1047,DB97~DB98,89 B3,패치 슬롯 0762 | 한글 문자 | 지,번역 14-087/181 · 지 / 토큰 89 B3 / KANJI 6550 / 가나다순 309 / D88 raw 0x07817~0x07818
1048,DB99~DB9A,82 E7,패치 슬롯 0763 | 한글 문자 | 다,번역 14-088/181 · 다 / 토큰 82 E7 / KANJI 3890 / 가나다순 78 / D88 raw 0x07819~0x0781A
1049,DB9B~DB9C,81 42,패치 슬롯 0764 | 문장부호 | 。,번역 14-089/181 · 。 / 토큰 81 42 / PC-88 전각 마침표 토큰 / D88 raw 0x0781B~0x0781C
1050,DB9D~DB9E,82 D3,패치 슬롯 0765 | 한글 문자 | 내,번역 14-090/181 · 내 / 토큰 82 D3 / KANJI 2950 / 가나다순 57 / 원본 89 E4 → 패치 82 D3 / D88 raw 0x0781D~0x0781E
1051,DB9F~DBA0,81 40,패치 슬롯 0766 | 전각 공백 | ␠,번역 14-091/181 · ␠ / 토큰 81 40 / PC-88 전각 공백 토큰 / 원본 82 AA → 패치 81 40 / D88 raw 0x0781F~0x07820
1052,DBA1~DBA2,89 AB,패치 슬롯 0767 | 한글 문자 | 죽,번역 14-092/181 · 죽 / 토큰 89 AB / KANJI 64D0 / 가나다순 301 / 원본 8E 80 → 패치 89 AB / D88 raw 0x07821~0x07822
1053,DBA3~DBA4,89 8B,패치 슬롯 0768 | 한글 문자 | 음,번역 14-093/181 · 음 / 토큰 89 8B / KANJI E2B0 / 가나다순 266 / 원본 82 CC → 패치 89 8B / D88 raw 0x07823~0x07824
1054,DBA5~DBA6,89 8C,패치 슬롯 0769 | 한글 문자 | 의,번역 14-094/181 · 의 / 토큰 89 8C / KANJI E2C0 / 가나다순 267 / 원본 8C 52 → 패치 89 8C / D88 raw 0x07825~0x07826
1055,DBA7~DBA8,81 40,패치 슬롯 0770 | 전각 공백 | ␠,번역 14-095/181 · ␠ / 토큰 81 40 / PC-88 전각 공백 토큰 / 원본 92 63 → 패치 81 40 / D88 raw 0x07827~0x07828
1056,DBA9~DBAA,82 B9,패치 슬롯 0771 | 한글 문자 | 군,번역 14-096/181 · 군 / 토큰 82 B9 / KANJI 19B0 / 가나다순 30 / 원본 82 CC → 패치 82 B9 / D88 raw 0x07829~0x0782A
1057,DBAB~DBAC,82 E9,패치 슬롯 0771 | 한글 문자 | 단,번역 14-096/179 · 단 / 토큰 82 E9 / KANJI 38B0 / 가나다순 80 / 원본 90 F4 → 패치 82 E9 / D88 raw 0x0782B~0x0782C
1058,DBAD~DBAE,89 8C,패치 슬롯 0772 | 한글 문자 | 의,번역 14-097/179 · 의 / 토큰 89 8C / KANJI E2C0 / 가나다순 267 / 원본 97 E7 → 패치 89 8C / D88 raw 0x0782D~0x0782E
1059,DBAF,5A,ACT 3 신규 확인 5Ah 계열 / C273 기반 제어 실행,965번 런타임 분석으로 확인된 5Ah 동작 적용; 1바이트·추가 파라미터 없음; C273=0A를 CC00에 전달해 0Ah 처리 루틴 CCC0 호출 / D88 raw 0x0782F
1060,DBB0~DBB1,81 40,패치 슬롯 0774 | 전각 공백 | ␠,번역 14-099/181 · ␠ / 토큰 81 40 / PC-88 전각 공백 토큰 / 원본 82 F0 → 패치 81 40 / D88 raw 0x07830~0x07831
1061,DBB2~DBB3,89 4E,패치 슬롯 0775 | 한글 문자 | 세,번역 14-100/181 · 세 / 토큰 89 4E / KANJI 62F0 / 가나다순 202 / 원본 8E F3 → 패치 89 4E / D88 raw 0x07832~0x07833
1062,DBB4~DBB5,88 C4,패치 슬롯 0776 | 한글 문자 | 례,번역 14-101/181 · 례 / 토큰 88 C4 / KANJI A060 / 가나다순 129 / 원본 82 AF → 패치 88 C4 / D88 raw 0x07834~0x07835
1063,DBB6~DBB7,88 CA,패치 슬롯 0777 | 한글 문자 | 를,번역 14-102/181 · 를 / 토큰 88 CA / KANJI A0C0 / 가나다순 135 / 원본 82 E9 → 패치 88 CA / D88 raw 0x07836~0x07837
1064,DBB8~DBB9,81 40,패치 슬롯 0778 | 전각 공백 | ␠,번역 14-103/181 · ␠ / 토큰 81 40 / PC-88 전각 공백 토큰 / 원본 82 AA → 패치 81 40 / D88 raw 0x07838~0x07839
1065,DBBA~DBBB,88 EB,패치 슬롯 0779 | 한글 문자 | 받,번역 14-104/181 · 받 / 토큰 88 EB / KANJI E0D0 / 가나다순 170 / 원본 82 E6 → 패치 88 EB / D88 raw 0x0783A~0x0783B
1066,DBBC~DBBD,82 A6,패치 슬롯 0780 | 한글 문자 | 거,번역 14-105/181 · 거 / 토큰 82 A6 / KANJI 1880 / 가나다순 8 / 원본 82 A2 → 패치 82 A6 / D88 raw 0x0783C~0x0783D
1067,DBBE~DBBF,88 B6,패치 슬롯 0781 | 한글 문자 | 라,번역 14-106/181 · 라 / 토큰 88 B6 / KANJI 6180 / 가나다순 114 / 원본 81 42 → 패치 88 B6 / D88 raw 0x0783E~0x0783F
1068,DBC0~DBC1,81 42,패치 슬롯 0782 | 문장부호 | 。,번역 14-107/181 · 。 / 토큰 81 42 / PC-88 전각 마침표 토큰 / D88 raw 0x07840~0x07841
1069,DBC2,5A,ACT 3 신규 확인 5Ah 계열 / C273 기반 제어 실행,965번 런타임 분석으로 확인된 5Ah 동작 적용; 1바이트·추가 파라미터 없음; C273=0A를 CC00에 전달해 0Ah 처리 루틴 CCC0 호출 / D88 raw 0x07842
1070,DBC3~DBC4,89 F5,패치 슬롯 0783 | 한글 문자 | 후,번역 14-108/181 · 후 / 토큰 89 F5 / KANJI E570 / 가나다순 384 / 원본 83 74 → 패치 89 F5 / D88 raw 0x07843~0x07844
1071,DBC5~DBC6,89 F5,패치 슬롯 0784 | 한글 문자 | 후,번역 14-109/181 · 후 / 토큰 89 F5 / KANJI E570 / 가나다순 384 / 원본 83 74 → 패치 89 F5 / D88 raw 0x07845~0x07846
1072,DBC7~DBC8,89 F5,패치 슬롯 0785 | 한글 문자 | 후,번역 14-110/181 · 후 / 토큰 89 F5 / KANJI E570 / 가나다순 384 / 원본 83 74 → 패치 89 F5 / D88 raw 0x07847~0x07848
1073,DBC9~DBCA,81 45,패치 슬롯 0786 | 문장부호 | ・,번역 14-111/181 · ・ / 토큰 81 45 / PC-88 가운데점 토큰 / D88 raw 0x07849~0x0784A
1074,DBCB~DBCC,81 45,패치 슬롯 0787 | 문장부호 | ・,번역 14-112/181 · ・ / 토큰 81 45 / PC-88 가운데점 토큰 / D88 raw 0x0784B~0x0784C
1075,DBCD~DBCE,81 45,패치 슬롯 0788 | 문장부호 | ・,번역 14-113/181 · ・ / 토큰 81 45 / PC-88 가운데점 토큰 / D88 raw 0x0784D~0x0784E
1076,DBCF~DBD0,81 40,패치 슬롯 0789 | 전각 공백 | ␠,번역 14-114/181 · ␠ / 토큰 81 40 / PC-88 전각 공백 토큰 / 원본 81 42 → 패치 81 40 / D88 raw 0x0784F~0x07850
1077,DBD1,5A,ACT 3 신규 확인 5Ah 계열 / C273 기반 제어 실행,965번 런타임 분석으로 확인된 5Ah 동작 적용; 1바이트·추가 파라미터 없음; C273=0A를 CC00에 전달해 0Ah 처리 루틴 CCC0 호출 / D88 raw 0x07851
1078,DBD2~DBD3,89 5E,패치 슬롯 0790 | 한글 문자 | 싸,번역 14-115/181 · 싸 / 토큰 89 5E / KANJI 63F0 / 가나다순 221 / 원본 82 BE → 패치 89 5E / D88 raw 0x07852~0x07853
1079,DBD4~DBD5,89 81,패치 슬롯 0791 | 한글 문자 | 우,번역 14-116/181 · 우 / 토큰 89 81 / KANJI E210 / 가나다순 256 / 원본 82 AA → 패치 89 81 / D88 raw 0x07854~0x07855
1080,DBD6~DBD7,82 C1,패치 슬롯 0792 | 한글 문자 | 기,번역 14-117/181 · 기 / 토큰 82 C1 / KANJI 2830 / 가나다순 39 / 원본 81 41 → 패치 82 C1 / D88 raw 0x07856~0x07857
1081,DBD8~DBD9,81 40,패치 슬롯 0793 | 전각 공백 | ␠,번역 14-118/181 · ␠ / 토큰 81 40 / PC-88 전각 공백 토큰 / 원본 90 ED → 패치 81 40 / D88 raw 0x07858~0x07859
1082,DBDA~DBDB,89 9D,패치 슬롯 0794 | 한글 문자 | 전,번역 14-119/181 · 전 / 토큰 89 9D / KANJI E3D0 / 가나다순 287 / 원본 82 A2 → 패치 89 9D / D88 raw 0x0785A~0x0785B
1083,DBDC~DBDD,89 70,패치 슬롯 0795 | 한글 문자 | 에,번역 14-120/181 · 에 / 토큰 89 70 / KANJI A310 / 가나다순 239 / 원본 82 CC → 패치 89 70 / D88 raw 0x0785C~0x0785D
1084,DBDE~DBDF,81 40,패치 슬롯 0796 | 전각 공백 | ␠,번역 14-121/181 · ␠ / 토큰 81 40 / PC-88 전각 공백 토큰 / 원본 91 4F → 패치 81 40 / D88 raw 0x0785E~0x0785F
1085,DBE0~DBE1,89 9A,패치 슬롯 0797 | 한글 문자 | 재,번역 14-122/181 · 재 / 토큰 89 9A / KANJI E3A0 / 가나다순 284 / 원본 82 C9 → 패치 89 9A / D88 raw 0x07860~0x07861
1086,DBE2~DBE3,88 E7,패치 슬롯 0798 | 한글 문자 | 미,번역 14-123/181 · 미 / 토큰 88 E7 / KANJI E090 / 가나다순 166 / 원본 82 D0 → 패치 88 E7 / D88 raw 0x07862~0x07863
1087,DBE4,5A,ACT 3 신규 확인 5Ah 계열 / C273 기반 제어 실행,965번 런타임 분석으로 확인된 5Ah 동작 적용; 1바이트·추가 파라미터 없음; C273=0A를 CC00에 전달해 0Ah 처리 루틴 CCC0 호출 / D88 raw 0x07864
1088,DBE5~DBE6,89 92,패치 슬롯 0799 | 한글 문자 | 있,번역 14-124/181 · 있 / 토큰 89 92 / KANJI E320 / 가나다순 276 / D88 raw 0x07865~0x07866
1089,DBE7~DBE8,82 E3,패치 슬롯 0800 | 한글 문자 | 는,번역 14-125/181 · 는 / 토큰 82 E3 / KANJI 3850 / 가나다순 74 / 원본 82 B5 → 패치 82 E3 / D88 raw 0x07867~0x07868
1090,DBE9~DBEA,81 40,패치 슬롯 0801 | 전각 공백 | ␠,번역 14-126/181 · ␠ / 토큰 81 40 / PC-88 전각 공백 토큰 / 원본 82 EB → 패치 81 40 / D88 raw 0x07869~0x0786A
1091,DBEB~DBEC,89 43,패치 슬롯 0802 | 한글 문자 | 사,번역 14-127/181 · 사 / 토큰 89 43 / KANJI 6240 / 가나다순 191 / 원본 82 A2 → 패치 89 43 / D88 raw 0x0786B~0x0786C
1092,DBED~DBEE,89 5C,패치 슬롯 0803 | 한글 문자 | 실,번역 14-128/181 · 실 / 토큰 89 5C / KANJI 63D0 / 가나다순 217 / 원본 82 B1 → 패치 89 5C / D88 raw 0x0786D~0x0786E
1093,DBEF~DBF0,81 40,패치 슬롯 0804 | 전각 공백 | ␠,번역 14-129/181 · ␠ / 토큰 81 40 / PC-88 전각 공백 토큰 / 원본 82 C6 → 패치 81 40 / D88 raw 0x0786F~0x07870
1094,DBF1~DBF2,89 E2,패치 슬롯 0805 | 한글 문자 | 하,번역 14-130/181 · 하 / 토큰 89 E2 / KANJI E440 / 가나다순 362 / 원본 82 F0 → 패치 89 E2 / D88 raw 0x07871~0x07872
1095,DBF3~DBF4,82 CE,패치 슬롯 0806 | 한글 문자 | 나,번역 14-131/181 · 나 / 토큰 82 CE / KANJI 2900 / 가나다순 52 / 원본 8B B3 → 패치 82 CE / D88 raw 0x07873~0x07874
1096,DBF5~DBF6,88 CA,패치 슬롯 0807 | 한글 문자 | 를,번역 14-132/181 · 를 / 토큰 88 CA / KANJI A0C0 / 가나다순 135 / 원본 82 A6 → 패치 88 CA / D88 raw 0x07875~0x07876
1097,DBF7~DBF8,81 40,패치 슬롯 0808 | 전각 공백 | ␠,번역 14-133/181 · ␠ / 토큰 81 40 / PC-88 전각 공백 토큰 / 원본 82 C4 → 패치 81 40 / D88 raw 0x07877~0x07878
1098,DBF9~DBFA,82 9F,패치 슬롯 0809 | 한글 문자 | 가,번역 14-134/181 · 가 / 토큰 82 9F / KANJI 1810 / 가나다순 1 / 원본 82 E2 → 패치 82 9F / D88 raw 0x07879~0x0787A
1099,DBFB~DBFC,88 C9,패치 슬롯 0810 | 한글 문자 | 르,번역 14-135/181 · 르 / 토큰 88 C9 / KANJI A0B0 / 가나다순 134 / 원본 82 EB → 패치 88 C9 / D88 raw 0x0787B~0x0787C
1100,DBFD~DBFE,89 BC,패치 슬롯 0811 | 한글 문자 | 쳐,번역 14-136/181 · 쳐 / 토큰 89 BC / KANJI 65E0 / 가나다순 321 / 원본 82 A4 → 패치 89 BC / D88 raw 0x0787D~0x0787E
1101,DBFF~DC00,89 AD,패치 슬롯 0812 | 한글 문자 | 줄,번역 14-137/181 · 줄 / 토큰 89 AD / KANJI 64F0 / 가나다순 303 / 원본 81 42 → 패치 89 AD / D88 raw 0x0787F | 0x07890
1102,DC01~DC02,81 40,패치 슬롯 0813 | 전각 공백 | ␠,번역 14-138/181 · ␠ / 토큰 81 40 / PC-88 전각 공백 토큰 / 원본 95 B7 → 패치 81 40 / D88 raw 0x07891~0x07892
1103,DC03~DC04,8A 51,패치 슬롯 0814 | 한글 문자 | 테,번역 14-139/181 · 테 / 토큰 8A 51 / KANJI 6720 / 가나다순 345 / 원본 82 A2 → 패치 8A 51 / D88 raw 0x07893~0x07894
1104,DC05~DC06,82 E4,패치 슬롯 0815 | 한글 문자 | 니,번역 14-140/181 · 니 / 토큰 82 E4 / KANJI 3860 / 가나다순 75 / 원본 82 C4 → 패치 82 E4 / D88 raw 0x07895~0x07896
1105,DC07~DC08,81 41,패치 슬롯 0816 | 문장부호 | 、,번역 14-141/181 · 、 / 토큰 81 41 / PC-88 전각 쉼표 토큰 / 원본 8B C1 → 패치 81 41 / D88 raw 0x07897~0x07898
1106,DC09~DC0A,8A 67,패치 슬롯 0817 | 한글 문자 | 듣,번역 14-142/181 · 듣 / 토큰 8A 67 / KANJI A680 / 가나다순 405 / 원본 82 AD → 패치 8A 67 / D88 raw 0x07899~0x0789A
1107,DC0B~DC0C,82 B1,패치 슬롯 0818 | 한글 문자 | 고,번역 14-143/181 · 고 / 토큰 82 B1 / KANJI 1930 / 가나다순 21 / 원본 82 C8 → 패치 82 B1 / D88 raw 0x0789B~0x0789C
1108,DC0D,5A,ACT 3 신규 확인 5Ah 계열 / C273 기반 제어 실행,965번 런타임 분석으로 확인된 5Ah 동작 적용; 1바이트·추가 파라미터 없음; C273=0A를 CC00에 전달해 0Ah 처리 루틴 CCC0 호출 / D88 raw 0x0789D
1109,DC0E~DC0F,81 40,패치 슬롯 0819 | 전각 공백 | ␠,번역 14-144/181 · ␠ / 토큰 81 40 / PC-88 전각 공백 토큰 / 원본 81 41 → 패치 81 40 / D88 raw 0x0789E~0x0789F
1110,DC10~DC11,8A 64,패치 슬롯 0820 | 한글 문자 | 놀,번역 14-145/181 · 놀 / 토큰 8A 64 / KANJI A650 / 가나다순 402 / D88 raw 0x078A0~0x078A1
1111,DC12~DC13,88 B6,패치 슬롯 0821 | 한글 문자 | 라,번역 14-146/181 · 라 / 토큰 88 B6 / KANJI 6180 / 가나다순 114 / D88 raw 0x078A2~0x078A3
1112,DC14~DC15,89 B3,패치 슬롯 0822 | 한글 문자 | 지,번역 14-147/181 · 지 / 토큰 89 B3 / KANJI 6550 / 가나다순 309 / D88 raw 0x078A4~0x078A5
1113,DC16~DC17,81 40,패치 슬롯 0823 | 전각 공백 | ␠,번역 14-148/181 · ␠ / 토큰 81 40 / PC-88 전각 공백 토큰 / D88 raw 0x078A6~0x078A7
1114,DC18~DC19,88 D1,패치 슬롯 0824 | 한글 문자 | 마,번역 14-149/181 · 마 / 토큰 88 D1 / KANJI A130 / 가나다순 142 / D88 raw 0x078A8~0x078A9
1115,DC1A~DC1B,88 B6,패치 슬롯 0825 | 한글 문자 | 라,번역 14-150/181 · 라 / 토큰 88 B6 / KANJI 6180 / 가나다순 114 / D88 raw 0x078AA~0x078AB
1116,DC1C~DC1D,81 42,패치 슬롯 0826 | 문장부호 | 。,번역 14-151/181 · 。 / 토큰 81 42 / PC-88 전각 마침표 토큰 / D88 raw 0x078AC~0x078AD
1117,DC1E~DC1F,88 E9,패치 슬롯 0827 | 한글 문자 | 바,번역 14-152/181 · 바 / 토큰 88 E9 / KANJI E0B0 / 가나다순 168 / 원본 83 94 → 패치 88 E9 / D88 raw 0x078AE~0x078AF
1118,DC20~DC21,88 CC,패치 슬롯 0828 | 한글 문자 | 리,번역 14-153/181 · 리 / 토큰 88 CC / KANJI A0E0 / 가나다순 137 / 원본 83 40 → 패치 88 CC / D88 raw 0x078B0~0x078B1
1119,DC22~DC23,89 60,패치 슬롯 0829 | 한글 문자 | 아,번역 14-154/181 · 아 / 토큰 89 60 / KANJI A210 / 가나다순 223 / 원본 83 8A → 패치 89 60 / D88 raw 0x078B2~0x078B3
1120,DC24~DC25,82 E3,패치 슬롯 0830 | 한글 문자 | 는,번역 14-155/181 · 는 / 토큰 82 E3 / KANJI 3850 / 가나다순 74 / 원본 83 41 → 패치 82 E3 / D88 raw 0x078B4~0x078B5
1121,DC26~DC27,89 8D,패치 슬롯 0830 | 한글 문자 | 이,번역 14-155/179 · 이 / 토큰 89 8D / KANJI E2D0 / 가나다순 268 / 원본 82 E0 → 패치 89 8D / D88 raw 0x078B6~0x078B7
1122,DC28~DC29,89 A1,패치 슬롯 0831 | 한글 문자 | 제,번역 14-156/179 · 제 / 토큰 89 A1 / KANJI 6430 / 가나다순 291 / 원본 82 A4 → 패치 89 A1 / D88 raw 0x078B8~0x078B9
1123,DC2A~DC2B,81 40,패치 슬롯 0832 | 전각 공백 | ␠,번역 14-157/179 · ␠ / 토큰 81 40 / PC-88 전각 공백 토큰 / 원본 82 A8 → 패치 81 40 / D88 raw 0x078BA~0x078BB
1124,DC2C~DC2D,82 D7,패치 슬롯 0833 | 한글 문자 | 널,번역 14-158/179 · 널 / 토큰 82 D7 / KANJI 2990 / 가나다순 61 / 원본 82 DC → 패치 82 D7 / D88 raw 0x078BC~0x078BD
1125,DC2E~DC2F,81 40,패치 슬롯 0834 | 전각 공백 | ␠,번역 14-159/179 · ␠ / 토큰 81 40 / PC-88 전각 공백 토큰 / 원본 82 A6 → 패치 81 40 / D88 raw 0x078BE~0x078BF
1126,DC30~DC31,8A 66,패치 슬롯 0835 | 한글 문자 | 돕,번역 14-160/179 · 돕 / 토큰 8A 66 / KANJI A670 / 가나다순 404 / 원본 82 F0 → 패치 8A 66 / D88 raw 0x078C0~0x078C1
1127,DC32~DC33,89 B3,패치 슬롯 0836 | 한글 문자 | 지,번역 14-161/179 · 지 / 토큰 89 B3 / KANJI 6550 / 가나다순 309 / 원본 8F 95 → 패치 89 B3 / D88 raw 0x078C2~0x078C3
1128,DC34~DC35,81 40,패치 슬롯 0837 | 전각 공백 | ␠,번역 14-162/179 · ␠ / 토큰 81 40 / PC-88 전각 공백 토큰 / 원본 82 AF → 패치 81 40 / D88 raw 0x078C4~0x078C5
1129,DC36~DC37,89 64,패치 슬롯 0838 | 한글 문자 | 않,번역 14-163/179 · 않 / 토큰 89 64 / KANJI A250 / 가나다순 227 / 원본 82 CD → 패치 89 64 / D88 raw 0x078C6~0x078C7
1130,DC38~DC39,82 E3,패치 슬롯 0839 | 한글 문자 | 는,번역 14-164/179 · 는 / 토큰 82 E3 / KANJI 3850 / 가나다순 74 / 원본 82 B5 → 패치 82 E3 / D88 raw 0x078C8~0x078C9
1131,DC3A~DC3B,82 E7,패치 슬롯 0840 | 한글 문자 | 다,번역 14-165/179 · 다 / 토큰 82 E7 / KANJI 3890 / 가나다순 78 / 원본 82 C8 → 패치 82 E7 / D88 raw 0x078CA~0x078CB
1132,DC3C~DC3D,81 42,패치 슬롯 0841 | 문장부호 | 。,번역 14-166/179 · 。 / 토큰 81 42 / PC-88 전각 마침표 토큰 / 원본 82 A2 → 패치 81 42 / D88 raw 0x078CC~0x078CD
1133,DC3E~DC3F,82 BD,패치 슬롯 0842 | 한글 문자 | 그,번역 14-167/179 · 그 / 토큰 82 BD / KANJI 19F0 / 가나다순 34 / 원본 81 42 → 패치 82 BD / D88 raw 0x078CE~0x078CF
1134,DC40~DC41,82 DB,패치 슬롯 0843 | 한글 문자 | 년,번역 14-168/179 · 년 / 토큰 82 DB / KANJI 29D0 / 가나다순 66 / 원본 83 94 → 패치 82 DB / D88 raw 0x078D0~0x078D1
1135,DC42~DC43,89 89,패치 슬롯 0844 | 한글 문자 | 은,번역 14-169/179 · 은 / 토큰 89 89 / KANJI E290 / 가나다순 264 / 원본 83 40 → 패치 89 89 / D88 raw 0x078D2~0x078D3
1136,DC44~DC45,81 40,패치 슬롯 0845 | 전각 공백 | ␠,번역 14-170/179 · ␠ / 토큰 81 40 / PC-88 전각 공백 토큰 / 원본 83 8A → 패치 81 40 / D88 raw 0x078D4~0x078D5
1137,DC46~DC47,89 8D,패치 슬롯 0846 | 한글 문자 | 이,번역 14-171/179 · 이 / 토큰 89 8D / KANJI E2D0 / 가나다순 268 / 원본 83 41 → 패치 89 8D / D88 raw 0x078D6~0x078D7
1138,DC48~DC49,88 E7,패치 슬롯 0847 | 한글 문자 | 미,번역 14-172/179 · 미 / 토큰 88 E7 / KANJI E090 / 가나다순 166 / 원본 82 CD → 패치 88 E7 / D88 raw 0x078D8~0x078D9
1139,DC4A~DC4B,81 40,패치 슬롯 0848 | 전각 공백 | ␠,번역 14-173/179 · ␠ / 토큰 81 40 / PC-88 전각 공백 토큰 / 원본 82 B7 → 패치 81 40 / D88 raw 0x078DA~0x078DB
1140,DC4C~DC4D,82 D7,패치 슬롯 0849 | 한글 문자 | 널,번역 14-174/179 · 널 / 토큰 82 D7 / KANJI 2990 / 가나다순 61 / 원본 82 C5 → 패치 82 D7 / D88 raw 0x078DC~0x078DD
1141,DC4E,5A,ACT 3 신규 확인 5Ah 계열 / C273 기반 제어 실행,965번 런타임 분석으로 확인된 5Ah 동작 적용; 1바이트·추가 파라미터 없음; C273=0A를 CC00에 전달해 0Ah 처리 루틴 CCC0 호출 / D88 raw 0x078DE
1142,DC4F~DC50,81 40,패치 슬롯 0850 | 전각 공백 | ␠,번역 14-175/179 · ␠ / 토큰 81 40 / PC-88 전각 공백 토큰 / 원본 82 F0 → 패치 81 40 / D88 raw 0x078DF~0x078E0
1143,DC51~DC52,88 F0,패치 슬롯 0851 | 한글 문자 | 버,번역 14-176/179 · 버 / 토큰 88 F0 / KANJI E120 / 가나다순 175 / 원본 8C A9 → 패치 88 F0 / D88 raw 0x078E1~0x078E2
1144,DC53~DC54,88 C2,패치 슬롯 0852 | 한글 문자 | 렸,번역 14-177/179 · 렸 / 토큰 88 C2 / KANJI A040 / 가나다순 127 / 원본 8E CC → 패치 88 C2 / D88 raw 0x078E3~0x078E4
1145,DC55~DC56,82 E7,패치 슬롯 0853 | 한글 문자 | 다,번역 14-178/179 · 다 / 토큰 82 E7 / KANJI 3890 / 가나다순 78 / 원본 82 C4 → 패치 82 E7 / D88 raw 0x078E5~0x078E6
1146,DC57~DC58,81 49,패치 슬롯 0854 | 문장부호 | ！,번역 14-179/179 · ！ / 토큰 81 49 / PC-88 전각 느낌표 토큰 / 원본 82 BD → 패치 81 49 / D88 raw 0x078E7~0x078E8
1147,DC59~DC5B,16 6B E3,기존 확인 16h 계열 / 서브스트림 호출·전환 → E36B,16h 호출 → E36B; 복귀 주소 DC6C / D88 raw 0x078E9~0x078EB
1148,E36B~E36F,0F 05 49 03 08,서브스트림 실행 / 기존 확인 0Fh 계열 / 제어토큰,인자 05 49 03 08
1149,E370~E372,16 9C E3,서브스트림 실행 / 기존 확인 16h 계열 / 서브스트림 호출·전환 → E39C,16h 중첩 호출 → E39C; 복귀 주소 E373
1150,E39C~E39E,1E 3C 08,서브스트림 실행 / 기존 확인 1Eh 계열 / 간접 CALL,호출 대상 083C
1151,E39F~E3A4,05 16 86 3A 9E 00,서브스트림 실행 / 기존 확인 05h 계열 / 영역·좌표 상태 설정·전개,인자 16 86 3A 9E 00
1152,E3A5~E3A9,0E 16 20 24 80,서브스트림 실행 / 기존 확인 0Eh 계열 / 화면·버퍼 초기화·전개,인자 16 20 24 80
1153,E3AA,17,서브스트림 실행 / 기존 확인 17h 계열 / 서브스트림 복귀,17h 복귀 → E373
1154,E373~E375,13 AB E4,서브스트림 실행 / 기존 확인 13h 계열 / 제어토큰,인자 AB E4
1155,E376~E379,14 00 16 22,서브스트림 실행 / 기존 확인 14h 계열 / 버퍼·영역 처리,인자 00 16 22
1156,E37A~E37D,14 01 3B 00,서브스트림 실행 / 기존 확인 14h 계열 / 버퍼·영역 처리,인자 01 3B 00
1157,E37E~E381,04 83 E5 41,서브스트림 실행 / 기존 확인 04h 계열 / CAA8 슬롯 포인터 설정,E583 포인터를 41h 슬롯에 설정
1158,E382~E385,04 8D E5 42,서브스트림 실행 / 기존 확인 04h 계열 / CAA8 슬롯 포인터 설정,E58D 포인터를 42h 슬롯에 설정
1159,E386~E389,04 97 E5 43,서브스트림 실행 / 기존 확인 04h 계열 / CAA8 슬롯 포인터 설정,E597 포인터를 43h 슬롯에 설정
1160,E38A~E38B,25 2B,서브스트림 실행 / 기존 확인 25h 계열 / CA1D 입 움직임 효과음 인덱스 설정,CA1D=2B
1161,E38C,17,서브스트림 실행 / 기존 확인 17h 계열 / 서브스트림 복귀,17h 복귀 → DC6C
1162,DC5C,41,기존 확인 41~50h 계열 / CAA8[0] 슬롯 실행,슬롯 토큰 41 / D88 raw 0x078EC
1163,DC5D~DC5E,8A 45,패치 슬롯 0855 | 한글 문자 | 뭣,번역 15-001/074 · 뭣 / 토큰 8A 45 / KANJI 6660 / 가나다순 165 / 원본 82 A6 → 패치 8A 45 / D88 raw 0x078ED~0x078EE
1164,DC5F~DC60,81 49,패치 슬롯 0856 | 문장부호 | ！,번역 15-002/074 · ！ / 토큰 81 49 / PC-88 전각 느낌표 토큰 / D88 raw 0x078EF~0x078F0
1165,DC61~DC62,81 48,패치 슬롯 0857 | 문장부호 | ？,번역 15-003/074 · ？ / 토큰 81 48 / PC-88 전각 물음표 토큰 / D88 raw 0x078F1~0x078F2
1166,DC63~DC64,01 0B,기존 확인 01h 계열 / 하위 제어 래퍼,하위코드 0B / D88 raw 0x078F3~0x078F4
1167,DC65~DC66,81 40,패치 슬롯 0858 | 전각 공백 | ␠,번역 15-004/074 · ␠ / 토큰 81 40 / PC-88 전각 공백 토큰 / D88 raw 0x078F5~0x078F6
1168,DC67~DC68,88 E9,패치 슬롯 0859 | 한글 문자 | 바,번역 15-005/074 · 바 / 토큰 88 E9 / KANJI E0B0 / 가나다순 168 / 원본 83 94 → 패치 88 E9 / D88 raw 0x078F7~0x078F8
1169,DC69~DC6A,88 CC,패치 슬롯 0860 | 한글 문자 | 리,번역 15-006/074 · 리 / 토큰 88 CC / KANJI A0E0 / 가나다순 137 / 원본 83 40 → 패치 88 CC / D88 raw 0x078F9~0x078FA
1170,DC6B~DC6C,89 60,패치 슬롯 0861 | 한글 문자 | 아,번역 15-007/074 · 아 / 토큰 89 60 / KANJI A210 / 가나다순 223 / 원본 83 8A → 패치 89 60 / D88 raw 0x078FB~0x078FC
1171,DC6D~DC6E,82 E6,패치 슬롯 0862 | 한글 문자 | 님,번역 15-008/074 · 님 / 토큰 82 E6 / KANJI 3880 / 가나다순 77 / 원본 83 41 → 패치 82 E6 / D88 raw 0x078FD~0x078FE
1172,DC6F~DC70,89 8D,패치 슬롯 0863 | 한글 문자 | 이,번역 15-009/074 · 이 / 토큰 89 8D / KANJI E2D0 / 가나다순 268 / 원본 97 6C → 패치 89 8D / D88 raw 0x078FF~0x07900
1173,DC71~DC72,81 40,패치 슬롯 0864 | 전각 공백 | ␠,번역 15-010/074 · ␠ / 토큰 81 40 / PC-88 전각 공백 토큰 / 원본 82 AA → 패치 81 40 / D88 raw 0x07901~0x07902
1174,DC73~DC74,82 D0,패치 슬롯 0865 | 한글 문자 | 날,번역 15-011/074 · 날 / 토큰 82 D0 / KANJI 2920 / 가나다순 54 / 원본 83 8F → 패치 82 D0 / D88 raw 0x07903~0x07904
1175,DC75~DC76,81 40,패치 슬롯 0866 | 전각 공백 | ␠,번역 15-012/074 · ␠ / 토큰 81 40 / PC-88 전각 공백 토큰 / 원본 83 5E → 패치 81 40 / D88 raw 0x07905~0x07906
1176,DC77~DC78,88 F0,패치 슬롯 0867 | 한글 문자 | 버,번역 15-013/074 · 버 / 토큰 88 F0 / KANJI E120 / 가나다순 175 / 원본 83 56 → 패치 88 F0 / D88 raw 0x07907~0x07908
1177,DC79~DC7A,88 C2,패치 슬롯 0868 | 한글 문자 | 렸,번역 15-014/074 · 렸 / 토큰 88 C2 / KANJI A040 / 가나다순 127 / 원본 82 F0 → 패치 88 C2 / D88 raw 0x07909~0x0790A
1178,DC7B~DC7C,82 E7,패치 슬롯 0869 | 한글 문자 | 다,번역 15-015/074 · 다 / 토큰 82 E7 / KANJI 3890 / 가나다순 78 / 원본 8C A9 → 패치 82 E7 / D88 raw 0x0790B~0x0790C
1179,DC7D~DC7E,82 B1,패치 슬롯 0870 | 한글 문자 | 고,번역 15-016/074 · 고 / 토큰 82 B1 / KANJI 1930 / 가나다순 21 / 원본 8E CC → 패치 82 B1 / D88 raw 0x0790D~0x0790E
1180,DC7F~DC80,81 49,패치 슬롯 0871 | 문장부호 | ！,번역 15-017/074 · ！ / 토큰 81 49 / PC-88 전각 느낌표 토큰 / 원본 82 C4 → 패치 81 49 / D88 raw 0x0790F~0x07910
1181,DC81~DC82,81 48,패치 슬롯 0872 | 문장부호 | ？,번역 15-018/074 · ？ / 토큰 81 48 / PC-88 전각 물음표 토큰 / 원본 82 BD → 패치 81 48 / D88 raw 0x07911~0x07912
1182,DC83~DC84,82 A6,패치 슬롯 0873 | 한글 문자 | 거,번역 15-019/074 · 거 / 토큰 82 A6 / KANJI 1880 / 가나다순 8 / 원본 83 45 → 패치 82 A6 / D88 raw 0x07913~0x07914
1183,DC85~DC86,8A 7B,패치 슬롯 0874 | 한글 문자 | 짓,번역 15-020/074 · 짓 / 토큰 8A 7B / KANJI A7C0 / 가나다순 425 / 원본 83 5C → 패치 8A 7B / D88 raw 0x07915~0x07916
1184,DC87~DC88,88 D3,패치 슬롯 0875 | 한글 문자 | 말,번역 15-021/074 · 말 / 토큰 88 D3 / KANJI A150 / 가나다순 145 / 원본 81 49 → 패치 88 D3 / D88 raw 0x07917~0x07918
1185,DC89~DC8A,81 40,패치 슬롯 0876 | 전각 공백 | ␠,번역 15-022/074 · ␠ / 토큰 81 40 / PC-88 전각 공백 토큰 / D88 raw 0x07919~0x0791A
1186,DC8B~DC8C,88 D1,패치 슬롯 0877 | 한글 문자 | 마,번역 15-023/074 · 마 / 토큰 88 D1 / KANJI A130 / 가나다순 142 / D88 raw 0x0791B~0x0791C
1187,DC8D~DC8E,81 49,패치 슬롯 0878 | 문장부호 | ！,번역 15-024/074 · ！ / 토큰 81 49 / PC-88 전각 느낌표 토큰 / D88 raw 0x0791D~0x0791E
1188,DC8F~DC90,81 40,패치 슬롯 0879 | 전각 공백 | ␠,번역 15-025/074 · ␠ / 토큰 81 40 / PC-88 전각 공백 토큰 / D88 raw 0x0791F~0x07920
1189,DC91~DC92,82 D9,패치 슬롯 0880 | 한글 문자 | 네,번역 15-026/074 · 네 / 토큰 82 D9 / KANJI 29B0 / 가나다순 64 / 원본 82 A0 → 패치 82 D9 / D88 raw 0x07921~0x07922
1190,DC93~DC94,82 DD,패치 슬롯 0881 | 한글 문자 | 놈,번역 15-027/074 · 놈 / 토큰 82 DD / KANJI 29F0 / 가나다순 68 / 원본 82 C8 → 패치 82 DD / D88 raw 0x07923~0x07924
1191,DC95~DC96,88 AA,패치 슬롯 0882 | 한글 문자 | 들,번역 15-028/074 · 들 / 토큰 88 AA / KANJI 60C0 / 가나다순 102 / 원본 82 BD → 패치 88 AA / D88 raw 0x07925~0x07926
1192,DC97~DC98,89 8D,패치 슬롯 0883 | 한글 문자 | 이,번역 15-029/074 · 이 / 토큰 89 8D / KANJI E2D0 / 가나다순 268 / 원본 82 BD → 패치 89 8D / D88 raw 0x07927~0x07928
1193,DC99~DC9A,81 40,패치 슬롯 0884 | 전각 공백 | ␠,번역 15-030/074 · ␠ / 토큰 81 40 / PC-88 전각 공백 토큰 / 원본 82 BF → 패치 81 40 / D88 raw 0x07929~0x0792A
1194,DC9B~DC9C,88 E3,패치 슬롯 0885 | 한글 문자 | 무,번역 15-031/074 · 무 / 토큰 88 E3 / KANJI E050 / 가나다순 161 / 원본 82 CC → 패치 88 E3 / D88 raw 0x0792B~0x0792C
1195,DC9D~DC9E,89 57,패치 슬롯 0886 | 한글 문자 | 슨,번역 15-032/074 · 슨 / 토큰 89 57 / KANJI 6380 / 가나다순 212 / 원본 82 E2 → 패치 89 57 / D88 raw 0x0792D~0x0792E
1196,DC9F~DCA0,81 40,패치 슬롯 0887 | 전각 공백 | ␠,번역 15-033/074 · ␠ / 토큰 81 40 / PC-88 전각 공백 토큰 / 원본 82 E8 → 패치 81 40 / D88 raw 0x0792F~0x07930
1197,DCA1~DCA2,89 54,패치 슬롯 0888 | 한글 문자 | 수,번역 15-034/074 · 수 / 토큰 89 54 / KANJI 6350 / 가나다순 208 / 원본 8C FB → 패치 89 54 / D88 raw 0x07931~0x07932
1198,DCA3~DCA4,89 94,패치 슬롯 0889 | 한글 문자 | 작,번역 15-035/074 · 작 / 토큰 89 94 / KANJI E340 / 가나다순 278 / 원본 82 CD → 패치 89 94 / D88 raw 0x07933~0x07934
1199,DCA5~DCA6,89 8A,패치 슬롯 0890 | 한글 문자 | 을,번역 15-036/074 · 을 / 토큰 89 8A / KANJI E2A0 / 가나다순 265 / 원본 95 AA → 패치 89 8A / D88 raw 0x07935~0x07936
1200,DCA7~DCA8,88 FA,패치 슬롯 0891 | 한글 문자 | 부,번역 15-037/074 · 부 / 토큰 88 FA / KANJI E1C0 / 가나다순 185 / 원본 82 C4 → 패치 88 FA / D88 raw 0x07937~0x07938
1201,DCA9~DCAA,88 CC,패치 슬롯 0892 | 한글 문자 | 리,번역 15-038/074 · 리 / 토큰 88 CC / KANJI A0E0 / 가나다순 137 / 원본 82 A2 → 패치 88 CC / D88 raw 0x07939~0x0793A
1202,DCAB~DCAC,82 E3,패치 슬롯 0893 | 한글 문자 | 는,번역 15-039/074 · 는 / 토큰 82 E3 / KANJI 3850 / 가나다순 74 / 원본 82 E9 → 패치 82 E3 / D88 raw 0x0793B~0x0793C
1203,DCAD~DCAE,89 B3,패치 슬롯 0894 | 한글 문자 | 지,번역 15-040/074 · 지 / 토큰 89 B3 / KANJI 6550 / 가나다순 309 / 원본 82 ED → 패치 89 B3 / D88 raw 0x0793D~0x0793E
1204,DCAF~DCB0,81 40,패치 슬롯 0895 | 전각 공백 | ␠,번역 15-041/074 · ␠ / 토큰 81 40 / PC-88 전각 공백 토큰 / 원본 81 49 → 패치 81 40 / D88 raw 0x0793F~0x07940
1205,DCB1~DCB2,82 E7,패치 슬롯 0896 | 한글 문자 | 다,번역 15-042/074 · 다 / 토큰 82 E7 / KANJI 3890 / 가나다순 78 / D88 raw 0x07941~0x07942
1206,DCB3~DCB4,81 40,패치 슬롯 0897 | 전각 공백 | ␠,번역 15-043/074 · ␠ / 토큰 81 40 / PC-88 전각 공백 토큰 / D88 raw 0x07943~0x07944
1207,DCB5~DCB6,89 65,패치 슬롯 0898 | 한글 문자 | 알,번역 15-044/074 · 알 / 토큰 89 65 / KANJI A260 / 가나다순 228 / D88 raw 0x07945~0x07946
1208,DCB7~DCB8,82 B1,패치 슬롯 0899 | 한글 문자 | 고,번역 15-045/074 · 고 / 토큰 82 B1 / KANJI 1930 / 가나다순 21 / D88 raw 0x07947~0x07948
1209,DCB9~DCBA,81 40,패치 슬롯 0900 | 전각 공백 | ␠,번역 15-046/074 · ␠ / 토큰 81 40 / PC-88 전각 공백 토큰 / D88 raw 0x07949~0x0794A
1210,DCBB~DCBC,89 92,패치 슬롯 0901 | 한글 문자 | 있,번역 15-047/074 · 있 / 토큰 89 92 / KANJI E320 / 가나다순 276 / D88 raw 0x0794B~0x0794C
1211,DCBD~DCBE,89 6C,패치 슬롯 0902 | 한글 문자 | 어,번역 15-048/074 · 어 / 토큰 89 6C / KANJI A2D0 / 가나다순 235 / D88 raw 0x0794D~0x0794E
1212,DCBF~DCC0,81 49,패치 슬롯 0903 | 문장부호 | ！,번역 15-049/074 · ！ / 토큰 81 49 / PC-88 전각 느낌표 토큰 / D88 raw 0x0794F~0x07950
1213,DCC1~DCC2,81 40,패치 슬롯 0904 | 전각 공백 | ␠,번역 15-050/074 · ␠ / 토큰 81 40 / PC-88 전각 공백 토큰 / D88 raw 0x07951~0x07952
1214,DCC3~DCC4,82 BD,패치 슬롯 0905 | 한글 문자 | 그,번역 15-051/074 · 그 / 토큰 82 BD / KANJI 19F0 / 가나다순 34 / 원본 82 BB → 패치 82 BD / D88 raw 0x07953~0x07954
1215,DCC5~DCC6,8A 69,패치 슬롯 0906 | 한글 문자 | 딴,번역 15-052/074 · 딴 / 토큰 8A 69 / KANJI A6A0 / 가나다순 407 / 원본 82 A4 → 패치 8A 69 / D88 raw 0x07955~0x07956
1216,DCC7~DCC8,81 40,패치 슬롯 0907 | 전각 공백 | ␠,번역 15-053/074 · ␠ / 토큰 81 40 / PC-88 전각 공백 토큰 / 원본 82 E2 → 패치 81 40 / D88 raw 0x07957~0x07958
1217,DCC9~DCCA,88 D3,패치 슬롯 0908 | 한글 문자 | 말,번역 15-054/074 · 말 / 토큰 88 D3 / KANJI A150 / 가나다순 145 / 원본 82 C1 → 패치 88 D3 / D88 raw 0x07959~0x0795A
1218,DCCB~DCCC,88 C5,패치 슬롯 0909 | 한글 문자 | 로,번역 15-055/074 · 로 / 토큰 88 C5 / KANJI A070 / 가나다순 130 / 원본 82 C4 → 패치 88 C5 / D88 raw 0x0795B~0x0795C
1219,DCCD~DCCE,81 40,패치 슬롯 0910 | 전각 공백 | ␠,번역 15-056/074 · ␠ / 토큰 81 40 / PC-88 전각 공백 토큰 / 원본 8B 5E → 패치 81 40 / D88 raw 0x0795D~0x0795E
1220,DCCF~DCD0,82 CE,패치 슬롯 0911 | 한글 문자 | 나,번역 15-057/074 · 나 / 토큰 82 CE / KANJI 2900 / 가나다순 52 / 원본 83 8F → 패치 82 CE / D88 raw 0x0795F~0x07960
1221,DCD1~DCD2,01 0C,기존 확인 01h 계열 / 하위 제어 래퍼,하위코드 0C / D88 raw 0x07961~0x07962
1222,DCD3~DCD4,88 CA,패치 슬롯 0912 | 한글 문자 | 를,번역 15-058/074 · 를 / 토큰 88 CA / KANJI A0C0 / 가나다순 135 / D88 raw 0x07963~0x07964
1223,DCD5~DCD6,81 40,패치 슬롯 0913 | 전각 공백 | ␠,번역 15-059/074 · ␠ / 토큰 81 40 / PC-88 전각 공백 토큰 / 원본 82 F0 → 패치 81 40 / D88 raw 0x07965~0x07966
1224,DCD7~DCD8,88 A0,패치 슬롯 0914 | 한글 문자 | 동,번역 15-060/074 · 동 / 토큰 88 A0 / KANJI 6020 / 가나다순 91 / 원본 93 AE → 패치 88 A0 / D88 raw 0x07967~0x07968
1225,DCD9~DCDA,89 80,패치 슬롯 0915 | 한글 문자 | 요,번역 15-061/074 · 요 / 토큰 89 80 / KANJI E200 / 가나다순 255 / 원본 97 68 → 패치 89 80 / D88 raw 0x07969~0x0796A
1226,DCDB~DCDC,89 5A,패치 슬롯 0916 | 한글 문자 | 시,번역 15-062/074 · 시 / 토큰 89 5A / KANJI 63B0 / 가나다순 215 / 원본 82 B3 → 패치 89 5A / D88 raw 0x0796B~0x0796C
1227,DCDD~DCDE,89 C9,패치 슬롯 0917 | 한글 문자 | 키,번역 15-063/074 · 키 / 토큰 89 C9 / KANJI A4B0 / 가나다순 335 / 원본 82 B9 → 패치 89 C9 / D88 raw 0x0796D~0x0796E
1228,DCDF~DCE0,88 C1,패치 슬롯 0918 | 한글 문자 | 려,번역 15-064/074 · 려 / 토큰 88 C1 / KANJI A030 / 가나다순 126 / 원본 82 E6 → 패치 88 C1 / D88 raw 0x0796F~0x07970
1229,DCE1~DCE2,82 B1,패치 슬롯 0919 | 한글 문자 | 고,번역 15-065/074 · 고 / 토큰 82 B1 / KANJI 1930 / 가나다순 21 / 원본 82 A4 → 패치 82 B1 / D88 raw 0x07971~0x07972
1230,DCE3~DCE4,81 40,패치 슬롯 0920 | 전각 공백 | ␠,번역 15-066/074 · ␠ / 토큰 81 40 / PC-88 전각 공백 토큰 / 원본 82 C6 → 패치 81 40 / D88 raw 0x07973~0x07974
1231,DCE5~DCE6,89 E8,패치 슬롯 0921 | 한글 문자 | 해,번역 15-067/074 · 해 / 토큰 89 E8 / KANJI E4A0 / 가나다순 369 / 원본 82 B5 → 패치 89 E8 / D88 raw 0x07975~0x07976
1232,DCE7~DCE8,82 F1,패치 슬롯 0922 | 한글 문자 | 도,번역 15-068/074 · 도 / 토큰 82 F1 / KANJI 3930 / 가나다순 89 / 원본 82 C4 → 패치 82 F1 / D88 raw 0x07977~0x07978
1233,DCE9~DCEA,81 40,패치 슬롯 0923 | 전각 공백 | ␠,번역 15-069/074 · ␠ / 토큰 81 40 / PC-88 전각 공백 토큰 / 원본 82 E0 → 패치 81 40 / D88 raw 0x07979~0x0797A
1234,DCEB~DCEC,89 50,패치 슬롯 0924 | 한글 문자 | 소,번역 15-070/074 · 소 / 토큰 89 50 / KANJI 6310 / 가나다순 204 / 원본 83 80 → 패치 89 50 / D88 raw 0x0797B~0x0797C
1235,DCED~DCEE,8A 77,패치 슬롯 0925 | 한글 문자 | 용,번역 15-071/074 · 용 / 토큰 8A 77 / KANJI A780 / 가나다순 421 / 원본 83 5F → 패치 8A 77 / D88 raw 0x0797D~0x0797E
1236,DCEF~DCF0,89 6E,패치 슬롯 0926 | 한글 문자 | 없,번역 15-072/074 · 없 / 토큰 89 6E / KANJI A2F0 / 가나다순 237 / 원본 82 BE → 패치 89 6E / D88 raw 0x0797F~0x07980
1237,DCF1~DCF2,89 6C,패치 슬롯 0927 | 한글 문자 | 어,번역 15-073/074 · 어 / 토큰 89 6C / KANJI A2D0 / 가나다순 235 / 원본 82 ED → 패치 89 6C / D88 raw 0x07981~0x07982
1238,DCF3~DCF4,81 49,패치 슬롯 0928 | 문장부호 | ！,번역 15-074/074 · ！ / 토큰 81 49 / PC-88 전각 느낌표 토큰 / D88 raw 0x07983~0x07984
1239,DCF5,61,기존 확인 61~70h 계열 / CAA8[0] 작업슬롯 비활성화,비활성화 토큰 61 / D88 raw 0x07985
1240,DCF6~DCF8,16 4B E3,기존 확인 16h 계열 / 서브스트림 호출·전환 → E34B,16h 호출 → E34B; 복귀 주소 DD09 / D88 raw 0x07986~0x07988
1241,E34B~E34F,0F 05 45 03 14,서브스트림 실행 / 기존 확인 0Fh 계열 / 제어토큰,인자 05 45 03 14
1242,E350~E352,1E 3C 08,서브스트림 실행 / 기존 확인 1Eh 계열 / 간접 CALL,호출 대상 083C
1243,E353~E358,05 12 93 3E AB 00,서브스트림 실행 / 기존 확인 05h 계열 / 영역·좌표 상태 설정·전개,인자 12 93 3E AB 00
1244,E359~E35D,0E 12 10 2C A0,서브스트림 실행 / 기존 확인 0Eh 계열 / 화면·버퍼 초기화·전개,인자 12 10 2C A0
1245,E35E~E361,14 05 12 16,서브스트림 실행 / 기존 확인 14h 계열 / 버퍼·영역 처리,인자 05 12 16
1246,E362~E364,13 6B E4,서브스트림 실행 / 기존 확인 13h 계열 / 제어토큰,인자 6B E4
1247,E365~E367,1E 84 CC,서브스트림 실행 / 기존 확인 1Eh 계열 / 간접 CALL,호출 대상 CC84
1248,E368~E369,25 2D,서브스트림 실행 / 기존 확인 25h 계열 / CA1D 입 움직임 효과음 인덱스 설정,CA1D=2D
1249,E36A,17,서브스트림 실행 / 기존 확인 17h 계열 / 서브스트림 복귀,17h 복귀 → DD09
1250,DCF9~DCFA,8A 83,패치 슬롯 0929 | 한글 문자 | 흐,번역 16-001/120 · 흐 / 토큰 8A 83 / KANJI E630 / 가나다순 432 / 원본 82 D9 → 패치 8A 83 / D88 raw 0x07989~0x0798A
1251,DCFB~DCFC,8A 83,패치 슬롯 0930 | 한글 문자 | 흐,번역 16-002/120 · 흐 / 토큰 8A 83 / KANJI E630 / 가나다순 432 / 원본 82 D9 → 패치 8A 83 / D88 raw 0x0798B~0x0798C
1252,DCFD~DCFE,81 41,패치 슬롯 0931 | 문장부호 | 、,번역 16-003/120 · 、 / 토큰 81 41 / PC-88 전각 쉼표 토큰 / 원본 82 A4 → 패치 81 41 / D88 raw 0x0798D~0x0798E
1253,DCFF,5A,ACT 3 신규 확인 5Ah 계열 / C273 기반 제어 실행,965번 런타임 분석으로 확인된 5Ah 동작 적용; 1바이트·추가 파라미터 없음; C273=0A를 CC00에 전달해 0Ah 처리 루틴 CCC0 호출 / D88 raw 0x0798F
1254,DD00~DD01,8A 75,패치 슬롯 0932 | 한글 문자 | 영,번역 16-004/120 · 영 / 토큰 8A 75 / KANJI A760 / 가나다순 419 / 원본 8C AB → 패치 8A 75 / D88 raw 0x07990~0x07991
1255,DD02~DD03,88 CC,패치 슬롯 0933 | 한글 문자 | 리,번역 16-005/120 · 리 / 토큰 88 CC / KANJI A0E0 / 가나다순 137 / 원본 82 A2 → 패치 88 CC / D88 raw 0x07992~0x07993
1256,DD04~DD05,89 E4,패치 슬롯 0934 | 한글 문자 | 한,번역 16-006/120 · 한 / 토큰 89 E4 / KANJI E460 / 가나다순 364 / 원본 96 BA → 패치 89 E4 / D88 raw 0x07994~0x07995
1257,DD06~DD07,81 40,패치 슬롯 0935 | 전각 공백 | ␠,번역 16-007/120 · ␠ / 토큰 81 40 / PC-88 전각 공백 토큰 / 원본 82 BE → 패치 81 40 / D88 raw 0x07996~0x07997
1258,DD08~DD09,82 B0,패치 슬롯 0936 | 한글 문자 | 계,번역 16-008/120 · 계 / 토큰 82 B0 / KANJI 1920 / 가나다순 20 / 원본 81 42 → 패치 82 B0 / D88 raw 0x07998~0x07999
1259,DD0A~DD0B,89 B5,패치 슬롯 0937 | 한글 문자 | 집,번역 16-009/120 · 집 / 토큰 89 B5 / KANJI 6570 / 가나다순 313 / D88 raw 0x0799A~0x0799B
1260,DD0C~DD0D,89 8D,패치 슬롯 0938 | 한글 문자 | 이,번역 16-010/120 · 이 / 토큰 89 8D / KANJI E2D0 / 가나다순 268 / D88 raw 0x0799C~0x0799D
1261,DD0E~DD0F,82 B7,패치 슬롯 0939 | 한글 문자 | 구,번역 16-011/120 · 구 / 토큰 82 B7 / KANJI 1990 / 가나다순 28 / D88 raw 0x0799E~0x0799F
1262,DD10~DD11,82 CE,패치 슬롯 0940 | 한글 문자 | 나,번역 16-012/120 · 나 / 토큰 82 CE / KANJI 2900 / 가나다순 52 / D88 raw 0x079A0~0x079A1
1263,DD12~DD13,81 42,패치 슬롯 0941 | 문장부호 | 。,번역 16-013/120 · 。 / 토큰 81 42 / PC-88 전각 마침표 토큰 / D88 raw 0x079A2~0x079A3
1264,DD14~DD15,82 BD,패치 슬롯 0942 | 한글 문자 | 그,번역 16-014/120 · 그 / 토큰 82 BD / KANJI 19F0 / 가나다순 34 / 원본 82 C5 → 패치 82 BD / D88 raw 0x079A4~0x079A5
1265,DD16~DD17,8A 6C,패치 슬롯 0943 | 한글 문자 | 렇,번역 16-015/120 · 렇 / 토큰 8A 6C / KANJI A6D0 / 가나다순 410 / 원본 82 CD → 패치 8A 6C / D88 raw 0x079A6~0x079A7
1266,DD18~DD19,82 E7,패치 슬롯 0944 | 한글 문자 | 다,번역 16-016/120 · 다 / 토큰 82 E7 / KANJI 3890 / 가나다순 78 / 원본 81 41 → 패치 82 E7 / D88 raw 0x079A8~0x079A9
1267,DD1A~DD1B,88 DC,패치 슬롯 0945 | 한글 문자 | 면,번역 16-017/120 · 면 / 토큰 88 DC / KANJI A1E0 / 가나다순 154 / 원본 82 BB → 패치 88 DC / D88 raw 0x079AA~0x079AB
1268,DD1C~DD1D,81 40,패치 슬롯 0946 | 전각 공백 | ␠,번역 16-018/120 · ␠ / 토큰 81 40 / PC-88 전각 공백 토큰 / 원본 82 CC → 패치 81 40 / D88 raw 0x079AC~0x079AD
1269,DD1E~DD1F,82 BD,패치 슬롯 0947 | 한글 문자 | 그,번역 16-019/120 · 그 / 토큰 82 BD / KANJI 19F0 / 가나다순 34 / 원본 8C AB → 패치 82 BD / D88 raw 0x079AE~0x079AF
1270,DD20~DD21,81 40,패치 슬롯 0948 | 전각 공백 | ␠,번역 16-020/120 · ␠ / 토큰 81 40 / PC-88 전각 공백 토큰 / 원본 82 A2 → 패치 81 40 / D88 raw 0x079B0~0x079B1
1271,DD22~DD23,88 B2,패치 슬롯 0949 | 한글 문자 | 똑,번역 16-021/120 · 똑 / 토큰 88 B2 / KANJI 6140 / 가나다순 110 / 원본 93 AA → 패치 88 B2 / D88 raw 0x079B2~0x079B3
1272,DD24~DD25,88 B2,패치 슬롯 0950 | 한글 문자 | 똑,번역 16-022/120 · 똑 / 토큰 88 B2 / KANJI 6140 / 가나다순 110 / 원본 82 C5 → 패치 88 B2 / D88 raw 0x079B4~0x079B5
1273,DD26~DD27,89 E4,패치 슬롯 0951 | 한글 문자 | 한,번역 16-023/120 · 한 / 토큰 89 E4 / KANJI E460 / 가나다순 364 / 원본 8D 6C → 패치 89 E4 / D88 raw 0x079B6~0x079B7
1274,DD28~DD29,81 40,패치 슬롯 0952 | 전각 공백 | ␠,번역 16-024/120 · ␠ / 토큰 81 40 / PC-88 전각 공백 토큰 / 원본 82 A6 → 패치 81 40 / D88 raw 0x079B8~0x079B9
1275,DD2A~DD2B,88 D8,패치 슬롯 0953 | 한글 문자 | 머,번역 16-025/120 · 머 / 토큰 88 D8 / KANJI A1A0 / 가나다순 150 / 원본 82 C4 → 패치 88 D8 / D88 raw 0x079BA~0x079BB
1276,DD2C~DD2D,88 CC,패치 슬롯 0954 | 한글 문자 | 리,번역 16-026/120 · 리 / 토큰 88 CC / KANJI A0E0 / 가나다순 137 / 원본 82 DD → 패치 88 CC / D88 raw 0x079BC~0x079BD
1277,DD2E~DD2F,88 C5,패치 슬롯 0955 | 한글 문자 | 로,번역 16-027/120 · 로 / 토큰 88 C5 / KANJI A070 / 가나다순 130 / 원본 82 E9 → 패치 88 C5 / D88 raw 0x079BE~0x079BF
1278,DD30~DD31,81 40,패치 슬롯 0956 | 전각 공백 | ␠,번역 16-028/120 · ␠ / 토큰 81 40 / PC-88 전각 공백 토큰 / 원본 82 AA → 패치 81 40 / D88 raw 0x079C0~0x079C1
1279,DD32~DD33,89 E4,패치 슬롯 0957 | 한글 문자 | 한,번역 16-029/120 · 한 / 토큰 89 E4 / KANJI E460 / 가나다순 364 / 원본 82 A2 → 패치 89 E4 / D88 raw 0x079C2~0x079C3
1280,DD34~DD35,88 F1,패치 슬롯 0958 | 한글 문자 | 번,번역 16-030/120 · 번 / 토큰 88 F1 / KANJI E130 / 가나다순 176 / 원본 82 A2 → 패치 88 F1 / D88 raw 0x079C4~0x079C5
1281,DD36~DD37,81 40,패치 슬롯 0959 | 전각 공백 | ␠,번역 16-031/120 · ␠ / 토큰 81 40 / PC-88 전각 공백 토큰 / 원본 81 41 → 패치 81 40 / D88 raw 0x079C6~0x079C7
1282,DD38~DD39,89 48,패치 슬롯 0960 | 한글 문자 | 생,번역 16-032/120 · 생 / 토큰 89 48 / KANJI 6290 / 가나다순 196 / 원본 82 C7 → 패치 89 48 / D88 raw 0x079C8~0x079C9
1283,DD3A~DD3B,82 A0,패치 슬롯 0961 | 한글 문자 | 각,번역 16-033/120 · 각 / 토큰 82 A0 / KANJI 1820 / 가나다순 2 / 원본 82 A4 → 패치 82 A0 / D88 raw 0x079CA~0x079CB
1284,DD3C~DD3D,89 E8,패치 슬롯 0962 | 한글 문자 | 해,번역 16-034/120 · 해 / 토큰 89 E8 / KANJI E4A0 / 가나다순 369 / 원본 82 B5 → 패치 89 E8 / D88 raw 0x079CC~0x079CD
1285,DD3E~DD3F,88 F9,패치 슬롯 0963 | 한글 문자 | 봐,번역 16-035/120 · 봐 / 토큰 88 F9 / KANJI E1B0 / 가나다순 184 / 원본 83 94 → 패치 88 F9 / D88 raw 0x079CE~0x079CF
1286,DD40~DD41,88 B6,패치 슬롯 0964 | 한글 문자 | 라,번역 16-036/120 · 라 / 토큰 88 B6 / KANJI 6180 / 가나다순 114 / 원본 83 40 → 패치 88 B6 / D88 raw 0x079D0~0x079D1
1287,DD42~DD43,81 41,패치 슬롯 0965 | 문장부호 | 、,번역 16-037/120 · 、 / 토큰 81 41 / PC-88 전각 쉼표 토큰 / 원본 83 8A → 패치 81 41 / D88 raw 0x079D2~0x079D3
1288,DD44~DD45,88 E9,패치 슬롯 0966 | 한글 문자 | 바,번역 16-038/120 · 바 / 토큰 88 E9 / KANJI E0B0 / 가나다순 168 / 원본 83 41 → 패치 88 E9 / D88 raw 0x079D4~0x079D5
1289,DD46~DD47,88 CC,패치 슬롯 0967 | 한글 문자 | 리,번역 16-039/120 · 리 / 토큰 88 CC / KANJI A0E0 / 가나다순 137 / 원본 82 CD → 패치 88 CC / D88 raw 0x079D6~0x079D7
1290,DD48~DD49,89 60,패치 슬롯 0968 | 한글 문자 | 아,번역 16-040/120 · 아 / 토큰 89 60 / KANJI A210 / 가나다순 223 / 원본 82 A8 → 패치 89 60 / D88 raw 0x079D8~0x079D9
1291,DD4A~DD4B,82 9F,패치 슬롯 0969 | 한글 문자 | 가,번역 16-041/120 · 가 / 토큰 82 9F / KANJI 1810 / 가나다순 1 / 원본 82 DC → 패치 82 9F / D88 raw 0x079DA~0x079DB
1292,DD4C~DD4D,81 40,패치 슬롯 0970 | 전각 공백 | ␠,번역 16-042/120 · ␠ / 토큰 81 40 / PC-88 전각 공백 토큰 / 원본 82 A6 → 패치 81 40 / D88 raw 0x079DC~0x079DD
1293,DD4E~DD4F,89 7D,패치 슬롯 0971 | 한글 문자 | 왜,번역 16-043/120 · 왜 / 토큰 89 7D / KANJI A3E0 / 가나다순 253 / 원본 82 CC → 패치 89 7D / D88 raw 0x079DE~0x079DF
1294,DD50~DD51,81 40,패치 슬롯 0972 | 전각 공백 | ␠,번역 16-044/120 · ␠ / 토큰 81 40 / PC-88 전각 공백 토큰 / D88 raw 0x079E0~0x079E1
1295,DD52~DD53,89 60,패치 슬롯 0973 | 한글 문자 | 아,번역 16-045/120 · 아 / 토큰 89 60 / KANJI A210 / 가나다순 223 / 원본 82 D1 → 패치 89 60 / D88 raw 0x079E2~0x079E3
1296,DD54~DD55,88 E3,패치 슬롯 0974 | 한글 문자 | 무,번역 16-046/120 · 무 / 토큰 88 E3 / KANJI E050 / 가나다순 161 / 원본 82 A9 → 패치 88 E3 / D88 raw 0x079E4~0x079E5
1297,DD56~DD57,88 CC,패치 슬롯 0975 | 한글 문자 | 리,번역 16-047/120 · 리 / 토큰 88 CC / KANJI A0E0 / 가나다순 137 / 원본 82 AF → 패치 88 CC / D88 raw 0x079E6~0x079E7
1298,DD58~DD59,81 40,패치 슬롯 0976 | 전각 공백 | ␠,번역 16-048/120 · ␠ / 토큰 81 40 / PC-88 전각 공백 토큰 / 원본 82 C9 → 패치 81 40 / D88 raw 0x079E8~0x079E9
1299,DD5A~DD5B,88 FC,패치 슬롯 0977 | 한글 문자 | 불,번역 16-049/120 · 불 / 토큰 88 FC / KANJI E1E0 / 가나다순 187 / 원본 93 9A → 패치 88 FC / D88 raw 0x079EA~0x079EB
1300,DD5C~DD5D,88 BB,패치 슬롯 0978 | 한글 문자 | 러,번역 16-050/120 · 러 / 토큰 88 BB / KANJI 61D0 / 가나다순 120 / 원본 82 A6 → 패치 88 BB / D88 raw 0x079EC~0x079ED
1301,DD5E~DD5F,82 F1,패치 슬롯 0979 | 한글 문자 | 도,번역 16-051/120 · 도 / 토큰 82 F1 / KANJI 3930 / 가나다순 89 / D88 raw 0x079EE~0x079EF
1302,DD60~DD61,81 40,패치 슬롯 0980 | 전각 공백 | ␠,번역 16-052/120 · ␠ / 토큰 81 40 / PC-88 전각 공백 토큰 / D88 raw 0x079F0~0x079F1
1303,DD62~DD63,82 EC,패치 슬롯 0981 | 한글 문자 | 대,번역 16-053/120 · 대 / 토큰 82 EC / KANJI 38E0 / 가나다순 84 / D88 raw 0x079F2~0x079F3
1304,DD64~DD65,8A 41,패치 슬롯 0982 | 한글 문자 | 답,번역 16-054/120 · 답 / 토큰 8A 41 / KANJI 6620 / 가나다순 82 / D88 raw 0x079F4~0x079F5
1305,DD66,5A,ACT 3 신규 확인 5Ah 계열 / C273 기반 제어 실행,965번 런타임 분석으로 확인된 5Ah 동작 적용; 1바이트·추가 파라미터 없음; C273=0A를 CC00에 전달해 0Ah 처리 루틴 CCC0 호출 / D88 raw 0x079F6
1306,DD67~DD68,89 E2,패치 슬롯 0983 | 한글 문자 | 하,번역 16-055/120 · 하 / 토큰 89 E2 / KANJI E440 / 가나다순 362 / 원본 82 C8 → 패치 89 E2 / D88 raw 0x079F7~0x079F8
1307,DD69~DD6A,89 B3,패치 슬롯 0984 | 한글 문자 | 지,번역 16-056/120 · 지 / 토큰 89 B3 / KANJI 6550 / 가나다순 309 / 원본 82 A2 → 패치 89 B3 / D88 raw 0x079F9~0x079FA
1308,DD6B~DD6C,81 40,패치 슬롯 0985 | 전각 공백 | ␠,번역 16-057/120 · ␠ / 토큰 81 40 / PC-88 전각 공백 토큰 / 원본 82 CC → 패치 81 40 / D88 raw 0x079FB~0x079FC
1309,DD6D~DD6E,89 64,패치 슬롯 0986 | 한글 문자 | 않,번역 16-058/120 · 않 / 토큰 89 64 / KANJI A250 / 가나다순 227 / 원본 82 BE → 패치 89 64 / D88 raw 0x079FD~0x079FE
1310,DD6F~DD70,82 E3,패치 슬롯 0987 | 한글 문자 | 는,번역 16-059/120 · 는 / 토큰 82 E3 / KANJI 3850 / 가나다순 74 / 원본 81 48 → 패치 82 E3 / D88 raw 0x079FF~0x07A00
1311,DD71~DD72,81 40,패치 슬롯 0988 | 전각 공백 | ␠,번역 16-060/120 · ␠ / 토큰 81 40 / PC-88 전각 공백 토큰 / D88 raw 0x07A01~0x07A02
1312,DD73~DD74,82 A6,패치 슬롯 0989 | 한글 문자 | 거,번역 16-061/120 · 거 / 토큰 82 A6 / KANJI 1880 / 가나다순 8 / D88 raw 0x07A03~0x07A04
1313,DD75~DD76,89 B3,패치 슬롯 0990 | 한글 문자 | 지,번역 16-062/120 · 지 / 토큰 89 B3 / KANJI 6550 / 가나다순 309 / D88 raw 0x07A05~0x07A06
1314,DD77~DD78,81 48,패치 슬롯 0991 | 문장부호 | ？,번역 16-063/120 · ？ / 토큰 81 48 / PC-88 전각 물음표 토큰 / D88 raw 0x07A07~0x07A08
1315,DD79~DD7A,81 40,패치 슬롯 0992 | 전각 공백 | ␠,번역 16-064/120 · ␠ / 토큰 81 40 / PC-88 전각 공백 토큰 / D88 raw 0x07A09~0x07A0A
1316,DD7B~DD7C,82 D9,패치 슬롯 0993 | 한글 문자 | 네,번역 16-065/120 · 네 / 토큰 82 D9 / KANJI 29B0 / 가나다순 64 / 원본 82 A8 → 패치 82 D9 / D88 raw 0x07A0B~0x07A0C
1317,DD7D~DD7E,82 9F,패치 슬롯 0994 | 한글 문자 | 가,번역 16-066/120 · 가 / 토큰 82 9F / KANJI 1810 / 가나다순 1 / 원본 82 DC → 패치 82 9F / D88 raw 0x07A0D~0x07A0E
1318,DD7F~DD80,89 8D,패치 슬롯 0995 | 한글 문자 | 이,번역 16-067/120 · 이 / 토큰 89 8D / KANJI E2D0 / 가나다순 268 / 원본 82 AA → 패치 89 8D / D88 raw 0x07A0F~0x07A10
1319,DD81~DD82,8A 6C,패치 슬롯 0996 | 한글 문자 | 렇,번역 16-068/120 · 렇 / 토큰 8A 6C / KANJI A6D0 / 가나다순 410 / 원본 8D A2 → 패치 8A 6C / D88 raw 0x07A11~0x07A12
1320,DD83~DD84,82 AB,패치 슬롯 0997 | 한글 문자 | 게,번역 16-069/120 · 게 / 토큰 82 AB / KANJI 18D0 / 가나다순 13 / 원본 82 C1 → 패치 82 AB / D88 raw 0x07A13~0x07A14
1321,DD85~DD86,81 40,패치 슬롯 0998 | 전각 공백 | ␠,번역 16-070/120 · ␠ / 토큰 81 40 / PC-88 전각 공백 토큰 / 원본 82 C4 → 패치 81 40 / D88 raw 0x07A15~0x07A16
1322,DD87~DD88,8A 60,패치 슬롯 0999 | 한글 문자 | 곤,번역 16-071/120 · 곤 / 토큰 8A 60 / KANJI A610 / 가나다순 398 / 원본 82 A2 → 패치 8A 60 / D88 raw 0x07A17~0x07A18
1323,DD89~DD8A,82 AF,패치 슬롯 1000 | 한글 문자 | 경,번역 16-072/120 · 경 / 토큰 82 AF / KANJI 1910 / 가나다순 19 / 원본 82 E9 → 패치 82 AF / D88 raw 0x07A19~0x07A1A
1324,DD8B~DD8C,89 70,패치 슬롯 1001 | 한글 문자 | 에,번역 16-073/120 · 에 / 토큰 89 70 / KANJI A310 / 가나다순 239 / 원본 82 C6 → 패치 89 70 / D88 raw 0x07A1B~0x07A1C
1325,DD8D~DD8E,81 40,패치 슬롯 1002 | 전각 공백 | ␠,번역 16-074/120 · ␠ / 토큰 81 40 / PC-88 전각 공백 토큰 / 원본 82 A2 → 패치 81 40 / D88 raw 0x07A1D~0x07A1E
1326,DD8F~DD90,89 BA,패치 슬롯 1003 | 한글 문자 | 처,번역 16-075/120 · 처 / 토큰 89 BA / KANJI 65C0 / 가나다순 319 / 원본 82 A4 → 패치 89 BA / D88 raw 0x07A1F~0x07A20
1327,DD91~DD92,89 E9,패치 슬롯 1004 | 한글 문자 | 했,번역 16-076/120 · 했 / 토큰 89 E9 / KANJI E4B0 / 가나다순 370 / 원본 82 CC → 패치 89 E9 / D88 raw 0x07A21~0x07A22
1328,DD93~DD94,82 E3,패치 슬롯 1005 | 한글 문자 | 는,번역 16-077/120 · 는 / 토큰 82 E3 / KANJI 3850 / 가나다순 74 / 원본 82 C9 → 패치 82 E3 / D88 raw 0x07A23~0x07A24
1329,DD95~DD96,82 F0,패치 슬롯 1006 | 한글 문자 | 데,번역 16-078/120 · 데 / 토큰 82 F0 / KANJI 3920 / 가나다순 88 / D88 raw 0x07A25~0x07A26
1330,DD97~DD98,82 F1,패치 슬롯 1007 | 한글 문자 | 도,번역 16-079/120 · 도 / 토큰 82 F1 / KANJI 3930 / 가나다순 89 / D88 raw 0x07A27~0x07A28
1331,DD99,5A,ACT 3 신규 확인 5Ah 계열 / C273 기반 제어 실행,965번 런타임 분석으로 확인된 5Ah 동작 적용; 1바이트·추가 파라미터 없음; C273=0A를 CC00에 전달해 0Ah 처리 루틴 CCC0 호출 / D88 raw 0x07A29
1332,DD9A~DD9B,81 41,패치 슬롯 1008 | 문장부호 | 、,번역 16-080/120 · 、 / 토큰 81 41 / PC-88 전각 쉼표 토큰 / D88 raw 0x07A2A~0x07A2B
1333,DD9C~DD9D,89 7D,패치 슬롯 1009 | 한글 문자 | 왜,번역 16-081/120 · 왜 / 토큰 89 7D / KANJI A3E0 / 가나다순 253 / 원본 82 C7 → 패치 89 7D / D88 raw 0x07A2C~0x07A2D
1334,DD9E~DD9F,81 40,패치 슬롯 1010 | 전각 공백 | ␠,번역 16-082/120 · ␠ / 토큰 81 40 / PC-88 전각 공백 토큰 / 원본 82 A4 → 패치 81 40 / D88 raw 0x07A2E~0x07A2F
1335,DDA0~DDA1,82 F1,패치 슬롯 1011 | 한글 문자 | 도,번역 16-083/120 · 도 / 토큰 82 F1 / KANJI 3930 / 가나다순 89 / 원본 82 B5 → 패치 82 F1 / D88 raw 0x07A30~0x07A31
1336,DDA2~DDA3,89 81,패치 슬롯 1012 | 한글 문자 | 우,번역 16-084/120 · 우 / 토큰 89 81 / KANJI E210 / 가나다순 256 / 원본 82 C4 → 패치 89 81 / D88 raw 0x07A32~0x07A33
1337,DDA4~DDA5,88 C1,패치 슬롯 1013 | 한글 문자 | 려,번역 16-085/120 · 려 / 토큰 88 C1 / KANJI A030 / 가나다순 126 / 원본 8E E8 → 패치 88 C1 / D88 raw 0x07A34~0x07A35
1338,DDA6~DDA7,81 40,패치 슬롯 1014 | 전각 공백 | ␠,번역 16-086/120 · ␠ / 토큰 81 40 / PC-88 전각 공백 토큰 / D88 raw 0x07A36~0x07A37
1339,DDA8~DDA9,89 E2,패치 슬롯 1015 | 한글 문자 | 하,번역 16-087/120 · 하 / 토큰 89 E2 / KANJI E440 / 가나다순 362 / 원본 91 DD → 패치 89 E2 / D88 raw 0x07A38~0x07A39
1340,DDAA~DDAB,89 B3,패치 슬롯 1016 | 한글 문자 | 지,번역 16-088/120 · 지 / 토큰 89 B3 / KANJI 6550 / 가나다순 309 / 원본 82 BB → 패치 89 B3 / D88 raw 0x07A3A~0x07A3B
1341,DDAC~DDAD,89 64,패치 슬롯 1017 | 한글 문자 | 않,번역 16-089/120 · 않 / 토큰 89 64 / KANJI A250 / 가나다순 227 / 원본 82 C6 → 패치 89 64 / D88 raw 0x07A3C~0x07A3D
1342,DDAE~DDAF,82 E3,패치 슬롯 1018 | 한글 문자 | 는,번역 16-090/120 · 는 / 토큰 82 E3 / KANJI 3850 / 가나다순 74 / 원본 82 E0 → 패치 82 E3 / D88 raw 0x07A3E~0x07A3F
1343,DDB0~DDB1,81 40,패치 슬롯 1019 | 전각 공백 | ␠,번역 16-091/120 · ␠ / 토큰 81 40 / PC-88 전각 공백 토큰 / 원본 82 B5 → 패치 81 40 / D88 raw 0x07A40~0x07A41
1344,DDB2~DDB3,82 A6,패치 슬롯 1020 | 한글 문자 | 거,번역 16-092/120 · 거 / 토큰 82 A6 / KANJI 1880 / 가나다순 8 / 원본 82 C8 → 패치 82 A6 / D88 raw 0x07A42~0x07A43
1345,DDB4~DDB5,82 D5,패치 슬롯 1021 | 한글 문자 | 냐,번역 16-093/120 · 냐 / 토큰 82 D5 / KANJI 2970 / 가나다순 59 / 원본 82 A2 → 패치 82 D5 / D88 raw 0x07A44~0x07A45
1346,DDB6~DDB7,81 48,패치 슬롯 1022 | 문장부호 | ？,번역 16-094/120 · ？ / 토큰 81 48 / PC-88 전각 물음표 토큰 / 원본 82 CC → 패치 81 48 / D88 raw 0x07A46~0x07A47
1347,DDB8,5A,ACT 3 신규 확인 5Ah 계열 / C273 기반 제어 실행,965번 런타임 분석으로 확인된 5Ah 동작 적용; 1바이트·추가 파라미터 없음; C273=0A를 CC00에 전달해 0Ah 처리 루틴 CCC0 호출 / D88 raw 0x07A48
1348,DDB9~DDBA,81 40,패치 슬롯 1023 | 전각 공백 | ␠,번역 16-095/120 · ␠ / 토큰 81 40 / PC-88 전각 공백 토큰 / D88 raw 0x07A49~0x07A4A
1349,DDBB~DDBC,89 8D,패치 슬롯 1024 | 한글 문자 | 이,번역 16-096/120 · 이 / 토큰 89 8D / KANJI E2D0 / 가나다순 268 / 원본 82 B1 → 패치 89 8D / D88 raw 0x07A4B~0x07A4C
1350,DDBD~DDBE,88 B9,패치 슬롯 1025 | 한글 문자 | 래,번역 16-097/120 · 래 / 토큰 88 B9 / KANJI 61B0 / 가나다순 117 / 원본 82 EA → 패치 88 B9 / D88 raw 0x07A4D~0x07A4E
1351,DDBF~DDC0,82 F1,패치 슬롯 1026 | 한글 문자 | 도,번역 16-098/120 · 도 / 토큰 82 F1 / KANJI 3930 / 가나다순 89 / 원본 82 E7 → 패치 82 F1 / D88 raw 0x07A4F~0x07A50
1352,DDC1~DDC2,81 40,패치 슬롯 1027 | 전각 공백 | ␠,번역 16-099/120 · ␠ / 토큰 81 40 / PC-88 전각 공백 토큰 / 원본 82 B7 → 패치 81 40 / D88 raw 0x07A51~0x07A52
1353,DDC3~DDC4,88 E9,패치 슬롯 1028 | 한글 문자 | 바,번역 16-100/120 · 바 / 토큰 88 E9 / KANJI E0B0 / 가나다순 168 / 원본 82 D7 → 패치 88 E9 / D88 raw 0x07A53~0x07A54
1354,DDC5~DDC6,88 CC,패치 슬롯 1029 | 한글 문자 | 리,번역 16-101/120 · 리 / 토큰 88 CC / KANJI A0E0 / 가나다순 137 / 원본 82 C4 → 패치 88 CC / D88 raw 0x07A55~0x07A56
1355,DDC7~DDC8,89 60,패치 슬롯 1030 | 한글 문자 | 아,번역 16-102/120 · 아 / 토큰 89 60 / KANJI A210 / 가나다순 223 / 원본 81 41 → 패치 89 60 / D88 raw 0x07A57~0x07A58
1356,DDC9~DDCA,82 9F,패치 슬롯 1031 | 한글 문자 | 가,번역 16-103/120 · 가 / 토큰 82 9F / KANJI 1810 / 가나다순 1 / 원본 83 94 → 패치 82 9F / D88 raw 0x07A59~0x07A5A
1357,DDCB~DDCC,81 40,패치 슬롯 1032 | 전각 공백 | ␠,번역 16-104/120 · ␠ / 토큰 81 40 / PC-88 전각 공백 토큰 / 원본 83 40 → 패치 81 40 / D88 raw 0x07A5B~0x07A5C
1358,DDCD~DDCE,82 D7,패치 슬롯 1033 | 한글 문자 | 널,번역 16-105/120 · 널 / 토큰 82 D7 / KANJI 2990 / 가나다순 61 / 원본 83 8A → 패치 82 D7 / D88 raw 0x07A5D~0x07A5E
1359,DDCF~DDD0,81 40,패치 슬롯 1034 | 전각 공백 | ␠,번역 16-106/120 · ␠ / 토큰 81 40 / PC-88 전각 공백 토큰 / 원본 83 41 → 패치 81 40 / D88 raw 0x07A5F~0x07A60
1360,DDD1~DDD2,88 F0,패치 슬롯 1035 | 한글 문자 | 버,번역 16-107/120 · 버 / 토큰 88 F0 / KANJI E120 / 가나다순 175 / 원본 82 AA → 패치 88 F0 / D88 raw 0x07A61~0x07A62
1361,DDD3~DDD4,88 CD,패치 슬롯 1036 | 한글 문자 | 린,번역 16-108/120 · 린 / 토큰 88 CD / KANJI A0F0 / 가나다순 138 / 원본 82 A8 → 패치 88 CD / D88 raw 0x07A63~0x07A64
1362,DDD5~DDD6,81 40,패치 슬롯 1037 | 전각 공백 | ␠,번역 16-109/120 · ␠ / 토큰 81 40 / PC-88 전각 공백 토큰 / 원본 82 DC → 패치 81 40 / D88 raw 0x07A65~0x07A66
1363,DDD7~DDD8,82 AB,패치 슬롯 1038 | 한글 문자 | 게,번역 16-110/120 · 게 / 토큰 82 AB / KANJI 18D0 / 가나다순 13 / 원본 82 A6 → 패치 82 AB / D88 raw 0x07A67~0x07A68
1364,DDD9,5A,ACT 3 신규 확인 5Ah 계열 / C273 기반 제어 실행,965번 런타임 분석으로 확인된 5Ah 동작 적용; 1바이트·추가 파라미터 없음; C273=0A를 CC00에 전달해 0Ah 처리 루틴 CCC0 호출 / D88 raw 0x07A69
1365,DDDA~DDDB,89 60,패치 슬롯 1039 | 한글 문자 | 아,번역 16-111/120 · 아 / 토큰 89 60 / KANJI A210 / 가나다순 223 / 원본 82 A2 → 패치 89 60 / D88 raw 0x07A6A~0x07A6B
1366,DDDC~DDDD,82 E4,패치 슬롯 1040 | 한글 문자 | 니,번역 16-112/120 · 니 / 토큰 82 E4 / KANJI 3860 / 가나다순 75 / 원본 82 CC → 패치 82 E4 / D88 raw 0x07A6C~0x07A6D
1367,DDDE~DDDF,88 B6,패치 슬롯 1041 | 한글 문자 | 라,번역 16-113/120 · 라 / 토큰 88 B6 / KANJI 6180 / 가나다순 114 / 원본 82 A9 → 패치 88 B6 / D88 raw 0x07A6E~0x07A6F
1368,DDE0~DDE1,81 40,패치 슬롯 1042 | 전각 공백 | ␠,번역 16-114/120 · ␠ / 토큰 81 40 / PC-88 전각 공백 토큰 / 원본 81 48 → 패치 81 40 / D88 raw 0x07A70~0x07A71
1369,DDE2~DDE3,89 E5,패치 슬롯 1043 | 한글 문자 | 할,번역 16-115/120 · 할 / 토큰 89 E5 / KANJI E470 / 가나다순 365 / D88 raw 0x07A72~0x07A73
1370,DDE4~DDE5,81 40,패치 슬롯 1044 | 전각 공백 | ␠,번역 16-116/120 · ␠ / 토큰 81 40 / PC-88 전각 공백 토큰 / D88 raw 0x07A74~0x07A75
1371,DDE6~DDE7,8A 6F,패치 슬롯 1045 | 한글 문자 | 셈,번역 16-117/120 · 셈 / 토큰 8A 6F / KANJI A700 / 가나다순 413 / D88 raw 0x07A76~0x07A77
1372,DDE8~DDE9,89 8D,패치 슬롯 1046 | 한글 문자 | 이,번역 16-118/120 · 이 / 토큰 89 8D / KANJI E2D0 / 가나다순 268 / D88 raw 0x07A78~0x07A79
1373,DDEA~DDEB,82 D5,패치 슬롯 1047 | 한글 문자 | 냐,번역 16-119/120 · 냐 / 토큰 82 D5 / KANJI 2970 / 가나다순 59 / D88 raw 0x07A7A~0x07A7B
1374,DDEC~DDED,81 48,패치 슬롯 1048 | 문장부호 | ？,번역 16-120/120 · ？ / 토큰 81 48 / PC-88 전각 물음표 토큰 / D88 raw 0x07A7C~0x07A7D
1375,DDEE~DDF0,16 6B E3,기존 확인 16h 계열 / 서브스트림 호출·전환 → E36B,16h 호출 → E36B; 복귀 주소 DDF7 / D88 raw 0x07A7E~0x07A80
1376,E36B~E36F,0F 05 49 03 08,서브스트림 실행 / 기존 확인 0Fh 계열 / 제어토큰,인자 05 49 03 08
1377,E370~E372,16 9C E3,서브스트림 실행 / 기존 확인 16h 계열 / 서브스트림 호출·전환 → E39C,16h 중첩 호출 → E39C; 복귀 주소 E373
1378,E39C~E39E,1E 3C 08,서브스트림 실행 / 기존 확인 1Eh 계열 / 간접 CALL,호출 대상 083C
1379,E39F~E3A4,05 16 86 3A 9E 00,서브스트림 실행 / 기존 확인 05h 계열 / 영역·좌표 상태 설정·전개,인자 16 86 3A 9E 00
1380,E3A5~E3A9,0E 16 20 24 80,서브스트림 실행 / 기존 확인 0Eh 계열 / 화면·버퍼 초기화·전개,인자 16 20 24 80
1381,E3AA,17,서브스트림 실행 / 기존 확인 17h 계열 / 서브스트림 복귀,17h 복귀 → E373
1382,E373~E375,13 AB E4,서브스트림 실행 / 기존 확인 13h 계열 / 제어토큰,인자 AB E4
1383,E376~E379,14 00 16 22,서브스트림 실행 / 기존 확인 14h 계열 / 버퍼·영역 처리,인자 00 16 22
1384,E37A~E37D,14 01 3B 00,서브스트림 실행 / 기존 확인 14h 계열 / 버퍼·영역 처리,인자 01 3B 00
1385,E37E~E381,04 83 E5 41,서브스트림 실행 / 기존 확인 04h 계열 / CAA8 슬롯 포인터 설정,E583 포인터를 41h 슬롯에 설정
1386,E382~E385,04 8D E5 42,서브스트림 실행 / 기존 확인 04h 계열 / CAA8 슬롯 포인터 설정,E58D 포인터를 42h 슬롯에 설정
1387,E386~E389,04 97 E5 43,서브스트림 실행 / 기존 확인 04h 계열 / CAA8 슬롯 포인터 설정,E597 포인터를 43h 슬롯에 설정
1388,E38A~E38B,25 2B,서브스트림 실행 / 기존 확인 25h 계열 / CA1D 입 움직임 효과음 인덱스 설정,CA1D=2B
1389,E38C,17,서브스트림 실행 / 기존 확인 17h 계열 / 서브스트림 복귀,17h 복귀 → DDF7
1390,DDF1,42,기존 확인 41~50h 계열 / CAA8[1] 슬롯 실행,슬롯 토큰 42 / D88 raw 0x07A81
1391,DDF2,43,기존 확인 41~50h 계열 / CAA8[2] 슬롯 실행,슬롯 토큰 43 / D88 raw 0x07A82
1392,DDF3~DDF4,82 BD,패치 슬롯 1049 | 한글 문자 | 그,번역 17-001/067 · 그 / 토큰 82 BD / KANJI 19F0 / 가나다순 34 / 원본 82 BB → 패치 82 BD / D88 raw 0x07A83~0x07A84
1393,DDF5~DDF6,81 45,패치 슬롯 1050 | 문장부호 | ・,번역 17-002/067 · ・ / 토큰 81 45 / PC-88 가운데점 토큰 / 원본 82 EA → 패치 81 45 / D88 raw 0x07A85~0x07A86
1394,DDF7~DDF8,81 45,패치 슬롯 1051 | 문장부호 | ・,번역 17-003/067 · ・ / 토큰 81 45 / PC-88 가운데점 토큰 / 원본 82 CD → 패치 81 45 / D88 raw 0x07A87~0x07A88
1395,DDF9~DDFA,81 45,패치 슬롯 1052 | 문장부호 | ・,번역 17-004/067 · ・ / 토큰 81 45 / PC-88 가운데점 토큰 / D88 raw 0x07A89~0x07A8A
1396,DDFB~DDFC,81 40,패치 슬롯 1053 | 전각 공백 | ␠,번역 17-005/067 · ␠ / 토큰 81 40 / PC-88 전각 공백 토큰 / 원본 81 45 → 패치 81 40 / D88 raw 0x07A8B~0x07A8C
1397,DDFD~DDFE,82 BD,패치 슬롯 1054 | 한글 문자 | 그,번역 17-006/067 · 그 / 토큰 82 BD / KANJI 19F0 / 가나다순 34 / 원본 81 45 → 패치 82 BD / D88 raw 0x07A8D~0x07A8E
1398,DDFF~DE00,82 A7,패치 슬롯 1055 | 한글 문자 | 건,번역 17-007/067 · 건 / 토큰 82 A7 / KANJI 1890 / 가나다순 9 / 원본 82 BB → 패치 82 A7 / D88 raw 0x07A8F~0x07A90
1399,DE01~DE02,81 45,패치 슬롯 1056 | 문장부호 | ・,번역 17-008/067 · ・ / 토큰 81 45 / PC-88 가운데점 토큰 / 원본 82 EA → 패치 81 45 / D88 raw 0x07A91~0x07A92
1400,DE03~DE04,81 45,패치 슬롯 1057 | 문장부호 | ・,번역 17-009/067 · ・ / 토큰 81 45 / PC-88 가운데점 토큰 / 원본 82 CD → 패치 81 45 / D88 raw 0x07A93~0x07A94
1401,DE05~DE06,81 45,패치 슬롯 1058 | 문장부호 | ・,번역 17-010/067 · ・ / 토큰 81 45 / PC-88 가운데점 토큰 / D88 raw 0x07A95~0x07A96
1402,DE07~DE08,81 42,패치 슬롯 1059 | 문장부호 | 。,번역 17-011/067 · 。 / 토큰 81 42 / PC-88 전각 마침표 토큰 / 원본 81 45 → 패치 81 42 / D88 raw 0x07A97~0x07A98
1403,DE09,62,기존 확인 61~70h 계열 / CAA8[1] 작업슬롯 비활성화,비활성화 토큰 62 / D88 raw 0x07A99
1404,DE0A~DE0B,1A 00,기존 확인 1Ah 계열 / 제어토큰,파라미터 00 / D88 raw 0x07A9A~0x07A9B
1405,DE0C~DE0D,89 7D,패치 슬롯 1060 | 한글 문자 | 왜,번역 17-012/067 · 왜 / 토큰 89 7D / KANJI A3E0 / 가나다순 253 / 원본 82 C7 → 패치 89 7D / D88 raw 0x07A9C~0x07A9D
1406,DE0E~DE0F,89 A9,패치 슬롯 1061 | 한글 문자 | 죠,번역 17-013/067 · 죠 / 토큰 89 A9 / KANJI 64B0 / 가나다순 299 / 원본 82 A4 → 패치 89 A9 / D88 raw 0x07A9E~0x07A9F
1407,DE10~DE11,81 48,패치 슬롯 1062 | 문장부호 | ？,번역 17-014/067 · ？ / 토큰 81 48 / PC-88 전각 물음표 토큰 / 원본 82 B5 → 패치 81 48 / D88 raw 0x07AA0~0x07AA1
1408,DE12~DE13,81 40,패치 슬롯 1063 | 전각 공백 | ␠,번역 17-015/067 · ␠ / 토큰 81 40 / PC-88 전각 공백 토큰 / D88 raw 0x07AA2~0x07AA3
1409,DE14~DE15,88 E9,패치 슬롯 1064 | 한글 문자 | 바,번역 17-016/067 · 바 / 토큰 88 E9 / KANJI E0B0 / 가나다순 168 / 원본 83 94 → 패치 88 E9 / D88 raw 0x07AA4~0x07AA5
1410,DE16~DE17,88 CC,패치 슬롯 1065 | 한글 문자 | 리,번역 17-017/067 · 리 / 토큰 88 CC / KANJI A0E0 / 가나다순 137 / 원본 83 40 → 패치 88 CC / D88 raw 0x07AA6~0x07AA7
1411,DE18~DE19,89 60,패치 슬롯 1066 | 한글 문자 | 아,번역 17-018/067 · 아 / 토큰 89 60 / KANJI A210 / 가나다순 223 / 원본 83 8A → 패치 89 60 / D88 raw 0x07AA8~0x07AA9
1412,DE1A~DE1B,82 E6,패치 슬롯 1067 | 한글 문자 | 님,번역 17-019/067 · 님 / 토큰 82 E6 / KANJI 3880 / 가나다순 77 / 원본 83 41 → 패치 82 E6 / D88 raw 0x07AAA~0x07AAB
1413,DE1C~DE1D,01 0B,기존 확인 01h 계열 / 하위 제어 래퍼,하위코드 0B / D88 raw 0x07AAC~0x07AAD
1414,DE1E~DE1F,81 41,패치 슬롯 1068 | 문장부호 | 、,번역 17-020/067 · 、 / 토큰 81 41 / PC-88 전각 쉼표 토큰 / D88 raw 0x07AAE~0x07AAF
1415,DE20~DE21,89 7D,패치 슬롯 1069 | 한글 문자 | 왜,번역 17-021/067 · 왜 / 토큰 89 7D / KANJI A3E0 / 가나다순 253 / 원본 82 C7 → 패치 89 7D / D88 raw 0x07AB0~0x07AB1
1416,DE22~DE23,81 40,패치 슬롯 1070 | 전각 공백 | ␠,번역 17-022/067 · ␠ / 토큰 81 40 / PC-88 전각 공백 토큰 / 원본 82 A4 → 패치 81 40 / D88 raw 0x07AB2~0x07AB3
1417,DE24~DE25,89 60,패치 슬롯 1071 | 한글 문자 | 아,번역 17-023/067 · 아 / 토큰 89 60 / KANJI A210 / 가나다순 223 / 원본 82 B5 → 패치 89 60 / D88 raw 0x07AB4~0x07AB5
1418,DE26~DE27,88 E3,패치 슬롯 1072 | 한글 문자 | 무,번역 17-024/067 · 무 / 토큰 88 E3 / KANJI E050 / 가나다순 161 / 원본 82 C4 → 패치 88 E3 / D88 raw 0x07AB6~0x07AB7
1419,DE28~DE29,88 BC,패치 슬롯 1073 | 한글 문자 | 런,번역 17-025/067 · 런 / 토큰 88 BC / KANJI 61E0 / 가나다순 121 / 원본 93 9A → 패치 88 BC / D88 raw 0x07AB8~0x07AB9
1420,DE2A~DE2B,81 40,패치 슬롯 1074 | 전각 공백 | ␠,번역 17-026/067 · ␠ / 토큰 81 40 / PC-88 전각 공백 토큰 / 원본 82 A6 → 패치 81 40 / D88 raw 0x07ABA~0x07ABB
1421,DE2C~DE2D,8A 79,패치 슬롯 1075 | 한글 문자 | 응,번역 17-027/067 · 응 / 토큰 8A 79 / KANJI A7A0 / 가나다순 423 / 원본 82 C4 → 패치 8A 79 / D88 raw 0x07ABC~0x07ABD
1422,DE2E~DE2F,8A 41,패치 슬롯 1076 | 한글 문자 | 답,번역 17-028/067 · 답 / 토큰 8A 41 / KANJI 6620 / 가나다순 82 / 원본 89 BA → 패치 8A 41 / D88 raw 0x07ABE~0x07ABF
1423,DE30~DE31,82 F1,패치 슬롯 1077 | 한글 문자 | 도,번역 17-029/067 · 도 / 토큰 82 F1 / KANJI 3930 / 가나다순 89 / 원본 82 B3 → 패치 82 F1 / D88 raw 0x07AC0~0x07AC1
1424,DE32~DE33,81 40,패치 슬롯 1078 | 전각 공백 | ␠,번역 17-030/067 · ␠ / 토큰 81 40 / PC-88 전각 공백 토큰 / 원본 82 E7 → 패치 81 40 / D88 raw 0x07AC2~0x07AC3
1425,DE34~DE35,89 E2,패치 슬롯 1079 | 한글 문자 | 하,번역 17-031/067 · 하 / 토큰 89 E2 / KANJI E440 / 가나다순 362 / D88 raw 0x07AC4~0x07AC5
1426,DE36~DE37,89 B3,패치 슬롯 1080 | 한글 문자 | 지,번역 17-032/067 · 지 / 토큰 89 B3 / KANJI 6550 / 가나다순 309 / D88 raw 0x07AC6~0x07AC7
1427,DE38~DE39,81 40,패치 슬롯 1081 | 전각 공백 | ␠,번역 17-033/067 · ␠ / 토큰 81 40 / PC-88 전각 공백 토큰 / D88 raw 0x07AC8~0x07AC9
1428,DE3A~DE3B,89 64,패치 슬롯 1082 | 한글 문자 | 않,번역 17-034/067 · 않 / 토큰 89 64 / KANJI A250 / 가나다순 227 / D88 raw 0x07ACA~0x07ACB
1429,DE3C~DE3D,82 CE,패치 슬롯 1083 | 한글 문자 | 나,번역 17-035/067 · 나 / 토큰 82 CE / KANJI 2900 / 가나다순 52 / 원본 82 A2 → 패치 82 CE / D88 raw 0x07ACC~0x07ACD
1430,DE3E~DE3F,89 80,패치 슬롯 1084 | 한글 문자 | 요,번역 17-036/067 · 요 / 토큰 89 80 / KANJI E200 / 가나다순 255 / 원본 82 CC → 패치 89 80 / D88 raw 0x07ACE~0x07ACF
1431,DE40~DE41,81 48,패치 슬롯 1085 | 문장부호 | ？,번역 17-037/067 · ？ / 토큰 81 48 / PC-88 전각 물음표 토큰 / D88 raw 0x07AD0~0x07AD1
1432,DE42~DE43,81 40,패치 슬롯 1086 | 전각 공백 | ␠,번역 17-038/067 · ␠ / 토큰 81 40 / PC-88 전각 공백 토큰 / D88 raw 0x07AD2~0x07AD3
1433,DE44~DE45,01 0C,기존 확인 01h 계열 / 하위 제어 래퍼,하위코드 0C / D88 raw 0x07AD4~0x07AD5
1434,DE46~DE47,89 4C,패치 슬롯 1087 | 한글 문자 | 설,번역 17-039/067 · 설 / 토큰 89 4C / KANJI 62D0 / 가나다순 200 / 원본 82 DC → 패치 89 4C / D88 raw 0x07AD6~0x07AD7
1435,DE48~DE49,88 D1,패치 슬롯 1088 | 한글 문자 | 마,번역 17-040/067 · 마 / 토큰 88 D1 / KANJI A130 / 가나다순 142 / 원본 82 B3 → 패치 88 D1 / D88 raw 0x07AD8~0x07AD9
1436,DE4A~DE4B,81 41,패치 슬롯 1089 | 문장부호 | 、,번역 17-041/067 · 、 / 토큰 81 41 / PC-88 전각 쉼표 토큰 / D88 raw 0x07ADA~0x07ADB
1437,DE4C~DE4D,88 DA,패치 슬롯 1090 | 한글 문자 | 메,번역 17-042/067 · 메 / 토큰 88 DA / KANJI A1C0 / 가나다순 152 / 원본 83 81 → 패치 88 DA / D88 raw 0x07ADC~0x07ADD
1438,DE4E~DE4F,82 9F,패치 슬롯 1091 | 한글 문자 | 가,번역 17-043/067 · 가 / 토큰 82 9F / KANJI 1810 / 가나다순 1 / 원본 83 4B → 패치 82 9F / D88 raw 0x07ADE~0x07ADF
1439,DE50~DE51,89 56,패치 슬롯 1092 | 한글 문자 | 스,번역 17-044/067 · 스 / 토큰 89 56 / KANJI 6370 / 가나다순 211 / 원본 83 58 → 패치 89 56 / D88 raw 0x07AE0~0x07AE1
1440,DE52~DE53,89 8C,패치 슬롯 1093 | 한글 문자 | 의,번역 17-045/067 · 의 / 토큰 89 8C / KANJI E2C0 / 가나다순 267 / 원본 82 CC → 패치 89 8C / D88 raw 0x07AE2~0x07AE3
1441,DE54~DE55,81 40,패치 슬롯 1094 | 전각 공백 | ␠,번역 17-046/067 · ␠ / 토큰 81 40 / PC-88 전각 공백 토큰 / 원본 8C BE → 패치 81 40 / D88 raw 0x07AE4~0x07AE5
1442,DE56~DE57,88 D3,패치 슬롯 1095 | 한글 문자 | 말,번역 17-047/067 · 말 / 토큰 88 D3 / KANJI A150 / 가나다순 145 / 원본 82 A4 → 패치 88 D3 / D88 raw 0x07AE6~0x07AE7
1443,DE58~DE59,89 8D,패치 슬롯 1096 | 한글 문자 | 이,번역 17-048/067 · 이 / 토큰 89 8D / KANJI E2D0 / 가나다순 268 / 원본 82 B1 → 패치 89 8D / D88 raw 0x07AE8~0x07AE9
1444,DE5A~DE5B,81 40,패치 슬롯 1097 | 전각 공백 | ␠,번역 17-049/067 · ␠ / 토큰 81 40 / PC-88 전각 공백 토큰 / 원본 82 C6 → 패치 81 40 / D88 raw 0x07AEA~0x07AEB
1445,DE5C~DE5D,89 B4,패치 슬롯 1098 | 한글 문자 | 진,번역 17-050/067 · 진 / 토큰 89 B4 / KANJI 6560 / 가나다순 311 / 원본 82 CD → 패치 89 B4 / D88 raw 0x07AEC~0x07AED
1446,DE5E~DE5F,89 5C,패치 슬롯 1099 | 한글 문자 | 실,번역 17-051/067 · 실 / 토큰 89 5C / KANJI 63D0 / 가나다순 217 / 원본 96 7B → 패치 89 5C / D88 raw 0x07AEE~0x07AEF
1447,DE60~DE61,89 8E,패치 슬롯 1100 | 한글 문자 | 인,번역 17-052/067 · 인 / 토큰 89 8E / KANJI E2E0 / 가나다순 270 / 원본 93 96 → 패치 89 8E / D88 raw 0x07AF0~0x07AF1
1448,DE62~DE63,81 40,패치 슬롯 1101 | 전각 공백 | ␠,번역 17-053/067 · ␠ / 토큰 81 40 / PC-88 전각 공백 토큰 / 원본 82 C8 → 패치 81 40 / D88 raw 0x07AF2~0x07AF3
1449,DE64~DE65,82 A7,패치 슬롯 1102 | 한글 문자 | 건,번역 17-054/067 · 건 / 토큰 82 A7 / KANJI 1890 / 가나다순 9 / 원본 82 CC → 패치 82 A7 / D88 raw 0x07AF4~0x07AF5
1450,DE66~DE67,82 9F,패치 슬롯 1103 | 한글 문자 | 가,번역 17-055/067 · 가 / 토큰 82 9F / KANJI 1810 / 가나다순 1 / 원본 82 C5 → 패치 82 9F / D88 raw 0x07AF6~0x07AF7
1451,DE68~DE69,89 80,패치 슬롯 1104 | 한글 문자 | 요,번역 17-056/067 · 요 / 토큰 89 80 / KANJI E200 / 가나다순 255 / 원본 82 B7 → 패치 89 80 / D88 raw 0x07AF8~0x07AF9
1452,DE6A~DE6B,81 48,패치 슬롯 1105 | 문장부호 | ？,번역 17-057/067 · ？ / 토큰 81 48 / PC-88 전각 물음표 토큰 / 원본 82 A9 → 패치 81 48 / D88 raw 0x07AFA~0x07AFB
1453,DE6C~DE6D,81 40,패치 슬롯 1106 | 전각 공백 | ␠,번역 17-058/067 · ␠ / 토큰 81 40 / PC-88 전각 공백 토큰 / D88 raw 0x07AFC~0x07AFD
1454,DE6E~DE6F,82 BD,패치 슬롯 1107 | 한글 문자 | 그,번역 17-059/067 · 그 / 토큰 82 BD / KANJI 19F0 / 가나다순 34 / 원본 82 A0 → 패치 82 BD / D88 raw 0x07AFE~0x07AFF
1455,DE70~DE71,88 BD,패치 슬롯 1108 | 한글 문자 | 럴,번역 17-060/067 · 럴 / 토큰 88 BD / KANJI 61F0 / 가나다순 122 / 원본 81 41 → 패치 88 BD / D88 raw 0x07B00~0x07B01
1456,DE72~DE73,81 40,패치 슬롯 1109 | 전각 공백 | ␠,번역 17-061/067 · ␠ / 토큰 81 40 / PC-88 전각 공백 토큰 / 원본 82 BB → 패치 81 40 / D88 raw 0x07B02~0x07B03
1457,DE74~DE75,89 54,패치 슬롯 1110 | 한글 문자 | 수,번역 17-062/067 · 수 / 토큰 89 54 / KANJI 6350 / 가나다순 208 / 원본 82 F1 → 패치 89 54 / D88 raw 0x07B04~0x07B05
1458,DE76~DE77,82 9F,패치 슬롯 1111 | 한글 문자 | 가,번역 17-063/067 · 가 / 토큰 82 9F / KANJI 1810 / 가나다순 1 / 원본 82 C8 → 패치 82 9F / D88 raw 0x07B06~0x07B07
1459,DE78~DE79,01 0C,기존 확인 01h 계열 / 하위 제어 래퍼,하위코드 0C / D88 raw 0x07B08~0x07B09
1460,DE7A~DE7C,1E 40 A4,기존 확인 1Eh 계열 / 간접 CALL,호출 대상 A440 / D88 raw 0x07B0A~0x07B0C
1461,DE7D~DE7E,81 45,패치 슬롯 1112 | 문장부호 | ・,번역 17-064/067 · ・ / 토큰 81 45 / PC-88 가운데점 토큰 / D88 raw 0x07B0D~0x07B0E
1462,DE7F~DE80,81 45,패치 슬롯 1113 | 문장부호 | ・,번역 17-065/067 · ・ / 토큰 81 45 / PC-88 가운데점 토큰 / D88 raw 0x07B0F~0x07B10
1463,DE81~DE82,81 45,패치 슬롯 1114 | 문장부호 | ・,번역 17-066/067 · ・ / 토큰 81 45 / PC-88 가운데점 토큰 / D88 raw 0x07B11~0x07B12
1464,DE83~DE84,81 49,패치 슬롯 1115 | 문장부호 | ！,번역 17-067/067 · ！ / 토큰 81 49 / PC-88 전각 느낌표 토큰 / D88 raw 0x07B13~0x07B14
1465,DE85,61,기존 확인 61~70h 계열 / CAA8[0] 작업슬롯 비활성화,비활성화 토큰 61 / D88 raw 0x07B15
1466,DE86~DE90,1F 05 4C 04 02 02 4D 04 02 00 88,기존 확인 1Fh 계열 / 그래픽·전송 제어,길이 11바이트; 인자 05 4C 04 02 02 4D 04 02 00 88; QUASI88 READ DE9C 및 최종 HL=DEA7로 11바이트 종료 확인 / D88 raw 0x07B16~0x07B20
1467,DE91~DE92,1A FF,기존 확인 1Ah 계열 / 제어토큰,파라미터 FF; QUASI88에서 1Fh 종료 뒤 별도 2바이트 토큰 경계 확인 / D88 raw 0x07B21~0x07B22
1468,DE93~DE95,16 0C E2,기존 확인 16h 계열 / 서브스트림 호출·전환 → E20C,16h 호출 → E20C; 복귀 주소 DEAC / D88 raw 0x07B23~0x07B25
1469,E20C~E210,0F 01 2F 03 10,서브스트림 실행 / 기존 확인 0Fh 계열 / 제어토큰,인자 01 2F 03 10
1470,E211~E213,1E 3C 08,서브스트림 실행 / 기존 확인 1Eh 계열 / 간접 CALL,호출 대상 083C
1471,E214~E216,16 4C E2,서브스트림 실행 / 기존 확인 16h 계열 / 서브스트림 호출·전환 → E24C,16h 중첩 호출 → E24C; 복귀 주소 E217
1472,E24C~E251,05 04 86 4C 9E 00,서브스트림 실행 / 기존 확인 05h 계열 / 영역·좌표 상태 설정·전개,인자 04 86 4C 9E 00
1473,E252,17,서브스트림 실행 / 기존 확인 17h 계열 / 서브스트림 복귀,17h 복귀 → E217
1474,E217~E21B,0E 04 20 48 80,서브스트림 실행 / 기존 확인 0Eh 계열 / 화면·버퍼 초기화·전개,인자 04 20 48 80
1475,E21C~E21F,14 00 04 22,서브스트림 실행 / 기존 확인 14h 계열 / 버퍼·영역 처리,인자 00 04 22
1476,E220~E223,14 01 00 00,서브스트림 실행 / 기존 확인 14h 계열 / 버퍼·영역 처리,인자 01 00 00
1477,E224~E227,04 C5 E4 41,서브스트림 실행 / 기존 확인 04h 계열 / CAA8 슬롯 포인터 설정,E4C5 포인터를 41h 슬롯에 설정
1478,E228~E22B,04 CF E4 42,서브스트림 실행 / 기존 확인 04h 계열 / CAA8 슬롯 포인터 설정,E4CF 포인터를 42h 슬롯에 설정
1479,E22C~E22F,04 D9 E4 43,서브스트림 실행 / 기존 확인 04h 계열 / CAA8 슬롯 포인터 설정,E4D9 포인터를 43h 슬롯에 설정
1480,E230~E233,04 E3 E4 44,서브스트림 실행 / 기존 확인 04h 계열 / CAA8 슬롯 포인터 설정,E4E3 포인터를 44h 슬롯에 설정
1481,E234~E237,04 ED E4 45,서브스트림 실행 / 기존 확인 04h 계열 / CAA8 슬롯 포인터 설정,E4ED 포인터를 45h 슬롯에 설정
1482,E238~E23B,04 F7 E4 46,서브스트림 실행 / 기존 확인 04h 계열 / CAA8 슬롯 포인터 설정,E4F7 포인터를 46h 슬롯에 설정
1483,E23C~E23F,04 01 E5 47,서브스트림 실행 / 기존 확인 04h 계열 / CAA8 슬롯 포인터 설정,E501 포인터를 47h 슬롯에 설정
1484,E240~E243,04 0B E5 48,서브스트림 실행 / 기존 확인 04h 계열 / CAA8 슬롯 포인터 설정,E50B 포인터를 48h 슬롯에 설정
1485,E244~E247,04 15 E5 49,서브스트림 실행 / 기존 확인 04h 계열 / CAA8 슬롯 포인터 설정,E515 포인터를 49h 슬롯에 설정
1486,E248~E24A,13 AB E3,서브스트림 실행 / 기존 확인 13h 계열 / 제어토큰,인자 AB E3
1487,E24B,17,서브스트림 실행 / 기존 확인 17h 계열 / 서브스트림 복귀,17h 복귀 → DEAC
1488,DE96~DE97,25 2E,기존 확인 25h 계열 / CA1D 입 움직임 효과음 인덱스 설정,CA1D=2E / D88 raw 0x07B26~0x07B27
1489,DE98~DE9A,1E 16 A4,기존 확인 1Eh 계열 / 간접 CALL,호출 대상 A416 / D88 raw 0x07B28~0x07B2A
1490,DE9B,42,기존 확인 41~50h 계열 / CAA8[1] 슬롯 실행,슬롯 토큰 42 / D88 raw 0x07B2B
1491,DE9C,48,기존 확인 41~50h 계열 / CAA8[7] 슬롯 실행,슬롯 토큰 48 / D88 raw 0x07B2C
1492,DE9D~DE9E,89 60,패치 슬롯 1116 | 한글 문자 | 아,번역 18-001/053 · 아 / 토큰 89 60 / KANJI A210 / 가나다순 223 / 원본 82 A0 → 패치 89 60 / D88 raw 0x07B2D~0x07B2E
1493,DE9F~DEA0,89 60,패치 슬롯 1117 | 한글 문자 | 아,번역 18-002/053 · 아 / 토큰 89 60 / KANJI A210 / 가나다순 223 / 원본 82 A0 → 패치 89 60 / D88 raw 0x07B2F~0x07B30
1494,DEA1~DEA2,81 41,패치 슬롯 1118 | 문장부호 | 、,번역 18-003/053 · 、 / 토큰 81 41 / PC-88 전각 쉼표 토큰 / D88 raw 0x07B31~0x07B32
1495,DEA3~DEA4,88 FC,패치 슬롯 1119 | 한글 문자 | 불,번역 18-004/053 · 불 / 토큰 88 FC / KANJI E1E0 / 가나다순 187 / 원본 97 44 → 패치 88 FC / D88 raw 0x07B33~0x07B34
1496,DEA5~DEA6,8A 70,패치 슬롯 1120 | 한글 문자 | 쌍,번역 18-005/053 · 쌍 / 토큰 8A 70 / KANJI A710 / 가나다순 414 / 원본 8E 71 → 패치 8A 70 / D88 raw 0x07B35~0x07B36
1497,DEA7~DEA8,89 E4,패치 슬롯 1121 | 한글 문자 | 한,번역 18-006/053 · 한 / 토큰 89 E4 / KANJI E460 / 가나다순 364 / 원본 81 49 → 패치 89 E4 / D88 raw 0x07B37~0x07B38
1498,DEA9~DEAA,81 40,패치 슬롯 1122 | 전각 공백 | ␠,번역 18-007/053 · ␠ / 토큰 81 40 / PC-88 전각 공백 토큰 / D88 raw 0x07B39~0x07B3A
1499,DEAB~DEAC,89 86,패치 슬롯 1123 | 한글 문자 | 유,번역 18-008/053 · 유 / 토큰 89 86 / KANJI E260 / 가나다순 261 / 원본 82 A9 → 패치 89 86 / D88 raw 0x07B3B~0x07B3C
1500,DEAD~DEAE,89 C5,패치 슬롯 1124 | 한글 문자 | 코,번역 18-009/053 · 코 / 토큰 89 C5 / KANJI A470 / 가나다순 331 / 원본 82 ED → 패치 89 C5 / D88 raw 0x07B3D~0x07B3E
1501,DEAF~DEB0,81 49,패치 슬롯 1125 | 문장부호 | ！,번역 18-010/053 · ！ / 토큰 81 49 / PC-88 전각 느낌표 토큰 / 원본 82 A2 → 패치 81 49 / D88 raw 0x07B3F~0x07B40
1502,DEB1~DEB2,81 40,패치 슬롯 1126 | 전각 공백 | ␠,번역 18-011/053 · ␠ / 토큰 81 40 / PC-88 전각 공백 토큰 / 원본 82 BB → 패치 81 40 / D88 raw 0x07B41~0x07B42
1503,DEB3~DEB4,88 DA,패치 슬롯 1127 | 한글 문자 | 메,번역 18-012/053 · 메 / 토큰 88 DA / KANJI A1C0 / 가나다순 152 / 원본 82 A4 → 패치 88 DA / D88 raw 0x07B43~0x07B44
1504,DEB5~DEB6,82 9F,패치 슬롯 1128 | 한글 문자 | 가,번역 18-013/053 · 가 / 토큰 82 9F / KANJI 1810 / 가나다순 1 / 원본 82 C8 → 패치 82 9F / D88 raw 0x07B45~0x07B46
1505,DEB7~DEB8,89 56,패치 슬롯 1129 | 한글 문자 | 스,번역 18-014/053 · 스 / 토큰 89 56 / KANJI 6370 / 가나다순 211 / 원본 97 44 → 패치 89 56 / D88 raw 0x07B47~0x07B48
1506,DEB9~DEBA,89 8C,패치 슬롯 1130 | 한글 문자 | 의,번역 18-015/053 · 의 / 토큰 89 8C / KANJI E2C0 / 가나다순 267 / 원본 8E 71 → 패치 89 8C / D88 raw 0x07B49~0x07B4A
1507,DEBB~DEBC,81 40,패치 슬롯 1131 | 전각 공백 | ␠,번역 18-016/053 · ␠ / 토큰 81 40 / PC-88 전각 공백 토큰 / 원본 81 49 → 패치 81 40 / D88 raw 0x07B4B~0x07B4C
1508,DEBD~DEBE,89 95,패치 슬롯 1132 | 한글 문자 | 잔,번역 18-017/053 · 잔 / 토큰 89 95 / KANJI E350 / 가나다순 279 / 원본 81 40 → 패치 89 95 / D88 raw 0x07B4D~0x07B4E
1509,DEBF~DEC0,89 F1,패치 슬롯 1133 | 한글 문자 | 혹,번역 18-018/053 · 혹 / 토큰 89 F1 / KANJI E530 / 가나다순 379 / 원본 83 81 → 패치 89 F1 / D88 raw 0x07B4F~0x07B50
1510,DEC1~DEC2,89 E4,패치 슬롯 1134 | 한글 문자 | 한,번역 18-019/053 · 한 / 토큰 89 E4 / KANJI E460 / 가나다순 364 / 원본 83 4B → 패치 89 E4 / D88 raw 0x07B51~0x07B52
1511,DEC3~DEC4,81 40,패치 슬롯 1135 | 전각 공백 | ␠,번역 18-020/053 · ␠ / 토큰 81 40 / PC-88 전각 공백 토큰 / 원본 83 58 → 패치 81 40 / D88 raw 0x07B53~0x07B54
1512,DEC5~DEC6,82 A1,패치 슬롯 1136 | 한글 문자 | 간,번역 18-021/053 · 간 / 토큰 82 A1 / KANJI 1830 / 가나다순 3 / 원본 82 CC → 패치 82 A1 / D88 raw 0x07B55~0x07B56
1513,DEC7~DEC8,82 B0,패치 슬롯 1137 | 한글 문자 | 계,번역 18-022/053 · 계 / 토큰 82 B0 / KANJI 1920 / 가나다순 20 / 원본 8E 63 → 패치 82 B0 / D88 raw 0x07B57~0x07B58
1514,DEC9~DECA,89 70,패치 슬롯 1138 | 한글 문자 | 에,번역 18-023/053 · 에 / 토큰 89 70 / KANJI A310 / 가나다순 239 / 원본 94 45 → 패치 89 70 / D88 raw 0x07B59~0x07B5A
1515,DECB~DECC,81 40,패치 슬롯 1139 | 전각 공백 | ␠,번역 18-024/053 · ␠ / 토큰 81 40 / PC-88 전각 공백 토큰 / 원본 82 C8 → 패치 81 40 / D88 raw 0x07B5B~0x07B5C
1516,DECD~DECE,8A 65,패치 슬롯 1140 | 한글 문자 | 농,번역 18-025/053 · 농 / 토큰 8A 65 / KANJI A660 / 가나다순 403 / 원본 90 53 → 패치 8A 65 / D88 raw 0x07B5D~0x07B5E
1517,DECF~DED0,8A 6A,패치 슬롯 1141 | 한글 문자 | 락,번역 18-026/053 · 락 / 토큰 8A 6A / KANJI A6B0 / 가나다순 408 / 원본 82 C9 → 패치 8A 6A / D88 raw 0x07B5F~0x07B60
1518,DED1~DED2,82 EB,패치 슬롯 1142 | 한글 문자 | 당,번역 18-027/053 · 당 / 토큰 82 EB / KANJI 38D0 / 가나다순 83 / 원본 82 E0 → 패치 82 EB / D88 raw 0x07B61~0x07B62
1519,DED3~DED4,89 E2,패치 슬롯 1143 | 한글 문자 | 하,번역 18-028/053 · 하 / 토큰 89 E2 / KANJI E440 / 가나다순 362 / 원본 82 C4 → 패치 89 E2 / D88 raw 0x07B63~0x07B64
1520,DED5~DED6,82 B1,패치 슬롯 1144 | 한글 문자 | 고,번역 18-029/053 · 고 / 토큰 82 B1 / KANJI 1930 / 가나다순 21 / 원본 82 A0 → 패치 82 B1 / D88 raw 0x07B65~0x07B66
1521,DED7~DED8,81 40,패치 슬롯 1145 | 전각 공백 | ␠,번역 18-030/053 · ␠ / 토큰 81 40 / PC-88 전각 공백 토큰 / 원본 82 BB → 패치 81 40 / D88 raw 0x07B67~0x07B68
1522,DED9~DEDA,89 92,패치 슬롯 1146 | 한글 문자 | 있,번역 18-031/053 · 있 / 토큰 89 92 / KANJI E320 / 가나다순 276 / 원본 82 CE → 패치 89 92 / D88 raw 0x07B69~0x07B6A
1523,DEDB~DEDC,82 E7,패치 슬롯 1147 | 한글 문자 | 다,번역 18-032/053 · 다 / 토큰 82 E7 / KANJI 3890 / 가나다순 78 / 원본 82 EA → 패치 82 E7 / D88 raw 0x07B6B~0x07B6C
1524,DEDD~DEDE,82 E4,패치 슬롯 1148 | 한글 문자 | 니,번역 18-033/053 · 니 / 토큰 82 E4 / KANJI 3860 / 가나다순 75 / 원본 82 C4 → 패치 82 E4 / D88 raw 0x07B6D~0x07B6E
1525,DEDF~DEE0,81 49,패치 슬롯 1149 | 문장부호 | ！,번역 18-034/053 · ！ / 토큰 81 49 / PC-88 전각 느낌표 토큰 / 원본 82 A2 → 패치 81 49 / D88 raw 0x07B6F~0x07B70
1526,DEE1~DEE2,81 40,패치 슬롯 1150 | 전각 공백 | ␠,번역 18-035/053 · ␠ / 토큰 81 40 / PC-88 전각 공백 토큰 / D88 raw 0x07B71~0x07B72
1527,DEE3,45,기존 확인 41~50h 계열 / CAA8[4] 슬롯 실행,슬롯 토큰 45 / D88 raw 0x07B73
1528,DEE4~DEE5,89 60,패치 슬롯 1151 | 한글 문자 | 아,번역 18-036/053 · 아 / 토큰 89 60 / KANJI A210 / 가나다순 223 / 원본 82 A8 → 패치 89 60 / D88 raw 0x07B74~0x07B75
1529,DEE6~DEE7,8A 4D,패치 슬롯 1152 | 한글 문자 | 직,번역 18-037/053 · 직 / 토큰 8A 4D / KANJI 66E0 / 가나다순 310 / 원본 82 DC → 패치 8A 4D / D88 raw 0x07B76~0x07B77
1530,DEE8~DEE9,82 F1,패치 슬롯 1153 | 한글 문자 | 도,번역 18-038/053 · 도 / 토큰 82 F1 / KANJI 3930 / 가나다순 89 / 원본 82 A6 → 패치 82 F1 / D88 raw 0x07B78~0x07B79
1531,DEEA~DEEB,81 40,패치 슬롯 1154 | 전각 공백 | ␠,번역 18-039/053 · ␠ / 토큰 81 40 / PC-88 전각 공백 토큰 / 원본 82 BD → 패치 81 40 / D88 raw 0x07B7A~0x07B7B
1532,DEEC~DEED,89 A3,패치 슬롯 1155 | 한글 문자 | 조,번역 18-040/053 · 조 / 토큰 89 A3 / KANJI 6450 / 가나다순 293 / 원본 82 BF → 패치 89 A3 / D88 raw 0x07B7C~0x07B7D
1533,DEEE~DEEF,89 A0,패치 슬롯 1156 | 한글 문자 | 정,번역 18-041/053 · 정 / 토큰 89 A0 / KANJI 6420 / 가나다순 290 / 원본 81 41 → 패치 89 A0 / D88 raw 0x07B7E~0x07B7F
1534,DEF0~DEF1,89 8D,패치 슬롯 1157 | 한글 문자 | 이,번역 18-042/053 · 이 / 토큰 89 8D / KANJI E2D0 / 가나다순 268 / 원본 8F 80 → 패치 89 8D / D88 raw 0x07B80~0x07B81
1535,DEF2~DEF3,81 40,패치 슬롯 1158 | 전각 공백 | ␠,번역 18-043/053 · ␠ / 토큰 81 40 / PC-88 전각 공백 토큰 / 원본 94 F5 → 패치 81 40 / D88 raw 0x07B82~0x07B83
1536,DEF4~DEF5,82 CC,패치 슬롯 1159 | 한글 문자 | 끝,번역 18-044/053 · 끝 / 토큰 82 CC / KANJI 28E0 / 가나다순 50 / 원본 82 CD → 패치 82 CC / D88 raw 0x07B84~0x07B85
1537,DEF6~DEF7,82 CE,패치 슬롯 1160 | 한글 문자 | 나,번역 18-045/053 · 나 / 토큰 82 CE / KANJI 2900 / 가나다순 52 / 원본 82 DC → 패치 82 CE / D88 raw 0x07B86~0x07B87
1538,DEF8~DEF9,89 B3,패치 슬롯 1161 | 한글 문자 | 지,번역 18-046/053 · 지 / 토큰 89 B3 / KANJI 6550 / 가나다순 309 / 원본 82 BE → 패치 89 B3 / D88 raw 0x07B88~0x07B89
1539,DEFA~DEFB,81 40,패치 슬롯 1162 | 전각 공백 | ␠,번역 18-047/053 · ␠ / 토큰 81 40 / PC-88 전각 공백 토큰 / 원본 82 C8 → 패치 81 40 / D88 raw 0x07B8A~0x07B8B
1540,DEFC~DEFD,89 64,패치 슬롯 1163 | 한글 문자 | 않,번역 18-048/053 · 않 / 토큰 89 64 / KANJI A250 / 가나다순 227 / 원본 82 CC → 패치 89 64 / D88 raw 0x07B8C~0x07B8D
1541,DEFE~DEFF,89 68,패치 슬롯 1164 | 한글 문자 | 았,번역 18-049/053 · 았 / 토큰 89 68 / KANJI A290 / 가나다순 231 / 원본 82 C5 → 패치 89 68 / D88 raw 0x07B8E~0x07B8F
1542,DF00~DF01,82 CE,패치 슬롯 1165 | 한글 문자 | 나,번역 18-050/053 · 나 / 토큰 82 CE / KANJI 2900 / 가나다순 52 / 원본 82 B7 → 패치 82 CE / D88 raw 0x07B90~0x07B91
1543,DF02~DF03,89 80,패치 슬롯 1166 | 한글 문자 | 요,번역 18-051/053 · 요 / 토큰 89 80 / KANJI E200 / 가나다순 255 / 원본 82 A9 → 패치 89 80 / D88 raw 0x07B92~0x07B93
1544,DF04~DF05,81 49,패치 슬롯 1167 | 문장부호 | ！,번역 18-052/053 · ！ / 토큰 81 49 / PC-88 전각 느낌표 토큰 / D88 raw 0x07B94~0x07B95
1545,DF06~DF07,81 40,패치 슬롯 1168 | 전각 공백 | ␠,번역 18-053/053 · ␠ / 토큰 81 40 / PC-88 전각 공백 토큰 / D88 raw 0x07B96~0x07B97
1546,DF08,62,기존 확인 61~70h 계열 / CAA8[1] 작업슬롯 비활성화,비활성화 토큰 62 / D88 raw 0x07B98
1547,DF09~DF0B,16 4C E2,기존 확인 16h 계열 / 서브스트림 호출·전환 → E24C,16h 호출 → E24C; 복귀 주소 DF24 / D88 raw 0x07B99~0x07B9B
1548,E24C~E251,05 04 86 4C 9E 00,서브스트림 실행 / 기존 확인 05h 계열 / 영역·좌표 상태 설정·전개,인자 04 86 4C 9E 00
1549,E252,17,서브스트림 실행 / 기존 확인 17h 계열 / 서브스트림 복귀,17h 복귀 → DF24
1550,DF0C~DF0D,25 2C,기존 확인 25h 계열 / CA1D 입 움직임 효과음 인덱스 설정,CA1D=2C / D88 raw 0x07B9C~0x07B9D
1551,DF0E,41,기존 확인 41~50h 계열 / CAA8[0] 슬롯 실행,슬롯 토큰 41 / D88 raw 0x07B9E
1552,DF0F~DF10,88 E9,패치 슬롯 1169 | 한글 문자 | 바,번역 19-001/023 · 바 / 토큰 88 E9 / KANJI E0B0 / 가나다순 168 / 원본 83 94 → 패치 88 E9 / D88 raw 0x07B9F~0x07BA0
1553,DF11~DF12,88 CC,패치 슬롯 1170 | 한글 문자 | 리,번역 19-002/023 · 리 / 토큰 88 CC / KANJI A0E0 / 가나다순 137 / 원본 83 40 → 패치 88 CC / D88 raw 0x07BA1~0x07BA2
1554,DF13~DF14,89 60,패치 슬롯 1171 | 한글 문자 | 아,번역 19-003/023 · 아 / 토큰 89 60 / KANJI A210 / 가나다순 223 / 원본 83 8A → 패치 89 60 / D88 raw 0x07BA3~0x07BA4
1555,DF15~DF16,82 E6,패치 슬롯 1172 | 한글 문자 | 님,번역 19-004/023 · 님 / 토큰 82 E6 / KANJI 3880 / 가나다순 77 / 원본 83 41 → 패치 82 E6 / D88 raw 0x07BA5~0x07BA6
1556,DF17~DF18,81 41,패치 슬롯 1173 | 문장부호 | 、,번역 19-005/023 · 、 / 토큰 81 41 / PC-88 전각 쉼표 토큰 / 원본 97 6C → 패치 81 41 / D88 raw 0x07BA7~0x07BA8
1557,DF19~DF1A,88 FA,패치 슬롯 1174 | 한글 문자 | 부,번역 19-006/023 · 부 / 토큰 88 FA / KANJI E1C0 / 가나다순 185 / 원본 81 41 → 패치 88 FA / D88 raw 0x07BA9~0x07BAA
1558,DF1B~DF1C,88 AB,패치 슬롯 1175 | 한글 문자 | 디,번역 19-007/023 · 디 / 토큰 88 AB / KANJI 60D0 / 가나다순 103 / 원본 8D A1 → 패치 88 AB / D88 raw 0x07BAB~0x07BAC
1559,DF1D~DF1E,81 40,패치 슬롯 1176 | 전각 공백 | ␠,번역 19-008/023 · ␠ / 토큰 81 40 / PC-88 전각 공백 토큰 / 원본 82 B5 → 패치 81 40 / D88 raw 0x07BAD~0x07BAE
1560,DF1F~DF20,89 A3,패치 슬롯 1177 | 한글 문자 | 조,번역 19-009/023 · 조 / 토큰 89 A3 / KANJI 6450 / 가나다순 293 / 원본 82 CE → 패치 89 A3 / D88 raw 0x07BAF~0x07BB0
1561,DF21~DF22,82 BF,패치 슬롯 1178 | 한글 문자 | 금,번역 19-010/023 · 금 / 토큰 82 BF / KANJI 2810 / 가나다순 37 / 원본 82 E7 → 패치 82 BF / D88 raw 0x07BB1~0x07BB2
1562,DF23~DF24,88 D2,패치 슬롯 1179 | 한글 문자 | 만,번역 19-011/023 · 만 / 토큰 88 D2 / KANJI A140 / 가나다순 144 / 원본 82 AD → 패치 88 D2 / D88 raw 0x07BB3~0x07BB4
1563,DF25~DF26,81 40,패치 슬롯 1180 | 전각 공백 | ␠,번역 19-012/023 · ␠ / 토큰 81 40 / PC-88 전각 공백 토큰 / 원본 81 41 → 패치 81 40 / D88 raw 0x07BB5~0x07BB6
1564,DF27~DF28,82 ED,패치 슬롯 1181 | 한글 문자 | 더,번역 19-013/023 · 더 / 토큰 82 ED / KANJI 38F0 / 가나다순 85 / 원본 8D A1 → 패치 82 ED / D88 raw 0x07BB7~0x07BB8
1565,DF29~DF2A,81 40,패치 슬롯 1182 | 전각 공백 | ␠,번역 19-014/023 · ␠ / 토큰 81 40 / PC-88 전각 공백 토큰 / 원본 82 B5 → 패치 81 40 / D88 raw 0x07BB9~0x07BBA
1566,DF2B~DF2C,82 C1,패치 슬롯 1183 | 한글 문자 | 기,번역 19-015/023 · 기 / 토큰 82 C1 / KANJI 2830 / 가나다순 39 / 원본 82 CE → 패치 82 C1 / D88 raw 0x07BBB~0x07BBC
1567,DF2D~DF2E,82 E7,패치 슬롯 1184 | 한글 문자 | 다,번역 19-016/023 · 다 / 토큰 82 E7 / KANJI 3890 / 가나다순 78 / D88 raw 0x07BBD~0x07BBE
1568,DF2F~DF30,88 C1,패치 슬롯 1185 | 한글 문자 | 려,번역 19-017/023 · 려 / 토큰 88 C1 / KANJI A030 / 가나다순 126 / 원본 82 AD → 패치 88 C1 / D88 raw 0x07BBF~0x07BC0
1569,DF31~DF32,89 AA,패치 슬롯 1186 | 한글 문자 | 주,번역 19-018/023 · 주 / 토큰 89 AA / KANJI 64C0 / 가나다순 300 / 원본 82 A8 → 패치 89 AA / D88 raw 0x07BC1~0x07BC2
1570,DF33~DF34,8A 48,패치 슬롯 1187 | 한글 문자 | 십,번역 19-019/023 · 십 / 토큰 8A 48 / KANJI 6690 / 가나다순 219 / 원본 91 D2 → 패치 8A 48 / D88 raw 0x07BC3~0x07BC4
1571,DF35~DF36,89 5A,패치 슬롯 1188 | 한글 문자 | 시,번역 19-020/023 · 시 / 토큰 89 5A / KANJI 63B0 / 가나다순 215 / 원본 82 BF → 패치 89 5A / D88 raw 0x07BC5~0x07BC6
1572,DF37~DF38,89 76,패치 슬롯 1189 | 한글 문자 | 오,번역 19-021/023 · 오 / 토큰 89 76 / KANJI A370 / 가나다순 246 / 원본 89 BA → 패치 89 76 / D88 raw 0x07BC7~0x07BC8
1573,DF39~DF3A,81 42,패치 슬롯 1190 | 문장부호 | 。,번역 19-022/023 · 。 / 토큰 81 42 / PC-88 전각 마침표 토큰 / 원본 82 B3 → 패치 81 42 / D88 raw 0x07BC9~0x07BCA
1574,DF3B~DF3C,81 40,패치 슬롯 1191 | 전각 공백 | ␠,번역 19-023/023 · ␠ / 토큰 81 40 / PC-88 전각 공백 토큰 / D88 raw 0x07BCB~0x07BCC
1575,DF3D,61,기존 확인 61~70h 계열 / CAA8[0] 작업슬롯 비활성화,비활성화 토큰 61 / D88 raw 0x07BCD
1576,DF3E~DF40,16 4C E2,기존 확인 16h 계열 / 서브스트림 호출·전환 → E24C,16h 호출 → E24C; 복귀 주소 DF5B / D88 raw 0x07BCE~0x07BD0
1577,E24C~E251,05 04 86 4C 9E 00,서브스트림 실행 / 기존 확인 05h 계열 / 영역·좌표 상태 설정·전개,인자 04 86 4C 9E 00
1578,E252,17,서브스트림 실행 / 기존 확인 17h 계열 / 서브스트림 복귀,17h 복귀 → DF5B
1579,DF41~DF42,25 2E,기존 확인 25h 계열 / CA1D 입 움직임 효과음 인덱스 설정,CA1D=2E / D88 raw 0x07BD1~0x07BD2
1580,DF43,42,기존 확인 41~50h 계열 / CAA8[1] 슬롯 실행,슬롯 토큰 42 / D88 raw 0x07BD3
1581,DF44~DF45,89 60,패치 슬롯 1192 | 한글 문자 | 아,번역 20-001/036 · 아 / 토큰 89 60 / KANJI A210 / 가나다순 223 / D88 raw 0x07BD4~0x07BD5
1582,DF46~DF47,82 E4,패치 슬롯 1193 | 한글 문자 | 니,번역 20-002/036 · 니 / 토큰 82 E4 / KANJI 3860 / 가나다순 75 / D88 raw 0x07BD6~0x07BD7
1583,DF48~DF49,81 41,패치 슬롯 1194 | 문장부호 | 、,번역 20-003/036 · 、 / 토큰 81 41 / PC-88 전각 쉼표 토큰 / D88 raw 0x07BD8~0x07BD9
1584,DF4A~DF4B,82 ED,패치 슬롯 1195 | 한글 문자 | 더,번역 20-004/036 · 더 / 토큰 82 ED / KANJI 38F0 / 가나다순 85 / 원본 82 A2 → 패치 82 ED / D88 raw 0x07BDA~0x07BDB
1585,DF4C~DF4D,82 E3,패치 슬롯 1196 | 한글 문자 | 는,번역 20-005/036 · 는 / 토큰 82 E3 / KANJI 3850 / 가나다순 74 / 원본 82 E2 → 패치 82 E3 / D88 raw 0x07BDC~0x07BDD
1586,DF4E~DF4F,81 40,패치 슬롯 1197 | 전각 공백 | ␠,번역 20-006/036 · ␠ / 토큰 81 40 / PC-88 전각 공백 토큰 / 원본 81 41 → 패치 81 40 / D88 raw 0x07BDE~0x07BDF
1587,DF50~DF51,82 C1,패치 슬롯 1198 | 한글 문자 | 기,번역 20-007/036 · 기 / 토큰 82 C1 / KANJI 2830 / 가나다순 39 / 원본 82 E0 → 패치 82 C1 / D88 raw 0x07BE0~0x07BE1
1588,DF52~DF53,82 E7,패치 슬롯 1199 | 한글 문자 | 다,번역 20-008/036 · 다 / 토큰 82 E7 / KANJI 3890 / 가나다순 78 / 원본 82 A4 → 패치 82 E7 / D88 raw 0x07BE2~0x07BE3
1589,DF54~DF55,88 CE,패치 슬롯 1200 | 한글 문자 | 릴,번역 20-009/036 · 릴 / 토큰 88 CE / KANJI A100 / 가나다순 139 / 원본 91 D2 → 패치 88 CE / D88 raw 0x07BE4~0x07BE5
1590,DF56~DF57,81 40,패치 슬롯 1201 | 전각 공백 | ␠,번역 20-010/036 · ␠ / 토큰 81 40 / PC-88 전각 공백 토큰 / 원본 82 C4 → 패치 81 40 / D88 raw 0x07BE6~0x07BE7
1591,DF58~DF59,89 54,패치 슬롯 1202 | 한글 문자 | 수,번역 20-011/036 · 수 / 토큰 89 54 / KANJI 6350 / 가나다순 208 / 원본 82 DC → 패치 89 54 / D88 raw 0x07BE8~0x07BE9
1592,DF5A~DF5B,81 40,패치 슬롯 1203 | 전각 공백 | ␠,번역 20-012/036 · ␠ / 토큰 81 40 / PC-88 전각 공백 토큰 / 원본 82 B9 → 패치 81 40 / D88 raw 0x07BEA~0x07BEB
1593,DF5C~DF5D,89 6E,패치 슬롯 1204 | 한글 문자 | 없,번역 20-013/036 · 없 / 토큰 89 6E / KANJI A2F0 / 가나다순 237 / 원본 82 F1 → 패치 89 6E / D88 raw 0x07BEC~0x07BED
1594,DF5E~DF5F,89 6C,패치 슬롯 1205 | 한글 문자 | 어,번역 20-014/036 · 어 / 토큰 89 6C / KANJI A2D0 / 가나다순 235 / 원본 81 49 → 패치 89 6C / D88 raw 0x07BEE~0x07BEF
1595,DF60~DF61,89 80,패치 슬롯 1206 | 한글 문자 | 요,번역 20-015/036 · 요 / 토큰 89 80 / KANJI E200 / 가나다순 255 / 원본 81 40 → 패치 89 80 / D88 raw 0x07BF0~0x07BF1
1596,DF62~DF63,81 49,패치 슬롯 1207 | 문장부호 | ！,번역 20-016/036 · ！ / 토큰 81 49 / PC-88 전각 느낌표 토큰 / 원본 82 ED → 패치 81 49 / D88 raw 0x07BF2~0x07BF3
1597,DF64~DF65,81 40,패치 슬롯 1208 | 전각 공백 | ␠,번역 20-017/036 · ␠ / 토큰 81 40 / PC-88 전각 공백 토큰 / 원본 82 BD → 패치 81 40 / D88 raw 0x07BF4~0x07BF5
1598,DF66~DF67,89 9B,패치 슬롯 1209 | 한글 문자 | 저,번역 20-018/036 · 저 / 토큰 89 9B / KANJI E3B0 / 가나다순 285 / 원본 82 B5 → 패치 89 9B / D88 raw 0x07BF6~0x07BF7
1599,DF68~DF69,82 E3,패치 슬롯 1210 | 한글 문자 | 는,번역 20-019/036 · 는 / 토큰 82 E3 / KANJI 3850 / 가나다순 74 / 원본 82 CD → 패치 82 E3 / D88 raw 0x07BF8~0x07BF9
1600,DF6A~DF6B,81 40,패치 슬롯 1211 | 전각 공백 | ␠,번역 20-020/036 · ␠ / 토큰 81 40 / PC-88 전각 공백 토큰 / 원본 97 44 → 패치 81 40 / D88 raw 0x07BFA~0x07BFB
1601,DF6C~DF6D,89 86,패치 슬롯 1212 | 한글 문자 | 유,번역 20-021/036 · 유 / 토큰 89 86 / KANJI E260 / 가나다순 261 / 원본 8E 71 → 패치 89 86 / D88 raw 0x07BFC~0x07BFD
1602,DF6E~DF6F,89 C5,패치 슬롯 1213 | 한글 문자 | 코,번역 20-022/036 · 코 / 토큰 89 C5 / KANJI A470 / 가나다순 331 / 원본 82 C9 → 패치 89 C5 / D88 raw 0x07BFE~0x07BFF
1603,DF70~DF71,89 8C,패치 슬롯 1214 | 한글 문자 | 의,번역 20-023/036 · 의 / 토큰 89 8C / KANJI E2C0 / 가나다순 267 / 원본 93 9A → 패치 89 8C / D88 raw 0x07C00~0x07C01
1604,DF72~DF73,81 40,패치 슬롯 1215 | 전각 공백 | ␠,번역 20-024/036 · ␠ / 토큰 81 40 / PC-88 전각 공백 토큰 / 원본 82 A6 → 패치 81 40 / D88 raw 0x07C02~0x07C03
1605,DF74~DF75,88 FA,패치 슬롯 1216 | 한글 문자 | 부,번역 20-025/036 · 부 / 토큰 88 FA / KANJI E1C0 / 가나다순 185 / 원본 82 DC → 패치 88 FA / D88 raw 0x07C04~0x07C05
1606,DF76~DF77,88 CB,패치 슬롯 1217 | 한글 문자 | 름,번역 20-026/036 · 름 / 토큰 88 CB / KANJI A0D0 / 가나다순 136 / 원본 82 B7 → 패치 88 CB / D88 raw 0x07C06~0x07C07
1607,DF78~DF79,89 70,패치 슬롯 1218 | 한글 문자 | 에,번역 20-027/036 · 에 / 토큰 89 70 / KANJI A310 / 가나다순 239 / 원본 81 49 → 패치 89 70 / D88 raw 0x07C08~0x07C09
1608,DF7A~DF7B,81 40,패치 슬롯 1219 | 전각 공백 | ␠,번역 20-028/036 · ␠ / 토큰 81 40 / PC-88 전각 공백 토큰 / D88 raw 0x07C0A~0x07C0B
1609,DF7C~DF7D,8A 41,패치 슬롯 1220 | 한글 문자 | 답,번역 20-029/036 · 답 / 토큰 8A 41 / KANJI 6620 / 가나다순 82 / D88 raw 0x07C0C~0x07C0D
1610,DF7E~DF7F,89 E2,패치 슬롯 1221 | 한글 문자 | 하,번역 20-030/036 · 하 / 토큰 89 E2 / KANJI E440 / 가나다순 362 / D88 raw 0x07C0E~0x07C0F
1611,DF80~DF81,82 AC,패치 슬롯 1222 | 한글 문자 | 겠,번역 20-031/036 · 겠 / 토큰 82 AC / KANJI 18E0 / 가나다순 14 / D88 raw 0x07C10~0x07C11
1612,DF82~DF83,89 58,패치 슬롯 1223 | 한글 문자 | 습,번역 20-032/036 · 습 / 토큰 89 58 / KANJI 6390 / 가나다순 213 / D88 raw 0x07C12~0x07C13
1613,DF84~DF85,82 E4,패치 슬롯 1224 | 한글 문자 | 니,번역 20-033/036 · 니 / 토큰 82 E4 / KANJI 3860 / 가나다순 75 / D88 raw 0x07C14~0x07C15
1614,DF86~DF87,82 E7,패치 슬롯 1225 | 한글 문자 | 다,번역 20-034/036 · 다 / 토큰 82 E7 / KANJI 3890 / 가나다순 78 / D88 raw 0x07C16~0x07C17
1615,DF88~DF89,81 49,패치 슬롯 1226 | 문장부호 | ！,번역 20-035/036 · ！ / 토큰 81 49 / PC-88 전각 느낌표 토큰 / D88 raw 0x07C18~0x07C19
1616,DF8A~DF8B,81 40,패치 슬롯 1227 | 전각 공백 | ␠,번역 20-036/036 · ␠ / 토큰 81 40 / PC-88 전각 공백 토큰 / D88 raw 0x07C1A~0x07C1B
1617,DF8C,62,기존 확인 61~70h 계열 / CAA8[1] 작업슬롯 비활성화,비활성화 토큰 62 / D88 raw 0x07C1C
1618,DF8D~DF8F,16 4C E2,기존 확인 16h 계열 / 서브스트림 호출·전환 → E24C,16h 호출 → E24C; 복귀 주소 DF92 / D88 raw 0x07C1D~0x07C1F
1619,E24C~E251,05 04 86 4C 9E 00,서브스트림 실행 / 기존 확인 05h 계열 / 영역·좌표 상태 설정·전개,인자 04 86 4C 9E 00
1620,E252,17,서브스트림 실행 / 기존 확인 17h 계열 / 서브스트림 복귀,17h 복귀 → DF92
1621,DF90~DF91,25 2C,기존 확인 25h 계열 / CA1D 입 움직임 효과음 인덱스 설정,CA1D=2C / D88 raw 0x07C20~0x07C21
1622,DF92,43,기존 확인 41~50h 계열 / CAA8[2] 슬롯 실행,슬롯 토큰 43 / D88 raw 0x07C22
1623,DF93~DF94,89 62,패치 슬롯 1228 | 한글 문자 | 안,번역 21-001/032 · 안 / 토큰 89 62 / KANJI A230 / 가나다순 225 / 원본 82 E8 → 패치 89 62 / D88 raw 0x07C23~0x07C24
1624,DF95~DF96,81 40,패치 슬롯 1229 | 전각 공백 | ␠,번역 21-002/032 · ␠ / 토큰 81 40 / PC-88 전각 공백 토큰 / 원본 82 DC → 패치 81 40 / D88 raw 0x07C25~0x07C26
1625,DF97~DF98,8A 42,패치 슬롯 1230 | 한글 문자 | 됩,번역 21-003/032 · 됩 / 토큰 8A 42 / KANJI 6630 / 가나다순 96 / 원본 82 B9 → 패치 8A 42 / D88 raw 0x07C27~0x07C28
1626,DF99~DF9A,82 E4,패치 슬롯 1231 | 한글 문자 | 니,번역 21-004/032 · 니 / 토큰 82 E4 / KANJI 3860 / 가나다순 75 / 원본 82 F1 → 패치 82 E4 / D88 raw 0x07C29~0x07C2A
1627,DF9B~DF9C,82 E7,패치 슬롯 1232 | 한글 문자 | 다,번역 21-005/032 · 다 / 토큰 82 E7 / KANJI 3890 / 가나다순 78 / 원본 81 49 → 패치 82 E7 / D88 raw 0x07C2B~0x07C2C
1628,DF9D~DF9E,81 49,패치 슬롯 1233 | 문장부호 | ！,번역 21-006/032 · ！ / 토큰 81 49 / PC-88 전각 느낌표 토큰 / 원본 81 40 → 패치 81 49 / D88 raw 0x07C2D~0x07C2E
1629,DF9F~DFA0,81 40,패치 슬롯 1234 | 전각 공백 | ␠,번역 21-007/032 · ␠ / 토큰 81 40 / PC-88 전각 공백 토큰 / 원본 8D A1 → 패치 81 40 / D88 raw 0x07C2F~0x07C30
1630,DFA1~DFA2,89 B3,패치 슬롯 1235 | 한글 문자 | 지,번역 21-008/032 · 지 / 토큰 89 B3 / KANJI 6550 / 가나다순 309 / 원본 98 62 → 패치 89 B3 / D88 raw 0x07C31~0x07C32
1631,DFA3~DFA4,82 BF,패치 슬롯 1236 | 한글 문자 | 금,번역 21-009/032 · 금 / 토큰 82 BF / KANJI 2810 / 가나다순 37 / 원본 82 B9 → 패치 82 BF / D88 raw 0x07C33~0x07C34
1632,DFA5~DFA6,81 40,패치 슬롯 1237 | 전각 공백 | ␠,번역 21-010/032 · ␠ / 토큰 81 40 / PC-88 전각 공백 토큰 / 원본 82 CE → 패치 81 40 / D88 raw 0x07C35~0x07C36
1633,DFA7~DFA8,89 82,패치 슬롯 1238 | 한글 문자 | 움,번역 21-011/032 · 움 / 토큰 89 82 / KANJI E220 / 가나다순 257 / 원본 81 41 → 패치 89 82 / D88 raw 0x07C37~0x07C38
1634,DFA9~DFAA,8A 4D,패치 슬롯 1239 | 한글 문자 | 직,번역 21-012/032 · 직 / 토큰 8A 4D / KANJI 66E0 / 가나다순 310 / 원본 83 81 → 패치 8A 4D / D88 raw 0x07C39~0x07C3A
1635,DFAB~DFAC,89 8D,패치 슬롯 1240 | 한글 문자 | 이,번역 21-013/032 · 이 / 토큰 89 8D / KANJI E2D0 / 가나다순 268 / 원본 83 4B → 패치 89 8D / D88 raw 0x07C3B~0x07C3C
1636,DFAD~DFAE,88 DC,패치 슬롯 1241 | 한글 문자 | 면,번역 21-014/032 · 면 / 토큰 88 DC / KANJI A1E0 / 가나다순 154 / 원본 83 58 → 패치 88 DC / D88 raw 0x07C3D~0x07C3E
1637,DFAF~DFB0,81 40,패치 슬롯 1242 | 전각 공백 | ␠,번역 21-015/032 · ␠ / 토큰 81 40 / PC-88 전각 공백 토큰 / 원본 82 CC → 패치 81 40 / D88 raw 0x07C3F~0x07C40
1638,DFB1~DFB2,88 DA,패치 슬롯 1243 | 한글 문자 | 메,번역 21-016/032 · 메 / 토큰 88 DA / KANJI A1C0 / 가나다순 152 / 원본 8E 76 → 패치 88 DA / D88 raw 0x07C41~0x07C42
1639,DFB3~DFB4,82 9F,패치 슬롯 1244 | 한글 문자 | 가,번역 21-017/032 · 가 / 토큰 82 9F / KANJI 1810 / 가나다순 1 / 원본 82 A4 → 패치 82 9F / D88 raw 0x07C43~0x07C44
1640,DFB5~DFB6,89 56,패치 슬롯 1245 | 한글 문자 | 스,번역 21-018/032 · 스 / 토큰 89 56 / KANJI 6370 / 가나다순 211 / 원본 82 C2 → 패치 89 56 / D88 raw 0x07C45~0x07C46
1641,DFB7~DFB8,89 8C,패치 슬롯 1246 | 한글 문자 | 의,번역 21-019/032 · 의 / 토큰 89 8C / KANJI E2C0 / 가나다순 267 / 원본 82 DA → 패치 89 8C / D88 raw 0x07C47~0x07C48
1642,DFB9~DFBA,81 40,패치 슬롯 1247 | 전각 공백 | ␠,번역 21-020/032 · ␠ / 토큰 81 40 / PC-88 전각 공백 토큰 / 원본 82 C5 → 패치 81 40 / D88 raw 0x07C49~0x07C4A
1643,DFBB~DFBC,88 B5,패치 슬롯 1248 | 한글 문자 | 뜻,번역 21-021/032 · 뜻 / 토큰 88 B5 / KANJI 6170 / 가나다순 113 / 원본 82 B7 → 패치 88 B5 / D88 raw 0x07C4B~0x07C4C
1644,DFBD~DFBE,82 EC,패치 슬롯 1249 | 한글 문자 | 대,번역 21-022/032 · 대 / 토큰 82 EC / KANJI 38E0 / 가나다순 84 / 원본 81 49 → 패치 82 EC / D88 raw 0x07C4D~0x07C4E
1645,DFBF~DFC0,88 C5,패치 슬롯 1250 | 한글 문자 | 로,번역 21-023/032 · 로 / 토큰 88 C5 / KANJI A070 / 가나다순 130 / D88 raw 0x07C4F~0x07C50
1646,DFC1~DFC2,81 40,패치 슬롯 1251 | 전각 공백 | ␠,번역 21-024/032 · ␠ / 토큰 81 40 / PC-88 전각 공백 토큰 / D88 raw 0x07C51~0x07C52
1647,DFC3~DFC4,88 A2,패치 슬롯 1252 | 한글 문자 | 되,번역 21-025/032 · 되 / 토큰 88 A2 / KANJI 6040 / 가나다순 93 / D88 raw 0x07C53~0x07C54
1648,DFC5~DFC6,82 E3,패치 슬롯 1253 | 한글 문자 | 는,번역 21-026/032 · 는 / 토큰 82 E3 / KANJI 3850 / 가나다순 74 / D88 raw 0x07C55~0x07C56
1649,DFC7~DFC8,81 40,패치 슬롯 1254 | 전각 공백 | ␠,번역 21-027/032 · ␠ / 토큰 81 40 / PC-88 전각 공백 토큰 / D88 raw 0x07C57~0x07C58
1650,DFC9~DFCA,82 A9,패치 슬롯 1255 | 한글 문자 | 겁,번역 21-028/032 · 겁 / 토큰 82 A9 / KANJI 18B0 / 가나다순 11 / D88 raw 0x07C59~0x07C5A
1651,DFCB~DFCC,82 E4,패치 슬롯 1256 | 한글 문자 | 니,번역 21-029/032 · 니 / 토큰 82 E4 / KANJI 3860 / 가나다순 75 / D88 raw 0x07C5B~0x07C5C
1652,DFCD~DFCE,82 E7,패치 슬롯 1257 | 한글 문자 | 다,번역 21-030/032 · 다 / 토큰 82 E7 / KANJI 3890 / 가나다순 78 / D88 raw 0x07C5D~0x07C5E
1653,DFCF~DFD0,81 49,패치 슬롯 1258 | 문장부호 | ！,번역 21-031/032 · ！ / 토큰 81 49 / PC-88 전각 느낌표 토큰 / D88 raw 0x07C5F~0x07C60
1654,DFD1~DFD2,81 40,패치 슬롯 1259 | 전각 공백 | ␠,번역 21-032/032 · ␠ / 토큰 81 40 / PC-88 전각 공백 토큰 / D88 raw 0x07C61~0x07C62
1655,DFD3,63,기존 확인 61~70h 계열 / CAA8[2] 작업슬롯 비활성화,비활성화 토큰 63 / D88 raw 0x07C63
1656,DFD4~DFD6,16 4C E2,기존 확인 16h 계열 / 서브스트림 호출·전환 → E24C,16h 호출 → E24C; 복귀 주소 DFC7 / D88 raw 0x07C64~0x07C66
1657,E24C~E251,05 04 86 4C 9E 00,서브스트림 실행 / 기존 확인 05h 계열 / 영역·좌표 상태 설정·전개,인자 04 86 4C 9E 00
1658,E252,17,서브스트림 실행 / 기존 확인 17h 계열 / 서브스트림 복귀,17h 복귀 → DFC7
1659,DFD7~DFD8,25 2E,기존 확인 25h 계열 / CA1D 입 움직임 효과음 인덱스 설정,CA1D=2E / D88 raw 0x07C67~0x07C68
1660,DFD9,42,기존 확인 41~50h 계열 / CAA8[1] 슬롯 실행,슬롯 토큰 42 / D88 raw 0x07C69
1661,DFDA~DFDB,89 47,패치 슬롯 1260 | 한글 문자 | 상,번역 22-001/049 · 상 / 토큰 89 47 / KANJI 6280 / 가나다순 195 / 원본 82 A9 → 패치 89 47 / D88 raw 0x07C6A~0x07C6B
1662,DFDC~DFDD,8A 61,패치 슬롯 1261 | 한글 문자 | 관,번역 22-002/049 · 관 / 토큰 8A 61 / KANJI A620 / 가나다순 399 / 원본 82 DC → 패치 8A 61 / D88 raw 0x07C6C~0x07C6D
1663,DFDE~DFDF,89 6E,패치 슬롯 1262 | 한글 문자 | 없,번역 22-003/049 · 없 / 토큰 89 6E / KANJI A2F0 / 가나다순 237 / 원본 82 A2 → 패치 89 6E / D88 raw 0x07C6E~0x07C6F
1664,DFE0~DFE1,89 6C,패치 슬롯 1263 | 한글 문자 | 어,번역 22-004/049 · 어 / 토큰 89 6C / KANJI A2D0 / 가나다순 235 / 원본 82 DC → 패치 89 6C / D88 raw 0x07C70~0x07C71
1665,DFE2~DFE3,89 80,패치 슬롯 1264 | 한글 문자 | 요,번역 22-005/049 · 요 / 토큰 89 80 / KANJI E200 / 가나다순 255 / 원본 82 B9 → 패치 89 80 / D88 raw 0x07C72~0x07C73
1666,DFE4~DFE5,81 49,패치 슬롯 1265 | 문장부호 | ！,번역 22-006/049 · ！ / 토큰 81 49 / PC-88 전각 느낌표 토큰 / 원본 82 F1 → 패치 81 49 / D88 raw 0x07C74~0x07C75
1667,DFE6~DFE7,81 40,패치 슬롯 1266 | 전각 공백 | ␠,번역 22-007/049 · ␠ / 토큰 81 40 / PC-88 전각 공백 토큰 / D88 raw 0x07C76~0x07C77
1668,DFE8~DFE9,89 A1,패치 슬롯 1267 | 한글 문자 | 제,번역 22-008/049 · 제 / 토큰 89 A1 / KANJI 6430 / 가나다순 291 / D88 raw 0x07C78~0x07C79
1669,DFEA~DFEB,82 9F,패치 슬롯 1268 | 한글 문자 | 가,번역 22-009/049 · 가 / 토큰 82 9F / KANJI 1810 / 가나다순 1 / 원본 82 ED → 패치 82 9F / D88 raw 0x07C7A~0x07C7B
1670,DFEC~DFED,81 40,패치 슬롯 1269 | 전각 공백 | ␠,번역 22-010/049 · ␠ / 토큰 81 40 / PC-88 전각 공백 토큰 / 원본 82 BD → 패치 81 40 / D88 raw 0x07C7C~0x07C7D
1671,DFEE~DFEF,89 AB,패치 슬롯 1270 | 한글 문자 | 죽,번역 22-011/049 · 죽 / 토큰 89 AB / KANJI 64D0 / 가나다순 301 / 원본 82 B5 → 패치 89 AB / D88 raw 0x07C7E~0x07C7F
1672,DFF0~DFF1,82 ED,패치 슬롯 1271 | 한글 문자 | 더,번역 22-012/049 · 더 / 토큰 82 ED / KANJI 38F0 / 가나다순 85 / 원본 82 AA → 패치 82 ED / D88 raw 0x07C80~0x07C81
1673,DFF2~DFF3,88 B6,패치 슬롯 1272 | 한글 문자 | 라,번역 22-013/049 · 라 / 토큰 88 B6 / KANJI 6180 / 가나다순 114 / 원본 8E 80 → 패치 88 B6 / D88 raw 0x07C82~0x07C83
1674,DFF4~DFF5,82 F1,패치 슬롯 1273 | 한글 문자 | 도,번역 22-014/049 · 도 / 토큰 82 F1 / KANJI 3930 / 가나다순 89 / 원본 82 CC → 패치 82 F1 / D88 raw 0x07C84~0x07C85
1675,DFF6~DFF7,81 41,패치 슬롯 1274 | 문장부호 | 、,번역 22-015/049 · 、 / 토큰 81 41 / PC-88 전각 쉼표 토큰 / 원본 82 A4 → 패치 81 41 / D88 raw 0x07C86~0x07C87
1676,DFF8~DFF9,82 ED,패치 슬롯 1275 | 한글 문자 | 더,번역 22-016/049 · 더 / 토큰 82 ED / KANJI 38F0 / 가나다순 85 / 원본 82 C6 → 패치 82 ED / D88 raw 0x07C88~0x07C89
1677,DFFA~DFFB,82 E3,패치 슬롯 1276 | 한글 문자 | 는,번역 22-017/049 · 는 / 토큰 82 E3 / KANJI 3850 / 가나다순 74 / 원본 82 E0 → 패치 82 E3 / D88 raw 0x07C8A~0x07C8B
1678,DFFC~DFFD,81 40,패치 슬롯 1277 | 전각 공백 | ␠,번역 22-018/049 · ␠ / 토큰 81 40 / PC-88 전각 공백 토큰 / 원본 81 41 → 패치 81 40 / D88 raw 0x07C8C~0x07C8D
1679,DFFE~DFFF,89 86,패치 슬롯 1278 | 한글 문자 | 유,번역 22-019/049 · 유 / 토큰 89 86 / KANJI E260 / 가나다순 261 / 원본 82 B1 → 패치 89 86 / D88 raw 0x07C8E~0x07C8F
1680,E000~E001,89 C5,패치 슬롯 1279 | 한글 문자 | 코,번역 22-020/049 · 코 / 토큰 89 C5 / KANJI A470 / 가나다순 331 / 원본 82 EA → 패치 89 C5 / D88 raw 0x07CA0~0x07CA1
1681,E002~E003,81 40,패치 슬롯 1280 | 전각 공백 | ␠,번역 22-021/049 · ␠ / 토큰 81 40 / PC-88 전각 공백 토큰 / 원본 88 C8 → 패치 81 40 / D88 raw 0x07CA2~0x07CA3
1682,E004~E005,8A 80,패치 슬롯 1281 | 한글 문자 | 혼,번역 22-022/049 · 혼 / 토큰 8A 80 / KANJI E600 / 가나다순 429 / 원본 8F E3 → 패치 8A 80 / D88 raw 0x07CA4~0x07CA5
1683,E006~E007,89 93,패치 슬롯 1282 | 한글 문자 | 자,번역 22-023/049 · 자 / 토큰 89 93 / KANJI E330 / 가나다순 277 / 원본 97 44 → 패치 89 93 / D88 raw 0x07CA6~0x07CA7
1684,E008~E009,81 40,패치 슬롯 1283 | 전각 공백 | ␠,번역 22-024/049 · ␠ / 토큰 81 40 / PC-88 전각 공백 토큰 / 원본 8E 71 → 패치 81 40 / D88 raw 0x07CA8~0x07CA9
1685,E00A~E00B,89 5E,패치 슬롯 1284 | 한글 문자 | 싸,번역 22-025/049 · 싸 / 토큰 89 5E / KANJI 63F0 / 가나다순 221 / 원본 82 D0 → 패치 89 5E / D88 raw 0x07CAA~0x07CAB
1686,E00C~E00D,89 81,패치 슬롯 1285 | 한글 문자 | 우,번역 22-026/049 · 우 / 토큰 89 81 / KANJI E210 / 가나다순 256 / 원본 82 C6 → 패치 89 81 / D88 raw 0x07CAC~0x07CAD
1687,E00E~E00F,82 AB,패치 슬롯 1286 | 한글 문자 | 게,번역 22-027/049 · 게 / 토큰 82 AB / KANJI 18D0 / 가나다순 13 / 원본 82 E8 → 패치 82 AB / D88 raw 0x07CAE~0x07CAF
1688,E010~E011,81 40,패치 슬롯 1287 | 전각 공백 | ␠,번역 22-028/049 · ␠ / 토큰 81 40 / PC-88 전각 공백 토큰 / 원본 82 C9 → 패치 81 40 / D88 raw 0x07CB0~0x07CB1
1689,E012~E013,88 A6,패치 슬롯 1288 | 한글 문자 | 둘,번역 22-029/049 · 둘 / 토큰 88 A6 / KANJI 6080 / 가나다순 98 / 원본 90 ED → 패치 88 A6 / D88 raw 0x07CB2~0x07CB3
1690,E014~E015,81 40,패치 슬롯 1289 | 전각 공백 | ␠,번역 22-030/049 · ␠ / 토큰 81 40 / PC-88 전각 공백 토큰 / 원본 82 ED → 패치 81 40 / D88 raw 0x07CB4~0x07CB5
1691,E016~E017,89 54,패치 슬롯 1290 | 한글 문자 | 수,번역 22-031/049 · 수 / 토큰 89 54 / KANJI 6350 / 가나다순 208 / 원본 82 B9 → 패치 89 54 / D88 raw 0x07CB6~0x07CB7
1692,E018~E019,81 40,패치 슬롯 1291 | 전각 공백 | ␠,번역 22-032/049 · ␠ / 토큰 81 40 / PC-88 전각 공백 토큰 / 원본 82 C4 → 패치 81 40 / D88 raw 0x07CB8~0x07CB9
1693,E01A~E01B,89 6E,패치 슬롯 1292 | 한글 문자 | 없,번역 22-033/049 · 없 / 토큰 89 6E / KANJI A2F0 / 가나다순 237 / 원본 82 A8 → 패치 89 6E / D88 raw 0x07CBA~0x07CBB
1694,E01C~E01D,89 6C,패치 슬롯 1293 | 한글 문자 | 어,번역 22-034/049 · 어 / 토큰 89 6C / KANJI A2D0 / 가나다순 235 / 원본 82 AD → 패치 89 6C / D88 raw 0x07CBC~0x07CBD
1695,E01E~E01F,89 80,패치 슬롯 1294 | 한글 문자 | 요,번역 22-035/049 · 요 / 토큰 89 80 / KANJI E200 / 가나다순 255 / 원본 82 ED → 패치 89 80 / D88 raw 0x07CBE~0x07CBF
1696,E020~E021,81 42,패치 슬롯 1295 | 문장부호 | 。,번역 22-036/049 · 。 / 토큰 81 42 / PC-88 전각 마침표 토큰 / D88 raw 0x07CC0~0x07CC1
1697,E022~E023,88 DF,패치 슬롯 1296 | 한글 문자 | 모,번역 22-037/049 · 모 / 토큰 88 DF / KANJI E010 / 가나다순 157 / 원본 82 B3 → 패치 88 DF / D88 raw 0x07CC2~0x07CC3
1698,E024~E025,88 A5,패치 슬롯 1297 | 한글 문자 | 두,번역 22-038/049 · 두 / 토큰 88 A5 / KANJI 6070 / 가나다순 97 / 원본 82 A0 → 패치 88 A5 / D88 raw 0x07CC4~0x07CC5
1699,E026~E027,81 40,패치 슬롯 1298 | 전각 공백 | ␠,번역 22-039/049 · ␠ / 토큰 81 40 / PC-88 전각 공백 토큰 / 원본 81 41 → 패치 81 40 / D88 raw 0x07CC6~0x07CC7
1700,E028~E029,89 6C,패치 슬롯 1299 | 한글 문자 | 어,번역 22-040/049 · 어 / 토큰 89 6C / KANJI A2D0 / 가나다순 235 / 원본 82 A8 → 패치 89 6C / D88 raw 0x07CC8~0x07CC9
1701,E02A~E02B,89 49,패치 슬롯 1300 | 한글 문자 | 서,번역 22-041/049 · 서 / 토큰 89 49 / KANJI 62A0 / 가나다순 197 / 원본 82 DC → 패치 89 49 / D88 raw 0x07CCA~0x07CCB
1702,E02C~E02D,81 40,패치 슬롯 1301 | 전각 공백 | ␠,번역 22-042/049 · ␠ / 토큰 81 40 / PC-88 전각 공백 토큰 / 원본 82 A6 → 패치 81 40 / D88 raw 0x07CCC~0x07CCD
1703,E02E~E02F,89 AC,패치 슬롯 1302 | 한글 문자 | 준,번역 22-043/049 · 준 / 토큰 89 AC / KANJI 64E0 / 가나다순 302 / 원본 82 BD → 패치 89 AC / D88 raw 0x07CCE~0x07CCF
1704,E030~E031,89 41,패치 슬롯 1303 | 한글 문자 | 비,번역 22-044/049 · 비 / 토큰 89 41 / KANJI 6220 / 가나다순 189 / 원본 82 BF → 패치 89 41 / D88 raw 0x07CD0~0x07CD1
1705,E032~E033,89 E2,패치 슬롯 1304 | 한글 문자 | 하,번역 22-045/049 · 하 / 토큰 89 E2 / KANJI E440 / 가나다순 362 / 원본 81 41 → 패치 89 E2 / D88 raw 0x07CD2~0x07CD3
1706,E034~E035,89 4E,패치 슬롯 1305 | 한글 문자 | 세,번역 22-046/049 · 세 / 토큰 89 4E / KANJI 62F0 / 가나다순 202 / 원본 8F 80 → 패치 89 4E / D88 raw 0x07CD4~0x07CD5
1707,E036~E037,89 80,패치 슬롯 1306 | 한글 문자 | 요,번역 22-047/049 · 요 / 토큰 89 80 / KANJI E200 / 가나다순 255 / 원본 94 F5 → 패치 89 80 / D88 raw 0x07CD6~0x07CD7
1708,E038~E039,81 49,패치 슬롯 1307 | 문장부호 | ！,번역 22-048/049 · ！ / 토큰 81 49 / PC-88 전각 느낌표 토큰 / 원본 82 CD → 패치 81 49 / D88 raw 0x07CD8~0x07CD9
1709,E03A~E03B,81 40,패치 슬롯 1308 | 전각 공백 | ␠,번역 22-049/049 · ␠ / 토큰 81 40 / PC-88 전각 공백 토큰 / D88 raw 0x07CDA~0x07CDB
1710,E03C,62,기존 확인 61~70h 계열 / CAA8[1] 작업슬롯 비활성화,비활성화 토큰 62 / D88 raw 0x07CDC
1711,E03D~E03F,16 4C E2,기존 확인 16h 계열 / 서브스트림 호출·전환 → E24C,16h 호출 → E24C; 복귀 주소 E04A / D88 raw 0x07CDD~0x07CDF
1712,E24C~E251,05 04 86 4C 9E 00,서브스트림 실행 / 기존 확인 05h 계열 / 영역·좌표 상태 설정·전개,인자 04 86 4C 9E 00
1713,E252,17,서브스트림 실행 / 기존 확인 17h 계열 / 서브스트림 복귀,17h 복귀 → E04A
1714,E040~E041,25 2C,기존 확인 25h 계열 / CA1D 입 움직임 효과음 인덱스 설정,CA1D=2C / D88 raw 0x07CE0~0x07CE1
1715,E042,41,기존 확인 41~50h 계열 / CAA8[0] 슬롯 실행,슬롯 토큰 41 / D88 raw 0x07CE2
1716,E043~E044,88 E9,패치 슬롯 1309 | 한글 문자 | 바,번역 23-001/063 · 바 / 토큰 88 E9 / KANJI E0B0 / 가나다순 168 / 원본 83 94 → 패치 88 E9 / D88 raw 0x07CE3~0x07CE4
1717,E045~E046,88 CC,패치 슬롯 1310 | 한글 문자 | 리,번역 23-002/063 · 리 / 토큰 88 CC / KANJI A0E0 / 가나다순 137 / 원본 83 40 → 패치 88 CC / D88 raw 0x07CE5~0x07CE6
1718,E047~E048,89 60,패치 슬롯 1311 | 한글 문자 | 아,번역 23-003/063 · 아 / 토큰 89 60 / KANJI A210 / 가나다순 223 / 원본 83 8A → 패치 89 60 / D88 raw 0x07CE7~0x07CE8
1719,E049~E04A,82 E6,패치 슬롯 1312 | 한글 문자 | 님,번역 23-004/063 · 님 / 토큰 82 E6 / KANJI 3880 / 가나다순 77 / 원본 83 41 → 패치 82 E6 / D88 raw 0x07CE9~0x07CEA
1720,E04B~E04C,81 41,패치 슬롯 1313 | 문장부호 | 、,번역 23-005/063 · 、 / 토큰 81 41 / PC-88 전각 쉼표 토큰 / 원본 97 6C → 패치 81 41 / D88 raw 0x07CEB~0x07CEC
1721,E04D~E04E,89 8D,패치 슬롯 1314 | 한글 문자 | 이,번역 23-006/063 · 이 / 토큰 89 8D / KANJI E2D0 / 가나다순 268 / 원본 81 41 → 패치 89 8D / D88 raw 0x07CED~0x07CEE
1722,E04F~E050,88 F1,패치 슬롯 1315 | 한글 문자 | 번,번역 23-007/063 · 번 / 토큰 88 F1 / KANJI E130 / 가나다순 176 / 원본 82 B1 → 패치 88 F1 / D88 raw 0x07CEF~0x07CF0
1723,E051~E052,88 D2,패치 슬롯 1316 | 한글 문자 | 만,번역 23-008/063 · 만 / 토큰 88 D2 / KANJI A140 / 가나다순 144 / 원본 82 EA → 패치 88 D2 / D88 raw 0x07CF1~0x07CF2
1724,E053~E054,8A 7E,패치 슬롯 1317 | 한글 문자 | 큼,번역 23-009/063 · 큼 / 토큰 8A 7E / KANJI A7F0 / 가나다순 428 / 원본 82 BE → 패치 8A 7E / D88 raw 0x07CF3~0x07CF4
1725,E055~E056,89 89,패치 슬롯 1318 | 한글 문자 | 은,번역 23-010/063 · 은 / 토큰 89 89 / KANJI E290 / 가나다순 264 / 원본 82 AF → 패치 89 89 / D88 raw 0x07CF5~0x07CF6
1726,E057~E058,81 40,패치 슬롯 1319 | 전각 공백 | ␠,번역 23-011/063 · ␠ / 토큰 81 40 / PC-88 전각 공백 토큰 / 원본 82 CD → 패치 81 40 / D88 raw 0x07CF7~0x07CF8
1727,E059~E05A,89 72,패치 슬롯 1320 | 한글 문자 | 여,번역 23-012/063 · 여 / 토큰 89 72 / KANJI A330 / 가나다순 241 / 원본 81 41 → 패치 89 72 / D88 raw 0x07CF9~0x07CFA
1728,E05B~E05C,89 7C,패치 슬롯 1321 | 한글 문자 | 왕,번역 23-013/063 · 왕 / 토큰 89 7C / KANJI A3D0 / 가나다순 252 / 원본 82 BD → 패치 89 7C / D88 raw 0x07CFB~0x07CFC
1729,E05D~E05E,82 E6,패치 슬롯 1322 | 한글 문자 | 님,번역 23-014/063 · 님 / 토큰 82 E6 / KANJI 3880 / 가나다순 77 / 원본 82 C6 → 패치 82 E6 / D88 raw 0x07CFD~0x07CFE
1730,E05F~E060,89 8C,패치 슬롯 1323 | 한글 문자 | 의,번역 23-015/063 · 의 / 토큰 89 8C / KANJI E2C0 / 가나다순 267 / 원본 82 A6 → 패치 89 8C / D88 raw 0x07CFF~0x07D00
1731,E061~E062,81 40,패치 슬롯 1324 | 전각 공백 | ␠,번역 23-016/063 · ␠ / 토큰 81 40 / PC-88 전각 공백 토큰 / 원본 83 94 → 패치 81 40 / D88 raw 0x07D01~0x07D02
1732,E063~E064,88 DE,패치 슬롯 1325 | 한글 문자 | 명,번역 23-017/063 · 명 / 토큰 88 DE / KANJI E000 / 가나다순 156 / 원본 83 40 → 패치 88 DE / D88 raw 0x07D03~0x07D04
1733,E065~E066,88 C3,패치 슬롯 1326 | 한글 문자 | 령,번역 23-018/063 · 령 / 토큰 88 C3 / KANJI A050 / 가나다순 128 / 원본 83 8A → 패치 88 C3 / D88 raw 0x07D05~0x07D06
1734,E067~E068,89 8D,패치 슬롯 1327 | 한글 문자 | 이,번역 23-019/063 · 이 / 토큰 89 8D / KANJI E2D0 / 가나다순 268 / 원본 83 41 → 패치 89 8D / D88 raw 0x07D07~0x07D08
1735,E069~E06A,88 B6,패치 슬롯 1328 | 한글 문자 | 라,번역 23-020/063 · 라 / 토큰 88 B6 / KANJI 6180 / 가나다순 114 / 원본 97 6C → 패치 88 B6 / D88 raw 0x07D09~0x07D0A
1736,E06B~E06C,82 F1,패치 슬롯 1329 | 한글 문자 | 도,번역 23-021/063 · 도 / 토큰 82 F1 / KANJI 3930 / 가나다순 89 / 원본 82 CC → 패치 82 F1 / D88 raw 0x07D0B~0x07D0C
1737,E06D~E06E,81 40,패치 슬롯 1330 | 전각 공백 | ␠,번역 23-022/063 · ␠ / 토큰 81 40 / PC-88 전각 공백 토큰 / 원본 82 B2 → 패치 81 40 / D88 raw 0x07D0D~0x07D0E
1738,E06F~E070,89 9E,패치 슬롯 1331 | 한글 문자 | 절,번역 23-023/063 · 절 / 토큰 89 9E / KANJI E3E0 / 가나다순 288 / 원본 96 BD → 패치 89 9E / D88 raw 0x07D0F~0x07D10
1739,E071~E072,82 EC,패치 슬롯 1332 | 한글 문자 | 대,번역 23-024/063 · 대 / 토큰 82 EC / KANJI 38E0 / 가나다순 84 / 원본 97 DF → 패치 82 EC / D88 raw 0x07D11~0x07D12
1740,E073~E074,81 40,패치 슬롯 1333 | 전각 공백 | ␠,번역 23-025/063 · ␠ / 토큰 81 40 / PC-88 전각 공백 토큰 / 원본 82 C6 → 패치 81 40 / D88 raw 0x07D13~0x07D14
1741,E075~E076,8A 68,패치 슬롯 1334 | 한글 문자 | 따,번역 23-026/063 · 따 / 토큰 8A 68 / KANJI A690 / 가나다순 406 / 원본 82 A0 → 패치 8A 68 / D88 raw 0x07D15~0x07D16
1742,E077~E078,88 CA,패치 슬롯 1335 | 한글 문자 | 를,번역 23-027/063 · 를 / 토큰 88 CA / KANJI A0C0 / 가나다순 135 / 원본 82 C1 → 패치 88 CA / D88 raw 0x07D17~0x07D18
1743,E079~E07A,81 40,패치 슬롯 1336 | 전각 공백 | ␠,번역 23-028/063 · ␠ / 토큰 81 40 / PC-88 전각 공백 토큰 / 원본 82 C4 → 패치 81 40 / D88 raw 0x07D19~0x07D1A
1744,E07B~E07C,89 54,패치 슬롯 1337 | 한글 문자 | 수,번역 23-029/063 · 수 / 토큰 89 54 / KANJI 6350 / 가나다순 208 / 원본 82 E0 → 패치 89 54 / D88 raw 0x07D1B~0x07D1C
1745,E07D~E07E,81 40,패치 슬롯 1338 | 전각 공백 | ␠,번역 23-030/063 · ␠ / 토큰 81 40 / PC-88 전각 공백 토큰 / 원본 95 B7 → 패치 81 40 / D88 raw 0x07D1D~0x07D1E
1746,E07F~E080,89 6E,패치 슬롯 1339 | 한글 문자 | 없,번역 23-031/063 · 없 / 토큰 89 6E / KANJI A2F0 / 가나다순 237 / 원본 82 AD → 패치 89 6E / D88 raw 0x07D1F~0x07D20
1747,E081~E082,89 58,패치 슬롯 1340 | 한글 문자 | 습,번역 23-032/063 · 습 / 토큰 89 58 / KANJI 6390 / 가나다순 213 / 원본 82 ED → 패치 89 58 / D88 raw 0x07D21~0x07D22
1748,E083~E084,82 E4,패치 슬롯 1341 | 한글 문자 | 니,번역 23-033/063 · 니 / 토큰 82 E4 / KANJI 3860 / 가나다순 75 / 원본 82 AF → 패치 82 E4 / D88 raw 0x07D23~0x07D24
1749,E085~E086,82 E7,패치 슬롯 1342 | 한글 문자 | 다,번역 23-034/063 · 다 / 토큰 82 E7 / KANJI 3890 / 가나다순 78 / 원본 82 C9 → 패치 82 E7 / D88 raw 0x07D25~0x07D26
1750,E087~E088,81 42,패치 슬롯 1343 | 문장부호 | 。,번역 23-035/063 · 。 / 토큰 81 42 / PC-88 전각 마침표 토큰 / 원본 82 CD → 패치 81 42 / D88 raw 0x07D27~0x07D28
1751,E089~E08A,89 A0,패치 슬롯 1344 | 한글 문자 | 정,번역 23-036/063 · 정 / 토큰 89 A0 / KANJI 6420 / 가나다순 290 / 원본 82 DC → 패치 89 A0 / D88 raw 0x07D29~0x07D2A
1752,E08B~E08C,82 BD,패치 슬롯 1345 | 한글 문자 | 그,번역 23-037/063 · 그 / 토큰 82 BD / KANJI 19F0 / 가나다순 34 / 원본 82 E8 → 패치 82 BD / D88 raw 0x07D2B~0x07D2C
1753,E08D~E08E,88 CC,패치 슬롯 1346 | 한글 문자 | 리,번역 23-038/063 · 리 / 토큰 88 CC / KANJI A0E0 / 가나다순 137 / 원본 82 DC → 패치 88 CC / D88 raw 0x07D2D~0x07D2E
1754,E08F~E090,89 E2,패치 슬롯 1347 | 한글 문자 | 하,번역 23-039/063 · 하 / 토큰 89 E2 / KANJI E440 / 가나다순 362 / 원본 82 B9 → 패치 89 E2 / D88 raw 0x07D2F~0x07D30
1755,E091~E092,89 5A,패치 슬롯 1348 | 한글 문자 | 시,번역 23-040/063 · 시 / 토큰 89 5A / KANJI 63B0 / 가나다순 215 / 원본 82 F1 → 패치 89 5A / D88 raw 0x07D31~0x07D32
1756,E093~E094,82 AC,패치 슬롯 1349 | 한글 문자 | 겠,번역 23-041/063 · 겠 / 토큰 82 AC / KANJI 18E0 / 가나다순 14 / 원본 81 42 → 패치 82 AC / D88 raw 0x07D33~0x07D34
1757,E095~E096,82 E7,패치 슬롯 1350 | 한글 문자 | 다,번역 23-042/063 · 다 / 토큰 82 E7 / KANJI 3890 / 가나다순 78 / 원본 82 C7 → 패치 82 E7 / D88 raw 0x07D35~0x07D36
1758,E097~E098,88 DC,패치 슬롯 1351 | 한글 문자 | 면,번역 23-043/063 · 면 / 토큰 88 DC / KANJI A1E0 / 가나다순 154 / 원본 82 A4 → 패치 88 DC / D88 raw 0x07D37~0x07D38
1759,E099~E09A,81 41,패치 슬롯 1352 | 문장부호 | 、,번역 23-044/063 · 、 / 토큰 81 41 / PC-88 전각 쉼표 토큰 / 원본 82 B5 → 패치 81 41 / D88 raw 0x07D39~0x07D3A
1760,E09B~E09C,89 72,패치 슬롯 1353 | 한글 문자 | 여,번역 23-045/063 · 여 / 토큰 89 72 / KANJI A330 / 가나다순 241 / 원본 82 C4 → 패치 89 72 / D88 raw 0x07D3B~0x07D3C
1761,E09D~E09E,89 7C,패치 슬롯 1354 | 한글 문자 | 왕,번역 23-046/063 · 왕 / 토큰 89 7C / KANJI A3D0 / 가나다순 252 / 원본 82 E0 → 패치 89 7C / D88 raw 0x07D3D~0x07D3E
1762,E09F~E0A0,82 E6,패치 슬롯 1355 | 한글 문자 | 님,번역 23-047/063 · 님 / 토큰 82 E6 / KANJI 3880 / 가나다순 77 / 원본 82 C6 → 패치 82 E6 / D88 raw 0x07D3F~0x07D40
1763,E0A1~E0A2,89 8A,패치 슬롯 1356 | 한글 문자 | 을,번역 23-048/063 · 을 / 토큰 89 8A / KANJI E2A0 / 가나다순 265 / 원본 8C BE → 패치 89 8A / D88 raw 0x07D41~0x07D42
1764,E0A3~E0A4,81 40,패치 슬롯 1357 | 전각 공백 | ␠,번역 23-049/063 · ␠ / 토큰 81 40 / PC-88 전각 공백 토큰 / 원본 82 A4 → 패치 81 40 / D88 raw 0x07D43~0x07D44
1765,E0A5~E0A6,82 9F,패치 슬롯 1358 | 한글 문자 | 가,번역 23-050/063 · 가 / 토큰 82 9F / KANJI 1810 / 가나다순 1 / 원본 82 CC → 패치 82 9F / D88 raw 0x07D45~0x07D46
1766,E0A7~E0A8,88 A5,패치 슬롯 1359 | 한글 문자 | 두,번역 23-051/063 · 두 / 토큰 88 A5 / KANJI 6070 / 가나다순 97 / 원본 82 C8 → 패치 88 A5 / D88 raw 0x07D47~0x07D48
1767,E0A9~E0AA,89 6C,패치 슬롯 1360 | 한글 문자 | 어,번역 23-052/063 · 어 / 토큰 89 6C / KANJI A2D0 / 가나다순 235 / 원본 82 E7 → 패치 89 6C / D88 raw 0x07D49~0x07D4A
1768,E0AB~E0AC,89 49,패치 슬롯 1361 | 한글 문자 | 서,번역 23-053/063 · 서 / 토큰 89 49 / KANJI 62A0 / 가나다순 197 / 원본 81 41 → 패치 89 49 / D88 raw 0x07D4B~0x07D4C
1769,E0AD~E0AE,88 B6,패치 슬롯 1362 | 한글 문자 | 라,번역 23-054/063 · 라 / 토큰 88 B6 / KANJI 6180 / 가나다순 114 / 원본 82 A0 → 패치 88 B6 / D88 raw 0x07D4D~0x07D4E
1770,E0AF~E0B0,82 F1,패치 슬롯 1363 | 한글 문자 | 도,번역 23-055/063 · 도 / 토큰 82 F1 / KANJI 3930 / 가나다순 89 / 원본 82 C8 → 패치 82 F1 / D88 raw 0x07D4F~0x07D50
1771,E0B1~E0B2,81 40,패치 슬롯 1364 | 전각 공백 | ␠,번역 23-056/063 · ␠ / 토큰 81 40 / PC-88 전각 공백 토큰 / 원본 82 BD → 패치 81 40 / D88 raw 0x07D51~0x07D52
1772,E0B3~E0B4,8A 44,패치 슬롯 1365 | 한글 문자 | 막,번역 23-057/063 · 막 / 토큰 8A 44 / KANJI 6650 / 가나다순 143 / 원본 97 6C → 패치 8A 44 / D88 raw 0x07D53~0x07D54
1773,E0B5~E0B6,82 AC,패치 슬롯 1366 | 한글 문자 | 겠,번역 23-058/063 · 겠 / 토큰 82 AC / KANJI 18E0 / 가나다순 14 / 원본 82 CC → 패치 82 AC / D88 raw 0x07D55~0x07D56
1774,E0B7~E0B8,89 58,패치 슬롯 1367 | 한글 문자 | 습,번역 23-059/063 · 습 / 토큰 89 58 / KANJI 6390 / 가나다순 213 / 원본 8E A9 → 패치 89 58 / D88 raw 0x07D57~0x07D58
1775,E0B9~E0BA,82 E4,패치 슬롯 1368 | 한글 문자 | 니,번역 23-060/063 · 니 / 토큰 82 E4 / KANJI 3860 / 가나다순 75 / 원본 97 52 → 패치 82 E4 / D88 raw 0x07D59~0x07D5A
1776,E0BB~E0BC,82 E7,패치 슬롯 1369 | 한글 문자 | 다,번역 23-061/063 · 다 / 토큰 82 E7 / KANJI 3890 / 가나다순 78 / 원본 82 F0 → 패치 82 E7 / D88 raw 0x07D5B~0x07D5C
1777,E0BD~E0BE,81 42,패치 슬롯 1370 | 문장부호 | 。,번역 23-062/063 · 。 / 토큰 81 42 / PC-88 전각 마침표 토큰 / 원본 92 44 → 패치 81 42 / D88 raw 0x07D5D~0x07D5E
1778,E0BF~E0C0,81 40,패치 슬롯 1371 | 전각 공백 | ␠,번역 23-063/063 · ␠ / 토큰 81 40 / PC-88 전각 공백 토큰 / D88 raw 0x07D5F~0x07D60
1779,E0C1,61,기존 확인 61~70h 계열 / CAA8[0] 작업슬롯 비활성화,비활성화 토큰 61 / D88 raw 0x07D61
1780,E0C2~E0C4,16 4C E2,기존 확인 16h 계열 / 서브스트림 호출·전환 → E24C,16h 호출 → E24C; 복귀 주소 E0E9; C0A2 HL=E24C 진입 확인 / D88 raw 0x07D62~0x07D64
1781,E24C~E251,05 04 86 4C 9E 00,서브스트림 실행 / 기존 확인 05h 계열 / 영역·좌표 상태 설정·전개,인자 04 86 4C 9E 00; C0A2 HL=E252로 6바이트 소비 확인
1782,E252,17,서브스트림 실행 / 기존 확인 17h 계열 / 서브스트림 복귀,17h 복귀 → E0E9; C0A2 HL=E0E9 확인
1783,E0C5~E0C6,25 2E,기존 확인 25h 계열 / CA1D 입 움직임 효과음 인덱스 설정,CA1D=2E / D88 raw 0x07D65~0x07D66
1784,E0C7,42,기존 확인 41~50h 계열 / CAA8[1] 슬롯 실행,슬롯 토큰 42 / D88 raw 0x07D67
1785,E0C8~E0C9,82 BD,패치 슬롯 1372 | 한글 문자 | 그,번역 24-001/087 · 그 / 토큰 82 BD / KANJI 19F0 / 가나다순 34 / 원본 82 C5 → 패치 82 BD / D88 raw 0x07D68~0x07D69
1786,E0CA~E0CB,8A 6C,패치 슬롯 1373 | 한글 문자 | 렇,번역 24-002/087 · 렇 / 토큰 8A 6C / KANJI A6D0 / 가나다순 410 / 원본 82 CD → 패치 8A 6C / D88 raw 0x07D6A~0x07D6B
1787,E0CC~E0CD,82 E7,패치 슬롯 1374 | 한글 문자 | 다,번역 24-003/087 · 다 / 토큰 82 E7 / KANJI 3890 / 가나다순 78 / 원본 81 41 → 패치 82 E7 / D88 raw 0x07D6C~0x07D6D
1788,E0CE~E0CF,88 DC,패치 슬롯 1375 | 한글 문자 | 면,번역 24-004/087 · 면 / 토큰 88 DC / KANJI A1E0 / 가나다순 154 / 원본 82 ED → 패치 88 DC / D88 raw 0x07D6E~0x07D6F
1789,E0D0~E0D1,81 40,패치 슬롯 1376 | 전각 공백 | ␠,번역 24-005/087 · ␠ / 토큰 81 40 / PC-88 전각 공백 토큰 / 원본 82 BD → 패치 81 40 / D88 raw 0x07D70~0x07D71
1790,E0D2~E0D3,89 9B,패치 슬롯 1377 | 한글 문자 | 저,번역 24-006/087 · 저 / 토큰 89 9B / KANJI E3B0 / 가나다순 285 / 원본 82 B5 → 패치 89 9B / D88 raw 0x07D72~0x07D73
1791,E0D4~E0D5,82 ED,패치 슬롯 1378 | 한글 문자 | 더,번역 24-007/087 · 더 / 토큰 82 ED / KANJI 38F0 / 가나다순 85 / 원본 82 C9 → 패치 82 ED / D88 raw 0x07D74~0x07D75
1792,E0D6~E0D7,88 BB,패치 슬롯 1379 | 한글 문자 | 러,번역 24-008/087 · 러 / 토큰 88 BB / KANJI 61D0 / 가나다순 120 / 원본 81 41 → 패치 88 BB / D88 raw 0x07D76~0x07D77
1793,E0D8~E0D9,81 40,패치 슬롯 1380 | 전각 공백 | ␠,번역 24-009/087 · ␠ / 토큰 81 40 / PC-88 전각 공백 토큰 / 원본 82 BD → 패치 81 40 / D88 raw 0x07D78~0x07D79
1794,E0DA~E0DB,8A 81,패치 슬롯 1381 | 한글 문자 | 홀,번역 24-010/087 · 홀 / 토큰 8A 81 / KANJI E610 / 가나다순 430 / 원본 82 C1 → 패치 8A 81 / D88 raw 0x07D7A~0x07D7B
1795,E0DC~E0DD,88 C5,패치 슬롯 1382 | 한글 문자 | 로,번역 24-011/087 · 로 / 토큰 88 C5 / KANJI A070 / 가나다순 130 / 원본 82 BD → 패치 88 C5 / D88 raw 0x07D7C~0x07D7D
1796,E0DE~E0DF,81 40,패치 슬롯 1383 | 전각 공백 | ␠,번역 24-012/087 · ␠ / 토큰 81 40 / PC-88 전각 공백 토큰 / 원본 82 D0 → 패치 81 40 / D88 raw 0x07D7E~0x07D7F
1797,E0E0~E0E1,89 5E,패치 슬롯 1384 | 한글 문자 | 싸,번역 24-013/087 · 싸 / 토큰 89 5E / KANJI 63F0 / 가나다순 221 / 원본 82 C6 → 패치 89 5E / D88 raw 0x07D80~0x07D81
1798,E0E2~E0E3,89 81,패치 슬롯 1385 | 한글 문자 | 우,번역 24-014/087 · 우 / 토큰 89 81 / KANJI E210 / 가나다순 256 / 원본 82 E8 → 패치 89 81 / D88 raw 0x07D82~0x07D83
1799,E0E4~E0E5,82 B1,패치 슬롯 1386 | 한글 문자 | 고,번역 24-015/087 · 고 / 토큰 82 B1 / KANJI 1930 / 가나다순 21 / 원본 82 C5 → 패치 82 B1 / D88 raw 0x07D84~0x07D85
1800,E0E6~E0E7,81 40,패치 슬롯 1387 | 전각 공백 | ␠,번역 24-016/087 · ␠ / 토큰 81 40 / PC-88 전각 공백 토큰 / 원본 90 ED → 패치 81 40 / D88 raw 0x07D86~0x07D87
1801,E0E8~E0E9,89 92,패치 슬롯 1388 | 한글 문자 | 있,번역 24-017/087 · 있 / 토큰 89 92 / KANJI E320 / 가나다순 276 / 원본 82 C1 → 패치 89 92 / D88 raw 0x07D88~0x07D89
1802,E0EA~E0EB,82 E3,패치 슬롯 1389 | 한글 문자 | 는,번역 24-018/087 · 는 / 토큰 82 E3 / KANJI 3850 / 가나다순 74 / 원본 82 C4 → 패치 82 E3 / D88 raw 0x07D8A~0x07D8B
1803,E0EC~E0ED,81 40,패치 슬롯 1390 | 전각 공백 | ␠,번역 24-019/087 · ␠ / 토큰 81 40 / PC-88 전각 공백 토큰 / 원본 82 A2 → 패치 81 40 / D88 raw 0x07D8C~0x07D8D
1804,E0EE~E0EF,89 86,패치 슬롯 1391 | 한글 문자 | 유,번역 24-020/087 · 유 / 토큰 89 86 / KANJI E260 / 가나다순 261 / 원본 82 E9 → 패치 89 86 / D88 raw 0x07D8E~0x07D8F
1805,E0F0~E0F1,89 C5,패치 슬롯 1392 | 한글 문자 | 코,번역 24-021/087 · 코 / 토큰 89 C5 / KANJI A470 / 가나다순 331 / 원본 97 44 → 패치 89 C5 / D88 raw 0x07D90~0x07D91
1806,E0F2~E0F3,88 CA,패치 슬롯 1393 | 한글 문자 | 를,번역 24-022/087 · 를 / 토큰 88 CA / KANJI A0C0 / 가나다순 135 / 원본 8E 71 → 패치 88 CA / D88 raw 0x07D92~0x07D93
1807,E0F4~E0F5,81 40,패치 슬롯 1394 | 전각 공백 | ␠,번역 24-023/087 · ␠ / 토큰 81 40 / PC-88 전각 공백 토큰 / 원본 82 F0 → 패치 81 40 / D88 raw 0x07D94~0x07D95
1808,E0F6~E0F7,89 9B,패치 슬롯 1395 | 한글 문자 | 저,번역 24-024/087 · 저 / 토큰 89 9B / KANJI E3B0 / 가나다순 285 / 원본 8C A9 → 패치 89 9B / D88 raw 0x07D96~0x07D97
1809,E0F8~E0F9,88 F0,패치 슬롯 1396 | 한글 문자 | 버,번역 24-025/087 · 버 / 토큰 88 F0 / KANJI E120 / 가나다순 175 / 원본 8E CC → 패치 88 F0 / D88 raw 0x07D98~0x07D99
1810,E0FA~E0FB,88 CC,패치 슬롯 1397 | 한글 문자 | 리,번역 24-026/087 · 리 / 토큰 88 CC / KANJI A0E0 / 가나다순 137 / 원본 82 C4 → 패치 88 CC / D88 raw 0x07D9A~0x07D9B
1811,E0FC~E0FD,88 B6,패치 슬롯 1398 | 한글 문자 | 라,번역 24-027/087 · 라 / 토큰 88 B6 / KANJI 6180 / 가나다순 114 / 원본 82 EB → 패치 88 B6 / D88 raw 0x07D9C~0x07D9D
1812,E0FE~E0FF,82 E3,패치 슬롯 1399 | 한글 문자 | 는,번역 24-028/087 · 는 / 토큰 82 E3 / KANJI 3850 / 가나다순 74 / 원본 82 C6 → 패치 82 E3 / D88 raw 0x07D9E~0x07D9F
1813,E100~E101,81 40,패치 슬롯 1400 | 전각 공백 | ␠,번역 24-029/087 · ␠ / 토큰 81 40 / PC-88 전각 공백 토큰 / 원본 82 A2 → 패치 81 40 / D88 raw 0x07DA0~0x07DA1
1814,E102~E103,88 D3,패치 슬롯 1401 | 한글 문자 | 말,번역 24-030/087 · 말 / 토큰 88 D3 / KANJI A150 / 가나다순 145 / 원본 82 A4 → 패치 88 D3 / D88 raw 0x07DA2~0x07DA3
1815,E104~E105,89 8E,패치 슬롯 1402 | 한글 문자 | 인,번역 24-031/087 · 인 / 토큰 89 8E / KANJI E2E0 / 가나다순 270 / 원본 82 CC → 패치 89 8E / D88 raw 0x07DA4~0x07DA5
1816,E106~E107,82 9F,패치 슬롯 1403 | 한글 문자 | 가,번역 24-032/087 · 가 / 토큰 82 9F / KANJI 1810 / 가나다순 1 / 원본 82 C5 → 패치 82 9F / D88 raw 0x07DA6~0x07DA7
1817,E108~E109,89 80,패치 슬롯 1404 | 한글 문자 | 요,번역 24-033/087 · 요 / 토큰 89 80 / KANJI E200 / 가나다순 255 / 원본 82 B7 → 패치 89 80 / D88 raw 0x07DA8~0x07DA9
1818,E10A~E10B,81 48,패치 슬롯 1405 | 문장부호 | ？,번역 24-034/087 · ？ / 토큰 81 48 / PC-88 전각 물음표 토큰 / 원본 82 A9 → 패치 81 48 / D88 raw 0x07DAA~0x07DAB
1819,E10C~E10D,81 40,패치 슬롯 1406 | 전각 공백 | ␠,번역 24-035/087 · ␠ / 토큰 81 40 / PC-88 전각 공백 토큰 / 원본 81 48 → 패치 81 40 / D88 raw 0x07DAC~0x07DAD
1820,E10E~E10F,89 86,패치 슬롯 1407 | 한글 문자 | 유,번역 24-036/087 · 유 / 토큰 89 86 / KANJI E260 / 가나다순 261 / 원본 97 44 → 패치 89 86 / D88 raw 0x07DAE~0x07DAF
1821,E110~E111,89 C5,패치 슬롯 1408 | 한글 문자 | 코,번역 24-037/087 · 코 / 토큰 89 C5 / KANJI A470 / 가나다순 331 / 원본 8E 71 → 패치 89 C5 / D88 raw 0x07DB0~0x07DB1
1822,E112~E113,82 9F,패치 슬롯 1409 | 한글 문자 | 가,번역 24-038/087 · 가 / 토큰 82 9F / KANJI 1810 / 가나다순 1 / 원본 82 AA → 패치 82 9F / D88 raw 0x07DB2~0x07DB3
1823,E114~E115,81 40,패치 슬롯 1410 | 전각 공백 | ␠,번역 24-039/087 · ␠ / 토큰 81 40 / PC-88 전각 공백 토큰 / 원본 82 ED → 패치 81 40 / D88 raw 0x07DB4~0x07DB5
1824,E116~E117,89 A1,패치 슬롯 1411 | 한글 문자 | 제,번역 24-040/087 · 제 / 토큰 89 A1 / KANJI 6430 / 가나다순 291 / 원본 82 BD → 패치 89 A1 / D88 raw 0x07DB6~0x07DB7
1825,E118~E119,81 40,패치 슬롯 1412 | 전각 공백 | ␠,번역 24-041/087 · ␠ / 토큰 81 40 / PC-88 전각 공백 토큰 / 원본 82 B5 → 패치 81 40 / D88 raw 0x07DB8~0x07DB9
1826,E11A~E11B,82 F1,패치 슬롯 1413 | 한글 문자 | 도,번역 24-042/087 · 도 / 토큰 82 F1 / KANJI 3930 / 가나다순 89 / 원본 82 CC → 패치 82 F1 / D88 raw 0x07DBA~0x07DBB
1827,E11C~E11D,89 82,패치 슬롯 1414 | 한글 문자 | 움,번역 24-043/087 · 움 / 토큰 89 82 / KANJI E220 / 가나다순 257 / 원본 8F 95 → 패치 89 82 / D88 raw 0x07DBC~0x07DBD
1828,E11E~E11F,89 8A,패치 슬롯 1415 | 한글 문자 | 을,번역 24-044/087 · 을 / 토큰 89 8A / KANJI E2A0 / 가나다순 265 / 원본 82 AF → 패치 89 8A / D88 raw 0x07DBE~0x07DBF
1829,E120~E121,81 40,패치 슬롯 1416 | 전각 공백 | ␠,번역 24-045/087 · ␠ / 토큰 81 40 / PC-88 전각 공백 토큰 / 원본 82 F0 → 패치 81 40 / D88 raw 0x07DC0~0x07DC1
1830,E122~E123,82 A1,패치 슬롯 1417 | 한글 문자 | 간,번역 24-046/087 · 간 / 토큰 82 A1 / KANJI 1830 / 가나다순 3 / 원본 8B 81 → 패치 82 A1 / D88 raw 0x07DC2~0x07DC3
1831,E124~E125,89 9E,패치 슬롯 1418 | 한글 문자 | 절,번역 24-047/087 · 절 / 토큰 89 9E / KANJI E3E0 / 가나다순 288 / 원본 82 DF → 패치 89 9E / D88 raw 0x07DC4~0x07DC5
1832,E126~E127,89 F7,패치 슬롯 1419 | 한글 문자 | 히,번역 24-048/087 · 히 / 토큰 89 F7 / KANJI E590 / 가나다순 387 / 원본 82 C4 → 패치 89 F7 / D88 raw 0x07DC6~0x07DC7
1833,E128~E129,81 40,패치 슬롯 1420 | 전각 공백 | ␠,번역 24-049/087 · ␠ / 토큰 81 40 / PC-88 전각 공백 토큰 / 원본 82 A2 → 패치 81 40 / D88 raw 0x07DC8~0x07DC9
1834,E12A~E12B,88 E9,패치 슬롯 1421 | 한글 문자 | 바,번역 24-050/087 · 바 / 토큰 88 E9 / KANJI E0B0 / 가나다순 168 / 원본 82 E9 → 패치 88 E9 / D88 raw 0x07DCA~0x07DCB
1835,E12C~E12D,88 B6,패치 슬롯 1422 | 한글 문자 | 라,번역 24-051/087 · 라 / 토큰 88 B6 / KANJI 6180 / 가나다순 114 / 원본 82 C6 → 패치 88 B6 / D88 raw 0x07DCC~0x07DCD
1836,E12E~E12F,82 B1,패치 슬롯 1423 | 한글 문자 | 고,번역 24-052/087 · 고 / 토큰 82 B1 / KANJI 1930 / 가나다순 21 / 원본 82 A2 → 패치 82 B1 / D88 raw 0x07DCE~0x07DCF
1837,E130~E131,81 40,패치 슬롯 1424 | 전각 공백 | ␠,번역 24-053/087 · ␠ / 토큰 81 40 / PC-88 전각 공백 토큰 / 원본 82 A4 → 패치 81 40 / D88 raw 0x07DD0~0x07DD1
1838,E132~E133,89 92,패치 슬롯 1425 | 한글 문자 | 있,번역 24-054/087 · 있 / 토큰 89 92 / KANJI E320 / 가나다순 276 / 원본 82 CC → 패치 89 92 / D88 raw 0x07DD2~0x07DD3
1839,E134~E135,82 E3,패치 슬롯 1426 | 한글 문자 | 는,번역 24-055/087 · 는 / 토큰 82 E3 / KANJI 3850 / 가나다순 74 / 원본 82 C9 → 패치 82 E3 / D88 raw 0x07DD4~0x07DD5
1840,E136~E137,82 F0,패치 슬롯 1427 | 한글 문자 | 데,번역 24-056/087 · 데 / 토큰 82 F0 / KANJI 3920 / 가나다순 88 / 원본 81 41 → 패치 82 F0 / D88 raw 0x07DD6~0x07DD7
1841,E138~E139,82 F1,패치 슬롯 1428 | 한글 문자 | 도,번역 24-057/087 · 도 / 토큰 82 F1 / KANJI 3930 / 가나다순 89 / 원본 8C A9 → 패치 82 F1 / D88 raw 0x07DD8~0x07DD9
1842,E13A~E13B,81 41,패치 슬롯 1429 | 문장부호 | 、,번역 24-058/087 · 、 / 토큰 81 41 / PC-88 전각 쉼표 토큰 / 원본 82 C4 → 패치 81 41 / D88 raw 0x07DDA~0x07DDB
1843,E13C~E13D,88 E2,패치 슬롯 1430 | 한글 문자 | 못,번역 24-059/087 · 못 / 토큰 88 E2 / KANJI E040 / 가나다순 160 / 원본 8C A9 → 패치 88 E2 / D88 raw 0x07DDC~0x07DDD
1844,E13E~E13F,81 40,패치 슬롯 1431 | 전각 공백 | ␠,번역 24-060/087 · ␠ / 토큰 81 40 / PC-88 전각 공백 토큰 / 원본 82 CA → 패치 81 40 / D88 raw 0x07DDE~0x07DDF
1845,E140~E141,88 F6,패치 슬롯 1432 | 한글 문자 | 본,번역 24-061/087 · 본 / 토큰 88 F6 / KANJI E180 / 가나다순 181 / 원본 82 D3 → 패치 88 F6 / D88 raw 0x07DE0~0x07DE1
1846,E142~E143,81 40,패치 슬롯 1433 | 전각 공백 | ␠,번역 24-062/087 · ␠ / 토큰 81 40 / PC-88 전각 공백 토큰 / 원본 82 E8 → 패치 81 40 / D88 raw 0x07DE2~0x07DE3
1847,E144~E145,8A 7D,패치 슬롯 1434 | 한글 문자 | 척,번역 24-063/087 · 척 / 토큰 8A 7D / KANJI A7E0 / 가나다순 427 / 원본 82 F0 → 패치 8A 7D / D88 raw 0x07DE4~0x07DE5
1848,E146~E147,89 E2,패치 슬롯 1435 | 한글 문자 | 하,번역 24-064/087 · 하 / 토큰 89 E2 / KANJI E440 / 가나다순 362 / 원본 82 B9 → 패치 89 E2 / D88 raw 0x07DE6~0x07DE7
1849,E148~E149,88 B6,패치 슬롯 1436 | 한글 문자 | 라,번역 24-065/087 · 라 / 토큰 88 B6 / KANJI 6180 / 가나다순 114 / 원본 82 E6 → 패치 88 B6 / D88 raw 0x07DE8~0x07DE9
1850,E14A~E14B,82 E3,패치 슬롯 1437 | 한글 문자 | 는,번역 24-066/087 · 는 / 토큰 82 E3 / KANJI 3850 / 가나다순 74 / 원본 82 C6 → 패치 82 E3 / D88 raw 0x07DEA~0x07DEB
1851,E14C~E14D,81 40,패치 슬롯 1438 | 전각 공백 | ␠,번역 24-067/087 · ␠ / 토큰 81 40 / PC-88 전각 공백 토큰 / 원본 82 A2 → 패치 81 40 / D88 raw 0x07DEC~0x07DED
1852,E14E~E14F,82 A7,패치 슬롯 1439 | 한글 문자 | 건,번역 24-068/087 · 건 / 토큰 82 A7 / KANJI 1890 / 가나다순 9 / 원본 82 A4 → 패치 82 A7 / D88 raw 0x07DEE~0x07DEF
1853,E150~E151,82 9F,패치 슬롯 1440 | 한글 문자 | 가,번역 24-069/087 · 가 / 토큰 82 9F / KANJI 1810 / 가나다순 1 / 원본 82 CC → 패치 82 9F / D88 raw 0x07DF0~0x07DF1
1854,E152~E153,89 80,패치 슬롯 1441 | 한글 문자 | 요,번역 24-070/087 · 요 / 토큰 89 80 / KANJI E200 / 가나다순 255 / 원본 82 C5 → 패치 89 80 / D88 raw 0x07DF2~0x07DF3
1855,E154~E155,81 48,패치 슬롯 1442 | 문장부호 | ？,번역 24-071/087 · ？ / 토큰 81 48 / PC-88 전각 물음표 토큰 / 원본 82 B7 → 패치 81 48 / D88 raw 0x07DF4~0x07DF5
1856,E156~E157,81 40,패치 슬롯 1443 | 전각 공백 | ␠,번역 24-072/087 · ␠ / 토큰 81 40 / PC-88 전각 공백 토큰 / 원본 82 A9 → 패치 81 40 / D88 raw 0x07DF6~0x07DF7
1857,E158~E159,89 60,패치 슬롯 1444 | 한글 문자 | 아,번역 24-073/087 · 아 / 토큰 89 60 / KANJI A210 / 가나다순 223 / 원본 81 48 → 패치 89 60 / D88 raw 0x07DF8~0x07DF9
1858,E15A~E15B,89 60,패치 슬롯 1445 | 한글 문자 | 아,번역 24-074/087 · 아 / 토큰 89 60 / KANJI A210 / 가나다순 223 / 원본 81 40 → 패치 89 60 / D88 raw 0x07DFA~0x07DFB
1859,E15C~E15D,81 41,패치 슬롯 1446 | 문장부호 | 、,번역 24-075/087 · 、 / 토큰 81 41 / PC-88 전각 쉼표 토큰 / 원본 82 A0 → 패치 81 41 / D88 raw 0x07DFC~0x07DFD
1860,E15E~E15F,82 BD,패치 슬롯 1447 | 한글 문자 | 그,번역 24-076/087 · 그 / 토큰 82 BD / KANJI 19F0 / 가나다순 34 / 원본 82 A0 → 패치 82 BD / D88 raw 0x07DFE~0x07DFF
1861,E160~E161,8A 6C,패치 슬롯 1448 | 한글 문자 | 렇,번역 24-077/087 · 렇 / 토큰 8A 6C / KANJI A6D0 / 가나다순 410 / 원본 81 41 → 패치 8A 6C / D88 raw 0x07E00~0x07E01
1862,E162~E163,82 E7,패치 슬롯 1449 | 한글 문자 | 다,번역 24-078/087 · 다 / 토큰 82 E7 / KANJI 3890 / 가나다순 78 / 원본 82 BB → 패치 82 E7 / D88 raw 0x07E02~0x07E03
1863,E164~E165,88 DC,패치 슬롯 1450 | 한글 문자 | 면,번역 24-079/087 · 면 / 토큰 88 DC / KANJI A1E0 / 가나다순 154 / 원본 82 EA → 패치 88 DC / D88 raw 0x07E04~0x07E05
1864,E166~E167,81 40,패치 슬롯 1451 | 전각 공백 | ␠,번역 24-080/087 · ␠ / 토큰 81 40 / PC-88 전각 공백 토큰 / 원본 82 C5 → 패치 81 40 / D88 raw 0x07E06~0x07E07
1865,E168~E169,89 9B,패치 슬롯 1452 | 한글 문자 | 저,번역 24-081/087 · 저 / 토큰 89 9B / KANJI E3B0 / 가나다순 285 / 원본 82 CD → 패치 89 9B / D88 raw 0x07E08~0x07E09
1866,E16A~E16B,82 E3,패치 슬롯 1453 | 한글 문자 | 는,번역 24-082/087 · 는 / 토큰 82 E3 / KANJI 3850 / 가나다순 74 / 원본 82 ED → 패치 82 E3 / D88 raw 0x07E0A~0x07E0B
1867,E16C~E16D,81 45,패치 슬롯 1454 | 문장부호 | ・,번역 24-083/087 · ・ / 토큰 81 45 / PC-88 가운데점 토큰 / 원본 82 BD → 패치 81 45 / D88 raw 0x07E0C~0x07E0D
1868,E16E~E16F,81 45,패치 슬롯 1455 | 문장부호 | ・,번역 24-084/087 · ・ / 토큰 81 45 / PC-88 가운데점 토큰 / 원본 82 B5 → 패치 81 45 / D88 raw 0x07E0E~0x07E0F
1869,E170~E171,81 45,패치 슬롯 1456 | 문장부호 | ・,번역 24-085/087 · ・ / 토큰 81 45 / PC-88 가운데점 토큰 / 원본 82 CD → 패치 81 45 / D88 raw 0x07E10~0x07E11
1870,E172~E173,81 49,패치 슬롯 1457 | 문장부호 | ！,번역 24-086/087 · ！ / 토큰 81 49 / PC-88 전각 느낌표 토큰 / 원본 81 45 → 패치 81 49 / D88 raw 0x07E12~0x07E13
1871,E174~E175,81 40,패치 슬롯 1458 | 전각 공백 | ␠,번역 24-087/087 · ␠ / 토큰 81 40 / PC-88 전각 공백 토큰 / D88 raw 0x07E14~0x07E15
1872,E176,62,기존 확인 61~70h 계열 / CAA8[1] 작업슬롯 비활성화,비활성화 토큰 62 / D88 raw 0x07E16
1873,E177~E179,16 4C E2,기존 확인 16h 계열 / 서브스트림 호출·전환 → E24C,16h 호출 → E24C; 복귀 주소 E1A2; C0A2 HL=E24C 진입 확인 / D88 raw 0x07E17~0x07E19
1874,E24C~E251,05 04 86 4C 9E 00,서브스트림 실행 / 기존 확인 05h 계열 / 영역·좌표 상태 설정·전개,인자 04 86 4C 9E 00; C0A2 HL=E252로 6바이트 소비 확인
1875,E252,17,서브스트림 실행 / 기존 확인 17h 계열 / 서브스트림 복귀,17h 복귀 → E1A2; C0A2 HL=E1A2 확인
1876,E17A~E17B,25 2C,기존 확인 25h 계열 / CA1D 입 움직임 효과음 인덱스 설정,CA1D=2C / D88 raw 0x07E1A~0x07E1B
1877,E17C,43,기존 확인 41~50h 계열 / CAA8[2] 슬롯 실행,슬롯 토큰 43 / D88 raw 0x07E1C
1878,E17D~E17E,88 E9,패치 슬롯 1459 | 한글 문자 | 바,번역 25-001/037 · 바 / 토큰 88 E9 / KANJI E0B0 / 가나다순 168 / 원본 83 94 → 패치 88 E9 / D88 raw 0x07E1D~0x07E1E
1879,E17F~E180,88 CC,패치 슬롯 1460 | 한글 문자 | 리,번역 25-002/037 · 리 / 토큰 88 CC / KANJI A0E0 / 가나다순 137 / 원본 83 40 → 패치 88 CC / D88 raw 0x07E1F~0x07E20
1880,E181~E182,89 60,패치 슬롯 1461 | 한글 문자 | 아,번역 25-003/037 · 아 / 토큰 89 60 / KANJI A210 / 가나다순 223 / 원본 83 8A → 패치 89 60 / D88 raw 0x07E21~0x07E22
1881,E183~E184,82 E6,패치 슬롯 1462 | 한글 문자 | 님,번역 25-004/037 · 님 / 토큰 82 E6 / KANJI 3880 / 가나다순 77 / 원본 83 41 → 패치 82 E6 / D88 raw 0x07E23~0x07E24
1882,E185~E186,81 41,패치 슬롯 1463 | 문장부호 | 、,번역 25-005/037 · 、 / 토큰 81 41 / PC-88 전각 쉼표 토큰 / 원본 97 6C → 패치 81 41 / D88 raw 0x07E25~0x07E26
1883,E187~E188,82 BD,패치 슬롯 1464 | 한글 문자 | 그,번역 25-006/037 · 그 / 토큰 82 BD / KANJI 19F0 / 가나다순 34 / 원본 81 41 → 패치 82 BD / D88 raw 0x07E27~0x07E28
1884,E189~E18A,81 40,패치 슬롯 1465 | 전각 공백 | ␠,번역 25-007/037 · ␠ / 토큰 81 40 / PC-88 전각 공백 토큰 / 원본 82 C7 → 패치 81 40 / D88 raw 0x07E29~0x07E2A
1885,E18B~E18C,8A 47,패치 슬롯 1466 | 한글 문자 | 심,번역 25-008/037 · 심 / 토큰 8A 47 / KANJI 6680 / 가나다순 218 / 원본 82 A4 → 패치 8A 47 / D88 raw 0x07E2B~0x07E2C
1886,E18D~E18E,89 A0,패치 슬롯 1467 | 한글 문자 | 정,번역 25-009/037 · 정 / 토큰 89 A0 / KANJI 6420 / 가나다순 290 / 원본 82 A9 → 패치 89 A0 / D88 raw 0x07E2D~0x07E2E
1887,E18F~E190,89 8A,패치 슬롯 1468 | 한글 문자 | 을,번역 25-010/037 · 을 / 토큰 89 8A / KANJI E2A0 / 가나다순 265 / 원본 81 41 → 패치 89 8A / D88 raw 0x07E2F~0x07E30
1888,E191~E192,81 40,패치 슬롯 1469 | 전각 공백 | ␠,번역 25-011/037 · ␠ / 토큰 81 40 / PC-88 전각 공백 토큰 / 원본 82 A8 → 패치 81 40 / D88 raw 0x07E31~0x07E32
1889,E193~E194,8A 48,패치 슬롯 1470 | 한글 문자 | 십,번역 25-012/037 · 십 / 토큰 8A 48 / KANJI 6690 / 가나다순 219 / 원본 82 B1 → 패치 8A 48 / D88 raw 0x07E33~0x07E34
1890,E195~E196,88 FB,패치 슬롯 1471 | 한글 문자 | 분,번역 25-013/037 · 분 / 토큰 88 FB / KANJI E1D0 / 가나다순 186 / 원본 82 E7 → 패치 88 FB / D88 raw 0x07E35~0x07E36
1891,E197~E198,81 40,패치 슬롯 1472 | 전각 공백 | ␠,번역 25-014/037 · ␠ / 토큰 81 40 / PC-88 전각 공백 토큰 / 원본 82 A6 → 패치 81 40 / D88 raw 0x07E37~0x07E38
1892,E199~E19A,89 8D,패치 슬롯 1473 | 한글 문자 | 이,번역 25-015/037 · 이 / 토큰 89 8D / KANJI E2D0 / 가나다순 268 / 원본 89 BA → 패치 89 8D / D88 raw 0x07E39~0x07E3A
1893,E19B~E19C,89 E8,패치 슬롯 1474 | 한글 문자 | 해,번역 25-016/037 · 해 / 토큰 89 E8 / KANJI E4A0 / 가나다순 369 / 원본 82 B3 → 패치 89 E8 / D88 raw 0x07E3B~0x07E3C
1894,E19D~E19E,89 E2,패치 슬롯 1475 | 한글 문자 | 하,번역 25-017/037 · 하 / 토큰 89 E2 / KANJI E440 / 가나다순 362 / 원본 82 A2 → 패치 89 E2 / D88 raw 0x07E3D~0x07E3E
1895,E19F~E1A0,89 76,패치 슬롯 1476 | 한글 문자 | 오,번역 25-018/037 · 오 / 토큰 89 76 / KANJI A370 / 가나다순 246 / 원본 81 42 → 패치 89 76 / D88 raw 0x07E3F~0x07E40
1896,E1A1~E1A2,82 CE,패치 슬롯 1477 | 한글 문자 | 나,번역 25-019/037 · 나 / 토큰 82 CE / KANJI 2900 / 가나다순 52 / 원본 82 A8 → 패치 82 CE / D88 raw 0x07E41~0x07E42
1897,E1A3~E1A4,81 41,패치 슬롯 1478 | 문장부호 | 、,번역 25-020/037 · 、 / 토큰 81 41 / PC-88 전각 쉼표 토큰 / 원본 8B 43 → 패치 81 41 / D88 raw 0x07E43~0x07E44
1898,E1A5~E1A6,88 FA,패치 슬롯 1479 | 한글 문자 | 부,번역 25-021/037 · 부 / 토큰 88 FA / KANJI E1C0 / 가나다순 185 / 원본 8E 9D → 패치 88 FA / D88 raw 0x07E45~0x07E46
1899,E1A7~E1A8,88 AB,패치 슬롯 1480 | 한글 문자 | 디,번역 25-022/037 · 디 / 토큰 88 AB / KANJI 60D0 / 가나다순 103 / 원본 82 CD → 패치 88 AB / D88 raw 0x07E47~0x07E48
1900,E1A9~E1AA,81 40,패치 슬롯 1481 | 전각 공백 | ␠,번역 25-023/037 · ␠ / 토큰 81 40 / PC-88 전각 공백 토큰 / 원본 8E 40 → 패치 81 40 / D88 raw 0x07E49~0x07E4A
1901,E1AB~E1AC,89 A3,패치 슬롯 1482 | 한글 문자 | 조,번역 25-024/037 · 조 / 토큰 89 A3 / KANJI 6450 / 가나다순 293 / 원본 82 B5 → 패치 89 A3 / D88 raw 0x07E4B~0x07E4C
1902,E1AD~E1AE,82 BF,패치 슬롯 1483 | 한글 문자 | 금,번역 25-025/037 · 금 / 토큰 82 BF / KANJI 2810 / 가나다순 37 / 원본 82 C4 → 패치 82 BF / D88 raw 0x07E4D~0x07E4E
1903,E1AF~E1B0,88 D2,패치 슬롯 1484 | 한글 문자 | 만,번역 25-026/037 · 만 / 토큰 88 D2 / KANJI A140 / 가나다순 144 / 원본 97 5D → 패치 88 D2 / D88 raw 0x07E4F~0x07E50
1904,E1B1~E1B2,81 40,패치 슬롯 1485 | 전각 공백 | ␠,번역 25-027/037 · ␠ / 토큰 81 40 / PC-88 전각 공백 토큰 / 원본 82 E8 → 패치 81 40 / D88 raw 0x07E51~0x07E52
1905,E1B3~E1B4,82 ED,패치 슬롯 1486 | 한글 문자 | 더,번역 25-028/037 · 더 / 토큰 82 ED / KANJI 38F0 / 가나다순 85 / 원본 82 A0 → 패치 82 ED / D88 raw 0x07E53~0x07E54
1906,E1B5~E1B6,81 40,패치 슬롯 1487 | 전각 공백 | ␠,번역 25-029/037 · ␠ / 토큰 81 40 / PC-88 전각 공백 토큰 / 원본 82 E8 → 패치 81 40 / D88 raw 0x07E55~0x07E56
1907,E1B7~E1B8,8A 7C,패치 슬롯 1488 | 한글 문자 | 참,번역 25-030/037 · 참 / 토큰 8A 7C / KANJI A7D0 / 가나다순 426 / 원본 82 DC → 패치 8A 7C / D88 raw 0x07E57~0x07E58
1908,E1B9~E1BA,89 60,패치 슬롯 1489 | 한글 문자 | 아,번역 25-031/037 · 아 / 토큰 89 60 / KANJI A210 / 가나다순 223 / 원본 82 B7 → 패치 89 60 / D88 raw 0x07E59~0x07E5A
1909,E1BB~E1BC,89 AA,패치 슬롯 1490 | 한글 문자 | 주,번역 25-032/037 · 주 / 토큰 89 AA / KANJI 64C0 / 가나다순 300 / 원본 82 AA → 패치 89 AA / D88 raw 0x07E5B~0x07E5C
1910,E1BD~E1BE,8A 48,패치 슬롯 1491 | 한글 문자 | 십,번역 25-033/037 · 십 / 토큰 8A 48 / KANJI 6690 / 가나다순 219 / 원본 81 41 → 패치 8A 48 / D88 raw 0x07E5D~0x07E5E
1911,E1BF~E1C0,89 5A,패치 슬롯 1492 | 한글 문자 | 시,번역 25-034/037 · 시 / 토큰 89 5A / KANJI 63B0 / 가나다순 215 / 원본 82 C7 → 패치 89 5A / D88 raw 0x07E5F~0x07E60
1912,E1C1~E1C2,89 76,패치 슬롯 1493 | 한글 문자 | 오,번역 25-035/037 · 오 / 토큰 89 76 / KANJI A370 / 가나다순 246 / 원본 82 A4 → 패치 89 76 / D88 raw 0x07E61~0x07E62
1913,E1C3~E1C4,81 42,패치 슬롯 1494 | 문장부호 | 。,번역 25-036/037 · 。 / 토큰 81 42 / PC-88 전각 마침표 토큰 / 원본 82 A9 → 패치 81 42 / D88 raw 0x07E63~0x07E64
1914,E1C5,63,기존 확인 61~70h 계열 / CAA8[2] 작업슬롯 비활성화,비활성화 토큰 63 / D88 raw 0x07E65
1915,E1C6,26,기존 확인 26h 계열 / ACT 3 이벤트 본류 종료,종료 토큰 E208=26; E209 이후는 별도 제어·서브스트림·테이블 데이터 / D88 raw 0x07E66
