sequence,ram_address,classification,character,printed_target_hex,current_map_row,current_target_hex,expected_original_hex,raw_destination_hex,expected_old_basis
26,D51A~D51B,한글 문자,과,82 B4,36,88 C2,82 B3,0x0718A | 0x0718B,Japanese Disk D original at direct table raw destination
27,D51C~D51D,한글 문자,연,89 73,337,8A 76,82 B7,0x0718C | 0x0718D,Japanese Disk D original at direct table raw destination
28,D51E~D51F,문장부호,・,81 45,,81 45,82 AA,0x0718E | 0x0718F,Japanese Disk D original at direct table raw destination
29,D520~D521,문장부호,・,81 45,,81 45,82 BE,0x07190 | 0x07191,Japanese Disk D original at direct table raw destination
30,D522~D523,문장부호,・,81 45,,81 45,82 C8,0x07192 | 0x07193,Japanese Disk D original at direct table raw destination
31,D524~D525,전각 공백,␠,81 40,,81 40,81 45,0x07194 | 0x07195,Japanese Disk D original at direct table raw destination
32,D526~D527,한글 문자,로,88 C5,183,89 99,81 45,0x07196 | 0x07197,Japanese Disk D original at direct table raw destination
33,D528~D529,한글 문자,그,82 BD,49,88 CF,81 45,0x07198 | 0x07199,Japanese Disk D original at direct table raw destination
34,D52A~D52B,한글 문자,레,88 C0,177,89 93,83 8D,0x0719A | 0x0719B,Japanese Disk D original at direct table raw destination
35,D52C~D52D,한글 문자,스,89 56,293,8A 4A,83 4F,0x0719C | 0x0719D,Japanese Disk D original at direct table raw destination
36,D52E~D52F,한글 문자,님,82 E6,110,89 4F,83 8C,0x0719E | 0x0719F,Japanese Disk D original at direct table raw destination
37,D530~D531,한글 문자,을,89 8A,376,8A 9E,83 58,0x071A0 | 0x071A1,Japanese Disk D original at direct table raw destination
38,D532~D533,전각 공백,␠,81 40,,81 40,97 6C,0x071A2 | 0x071A3,Japanese Disk D original at direct table raw destination
39,D534~D535,한글 문자,쓰,89 5F,307,8A 58,82 F0,0x071A4 | 0x071A5,Japanese Disk D original at direct table raw destination
40,D536~D537,한글 문자,러,88 BB,170,89 8C,93 7C,0x071A6 | 0x071A7,Japanese Disk D original at direct table raw destination
41,D538~D539,한글 문자,트,8A 59,496,8B 59,82 B5,0x071A8 | 0x071A9,Japanese Disk D original at direct table raw destination
42,D53A~D53B,한글 문자,린,88 CD,196,89 A6,82 BD,0x071AA | 0x071AB,Japanese Disk D original at direct table raw destination
43,D53C~D53D,전각 공백,␠,81 40,,81 40,82 BE,0x071AC | 0x071AD,Japanese Disk D original at direct table raw destination
44,D53E~D53F,한글 문자,전,89 9D,401,8A B7,82 AF,0x071AE | 0x071AF,Japanese Disk D original at direct table raw destination
45,D540~D541,한글 문자,사,89 43,265,89 EB,82 CC,0x071B0 | 0x071B1,Japanese Disk D original at direct table raw destination
46,D542~D543,한글 문자,답,8A 41,116,89 55,82 B1,0x071B2 | 0x071B3,Japanese Disk D original at direct table raw destination
47,D544~D545,한글 문자,구,82 B7,41,88 C7,82 C6,0x071B4 | 0x071B5,Japanese Disk D original at direct table raw destination
48,D546~D547,한글 문자,나,82 CE,74,88 E8,82 CD,0x071B6 | 0x071B7,Japanese Disk D original at direct table raw destination
49,D548~D549,문장부호,・,81 45,,81 45,82 A0,0x071B8 | 0x071B9,Japanese Disk D original at direct table raw destination
50,D54A~D54B,문장부호,・,81 45,,81 45,82 E9,0x071BA | 0x071BB,Japanese Disk D original at direct table raw destination
52,D54E~D54F,문장부호,。,81 42,,81 42,81 45,0x071BE | 0x071BF,Japanese Disk D original at direct table raw destination
53,D550~D551,한글 문자,하,89 E2,521,8B 72,81 45,0x071C0 | 0x071C1,Japanese Disk D original at direct table raw destination
54,D552~D553,한글 문자,지,89 B3,430,8A D4,81 42,0x071C2 | 0x071C3,Japanese Disk D original at direct table raw destination
55,D554~D555,한글 문자,만,88 D2,202,89 AC,82 BE,0x071C4 | 0x071C5,Japanese Disk D original at direct table raw destination
56,D556~D557,전각 공백,␠,81 40,,81 40,82 AA,0x071C6 | 0x071C7,Japanese Disk D original at direct table raw destination
57,D558~D559,한글 문자,메,88 DA,213,89 B7,8E 63,0x071C8 | 0x071C9,Japanese Disk D original at direct table raw destination
58,D55A~D55B,한글 문자,가,82 9F,1,88 9F,94 45,0x071CA | 0x071CB,Japanese Disk D original at direct table raw destination
59,D55C~D55D,한글 문자,스,89 56,293,8A 4A,89 A4,0x071CC | 0x071CD,Japanese Disk D original at direct table raw destination
60,D55E~D55F,한글 문자,는,82 E3,106,89 4B,83 81,0x071CE | 0x071CF,Japanese Disk D original at direct table raw destination
61,D560~D561,전각 공백,␠,81 40,,81 40,83 4B,0x071D0 | 0x071D1,Japanese Disk D original at direct table raw destination
62,D562~D563,한글 문자,그,82 BD,49,88 CF,83 58,0x071D2 | 0x071D3,Japanese Disk D original at direct table raw destination
63,D564~D565,한글 문자,럴,88 BD,172,89 8E,82 CD,0x071D4 | 0x071D5,Japanese Disk D original at direct table raw destination
64,D566~D567,전각 공백,␠,81 40,,81 40,82 C7,0x071D6 | 0x071D7,Japanese Disk D original at direct table raw destination
65,D568~D569,한글 문자,수,89 54,288,8A 45,82 A4,0x071D8 | 0x071D9,Japanese Disk D original at direct table raw destination
66,D56A~D56B,전각 공백,␠,81 40,,81 40,82 A9,0x071DA | 0x071DB,Japanese Disk D original at direct table raw destination
67,D56C~D56D,한글 문자,있,89 92,389,8A AB,82 C8,0x071DC | 0x071DD,Japanese Disk D original at direct table raw destination
68,D56E~D56F,한글 문자,을,89 8A,376,8A 9E,81 48,0x071DE | 0x071DF,Japanese Disk D original at direct table raw destination
69,D570~D571,한글 문자,까,82 C4,60,88 DA,81 40,0x071E0 | 0x071E1,Japanese Disk D original at direct table raw destination
70,D572~D573,문장부호,？,81 48,,81 48,83 81,0x071E2 | 0x071E3,Japanese Disk D original at direct table raw destination
71,D574~D575,전각 공백,␠,81 40,,81 40,83 4B,0x071E4 | 0x071E5,Japanese Disk D original at direct table raw destination
72,D576~D577,한글 문자,그,82 BD,49,88 CF,83 58,0x071E6 | 0x071E7,Japanese Disk D original at direct table raw destination
73,D578~D579,한글 문자,놈,82 DD,97,89 42,82 CD,0x071E8 | 0x071E9,Japanese Disk D original at direct table raw destination
74,D57A~D57B,한글 문자,은,89 89,375,8A 9D,90 B6,0x071EA | 0x071EB,Japanese Disk D original at direct table raw destination
75,D57C~D57D,전각 공백,␠,81 40,,81 40,82 AB,0x071EC | 0x071ED,Japanese Disk D original at direct table raw destination
76,D57E~D57F,한글 문자,살,89 45,267,89 ED,95 A8,0x071EE | 0x071EF,Japanese Disk D original at direct table raw destination
77,D580~D581,한글 문자,아,89 60,309,8A 5A,82 C5,0x071F0 | 0x071F1,Japanese Disk D original at direct table raw destination
78,D582~D583,한글 문자,있,89 92,389,8A AB,82 CD,0x071F2 | 0x071F3,Japanese Disk D original at direct table raw destination
79,D584~D585,한글 문자,는,82 E3,106,89 4B,82 C8,0x071F4 | 0x071F5,Japanese Disk D original at direct table raw destination
80,D586~D587,한글 문자,존,89 A5,411,8A C1,82 A2,0x071F6 | 0x071F7,Japanese Disk D original at direct table raw destination
81,D588~D589,한글 문자,재,89 9A,398,8A B4,81 45,0x071F8 | 0x071F9,Japanese Disk D original at direct table raw destination
82,D58A~D58B,한글 문자,가,82 9F,1,88 9F,81 45,0x071FA | 0x071FB,Japanese Disk D original at direct table raw destination
83,D58C~D58D,전각 공백,␠,81 40,,81 40,81 45,0x071FC | 0x071FD,Japanese Disk D original at direct table raw destination
84,D58E~D58F,한글 문자,아,89 60,309,8A 5A,83 81,0x071FE | 0x071FF,Japanese Disk D original at direct table raw destination
85,D590~D591,한글 문자,니,82 E4,108,89 4D,83 4B,0x07200 | 0x07201,Japanese Disk D original at direct table raw destination
86,D592~D593,한글 문자,다,82 E7,111,89 50,83 58,0x07202 | 0x07203,Japanese Disk D original at direct table raw destination
87,D594~D595,문장부호,・,81 45,,81 45,82 CD,0x07204 | 0x07205,Japanese Disk D original at direct table raw destination
88,D596~D597,문장부호,・,81 45,,81 45,8E 45,0x07206 | 0x07207,Japanese Disk D original at direct table raw destination
89,D598~D599,문장부호,・,81 45,,81 45,90 6C,0x07208 | 0x07209,Japanese Disk D original at direct table raw destination
90,D59A~D59B,전각 공백,␠,81 40,,81 40,8B 40,0x0720A | 0x0720B,Japanese Disk D original at direct table raw destination
91,D59C~D59D,한글 문자,그,82 BD,49,88 CF,8A 42,0x0720C | 0x0720D,Japanese Disk D original at direct table raw destination
92,D59E~D59F,한글 문자,저,89 9B,399,8A B5,82 BE,0x0720E | 0x0720F,Japanese Disk D original at direct table raw destination
93,D5A0~D5A1,전각 공백,␠,81 40,,81 40,81 45,0x07210 | 0x07211,Japanese Disk D original at direct table raw destination
94,D5A2~D5A3,한글 문자,모,88 DF,218,89 BC,81 45,0x07212 | 0x07213,Japanese Disk D original at direct table raw destination
95,D5A4~D5A5,한글 문자,든,88 A9,142,89 6F,81 45,0x07214 | 0x07215,Japanese Disk D original at direct table raw destination
96,D5A6~D5A7,전각 공백,␠,81 40,,81 40,82 B7,0x07216 | 0x07217,Japanese Disk D original at direct table raw destination
97,D5A8~D5A9,한글 문자,것,82 AA,18,88 B0,82 D7,0x07218 | 0x07219,Japanese Disk D original at direct table raw destination
98,D5AA~D5AB,한글 문자,을,89 8A,376,8A 9E,82 C4,0x0721A | 0x0721B,Japanese Disk D original at direct table raw destination
99,D5AC~D5AD,전각 공백,␠,81 40,,81 40,82 F0,0x0721C | 0x0721D,Japanese Disk D original at direct table raw destination
100,D5AE~D5AF,한글 문자,죽,89 AB,419,8A C9,8E 45,0x0721E | 0x0721F,Japanese Disk D original at direct table raw destination
101,D5B0~D5B1,한글 문자,이,89 8D,380,8A A2,82 B5,0x07220 | 0x07221,Japanese Disk D original at direct table raw destination
102,D5B2~D5B3,한글 문자,고,82 B1,29,88 BB,81 41,0x07222 | 0x07223,Japanese Disk D original at direct table raw destination
103,D5B4~D5B5,문장부호,、,81 41,,81 41,82 B7,0x07224 | 0x07225,Japanese Disk D original at direct table raw destination
104,D5B6~D5B7,한글 문자,파,89 D8,500,8B 5D,82 D7,0x07226 | 0x07227,Japanese Disk D original at direct table raw destination
105,D5B8~D5B9,한글 문자,괴,82 B6,40,88 C6,82 C4,0x07228 | 0x07229,Japanese Disk D original at direct table raw destination
106,D5BA~D5BB,한글 문자,하,89 E2,521,8B 72,82 F0,0x0722A | 0x0722B,Japanese Disk D original at direct table raw destination
107,D5BC~D5BD,한글 문자,고,82 B1,29,88 BB,94 6A,0x0722C | 0x0722D,Japanese Disk D original at direct table raw destination
108,D5BE~D5BF,문장부호,、,81 41,,81 41,89 F3,0x0722E | 0x0722F,Japanese Disk D original at direct table raw destination
109,D5C0~D5C1,한글 문자,멸,88 DD,216,89 BA,82 B5,0x07230 | 0x07231,Japanese Disk D original at direct table raw destination
110,D5C2~D5C3,한글 문자,망,88 D6,206,89 B0,81 41,0x07232 | 0x07233,Japanese Disk D original at direct table raw destination
111,D5C4~D5C5,한글 문자,시,89 5A,298,8A 4F,82 B7,0x07234 | 0x07235,Japanese Disk D original at direct table raw destination
112,D5C6~D5C7,한글 문자,키,89 C9,477,8B 46,82 D7,0x07236 | 0x07237,Japanese Disk D original at direct table raw destination
113,D5C8~D5C9,한글 문자,기,82 C1,55,88 D5,82 C4,0x07238 | 0x07239,Japanese Disk D original at direct table raw destination
114,D5CA~D5CB,전각 공백,␠,81 40,,81 40,82 F0,0x0723A | 0x0723B,Japanese Disk D original at direct table raw destination
115,D5CC~D5CD,한글 문자,위,89 85,369,8A 97,96 C5,0x0723C | 0x0723D,Japanese Disk D original at direct table raw destination
116,D5CE~D5CF,한글 문자,해,89 E8,528,8B 79,82 DA,0x0723E | 0x0723F,Japanese Disk D original at direct table raw destination
117,D5D0~D5D1,전각 공백,␠,81 40,,81 40,82 B7,0x07240 | 0x07241,Japanese Disk D original at direct table raw destination
118,D5D2~D5D3,한글 문자,태,89 CF,484,8B 4D,82 BD,0x07242 | 0x07243,Japanese Disk D original at direct table raw destination
119,D5D4~D5D5,한글 문자,어,89 6C,325,8A 6A,82 DF,0x07244 | 0x07245,Japanese Disk D original at direct table raw destination
120,D5D6~D5D7,한글 문자,난,82 CF,75,88 E9,82 C9,0x07246 | 0x07247,Japanese Disk D original at direct table raw destination
121,D5D8~D5D9,전각 공백,␠,81 40,,81 40,90 B6,0x07248 | 0x07249,Japanese Disk D original at direct table raw destination
122,D5DA~D5DB,한글 문자,살,89 45,267,89 ED,82 DC,0x0724A | 0x0724B,Japanese Disk D original at direct table raw destination
123,D5DC~D5DD,한글 문자,인,89 8E,382,8A A4,82 EA,0x0724C | 0x0724D,Japanese Disk D original at direct table raw destination
124,D5DE~D5DF,한글 문자,기,82 C1,55,88 D5,82 BD,0x0724E | 0x0724F,Japanese Disk D original at direct table raw destination
125,D5E0~D5E1,한글 문자,계,82 B0,28,88 BA,92 6A,0x07250 | 0x07251,Japanese Disk D original at direct table raw destination
126,D5E2~D5E3,한글 문자,다,82 E7,111,89 50,81 45,0x07252 | 0x07253,Japanese Disk D original at direct table raw destination
127,D5E4~D5E5,문장부호,・,81 45,,81 45,81 45,0x07254 | 0x07255,Japanese Disk D original at direct table raw destination
128,D5E6~D5E7,문장부호,・,81 45,,81 45,81 45,0x07256 | 0x07257,Japanese Disk D original at direct table raw destination
129,D5E8~D5E9,문장부호,・,81 45,,81 45,81 42,0x07258 | 0x07259,Japanese Disk D original at direct table raw destination
130,D5EA~D5EB,문장부호,。,81 42,,81 42,61 01,0x0725A | 0x0725B,Japanese Disk D original at direct table raw destination
134,D5F0~D5F1,한글 문자,하,89 E2,521,8B 72,83 4F,0x07260 | 0x07261,Japanese Disk D original at direct table raw destination
135,D5F2~D5F3,한글 문자,지,89 B3,430,8A D4,83 8C,0x07262 | 0x07263,Japanese Disk D original at direct table raw destination
136,D5F4~D5F5,한글 문자,만,88 D2,202,89 AC,83 58,0x07264 | 0x07265,Japanese Disk D original at direct table raw destination
137,D5F6~D5F7,한글 문자,로,88 C5,183,89 99,97 6C,0x07266 | 0x07267,Japanese Disk D original at direct table raw destination
138,D5F8~D5F9,한글 문자,그,82 BD,49,88 CF,82 CD,0x07268 | 0x07269,Japanese Disk D original at direct table raw destination
139,D5FA~D5FB,한글 문자,레,88 C0,177,89 93,82 BF,0x0726A | 0x0726B,Japanese Disk D original at direct table raw destination
140,D5FC~D5FD,한글 문자,스,89 56,293,8A 4A,82 AA,0x0726C | 0x0726D,Japanese Disk D original at direct table raw destination
141,D5FE~D5FF,한글 문자,님,82 E6,110,89 4F,82 A4,0x0726E | 0x0726F,Japanese Disk D original at direct table raw destination
142,D600~D601,한글 문자,은,89 89,375,8A 9D,81 45,0x07270 | 0x07271,Japanese Disk D original at direct table raw destination
143,D602~D603,전각 공백,␠,81 40,,81 40,81 45,0x07272 | 0x07273,Japanese Disk D original at direct table raw destination
144,D604~D605,한글 문자,달,82 EA,114,89 53,81 45,0x07274 | 0x07275,Japanese Disk D original at direct table raw destination
145,D606~D607,한글 문자,랐,8A 5A,164,89 86,83 8D,0x07276 | 0x07277,Japanese Disk D original at direct table raw destination
146,D608~D609,한글 문자,다,82 E7,111,89 50,83 4F,0x07278 | 0x07279,Japanese Disk D original at direct table raw destination
147,D60A~D60B,문장부호,・,81 45,,81 45,83 8C,0x0727A | 0x0727B,Japanese Disk D original at direct table raw destination
148,D60C~D60D,문장부호,・,81 45,,81 45,83 58,0x0727C | 0x0727D,Japanese Disk D original at direct table raw destination
149,D60E~D60F,문장부호,・,81 45,,81 45,97 6C,0x0727E | 0x0727F,Japanese Disk D original at direct table raw destination
150,D610~D611,전각 공백,␠,81 40,,81 40,82 CD,0x07280 | 0x07281,Japanese Disk D original at direct table raw destination
151,D612~D613,한글 문자,그,82 BD,49,88 CF,97 C7,0x07282 | 0x07283,Japanese Disk D original at direct table raw destination
152,D614~D615,한글 문자,분,88 FB,256,89 E2,82 AB,0x07284 | 0x07285,Japanese Disk D original at direct table raw destination
153,D616~D617,한글 문자,은,89 89,375,8A 9D,8E 78,0x07286 | 0x07287,Japanese Disk D original at direct table raw destination
154,D618~D619,전각 공백,␠,81 40,,81 40,94 7A,0x07288 | 0x07289,Japanese Disk D original at direct table raw destination
155,D61A~D61B,한글 문자,훌,8A 5C,552,8B 92,8E D2,0x0728A | 0x0728B,Japanese Disk D original at direct table raw destination
156,D61C~D61D,한글 문자,륭,8A 5B,189,89 9F,82 BE,0x0728C | 0x0728D,Japanese Disk D original at direct table raw destination
157,D61E~D61F,한글 문자,한,89 E4,523,8B 74,82 C1,0x0728E | 0x0728F,Japanese Disk D original at direct table raw destination
158,D620~D621,전각 공백,␠,81 40,,81 40,82 BD,0x07290 | 0x07291,Japanese Disk D original at direct table raw destination
159,D622~D623,한글 문자,통,89 D4,494,8B 57,81 45,0x07292 | 0x07293,Japanese Disk D original at direct table raw destination
160,D624~D625,한글 문자,치,89 BF,462,8A F4,81 45,0x07294 | 0x07295,Japanese Disk D original at direct table raw destination
161,D626~D627,한글 문자,자,89 93,391,8A AD,81 45,0x07296 | 0x07297,Japanese Disk D original at direct table raw destination
162,D628~D629,한글 문자,였,89 75,341,8A 7A,81 42,0x07298 | 0x07299,Japanese Disk D original at direct table raw destination
163,D62A~D62B,한글 문자,다,82 E7,111,89 50,62 01,0x0729A | 0x0729B,Japanese Disk D original at direct table raw destination
164,D62C~D62D,문장부호,・,81 45,,81 45,FF 16,0x0729C | 0x0729D,Japanese Disk D original at direct table raw destination
165,D62E~D62F,문장부호,・,81 45,,81 45,5F E2,0x0729E | 0x0729F,Japanese Disk D original at direct table raw destination
166,D630~D631,문장부호,・,81 45,,81 45,41 83,0x072A0 | 0x072A1,Japanese Disk D original at direct table raw destination
167,D632~D633,문장부호,。,81 42,,81 42,6F 83,0x072A2 | 0x072A3,Japanese Disk D original at direct table raw destination
192,D63B~D63C,한글 문자,웃,8A 5D,364,8A 92,83 8D,0x072AB | 0x072AC,Japanese Disk D original at direct table raw destination
193,D63D~D63E,한글 문자,기,82 C1,55,88 D5,83 4F,0x072AD | 0x072AE,Japanese Disk D original at direct table raw destination
194,D63F~D640,한글 문자,지,89 B3,430,8A D4,83 8C,0x072AF | 0x072B0,Japanese Disk D original at direct table raw destination
195,D641~D642,전각 공백,␠,81 40,,81 40,83 58,0x072B1 | 0x072B2,Japanese Disk D original at direct table raw destination
196,D643~D644,한글 문자,마,88 D1,200,89 AA,82 E0,0x072B3 | 0x072B4,Japanese Disk D original at direct table raw destination
197,D645~D646,문장부호,！,81 49,,81 49,83 81,0x072B5 | 0x072B6,Japanese Disk D original at direct table raw destination
198,D647~D648,전각 공백,␠,81 40,,81 40,83 4B,0x072B7 | 0x072B8,Japanese Disk D original at direct table raw destination
199,D649~D64A,한글 문자,로,88 C5,183,89 99,83 58,0x072B9 | 0x072BA,Japanese Disk D original at direct table raw destination
200,D64B~D64C,한글 문자,그,82 BD,49,88 CF,82 C6,0x072BB | 0x072BC,Japanese Disk D original at direct table raw destination
201,D64D~D64E,한글 문자,레,88 C0,177,89 93,93 AF,0x072BD | 0x072BE,Japanese Disk D original at direct table raw destination
202,D64F~D650,한글 문자,스,89 56,293,8A 4A,82 B6,0x072BF | 0x072C0,Japanese Disk D original at direct table raw destination
203,D651~D652,한글 문자,도,82 F1,125,89 5E,82 E6,0x072C1 | 0x072C2,Japanese Disk D original at direct table raw destination
204,D653~D654,전각 공백,␠,81 40,,81 40,82 A4,0x072C3 | 0x072C4,Japanese Disk D original at direct table raw destination
205,D655~D656,한글 문자,메,88 DA,213,89 B7,82 C9,0x072C5 | 0x072C6,Japanese Disk D original at direct table raw destination
206,D657~D658,한글 문자,가,82 9F,1,88 9F,81 41,0x072C7 | 0x072C8,Japanese Disk D original at direct table raw destination
207,D659~D65A,한글 문자,스,89 56,293,8A 4A,83 94,0x072C9 | 0x072CA,Japanese Disk D original at direct table raw destination
208,D65B~D65C,한글 문자,와,89 7A,349,8A 83,83 40,0x072CB | 0x072CC,Japanese Disk D original at direct table raw destination
209,D65D~D65E,전각 공백,␠,81 40,,81 40,83 6A,0x072CD | 0x072CE,Japanese Disk D original at direct table raw destination
210,D65F~D660,한글 문자,마,88 D1,200,89 AA,83 65,0x072CF | 0x072D0,Japanese Disk D original at direct table raw destination
211,D661~D662,한글 문자,찬,8A 5E,443,8A E1,83 42,0x072D1 | 0x072D2,Japanese Disk D original at direct table raw destination
212,D663~D664,한글 문자,가,82 9F,1,88 9F,82 C6,0x072D3 | 0x072D4,Japanese Disk D original at direct table raw destination
213,D665~D666,한글 문자,지,89 B3,430,8A D4,83 8A,0x072D5 | 0x072D6,Japanese Disk D original at direct table raw destination
214,D667~D668,한글 문자,로,88 C5,183,89 99,83 41,0x072D7 | 0x072D8,Japanese Disk D original at direct table raw destination
215,D669~D66A,전각 공백,␠,81 40,,81 40,83 8A,0x072D9 | 0x072DA,Japanese Disk D original at direct table raw destination
216,D66B~D66C,한글 문자,바,88 E9,234,89 CC,83 65,0x072DB | 0x072DC,Japanese Disk D original at direct table raw destination
217,D66D~D66E,한글 문자,니,82 E4,108,89 4D,83 42,0x072DD | 0x072DE,Japanese Disk D original at direct table raw destination
218,D66F~D670,한글 문자,티,89 D7,498,8B 5B,82 F0,0x072DF | 0x072E0,Japanese Disk D original at direct table raw destination
219,D671~D672,한글 문자,와,89 7A,349,8A 83,96 C5,0x072E1 | 0x072E2,Japanese Disk D original at direct table raw destination
220,D673~D674,전각 공백,␠,81 40,,81 40,82 DA,0x072E3 | 0x072E4,Japanese Disk D original at direct table raw destination
221,D675~D676,한글 문자,리,88 CC,194,89 A4,82 BB,0x072E5 | 0x072E6,Japanese Disk D original at direct table raw destination
222,D677~D678,한글 문자,얼,89 6D,328,8A 6D,82 A4,0x072E7 | 0x072E8,Japanese Disk D original at direct table raw destination
223,D679~D67A,한글 문자,리,88 CC,194,89 A4,82 C6,0x072E9 | 0x072EA,Japanese Disk D original at direct table raw destination
224,D67B~D67C,한글 문자,티,89 D7,498,8B 5B,82 B5,0x072EB | 0x072EC,Japanese Disk D original at direct table raw destination
225,D67D~D67E,한글 문자,를,88 CA,192,89 A2,82 C4,0x072ED | 0x072EE,Japanese Disk D original at direct table raw destination
226,D67F~D680,전각 공백,␠,81 40,,81 40,82 A2,0x072EF | 0x072F0,Japanese Disk D original at direct table raw destination
227,D681~D682,한글 문자,멸,88 DD,216,89 BA,42 82,0x072F1 | 0x072F2,Japanese Disk D original at direct table raw destination
228,D683~D684,한글 문자,망,88 D6,206,89 B0,BD 81,0x072F3 | 0x072F4,Japanese Disk D original at direct table raw destination
229,D685~D686,한글 문자,시,89 5A,298,8A 4F,42 82,0x072F5 | 0x072F6,Japanese Disk D original at direct table raw destination
230,D687~D688,한글 문자,키,89 C9,477,8B 46,BB 82,0x072F7 | 0x072F8,Japanese Disk D original at direct table raw destination
231,D689~D68A,한글 문자,려,88 C1,178,89 94,CC 83,0x072F9 | 0x072FA,Japanese Disk D original at direct table raw destination
232,D68B~D68C,전각 공백,␠,81 40,,81 40,8D 83,0x072FB | 0x072FC,Japanese Disk D original at direct table raw destination
233,D68D~D68E,한글 문자,했,89 E9,529,8B 7A,4F 83,0x072FD | 0x072FE,Japanese Disk D original at direct table raw destination
235,D690~D691,한글 문자,어,89 6C,325,8A 6A,83 58,0x07300 | 0x07301,Japanese Disk D original at direct table raw destination
236,D692~D693,문장부호,。,81 42,,81 42,42 82,0x07302 | 0x07303,Japanese Disk D original at direct table raw destination
237,D694~D695,한글 문자,그,82 BD,49,88 CF,AA 81,0x07304 | 0x07305,Japanese Disk D original at direct table raw destination
238,D696~D697,한글 문자,런,88 BC,171,89 8D,41 97,0x07306 | 0x07307,Japanese Disk D original at direct table raw destination
239,D698~D699,전각 공백,␠,81 40,,81 40,C7 82,0x07308 | 0x07309,Japanese Disk D original at direct table raw destination
240,D69A~D69B,한글 문자,놈,82 DD,97,89 42,AB 8E,0x0730A | 0x0730B,Japanese Disk D original at direct table raw destination
242,D69D~D69E,한글 문자,이,89 8D,380,8A A2,94 7A,0x0730D | 0x0730E,Japanese Disk D original at direct table raw destination
243,D69F~D6A0,전각 공백,␠,81 40,,81 40,8E D2,0x0730F | 0x07310,Japanese Disk D original at direct table raw destination
244,D6A1~D6A2,한글 문자,훌,8A 5C,552,8B 92,82 BE,0x07311 | 0x07312,Japanese Disk D original at direct table raw destination
245,D6A3~D6A4,한글 문자,륭,8A 5B,189,89 9F,82 C1,0x07313 | 0x07314,Japanese Disk D original at direct table raw destination
246,D6A5~D6A6,한글 문자,하,89 E2,521,8B 72,82 BD,0x07315 | 0x07316,Japanese Disk D original at direct table raw destination
247,D6A7~D6A8,한글 문자,다,82 E7,111,89 50,82 C6,0x07317 | 0x07318,Japanese Disk D original at direct table raw destination
249,D6AA~D6AB,한글 문자,고,82 B1,29,88 BB,A2 82,0x0731A | 0x0731B,Japanese Disk D original at direct table raw destination
250,D6AC~D6AD,문장부호,！,81 49,,81 49,A4 42,0x0731C | 0x0731D,Japanese Disk D original at direct table raw destination
251,D6AE~D6AF,문장부호,？,81 48,,81 48,82 CC,0x0731E | 0x0731F,Japanese Disk D original at direct table raw destination
252,D6B0~D6B1,전각 공백,␠,81 40,,81 40,81 49,0x07320 | 0x07321,Japanese Disk D original at direct table raw destination
253,D6B2~D6B3,한글 문자,로,88 C5,183,89 99,81 48,0x07322 | 0x07323,Japanese Disk D original at direct table raw destination
254,D6B4~D6B5,한글 문자,그,82 BD,49,88 CF,83 8D,0x07324 | 0x07325,Japanese Disk D original at direct table raw destination
255,D6B6~D6B7,한글 문자,레,88 C0,177,89 93,83 4F,0x07326 | 0x07327,Japanese Disk D original at direct table raw destination
256,D6B8~D6B9,한글 문자,스,89 56,293,8A 4A,83 8C,0x07328 | 0x07329,Japanese Disk D original at direct table raw destination
257,D6BA~D6BB,한글 문자,와,89 7A,349,8A 83,83 58,0x0732A | 0x0732B,Japanese Disk D original at direct table raw destination
258,D6BC~D6BD,전각 공백,␠,81 40,,81 40,82 C6,0x0732C | 0x0732D,Japanese Disk D original at direct table raw destination
259,D6BE~D6BF,한글 문자,메,88 DA,213,89 B7,83 81,0x0732E | 0x0732F,Japanese Disk D original at direct table raw destination
260,D6C0~D6C1,한글 문자,가,82 9F,1,88 9F,83 4B,0x07330 | 0x07331,Japanese Disk D original at direct table raw destination
261,D6C2~D6C3,한글 문자,스,89 56,293,8A 4A,83 58,0x07332 | 0x07333,Japanese Disk D original at direct table raw destination
262,D6C4~D6C5,한글 문자,가,82 9F,1,88 9F,82 C9,0x07334 | 0x07335,Japanese Disk D original at direct table raw destination
263,D6C6~D6C7,전각 공백,␠,81 40,,81 40,82 C7,0x07336 | 0x07337,Japanese Disk D original at direct table raw destination
264,D6C8~D6C9,한글 문자,대,82 EC,118,89 57,82 F1,0x07338 | 0x07339,Japanese Disk D original at direct table raw destination
265,D6CA~D6CB,한글 문자,체,89 BB,453,8A EB,82 C8,0x0733A | 0x0733B,Japanese Disk D original at direct table raw destination
266,D6CC~D6CD,전각 공백,␠,81 40,,81 40,82 BF,0x0733C | 0x0733D,Japanese Disk D original at direct table raw destination
267,D6CE~D6CF,한글 문자,뭐,88 E6,227,89 C5,82 AA,0x0733E | 0x0733F,Japanese Disk D original at direct table raw destination
269,D6D1~D6D2,한글 문자,가,82 9F,1,88 9F,A2 42,0x07341 | 0x07342,Japanese Disk D original at direct table raw destination
270,D6D3~D6D4,전각 공백,␠,81 40,,81 40,82 AA,0x07343 | 0x07344,Japanese Disk D original at direct table raw destination
271,D6D5~D6D6,한글 문자,다,82 E7,111,89 50,82 A0,0x07345 | 0x07346,Japanese Disk D original at direct table raw destination
272,D6D7~D6D8,한글 문자,르,88 C9,190,89 A0,82 E9,0x07347 | 0x07348,Japanese Disk D original at direct table raw destination
273,D6D9~D6DA,한글 문자,다,82 E7,111,89 50,82 C6,0x07349 | 0x0734A,Japanese Disk D original at direct table raw destination
274,D6DB~D6DC,한글 문자,는,82 E3,106,89 4B,82 A2,0x0734B | 0x0734C,Japanese Disk D original at direct table raw destination
275,D6DD~D6DE,전각 공백,␠,81 40,,81 40,82 A4,0x0734D | 0x0734E,Japanese Disk D original at direct table raw destination
276,D6DF~D6E0,한글 문자,거,82 A6,12,88 AA,82 CC,0x0734F | 0x07350,Japanese Disk D original at direct table raw destination
277,D6E1~D6E2,한글 문자,야,89 6B,321,8A 66,81 49,0x07351 | 0x07352,Japanese Disk D original at direct table raw destination
278,D6E3~D6E4,문장부호,！,81 49,,81 49,61 62,0x07353 | 0x07354,Japanese Disk D original at direct table raw destination
297,D6EB~D6EC,문장부호,・,81 45,,81 45,81 45,0x0735B | 0x0735C,Japanese Disk D original at direct table raw destination
298,D6ED~D6EE,문장부호,・,81 45,,81 45,81 45,0x0735D | 0x0735E,Japanese Disk D original at direct table raw destination
299,D6EF~D6F0,문장부호,・,81 45,,81 45,8F AD,0x0735F | 0x07360,Japanese Disk D original at direct table raw destination
300,D6F1~D6F2,전각 공백,␠,81 40,,81 40,82 C8,0x07361 | 0x07362,Japanese Disk D original at direct table raw destination
301,D6F3~D6F4,한글 문자,적,89 9C,400,8A B6,82 AD,0x07363 | 0x07364,Japanese Disk D original at direct table raw destination
302,D6F5~D6F6,한글 문자,어,89 6C,325,8A 6A,82 C6,0x07365 | 0x07366,Japanese Disk D original at direct table raw destination
303,D6F7~D6F8,한글 문자,도,82 F1,125,89 5E,82 E0,0x07367 | 0x07368,Japanese Disk D original at direct table raw destination
304,D6F9~D6FA,전각 공백,␠,81 40,,81 40,89 E4,0x07369 | 0x0736A,Japanese Disk D original at direct table raw destination
305,D6FB~D6FC,한글 문자,우,89 81,360,8A 8E,82 E7,0x0736B | 0x0736C,Japanese Disk D original at direct table raw destination
306,D6FD~D6FE,한글 문자,리,88 CC,194,89 A4,83 8D,0x0736D | 0x0736E,Japanese Disk D original at direct table raw destination
307,D6FF~D700,전각 공백,␠,81 40,,81 40,83 4F,0x0736F | 0x07370,Japanese Disk D original at direct table raw destination
308,D701~D702,한글 문자,로,88 C5,183,89 99,83 8C,0x07371 | 0x07372,Japanese Disk D original at direct table raw destination
309,D703~D704,한글 문자,그,82 BD,49,88 CF,83 58,0x07373 | 0x07374,Japanese Disk D original at direct table raw destination
310,D705~D706,한글 문자,레,88 C0,177,89 93,91 B0,0x07375 | 0x07376,Japanese Disk D original at direct table raw destination
311,D707~D708,한글 문자,스,89 56,293,8A 4A,82 C9,0x07377 | 0x07378,Japanese Disk D original at direct table raw destination
312,D709~D70A,한글 문자,족,89 A4,410,8A C0,82 C6,0x07379 | 0x0737A,Japanese Disk D original at direct table raw destination
313,D70B~D70C,한글 문자,에,89 70,333,8A 72,82 C1,0x0737B | 0x0737C,Japanese Disk D original at direct table raw destination
314,D70D~D70E,한글 문자,게,82 AB,19,88 B1,82 C4,0x0737D | 0x0737E,Japanese Disk D original at direct table raw destination
315,D70F~D710,한글 문자,있,89 92,389,8A AB,81 41,0x0737F | 0x07380,Japanese Disk D original at direct table raw destination
316,D711~D712,한글 문자,어,89 6C,325,8A 6A,83 8D,0x07381 | 0x07382,Japanese Disk D original at direct table raw destination
317,D713~D714,한글 문자,선,89 4B,274,89 F4,83 4F,0x07383 | 0x07384,Japanese Disk D original at direct table raw destination
318,D715~D716,문장부호,、,81 41,,81 41,83 8C,0x07385 | 0x07386,Japanese Disk D original at direct table raw destination
319,D717~D718,한글 문자,자,89 93,391,8A AD,83 58,0x07387 | 0x07388,Japanese Disk D original at direct table raw destination
320,D719~D71A,한글 문자,비,89 41,260,89 E6,97 6C,0x07389 | 0x0738A,Japanese Disk D original at direct table raw destination
321,D71B~D71C,한글 문자,로,88 C5,183,89 99,82 CD,0x0738B | 0x0738C,Japanese Disk D original at direct table raw destination
322,D71D~D71E,한글 문자,운,8A 5F,361,8A 8F,82 E2,0x0738D | 0x0738E,Japanese Disk D original at direct table raw destination
323,D71F~D720,전각 공백,␠,81 40,,81 40,82 B3,0x0738F | 0x07390,Japanese Disk D original at direct table raw destination
324,D721~D722,한글 문자,분,88 FB,256,89 E2,82 B5,0x07391 | 0x07392,Japanese Disk D original at direct table raw destination
325,D723~D724,한글 문자,이,89 8D,380,8A A2,82 A2,0x07393 | 0x07394,Japanese Disk D original at direct table raw destination
326,D725~D726,한글 문자,셨,89 4F,282,89 FC,82 A8,0x07395 | 0x07396,Japanese Disk D original at direct table raw destination
327,D727~D728,한글 문자,다,82 E7,111,89 50,95 FB,0x07397 | 0x07398,Japanese Disk D original at direct table raw destination
328,D729~D72A,문장부호,・,81 45,,81 45,82 BE,0x07399 | 0x0739A,Japanese Disk D original at direct table raw destination
329,D72B~D72C,문장부호,・,81 45,,81 45,82 C1,0x0739B | 0x0739C,Japanese Disk D original at direct table raw destination
330,D72D~D72E,문장부호,・,81 45,,81 45,82 BD,0x0739D | 0x0739E,Japanese Disk D original at direct table raw destination
331,D72F~D730,문장부호,。,81 42,,81 42,81 45,0x0739F | 0x073A0,Japanese Disk D original at direct table raw destination
332,D731~D732,한글 문자,하,89 E2,521,8B 72,81 45,0x073A1 | 0x073A2,Japanese Disk D original at direct table raw destination
333,D733~D734,한글 문자,지,89 B3,430,8A D4,81 45,0x073A3 | 0x073A4,Japanese Disk D original at direct table raw destination
334,D735~D736,한글 문자,만,88 D2,202,89 AC,81 42,0x073A5 | 0x073A6,Japanese Disk D original at direct table raw destination
335,D737~D738,전각 공백,␠,81 40,,81 40,82 BE,0x073A7 | 0x073A8,Japanese Disk D original at direct table raw destination
336,D739~D73A,한글 문자,메,88 DA,213,89 B7,82 AA,0x073A9 | 0x073AA,Japanese Disk D original at direct table raw destination
337,D73B~D73C,한글 문자,가,82 9F,1,88 9F,81 41,0x073AB | 0x073AC,Japanese Disk D original at direct table raw destination
338,D73D~D73E,한글 문자,스,89 56,293,8A 4A,83 81,0x073AD | 0x073AE,Japanese Disk D original at direct table raw destination
339,D73F~D740,한글 문자,는,82 E3,106,89 4B,83 4B,0x073AF | 0x073B0,Japanese Disk D original at direct table raw destination
340,D741~D742,전각 공백,␠,81 40,,81 40,83 58,0x073B1 | 0x073B2,Japanese Disk D original at direct table raw destination
341,D743~D744,한글 문자,그,82 BD,49,88 CF,82 CD,0x073B3 | 0x073B4,Japanese Disk D original at direct table raw destination
342,D745~D746,전각 공백,␠,81 40,,81 40,82 C8,0x073B5 | 0x073B6,Japanese Disk D original at direct table raw destination
343,D747~D748,한글 문자,무,88 E3,224,89 C2,82 C9,0x073B7 | 0x073B8,Japanese Disk D original at direct table raw destination
344,D749~D74A,한글 문자,엇,8A 74,331,8A 70,82 E0,0x073B9 | 0x073BA,Japanese Disk D original at direct table raw destination
345,D74B~D74C,한글 문자,도,82 F1,125,89 5E,82 CC,0x073BB | 0x073BC,Japanese Disk D original at direct table raw destination
346,D74D~D74E,전각 공백,␠,81 40,,81 40,82 E0,0x073BD | 0x073BE,Japanese Disk D original at direct table raw destination
347,D74F~D750,한글 문자,사,89 43,265,89 EB,88 A4,0x073BF | 0x073C0,Japanese Disk D original at direct table raw destination
348,D751~D752,한글 문자,랑,8A 6B,165,89 87,82 B5,0x073C1 | 0x073C2,Japanese Disk D original at direct table raw destination
349,D753~D754,한글 문자,하,89 E2,521,8B 72,82 CD,0x073C3 | 0x073C4,Japanese Disk D original at direct table raw destination
350,D755~D756,한글 문자,지,89 B3,430,8A D4,82 B5,0x073C5 | 0x073C6,Japanese Disk D original at direct table raw destination
351,D757~D758,한글 문자,않,89 64,313,8A 5E,82 C8,0x073C7 | 0x073C8,Japanese Disk D original at direct table raw destination
352,D759~D75A,한글 문자,는,82 E3,106,89 4B,82 A2,0x073C9 | 0x073CA,Japanese Disk D original at direct table raw destination
353,D75B~D75C,한글 문자,다,82 E7,111,89 50,81 42,0x073CB | 0x073CC,Japanese Disk D original at direct table raw destination
354,D75D~D75E,문장부호,。,81 42,,81 42,82 BD,0x073CD | 0x073CE,Japanese Disk D original at direct table raw destination
355,D75F~D760,한글 문자,그,82 BD,49,88 CF,82 BE,0x073CF | 0x073D0,Japanese Disk D original at direct table raw destination
356,D761~D762,한글 문자,저,89 9B,399,8A B5,8C C8,0x073D1 | 0x073D2,Japanese Disk D original at direct table raw destination
357,D763~D764,전각 공백,␠,81 40,,81 40,82 EA,0x073D3 | 0x073D4,Japanese Disk D original at direct table raw destination
358,D765~D766,한글 문자,제,89 A1,405,8A BB,82 CC,0x073D5 | 0x073D6,Japanese Disk D original at direct table raw destination
359,D767~D768,전각 공백,␠,81 40,,81 40,97 7E,0x073D7 | 0x073D8,Japanese Disk D original at direct table raw destination
360,D769~D76A,한글 문자,욕,8A 76,357,8A 8B,96 5D,0x073D9 | 0x073DA,Japanese Disk D original at direct table raw destination
361,D76B~D76C,한글 문자,망,88 D6,206,89 B0,82 CC,0x073DB | 0x073DC,Japanese Disk D original at direct table raw destination
362,D76D~D76E,한글 문자,에,89 70,333,8A 72,82 DC,0x073DD | 0x073DE,Japanese Disk D original at direct table raw destination
363,D76F~D770,전각 공백,␠,81 40,,81 40,82 DC,0x073DF | 0x073E0,Japanese Disk D original at direct table raw destination
364,D771~D772,한글 문자,따,8A 68,147,89 74,82 C9,0x073E1 | 0x073E2,Japanese Disk D original at direct table raw destination
365,D773~D774,한글 문자,라,88 B6,159,89 81,8D 73,0x073E3 | 0x073E4,Japanese Disk D original at direct table raw destination
366,D775~D776,전각 공백,␠,81 40,,81 40,93 AE,0x073E5 | 0x073E6,Japanese Disk D original at direct table raw destination
367,D777~D778,한글 문자,움,89 82,363,8A 91,82 B7,0x073E7 | 0x073E8,Japanese Disk D original at direct table raw destination
368,D779~D77A,한글 문자,직,8A 4D,431,8A D5,82 E9,0x073E9 | 0x073EA,Japanese Disk D original at direct table raw destination
369,D77B~D77C,한글 문자,일,89 8F,383,8A A5,82 CC,0x073EB | 0x073EC,Japanese Disk D original at direct table raw destination
370,D77D~D77E,전각 공백,␠,81 40,,81 40,82 DD,0x073ED | 0x073EE,Japanese Disk D original at direct table raw destination
371,D77F~D780,한글 문자,뿐,89 42,264,89 EA,81 42,0x073EF | 0x073F0,Japanese Disk D original at direct table raw destination
372,D781~D782,한글 문자,이,89 8D,380,8A A2,83 81,0x073F1 | 0x073F2,Japanese Disk D original at direct table raw destination
373,D783~D784,한글 문자,다,82 E7,111,89 50,83 4B,0x073F3 | 0x073F4,Japanese Disk D original at direct table raw destination
374,D785~D786,문장부호,。,81 42,,81 42,83 58,0x073F5 | 0x073F6,Japanese Disk D original at direct table raw destination
375,D787~D788,한글 문자,그,82 BD,49,88 CF,82 C9,0x073F7 | 0x073F8,Japanese Disk D original at direct table raw destination
376,D789~D78A,한글 문자,놈,82 DD,97,89 42,82 A8,0x073F9 | 0x073FA,Japanese Disk D original at direct table raw destination
377,D78B~D78C,한글 문자,에,89 70,333,8A 72,82 E0,0x073FB | 0x073FC,Japanese Disk D original at direct table raw destination
378,D78D~D78E,한글 문자,게,82 AB,19,88 B1,82 CB,0x073FD | 0x073FE,Japanese Disk D original at direct table raw destination
379,D78F~D790,전각 공백,␠,81 40,,81 40,82 E9,0x073FF | 0x07400,Japanese Disk D original at direct table raw destination
380,D791~D792,한글 문자,굴,82 BB,45,88 CB,8E D2,0x07401 | 0x07402,Japanese Disk D original at direct table raw destination
381,D793~D794,한글 문자,종,89 A6,413,8A C3,82 E0,0x07403 | 0x07404,Japanese Disk D original at direct table raw destination
382,D795~D796,한글 문자,한,89 E4,523,8B 74,81 41,0x07405 | 0x07406,Japanese Disk D original at direct table raw destination
383,D797~D798,전각 공백,␠,81 40,,81 40,82 A2,0x07407 | 0x07408,Japanese Disk D original at direct table raw destination
384,D799~D79A,한글 문자,놈,82 DD,97,89 42,82 B8,0x07409 | 0x0740A,Japanese Disk D original at direct table raw destination
385,D79B~D79C,한글 문자,들,88 AA,144,89 71,82 EA,0x0740B | 0x0740C,Japanese Disk D original at direct table raw destination
386,D79D~D79E,한글 문자,도,82 F1,125,89 5E,82 CD,0x0740D | 0x0740E,Japanese Disk D original at direct table raw destination
387,D79F~D7A0,한글 문자,결,82 AE,25,88 B7,8E 45,0x0740F | 0x07410,Japanese Disk D original at direct table raw destination
388,D7A1~D7A2,한글 문자,국,82 B8,42,88 C8,82 B3,0x07411 | 0x07412,Japanese Disk D original at direct table raw destination
389,D7A3~D7A4,한글 문자,엔,89 71,334,8A 73,82 EA,0x07413 | 0x07414,Japanese Disk D original at direct table raw destination
390,D7A5~D7A6,전각 공백,␠,81 40,,81 40,82 E9,0x07415 | 0x07416,Japanese Disk D original at direct table raw destination
391,D7A7~D7A8,한글 문자,다,82 E7,111,89 50,89 5E,0x07417 | 0x07418,Japanese Disk D original at direct table raw destination
392,D7A9~D7AA,전각 공백,␠,81 40,,81 40,96 BD,0x07419 | 0x0741A,Japanese Disk D original at direct table raw destination
393,D7AB~D7AC,한글 문자,죽,89 AB,419,8A C9,82 C9,0x0741B | 0x0741C,Japanese Disk D original at direct table raw destination
394,D7AD~D7AE,한글 문자,게,82 AB,19,88 B1,82 A0,0x0741D | 0x0741E,Japanese Disk D original at direct table raw destination
395,D7AF~D7B0,전각 공백,␠,81 40,,81 40,82 EB,0x0741F | 0x07420,Japanese Disk D original at direct table raw destination
396,D7B1~D7B2,한글 문자,될,88 A4,133,89 66,82 A4,0x07421 | 0x07422,Japanese Disk D original at direct table raw destination
397,D7B3~D7B4,전각 공백,␠,81 40,,81 40,81 45,0x07423 | 0x07424,Japanese Disk D original at direct table raw destination
398,D7B5~D7B6,한글 문자,것,82 AA,18,88 B0,81 45,0x07425 | 0x07426,Japanese Disk D original at direct table raw destination
399,D7B7~D7B8,한글 문자,이,89 8D,380,8A A2,81 45,0x07427 | 0x07428,Japanese Disk D original at direct table raw destination
400,D7B9~D7BA,한글 문자,다,82 E7,111,89 50,81 42,0x07429 | 0x0742A,Japanese Disk D original at direct table raw destination
401,D7BB~D7BC,문장부호,・,81 45,,81 45,97 44,0x0742B | 0x0742C,Japanese Disk D original at direct table raw destination
402,D7BD~D7BE,문장부호,・,81 45,,81 45,8E 71,0x0742D | 0x0742E,Japanese Disk D original at direct table raw destination
403,D7BF~D7C0,문장부호,・,81 45,,81 45,81 41,0x0742F | 0x07430,Japanese Disk D original at direct table raw destination
404,D7C1~D7C2,문장부호,。,81 42,,81 42,83 94,0x07431 | 0x07432,Japanese Disk D original at direct table raw destination
405,D7C3~D7C4,한글 문자,바,88 E9,234,89 CC,83 40,0x07433 | 0x07434,Japanese Disk D original at direct table raw destination
406,D7C5~D7C6,한글 문자,리,88 CC,194,89 A4,83 8A,0x07435 | 0x07436,Japanese Disk D original at direct table raw destination
407,D7C7~D7C8,한글 문자,스,89 56,293,8A 4A,83 58,0x07437 | 0x07438,Japanese Disk D original at direct table raw destination
408,D7C9~D7CA,한글 문자,의,89 8C,379,8A A1,82 CC,0x07439 | 0x0743A,Japanese Disk D original at direct table raw destination
409,D7CB~D7CC,전각 공백,␠,81 40,,81 40,90 ED,0x0743B | 0x0743C,Japanese Disk D original at direct table raw destination
410,D7CD~D7CE,한글 문자,전,89 9D,401,8A B7,8E 6D,0x0743D | 0x0743E,Japanese Disk D original at direct table raw destination
411,D7CF~D7D0,한글 문자,사,89 43,265,89 EB,82 E6,0x0743F | 0x07440,Japanese Disk D original at direct table raw destination
412,D7D1~D7D2,전각 공백,␠,81 40,,81 40,81 41,0x07441 | 0x07442,Japanese Disk D original at direct table raw destination
413,D7D3~D7D4,한글 문자,유,89 86,371,8A 99,82 A8,0x07443 | 0x07444,Japanese Disk D original at direct table raw destination
414,D7D5~D7D6,한글 문자,코,89 C5,470,8A FC,82 DC,0x07445 | 0x07446,Japanese Disk D original at direct table raw destination
415,D7D7~D7D8,한글 문자,여,89 72,335,8A 74,82 A6,0x07447 | 0x07448,Japanese Disk D original at direct table raw destination
416,D7D9~D7DA,문장부호,、,81 41,,81 41,82 D6,0x07449 | 0x0744A,Japanese Disk D original at direct table raw destination
417,D7DB~D7DC,한글 문자,로,88 C5,183,89 99,82 CC,0x0744B | 0x0744C,Japanese Disk D original at direct table raw destination
418,D7DD~D7DE,한글 문자,그,82 BD,49,88 CF,95 9C,0x0744D | 0x0744E,Japanese Disk D original at direct table raw destination
419,D7DF~D7E0,한글 문자,레,88 C0,177,89 93,8F 51,0x0744F | 0x07450,Japanese Disk D original at direct table raw destination
420,D7E1~D7E2,한글 문자,스,89 56,293,8A 4A,82 AA,0x07451 | 0x07452,Japanese Disk D original at direct table raw destination
421,D7E3~D7E4,한글 문자,님,82 E6,110,89 4F,89 CA,0x07453 | 0x07454,Japanese Disk D original at direct table raw destination
422,D7E5~D7E6,한글 문자,의,89 8C,379,8A A1,82 B9,0x07455 | 0x07456,Japanese Disk D original at direct table raw destination
423,D7E7~D7E8,전각 공백,␠,81 40,,81 40,82 C8,0x07457 | 0x07458,Japanese Disk D original at direct table raw destination
424,D7E9~D7EA,한글 문자,복,88 F5,250,89 DC,82 AD,0x07459 | 0x0745A,Japanese Disk D original at direct table raw destination
425,D7EB~D7EC,한글 문자,수,89 54,288,8A 45,82 C8,0x0745B | 0x0745C,Japanese Disk D original at direct table raw destination
426,D7ED~D7EE,한글 문자,마,88 D1,200,89 AA,82 C1,0x0745D | 0x0745E,Japanese Disk D original at direct table raw destination
427,D7EF~D7F0,한글 문자,저,89 9B,399,8A B5,82 BD,0x0745F | 0x07460,Japanese Disk D original at direct table raw destination
428,D7F1~D7F2,전각 공백,␠,81 40,,81 40,8D A1,0x07461 | 0x07462,Japanese Disk D original at direct table raw destination
429,D7F3~D7F4,한글 문자,실,89 5C,300,8A 51,82 C6,0x07463 | 0x07464,Japanese Disk D original at direct table raw destination
430,D7F5~D7F6,한글 문자,패,89 DA,502,8B 5F,82 C8,0x07465 | 0x07466,Japanese Disk D original at direct table raw destination
431,D7F7~D7F8,한글 문자,한,89 E4,523,8B 74,82 C1,0x07467 | 0x07468,Japanese Disk D original at direct table raw destination
432,D7F9~D7FA,전각 공백,␠,81 40,,81 40,82 C4,0x07469 | 0x0746A,Japanese Disk D original at direct table raw destination
433,D7FB~D7FC,한글 문자,지,89 B3,430,8A D4,82 CD,0x0746B | 0x0746C,Japanese Disk D original at direct table raw destination
434,D7FD~D7FE,한글 문자,금,82 BF,53,88 D3,81 41,0x0746D | 0x0746E,Japanese Disk D original at direct table raw destination
435,D7FF~D800,문장부호,、,81 41,,81 41,82 A8,0x0746F | 0x07480,Japanese Disk D original at direct table raw destination
436,D801~D802,한글 문자,너,82 D6,85,88 F3,82 DC,0x07481 | 0x07482,Japanese Disk D original at direct table raw destination
437,D803~D804,한글 문자,만,88 D2,202,89 AC,82 A6,0x07483 | 0x07484,Japanese Disk D original at direct table raw destination
438,D805~D806,한글 문자,이,89 8D,380,8A A2,82 BE,0x07485 | 0x07486,Japanese Disk D original at direct table raw destination
439,D807~D808,전각 공백,␠,81 40,,81 40,82 AF,0x07487 | 0x07488,Japanese Disk D original at direct table raw destination
440,D809~D80A,한글 문자,유,89 86,371,8A 99,82 AA,0x07489 | 0x0748A,Japanese Disk D original at direct table raw destination
441,D80B~D80C,한글 문자,일,89 8F,383,8A A5,97 8A,0x0748B | 0x0748C,Japanese Disk D original at direct table raw destination
442,D80D~D80E,한글 문자,한,89 E4,523,8B 74,82 E8,0x0748D | 0x0748E,Japanese Disk D original at direct table raw destination
443,D80F~D810,전각 공백,␠,81 40,,81 40,82 BE,0x0748F | 0x07490,Japanese Disk D original at direct table raw destination
444,D811~D812,한글 문자,희,89 F6,556,8B 96,81 42,0x07491 | 0x07492,Japanese Disk D original at direct table raw destination
445,D813~D814,한글 문자,망,88 D6,206,89 B0,61 16,0x07493 | 0x07494,Japanese Disk D original at direct table raw destination
446,D815~D816,한글 문자,이,89 8D,380,8A A2,5F E2,0x07495 | 0x07496,Japanese Disk D original at direct table raw destination
447,D817~D818,한글 문자,다,82 E7,111,89 50,41 43,0x07497 | 0x07498,Japanese Disk D original at direct table raw destination
448,D819~D81A,문장부호,。,81 42,,81 42,83 8F,0x07499 | 0x0749A,Japanese Disk D original at direct table raw destination
473,D821~D822,한글 문자,내,82 D3,79,88 ED,82 AF,0x074A1 | 0x074A2,Japanese Disk D original at direct table raw destination
474,D823~D824,한글 문자,가,82 9F,1,88 9F,82 AA,0x074A3 | 0x074A4,Japanese Disk D original at direct table raw destination
475,D825~D826,전각 공백,␠,81 40,,81 40,97 8A,0x074A5 | 0x074A6,Japanese Disk D original at direct table raw destination
476,D827~D828,한글 문자,희,89 F6,556,8B 96,82 E8,0x074A7 | 0x074A8,Japanese Disk D original at direct table raw destination
477,D829~D82A,한글 문자,망,88 D6,206,89 B0,81 48,0x074A9 | 0x074AA,Japanese Disk D original at direct table raw destination
478,D82B~D82C,한글 문자,이,89 8D,380,8A A2,81 40,0x074AB | 0x074AC,Japanese Disk D original at direct table raw destination
479,D82D~D82E,한글 문자,라,88 B6,159,89 81,82 C7,0x074AD | 0x074AE,Japanese Disk D original at direct table raw destination
480,D82F~D830,한글 문자,니,82 E4,108,89 4D,82 A4,0x074AF | 0x074B0,Japanese Disk D original at direct table raw destination
481,D831~D832,문장부호,？,81 48,,81 48,82 A2,0x074B1 | 0x074B2,Japanese Disk D original at direct table raw destination
482,D833~D834,전각 공백,␠,81 40,,81 40,82 A4,0x074B3 | 0x074B4,Japanese Disk D original at direct table raw destination
483,D835~D836,한글 문자,무,88 E3,224,89 C2,82 B1,0x074B5 | 0x074B6,Japanese Disk D original at direct table raw destination
484,D837~D838,한글 문자,슨,89 57,294,8A 4B,82 C6,0x074B7 | 0x074B8,Japanese Disk D original at direct table raw destination
485,D839~D83A,전각 공백,␠,81 40,,81 40,81 48,0x074B9 | 0x074BA,Japanese Disk D original at direct table raw destination
486,D83B~D83C,한글 문자,소,89 50,283,8A 40,81 40,0x074BB | 0x074BC,Japanese Disk D original at direct table raw destination
487,D83D~D83E,한글 문자,리,88 CC,194,89 A4,61 62,0x074BD | 0x074BE,Japanese Disk D original at direct table raw destination
488,D83F~D840,한글 문자,야,89 6B,321,8A 66,16 9C,0x074BF | 0x074C0,Japanese Disk D original at direct table raw destination
489,D841~D842,문장부호,？,81 48,,81 48,E3 16,0x074C1 | 0x074C2,Japanese Disk D original at direct table raw destination
490,D843~D844,전각 공백,␠,81 40,,81 40,95 E2,0x074C3 | 0x074C4,Japanese Disk D original at direct table raw destination
514,D84E~D84F,한글 문자,메,88 DA,213,89 B7,93 7C,0x074CE | 0x074CF,Japanese Disk D original at direct table raw destination
515,D850~D851,한글 문자,가,82 9F,1,88 9F,82 B9,0x074D0 | 0x074D1,Japanese Disk D original at direct table raw destination
516,D852~D853,한글 문자,스,89 56,293,8A 4A,82 E9,0x074D2 | 0x074D3,Japanese Disk D original at direct table raw destination
517,D854~D855,한글 문자,를,88 CA,192,89 A2,82 CC,0x074D4 | 0x074D5,Japanese Disk D original at direct table raw destination
518,D856~D857,전각 공백,␠,81 40,,81 40,82 CD,0x074D6 | 0x074D7,Japanese Disk D original at direct table raw destination
519,D858~D859,한글 문자,막,8A 44,201,89 AB,81 41,0x074D8 | 0x074D9,Japanese Disk D original at direct table raw destination
520,D85A~D85B,한글 문자,을,89 8A,376,8A 9E,82 A8,0x074DA | 0x074DB,Japanese Disk D original at direct table raw destination
521,D85C~D85D,전각 공백,␠,81 40,,81 40,82 DC,0x074DC | 0x074DD,Japanese Disk D original at direct table raw destination
522,D85E~D85F,한글 문자,수,89 54,288,8A 45,82 A6,0x074DE | 0x074DF,Japanese Disk D original at direct table raw destination
523,D860~D861,전각 공백,␠,81 40,,81 40,82 B5,0x074E0 | 0x074E1,Japanese Disk D original at direct table raw destination
524,D862~D863,한글 문자,있,89 92,389,8A AB,82 A9,0x074E2 | 0x074E3,Japanese Disk D original at direct table raw destination
525,D864~D865,한글 문자,는,82 E3,106,89 4B,82 A2,0x074E4 | 0x074E5,Japanese Disk D original at direct table raw destination
526,D866~D867,전각 공백,␠,81 40,,81 40,82 C8,0x074E6 | 0x074E7,Japanese Disk D original at direct table raw destination
527,D868~D869,한글 문자,건,82 A7,14,88 AC,82 A2,0x074E8 | 0x074E9,Japanese Disk D original at direct table raw destination
528,D86A~D86B,전각 공백,␠,81 40,,81 40,81 42,0x074EA | 0x074EB,Japanese Disk D original at direct table raw destination
529,D86C~D86D,한글 문자,오,89 76,344,8A 7D,97 8A,0x074EC | 0x074ED,Japanese Disk D original at direct table raw destination
530,D86E~D86F,한글 문자,직,8A 4D,431,8A D5,82 DE,0x074EE | 0x074EF,Japanese Disk D original at direct table raw destination
531,D870~D871,전각 공백,␠,81 40,,81 40,81 41,0x074F0 | 0x074F1,Japanese Disk D original at direct table raw destination
532,D872~D873,한글 문자,너,82 D6,85,88 F3,82 C7,0x074F2 | 0x074F3,Japanese Disk D original at direct table raw destination
533,D874~D875,한글 문자,뿐,89 42,264,89 EA,82 A4,0x074F4 | 0x074F5,Japanese Disk D original at direct table raw destination
534,D876~D877,한글 문자,이,89 8D,380,8A A2,82 A9,0x074F6 | 0x074F7,Japanese Disk D original at direct table raw destination
535,D878~D879,한글 문자,다,82 E7,111,89 50,83 81,0x074F8 | 0x074F9,Japanese Disk D original at direct table raw destination
536,D87A~D87B,문장부호,。,81 42,,81 42,83 4B,0x074FA | 0x074FB,Japanese Disk D original at direct table raw destination
537,D87C~D87D,한글 문자,제,89 A1,405,8A BB,83 58,0x074FC | 0x074FD,Japanese Disk D original at direct table raw destination
538,D87E~D87F,한글 문자,발,88 EC,238,89 D0,82 F0,0x074FE | 0x074FF,Japanese Disk D original at direct table raw destination
539,D880~D881,전각 공백,␠,81 40,,81 40,8E 45,0x07500 | 0x07501,Japanese Disk D original at direct table raw destination
540,D882~D883,한글 문자,메,88 DA,213,89 B7,82 B5,0x07502 | 0x07503,Japanese Disk D original at direct table raw destination
541,D884~D885,한글 문자,가,82 9F,1,88 9F,82 C4,0x07504 | 0x07505,Japanese Disk D original at direct table raw destination
542,D886~D887,한글 문자,스,89 56,293,8A 4A,82 AD,0x07506 | 0x07507,Japanese Disk D original at direct table raw destination
543,D888~D889,한글 문자,를,88 CA,192,89 A2,82 EA,0x07508 | 0x07509,Japanese Disk D original at direct table raw destination
544,D88A~D88B,전각 공백,␠,81 40,,81 40,81 42,0x0750A | 0x0750B,Japanese Disk D original at direct table raw destination
545,D88C~D88D,한글 문자,처,89 BA,449,8A E7,83 94,0x0750C | 0x0750D,Japanese Disk D original at direct table raw destination
546,D88E~D88F,한글 문자,단,82 E9,113,89 52,83 46,0x0750E | 0x0750F,Japanese Disk D original at direct table raw destination
547,D890~D891,한글 문자,해,89 E8,528,8B 79,83 4A,0x07510 | 0x07511,Japanese Disk D original at direct table raw destination
548,D892~D893,전각 공백,␠,81 40,,81 40,83 93,0x07512 | 0x07513,Japanese Disk D original at direct table raw destination
549,D894~D895,한글 문자,다,82 E7,111,89 50,83 65,0x07514 | 0x07515,Japanese Disk D original at direct table raw destination
550,D896~D897,한글 문자,오,89 76,344,8A 7D,83 42,0x07516 | 0x07517,Japanese Disk D original at direct table raw destination
551,D898~D899,문장부호,。,81 42,,81 42,82 AA,0x07518 | 0x07519,Japanese Disk D original at direct table raw destination
552,D89A~D89B,한글 문자,이,89 8D,380,8A A2,82 C7,0x0751A | 0x0751B,Japanese Disk D original at direct table raw destination
553,D89C~D89D,한글 문자,제,89 A1,405,8A BB,82 A4,0x0751C | 0x0751D,Japanese Disk D original at direct table raw destination
554,D89E~D89F,전각 공백,␠,81 40,,81 40,82 C8,0x0751E | 0x0751F,Japanese Disk D original at direct table raw destination
555,D8A0~D8A1,한글 문자,베,88 F2,247,89 D9,82 EB,0x07520 | 0x07521,Japanese Disk D original at direct table raw destination
556,D8A2~D8A3,한글 문자,칸,89 C2,466,8A F8,82 A4,0x07522 | 0x07523,Japanese Disk D original at direct table raw destination
557,D8A4~D8A5,한글 문자,티,89 D7,498,8B 5B,82 C6,0x07524 | 0x07525,Japanese Disk D original at direct table raw destination
558,D8A6~D8A7,한글 문자,는,82 E3,106,89 4B,81 41,0x07526 | 0x07527,Japanese Disk D original at direct table raw destination
559,D8A8~D8A9,전각 공백,␠,81 40,,81 40,82 E0,0x07528 | 0x07529,Japanese Disk D original at direct table raw destination
560,D8AA~D8AB,한글 문자,어,89 6C,325,8A 6A,82 CD,0x0752A | 0x0752B,Japanese Disk D original at direct table raw destination
561,D8AC~D8AD,한글 문자,찌,8A 4F,439,8A DD,82 E2,0x0752C | 0x0752D,Japanese Disk D original at direct table raw destination
562,D8AE~D8AF,전각 공백,␠,81 40,,81 40,82 A9,0x0752E | 0x0752F,Japanese Disk D original at direct table raw destination
563,D8B0~D8B1,한글 문자,되,88 A2,131,89 64,82 DC,0x07530 | 0x07531,Japanese Disk D original at direct table raw destination
564,D8B2~D8B3,한글 문자,든,88 A9,142,89 6F,82 ED,0x07532 | 0x07533,Japanese Disk D original at direct table raw destination
565,D8B4~D8B5,전각 공백,␠,81 40,,81 40,82 CA,0x07534 | 0x07535,Japanese Disk D original at direct table raw destination
566,D8B6~D8B7,한글 문자,상,89 47,269,89 EF,81 42,0x07536 | 0x07537,Japanese Disk D original at direct table raw destination
567,D8B8~D8B9,한글 문자,관,8A 61,37,88 C3,82 BE,0x07538 | 0x07539,Japanese Disk D original at direct table raw destination
568,D8BA~D8BB,한글 문자,없,89 6E,330,8A 6F,82 AA,0x0753A | 0x0753B,Japanese Disk D original at direct table raw destination
569,D8BC~D8BD,한글 문자,다,82 E7,111,89 50,83 81,0x0753C | 0x0753D,Japanese Disk D original at direct table raw destination
570,D8BE~D8BF,문장부호,。,81 42,,81 42,83 4B,0x0753E | 0x0753F,Japanese Disk D original at direct table raw destination
571,D8C0~D8C1,한글 문자,하,89 E2,521,8B 72,83 58,0x07540 | 0x07541,Japanese Disk D original at direct table raw destination
572,D8C2~D8C3,한글 문자,지,89 B3,430,8A D4,82 BE,0x07542 | 0x07543,Japanese Disk D original at direct table raw destination
573,D8C4~D8C5,한글 문자,만,88 D2,202,89 AC,82 AF,0x07544 | 0x07545,Japanese Disk D original at direct table raw destination
574,D8C6~D8C7,전각 공백,␠,81 40,,81 40,82 CD,0x07546 | 0x07547,Japanese Disk D original at direct table raw destination
575,D8C8~D8C9,한글 문자,메,88 DA,213,89 B7,81 41,0x07548 | 0x07549,Japanese Disk D original at direct table raw destination
576,D8CA~D8CB,한글 문자,가,82 9F,1,88 9F,83 81,0x0754A | 0x0754B,Japanese Disk D original at direct table raw destination
577,D8CC~D8CD,한글 문자,스,89 56,293,8A 4A,83 4B,0x0754C | 0x0754D,Japanese Disk D original at direct table raw destination
578,D8CE~D8CF,문장부호,、,81 41,,81 41,83 58,0x0754E | 0x0754F,Japanese Disk D original at direct table raw destination
579,D8D0~D8D1,한글 문자,그,82 BD,49,88 CF,82 BE,0x07550 | 0x07551,Japanese Disk D original at direct table raw destination
580,D8D2~D8D3,한글 문자,놈,82 DD,97,89 42,82 AF,0x07552 | 0x07553,Japanese Disk D original at direct table raw destination
581,D8D4~D8D5,한글 문자,만,88 D2,202,89 AC,82 CD,0x07554 | 0x07555,Japanese Disk D original at direct table raw destination
582,D8D6~D8D7,한글 문자,은,89 89,375,8A 9D,90 B6,0x07556 | 0x07557,Japanese Disk D original at direct table raw destination
583,D8D8~D8D9,전각 공백,␠,81 40,,81 40,82 A9,0x07558 | 0x07559,Japanese Disk D original at direct table raw destination
584,D8DA~D8DB,한글 문자,절,89 9E,402,8A B8,82 B5,0x0755A | 0x0755B,Japanese Disk D original at direct table raw destination
585,D8DC~D8DD,한글 문자,대,82 EC,118,89 57,82 C4,0x0755C | 0x0755D,Japanese Disk D original at direct table raw destination
586,D8DE~D8DF,한글 문자,살,89 45,267,89 ED,82 A8,0x0755E | 0x0755F,Japanese Disk D original at direct table raw destination
587,D8E0~D8E1,한글 문자,려,88 C1,178,89 94,82 AD,0x07560 | 0x07561,Japanese Disk D original at direct table raw destination
588,D8E2~D8E3,한글 문자,둘,88 A6,136,89 69,82 ED,0x07562 | 0x07563,Japanese Disk D original at direct table raw destination
589,D8E4~D8E5,전각 공백,␠,81 40,,81 40,82 AF,0x07564 | 0x07565,Japanese Disk D original at direct table raw destination
590,D8E6~D8E7,한글 문자,수,89 54,288,8A 45,82 C9,0x07566 | 0x07567,Japanese Disk D original at direct table raw destination
591,D8E8~D8E9,전각 공백,␠,81 40,,81 40,82 CD,0x07568 | 0x07569,Japanese Disk D original at direct table raw destination
592,D8EA~D8EB,한글 문자,없,89 6E,330,8A 6F,82 A2,0x0756A | 0x0756B,Japanese Disk D original at direct table raw destination
593,D8EC~D8ED,한글 문자,다,82 E7,111,89 50,82 A9,0x0756C | 0x0756D,Japanese Disk D original at direct table raw destination
594,D8EE~D8EF,문장부호,！,81 49,,81 49,82 F1,0x0756E | 0x0756F,Japanese Disk D original at direct table raw destination
595,D8F0~D8F1,전각 공백,␠,81 40,,81 40,81 49,0x07570 | 0x07571,Japanese Disk D original at direct table raw destination
596,D8F2~D8F3,한글 문자,우,89 81,360,8A 8E,81 40,0x07572 | 0x07573,Japanese Disk D original at direct table raw destination
597,D8F4~D8F5,한글 문자,리,88 CC,194,89 A4,89 E4,0x07574 | 0x07575,Japanese Disk D original at direct table raw destination
598,D8F6~D8F7,한글 문자,들,88 AA,144,89 71,82 E7,0x07576 | 0x07577,Japanese Disk D original at direct table raw destination
599,D8F8~D8F9,한글 문자,의,89 8C,379,8A A1,82 CC,0x07578 | 0x07579,Japanese Disk D original at direct table raw destination
600,D8FA~D8FB,전각 공백,␠,81 40,,81 40,82 A9,0x0757A | 0x0757B,Japanese Disk D original at direct table raw destination
601,D8FC~D8FD,한글 문자,원,89 84,366,8A 94,82 BD,0x0757C | 0x0757D,Japanese Disk D original at direct table raw destination
602,D8FE~D8FF,한글 문자,수,89 54,288,8A 45,82 AB,0x0757E | 0x0757F,Japanese Disk D original at direct table raw destination
603,D900~D901,한글 문자,를,88 CA,192,89 A2,82 F0,0x07580 | 0x07581,Japanese Disk D original at direct table raw destination
604,D902~D903,전각 공백,␠,81 40,,81 40,93 A2,0x07582 | 0x07583,Japanese Disk D original at direct table raw destination
605,D904~D905,한글 문자,갚,82 A5,10,88 A8,82 C1,0x07584 | 0x07585,Japanese Disk D original at direct table raw destination
606,D906~D907,한글 문자,아,89 60,309,8A 5A,82 C4,0x07586 | 0x07587,Japanese Disk D original at direct table raw destination
607,D908~D909,한글 문자,다,82 E7,111,89 50,82 AD,0x07588 | 0x07589,Japanese Disk D original at direct table raw destination
608,D90A~D90B,한글 문자,오,89 76,344,8A 7D,82 EA,0x0758A | 0x0758B,Japanese Disk D original at direct table raw destination
609,D90C~D90D,문장부호,！,81 49,,81 49,81 49,0x0758C | 0x0758D,Japanese Disk D original at direct table raw destination
625,D916~D917,한글 문자,이,89 8D,380,8A A2,82 B3,0x07596 | 0x07597,Japanese Disk D original at direct table raw destination
626,D918~D919,한글 문자,것,82 AA,18,88 B0,82 A0,0x07598 | 0x07599,Japanese Disk D original at direct table raw destination
627,D91A~D91B,한글 문자,을,89 8A,376,8A 9E,81 41,0x0759A | 0x0759B,Japanese Disk D original at direct table raw destination
628,D91C~D91D,전각 공백,␠,81 40,,81 40,82 B1,0x0759C | 0x0759D,Japanese Disk D original at direct table raw destination
629,D91E~D91F,한글 문자,돌,88 9F,126,89 5F,82 EA,0x0759E | 0x0759F,Japanese Disk D original at direct table raw destination
630,D920~D921,한글 문자,려,88 C1,178,89 94,82 F0,0x075A0 | 0x075A1,Japanese Disk D original at direct table raw destination
631,D922~D923,한글 문자,주,89 AA,418,8A C8,95 D4,0x075A2 | 0x075A3,Japanese Disk D original at direct table raw destination
632,D924~D925,한글 문자,마,88 D1,200,89 AA,82 BB,0x075A4 | 0x075A5,Japanese Disk D original at direct table raw destination
633,D926~D927,문장부호,・,81 45,,81 45,82 A4,0x075A6 | 0x075A7,Japanese Disk D original at direct table raw destination
634,D928~D929,문장부호,・,81 45,,81 45,81 45,0x075A8 | 0x075A9,Japanese Disk D original at direct table raw destination
635,D92A~D92B,문장부호,・,81 45,,81 45,81 45,0x075AA | 0x075AB,Japanese Disk D original at direct table raw destination
636,D92C~D92D,문장부호,。,81 42,,81 42,81 45,0x075AC | 0x075AD,Japanese Disk D original at direct table raw destination
663,D937~D938,한글 문자,그,82 BD,49,88 CF,46 44,0x075B7 | 0x075B8,Japanese Disk D original at direct table raw destination
664,D939~D93A,한글 문자,건,82 A7,14,88 AC,82 BB,0x075B9 | 0x075BA,Japanese Disk D original at direct table raw destination
665,D93B~D93C,문장부호,、,81 41,,81 41,82 EA,0x075BB | 0x075BC,Japanese Disk D original at direct table raw destination
666,D93D~D93E,한글 문자,판,89 D9,501,8B 5E,82 CD,0x075BD | 0x075BE,Japanese Disk D original at direct table raw destination
667,D93F~D940,한글 문자,타,89 CA,479,8B 48,81 41,0x075BF | 0x075C0,Japanese Disk D original at direct table raw destination
668,D941~D942,한글 문자,즘,89 B1,428,8A D2,83 74,0x075C1 | 0x075C2,Japanese Disk D original at direct table raw destination
669,D943~D944,전각 공백,␠,81 40,,81 40,83 40,0x075C3 | 0x075C4,Japanese Disk D original at direct table raw destination
670,D945~D946,한글 문자,주,89 AA,418,8A C8,83 93,0x075C5 | 0x075C6,Japanese Disk D original at direct table raw destination
671,D947~D948,한글 문자,얼,89 6D,328,8A 6D,83 5E,0x075C7 | 0x075C8,Japanese Disk D original at direct table raw destination
672,D949~D94A,한글 문자,리,88 CC,194,89 A4,83 59,0x075C9 | 0x075CA,Japanese Disk D original at direct table raw destination
673,D94B~D94C,문장부호,！,81 49,,81 49,83 80,0x075CB | 0x075CC,Japanese Disk D original at direct table raw destination
689,D953~D954,한글 문자,부,88 FA,255,89 E1,83 47,0x075D3 | 0x075D4,Japanese Disk D original at direct table raw destination
690,D955~D956,한글 문자,탁,89 CB,480,8B 49,83 8A,0x075D5 | 0x075D6,Japanese Disk D original at direct table raw destination
691,D957~D958,문장부호,・,81 45,,81 45,81 5B,0x075D7 | 0x075D8,Japanese Disk D original at direct table raw destination
692,D959~D95A,한글 문자,한,89 E4,523,8B 74,81 49,0x075D9 | 0x075DA,Japanese Disk D original at direct table raw destination
693,D95B~D95C,한글 문자,다,82 E7,111,89 50,66 16,0x075DB | 0x075DC,Japanese Disk D original at direct table raw destination
694,D95D~D95E,문장부호,・,81 45,,81 45,CD E2,0x075DD | 0x075DE,Japanese Disk D original at direct table raw destination
695,D95F~D960,문장부호,・,81 45,,81 45,01 06,0x075DF | 0x075E0,Japanese Disk D original at direct table raw destination
696,D961~D962,문장부호,・,81 45,,81 45,97 8A,0x075E1 | 0x075E2,Japanese Disk D original at direct table raw destination
700,D96E~D96F,한글 문자,윽,8A 78,374,8A 9C,45 05,0x075EE | 0x075EF,Japanese Disk D original at direct table raw destination
701,D970~D971,문장부호,・,81 45,,81 45,16 86,0x075F0 | 0x075F1,Japanese Disk D original at direct table raw destination
702,D972~D973,문장부호,・,81 45,,81 45,3A 9E,0x075F2 | 0x075F3,Japanese Disk D original at direct table raw destination
703,D974~D975,문장부호,・,81 45,,81 45,05 25,0x075F4 | 0x075F5,Japanese Disk D original at direct table raw destination
704,D976~D977,문장부호,。,81 42,,81 42,2B 1E,0x075F6 | 0x075F7,Japanese Disk D original at direct table raw destination
742,D984~D985,문장부호,・,81 45,,81 45,81 42,0x07604 | 0x07605,Japanese Disk D original at direct table raw destination
743,D986~D987,문장부호,・,81 45,,81 45,11 16,0x07606 | 0x07607,Japanese Disk D original at direct table raw destination
744,D988~D989,문장부호,・,81 45,,81 45,E8 E2,0x07608 | 0x07609,Japanese Disk D original at direct table raw destination
745,D98A~D98B,문장부호,・,81 45,,81 45,01 07,0x0760A | 0x0760B,Japanese Disk D original at direct table raw destination
746,D98C~D98D,문장부호,・,81 45,,81 45,11 16,0x0760C | 0x0760D,Japanese Disk D original at direct table raw destination
747,D98E~D98F,문장부호,・,81 45,,81 45,53 E2,0x0760E | 0x0760F,Japanese Disk D original at direct table raw destination
776,D9B0~D9B1,문장부호,！,81 49,,81 49,00 88,0x07630 | 0x07631,Japanese Disk D original at direct table raw destination
777,D9B2~D9B3,문장부호,！,81 49,,81 49,06 0E,0x07632 | 0x07633,Japanese Disk D original at direct table raw destination
778,D9B4~D9B5,전각 공백,␠,81 40,,81 40,16 F4,0x07634 | 0x07635,Japanese Disk D original at direct table raw destination
779,D9B6~D9B7,한글 문자,넌,8A 63,86,88 F4,E2 25,0x07636 | 0x07637,Japanese Disk D original at direct table raw destination
780,D9B8~D9B9,전각 공백,␠,81 40,,81 40,2B 1E,0x07638 | 0x07639,Japanese Disk D original at direct table raw destination
781,D9BA~D9BB,한글 문자,누,82 DF,102,89 47,16 A4,0x0763A | 0x0763B,Japanese Disk D original at direct table raw destination
782,D9BC~D9BD,한글 문자,구,82 B7,41,88 C7,22 0E,0x0763C | 0x0763D,Japanese Disk D original at direct table raw destination
783,D9BE~D9BF,한글 문자,냐,82 D5,82,88 F0,81 49,0x0763E | 0x0763F,Japanese Disk D original at direct table raw destination
784,D9C0~D9C1,문장부호,！,81 49,,81 49,81 49,0x07640 | 0x07641,Japanese Disk D original at direct table raw destination
797,D9C8~D9C9,한글 문자,나,82 CE,74,88 E8,82 CD,0x07648 | 0x07649,Japanese Disk D original at direct table raw destination
798,D9CA~D9CB,한글 문자,는,82 E3,106,89 4B,81 49,0x0764A | 0x0764B,Japanese Disk D original at direct table raw destination
799,D9CC~D9CD,전각 공백,␠,81 40,,81 40,16 1A,0x0764C | 0x0764D,Japanese Disk D original at direct table raw destination
800,D9CE~D9CF,한글 문자,잔,89 95,393,8A AF,E3 01,0x0764E | 0x0764F,Japanese Disk D original at direct table raw destination
801,D9D0~D9D1,한글 문자,인,89 8E,382,8A A4,08 41,0x07650 | 0x07651,Japanese Disk D original at direct table raw destination
802,D9D2~D9D3,한글 문자,왕,89 7C,352,8A 86,8E 63,0x07652 | 0x07653,Japanese Disk D original at direct table raw destination
803,D9D4~D9D5,전각 공백,␠,81 40,,81 40,94 45,0x07654 | 0x07655,Japanese Disk D original at direct table raw destination
804,D9D6~D9D7,한글 문자,메,88 DA,213,89 B7,89 A4,0x07656 | 0x07657,Japanese Disk D original at direct table raw destination
805,D9D8~D9D9,한글 문자,가,82 9F,1,88 9F,83 81,0x07658 | 0x07659,Japanese Disk D original at direct table raw destination
806,D9DA~D9DB,한글 문자,스,89 56,293,8A 4A,83 4B,0x0765A | 0x0765B,Japanese Disk D original at direct table raw destination
807,D9DC~D9DD,전각 공백,␠,81 40,,81 40,83 58,0x0765C | 0x0765D,Japanese Disk D original at direct table raw destination
808,D9DE~D9DF,한글 문자,제,89 A1,405,8A BB,91 E6,0x0765E | 0x0765F,Japanese Disk D original at direct table raw destination
809,D9E0~D9E1,기본문자,３,82 52,,82 52,8E 4F,0x07660 | 0x07661,Japanese Disk D original at direct table raw destination
810,D9E2~D9E3,한글 문자,군,82 B9,43,88 C9,8C 52,0x07662 | 0x07663,Japanese Disk D original at direct table raw destination
811,D9E4~D9E5,한글 문자,단,82 E9,113,89 52,92 63,0x07664 | 0x07665,Japanese Disk D original at direct table raw destination
812,D9E6~D9E7,전각 공백,␠,81 40,,81 40,8E 77,0x07666 | 0x07667,Japanese Disk D original at direct table raw destination
813,D9E8~D9E9,한글 문자,지,89 B3,430,8A D4,8A F6,0x07668 | 0x07669,Japanese Disk D original at direct table raw destination
814,D9EA~D9EB,한글 문자,휘,8A 82,553,8B 93,8A AF,0x0766A | 0x0766B,Japanese Disk D original at direct table raw destination
815,D9EC~D9ED,한글 문자,관,8A 61,37,88 C3,83 6E,0x0766C | 0x0766D,Japanese Disk D original at direct table raw destination
816,D9EE~D9EF,한글 문자,하,89 E2,521,8B 72,83 43,0x0766E | 0x0766F,Japanese Disk D original at direct table raw destination
817,D9F0~D9F1,한글 문자,이,89 8D,380,8A A2,83 5B,0x07670 | 0x07671,Japanese Disk D original at direct table raw destination
818,D9F2~D9F3,한글 문자,젠,8A 7A,406,8A BC,83 93,0x07672 | 0x07673,Japanese Disk D original at direct table raw destination
819,D9F4~D9F5,한글 문자,이,89 8D,380,8A A2,81 42,0x07674 | 0x07675,Japanese Disk D original at direct table raw destination
820,D9F6~D9F7,한글 문자,다,82 E7,111,89 50,83 74,0x07676 | 0x07677,Japanese Disk D original at direct table raw destination
821,D9F8~D9F9,문장부호,。,81 42,,81 42,83 40,0x07678 | 0x07679,Japanese Disk D original at direct table raw destination
822,D9FA~D9FB,한글 문자,판,89 D9,501,8B 5E,83 93,0x0767A | 0x0767B,Japanese Disk D original at direct table raw destination
823,D9FC~D9FD,한글 문자,타,89 CA,479,8B 48,83 5E,0x0767C | 0x0767D,Japanese Disk D original at direct table raw destination
824,D9FE~D9FF,한글 문자,즘,89 B1,428,8A D2,83 59,0x0767E | 0x0767F,Japanese Disk D original at direct table raw destination
825,DA00~DA01,전각 공백,␠,81 40,,81 40,83 80,0x07680 | 0x07681,Japanese Disk D original at direct table raw destination
826,DA02~DA03,한글 문자,주,89 AA,418,8A C8,81 45,0x07682 | 0x07683,Japanese Disk D original at direct table raw destination
827,DA04~DA05,한글 문자,얼,89 6D,328,8A 6D,83 57,0x07684 | 0x07685,Japanese Disk D original at direct table raw destination
828,DA06~DA07,한글 문자,리,88 CC,194,89 A4,83 85,0x07686 | 0x07687,Japanese Disk D original at direct table raw destination
829,DA08~DA09,한글 문자,는,82 E3,106,89 4B,83 47,0x07688 | 0x07689,Japanese Disk D original at direct table raw destination
830,DA0A~DA0B,전각 공백,␠,81 40,,81 40,83 8A,0x0768A | 0x0768B,Japanese Disk D original at direct table raw destination
831,DA0C~DA0D,한글 문자,네,82 D9,90,88 F8,81 5B,0x0768C | 0x0768D,Japanese Disk D original at direct table raw destination
832,DA0E~DA0F,한글 문자,게,82 AB,19,88 B1,82 F0,0x0768E | 0x0768F,Japanese Disk D original at direct table raw destination
833,DA10~DA11,한글 문자,돌,88 9F,126,89 5F,82 A8,0x07690 | 0x07691,Japanese Disk D original at direct table raw destination
834,DA12~DA13,한글 문자,려,88 C1,178,89 94,82 DC,0x07692 | 0x07693,Japanese Disk D original at direct table raw destination
835,DA14~DA15,한글 문자,줄,89 AD,421,8A CB,82 A6,0x07694 | 0x07695,Japanese Disk D original at direct table raw destination
836,DA16~DA17,전각 공백,␠,81 40,,81 40,82 C9,0x07696 | 0x07697,Japanese Disk D original at direct table raw destination
837,DA18~DA19,한글 문자,수,89 54,288,8A 45,95 D4,0x07698 | 0x07699,Japanese Disk D original at direct table raw destination
838,DA1A~DA1B,전각 공백,␠,81 40,,81 40,82 B7,0x0769A | 0x0769B,Japanese Disk D original at direct table raw destination
839,DA1C~DA1D,한글 문자,없,89 6E,330,8A 6F,82 ED,0x0769C | 0x0769D,Japanese Disk D original at direct table raw destination
840,DA1E~DA1F,한글 문자,다,82 E7,111,89 50,82 AF,0x0769E | 0x0769F,Japanese Disk D original at direct table raw destination
841,DA20~DA21,문장부호,。,81 42,,81 42,82 C9,0x076A0 | 0x076A1,Japanese Disk D original at direct table raw destination
842,DA22~DA23,한글 문자,이,89 8D,380,8A A2,82 CD,0x076A2 | 0x076A3,Japanese Disk D original at direct table raw destination
843,DA24~DA25,한글 문자,게,82 AB,19,88 B1,82 A2,0x076A4 | 0x076A5,Japanese Disk D original at direct table raw destination
844,DA26~DA27,전각 공백,␠,81 40,,81 40,82 A9,0x076A6 | 0x076A7,Japanese Disk D original at direct table raw destination
845,DA28~DA29,한글 문자,없,89 6E,330,8A 6F,82 CA,0x076A8 | 0x076A9,Japanese Disk D original at direct table raw destination
846,DA2A~DA2B,한글 문자,으,89 88,373,8A 9B,81 42,0x076AA | 0x076AB,Japanese Disk D original at direct table raw destination
847,DA2C~DA2D,한글 문자,면,88 DC,215,89 B9,82 B1,0x076AC | 0x076AD,Japanese Disk D original at direct table raw destination
848,DA2E~DA2F,전각 공백,␠,81 40,,81 40,82 EA,0x076AE | 0x076AF,Japanese Disk D original at direct table raw destination
849,DA30~DA31,한글 문자,네,82 D9,90,88 F8,82 AA,0x076B0 | 0x076B1,Japanese Disk D original at direct table raw destination
850,DA32~DA33,전각 공백,␠,81 40,,81 40,96 B3,0x076B2 | 0x076B3,Japanese Disk D original at direct table raw destination
851,DA34~DA35,한글 문자,힘,89 F8,558,8B 98,82 A2,0x076B4 | 0x076B5,Japanese Disk D original at direct table raw destination
852,DA36~DA37,한글 문자,도,82 F1,125,89 5E,82 A4,0x076B6 | 0x076B7,Japanese Disk D original at direct table raw destination
853,DA38~DA39,한글 문자,절,89 9E,402,8A B8,82 BF,0x076B8 | 0x076B9,Japanese Disk D original at direct table raw destination
854,DA3A~DA3B,한글 문자,반,88 EA,236,89 CE,82 CD,0x076BA | 0x076BB,Japanese Disk D original at direct table raw destination
855,DA3C~DA3D,한글 문자,밖,8A 6E,235,89 CD,82 A8,0x076BC | 0x076BD,Japanese Disk D original at direct table raw destination
856,DA3E~DA3F,한글 문자,에,89 70,333,8A 72,82 DC,0x076BE | 0x076BF,Japanese Disk D original at direct table raw destination
857,DA40~DA41,전각 공백,␠,81 40,,81 40,82 A6,0x076C0 | 0x076C1,Japanese Disk D original at direct table raw destination
858,DA42~DA43,한글 문자,발,88 EC,238,89 D0,82 CC,0x076C2 | 0x076C3,Japanese Disk D original at direct table raw destination
859,DA44~DA45,한글 문자,휘,8A 82,553,8B 93,97 CD,0x076C4 | 0x076C5,Japanese Disk D original at direct table raw destination
860,DA46~DA47,한글 문자,되,88 A2,131,89 64,82 CD,0x076C6 | 0x076C7,Japanese Disk D original at direct table raw destination
861,DA48~DA49,한글 문자,지,89 B3,430,8A D4,94 BC,0x076C8 | 0x076C9,Japanese Disk D original at direct table raw destination
862,DA4A~DA4B,전각 공백,␠,81 40,,81 40,8C B8,0x076CA | 0x076CB,Japanese Disk D original at direct table raw destination
863,DA4C~DA4D,한글 문자,못,88 E2,223,89 C1,82 B5,0x076CC | 0x076CD,Japanese Disk D original at direct table raw destination
864,DA4E~DA4F,한글 문자,할,89 E5,524,8B 75,82 C4,0x076CE | 0x076CF,Japanese Disk D original at direct table raw destination
865,DA50~DA51,전각 공백,␠,81 40,,81 40,82 A2,0x076D0 | 0x076D1,Japanese Disk D original at direct table raw destination
866,DA52~DA53,한글 문자,테,8A 51,488,8B 51,82 E9,0x076D2 | 0x076D3,Japanese Disk D original at direct table raw destination
867,DA54~DA55,한글 문자,지,89 B3,430,8A D4,82 CD,0x076D4 | 0x076D5,Japanese Disk D original at direct table raw destination
868,DA56~DA57,문장부호,。,81 42,,81 42,82 B8,0x076D6 | 0x076D7,Japanese Disk D original at direct table raw destination
869,DA58~DA59,한글 문자,언,8A 73,326,8A 6B,82 BE,0x076D8 | 0x076D9,Japanese Disk D original at direct table raw destination
870,DA5A~DA5B,한글 문자,젠,8A 7A,406,8A BC,82 A9,0x076DA | 0x076DB,Japanese Disk D original at direct table raw destination
871,DA5C~DA5D,한글 문자,가,82 9F,1,88 9F,82 E7,0x076DC | 0x076DD,Japanese Disk D original at direct table raw destination
872,DA5E~DA5F,전각 공백,␠,81 40,,81 40,82 C8,0x076DE | 0x076DF,Japanese Disk D original at direct table raw destination
873,DA60~DA61,한글 문자,너,82 D6,85,88 F3,81 42,0x076E0 | 0x076E1,Japanese Disk D original at direct table raw destination
874,DA62~DA63,한글 문자,와,89 7A,349,8A 83,82 A2,0x076E2 | 0x076E3,Japanese Disk D original at direct table raw destination
875,DA64~DA65,전각 공백,␠,81 40,,81 40,82 B8,0x076E4 | 0x076E5,Japanese Disk D original at direct table raw destination
876,DA66~DA67,한글 문자,싸,89 5E,304,8A 55,82 EA,0x076E6 | 0x076E7,Japanese Disk D original at direct table raw destination
877,DA68~DA69,한글 문자,우,89 81,360,8A 8E,82 A8,0x076E8 | 0x076E9,Japanese Disk D original at direct table raw destination
878,DA6A~DA6B,한글 문자,게,82 AB,19,88 B1,82 DC,0x076EA | 0x076EB,Japanese Disk D original at direct table raw destination
879,DA6C~DA6D,전각 공백,␠,81 40,,81 40,82 A6,0x076EC | 0x076ED,Japanese Disk D original at direct table raw destination
880,DA6E~DA6F,한글 문자,되,88 A2,131,89 64,82 C6,0x076EE | 0x076EF,Japanese Disk D original at direct table raw destination
881,DA70~DA71,한글 문자,겠,82 AC,20,88 B2,82 CD,0x076F0 | 0x076F1,Japanese Disk D original at direct table raw destination
882,DA72~DA73,한글 문자,지,89 B3,430,8A D4,90 ED,0x076F2 | 0x076F3,Japanese Disk D original at direct table raw destination
883,DA74~DA75,한글 문자,만,88 D2,202,89 AC,82 A4,0x076F4 | 0x076F5,Japanese Disk D original at direct table raw destination
884,DA76~DA77,문장부호,、,81 41,,81 41,82 B1,0x076F6 | 0x076F7,Japanese Disk D original at direct table raw destination
885,DA78~DA79,한글 문자,지,89 B3,430,8A D4,82 C6,0x076F8 | 0x076F9,Japanese Disk D original at direct table raw destination
886,DA7A~DA7B,한글 문자,금,82 BF,53,88 D3,82 C9,0x076FA | 0x076FB,Japanese Disk D original at direct table raw destination
887,DA7C~DA7D,한글 문자,은,89 89,375,8A 9D,82 C8,0x076FC | 0x076FD,Japanese Disk D original at direct table raw destination
888,DA7E~DA7F,전각 공백,␠,81 40,,81 40,82 EB,0x076FE | 0x076FF,Japanese Disk D original at direct table raw destination
889,DA80~DA81,한글 문자,너,82 D6,85,88 F3,82 A4,0x07700 | 0x07701,Japanese Disk D original at direct table raw destination
890,DA82~DA83,전각 공백,␠,81 40,,81 40,81 41,0x07702 | 0x07703,Japanese Disk D original at direct table raw destination
891,DA84~DA85,한글 문자,따,8A 68,147,89 74,82 BE,0x07704 | 0x07705,Japanese Disk D original at direct table raw destination
892,DA86~DA87,한글 문자,위,89 85,369,8A 97,82 AA,0x07706 | 0x07707,Japanese Disk D original at direct table raw destination
893,DA88~DA89,한글 문자,를,88 CA,192,89 A2,8D A1,0x07708 | 0x07709,Japanese Disk D original at direct table raw destination
894,DA8A~DA8B,전각 공백,␠,81 40,,81 40,82 CD,0x0770A | 0x0770B,Japanese Disk D original at direct table raw destination
895,DA8C~DA8D,한글 문자,신,89 5B,299,8A 50,82 A8,0x0770C | 0x0770D,Japanese Disk D original at direct table raw destination
896,DA8E~DA8F,한글 문자,경,82 AF,26,88 B8,82 DC,0x0770E | 0x0770F,Japanese Disk D original at direct table raw destination
897,DA90~DA91,전각 공백,␠,81 40,,81 40,82 A6,0x07710 | 0x07711,Japanese Disk D original at direct table raw destination
898,DA92~DA93,한글 문자,쓸,8A 71,308,8A 59,82 C9,0x07712 | 0x07713,Japanese Disk D original at direct table raw destination
899,DA94~DA95,전각 공백,␠,81 40,,81 40,8A D6,0x07714 | 0x07715,Japanese Disk D original at direct table raw destination
900,DA96~DA97,한글 문자,겨,89 F9,21,88 B3,82 ED,0x07716 | 0x07717,Japanese Disk D original at direct table raw destination
901,DA98~DA99,한글 문자,를,88 CA,192,89 A2,82 C1,0x07718 | 0x07719,Japanese Disk D original at direct table raw destination
902,DA9A~DA9B,한글 문자,이,89 8D,380,8A A2,82 C4,0x0771A | 0x0771B,Japanese Disk D original at direct table raw destination
903,DA9C~DA9D,전각 공백,␠,81 40,,81 40,82 A2,0x0771C | 0x0771D,Japanese Disk D original at direct table raw destination
904,DA9E~DA9F,한글 문자,없,89 6E,330,8A 6F,82 E9,0x0771E | 0x0771F,Japanese Disk D original at direct table raw destination
905,DAA0~DAA1,한글 문자,다,82 E7,111,89 50,89 C9,0x07720 | 0x07721,Japanese Disk D original at direct table raw destination
906,DAA2~DAA3,문장부호,。,81 42,,81 42,82 CD,0x07722 | 0x07723,Japanese Disk D original at direct table raw destination
907,DAA4~DAA5,한글 문자,그,82 BD,49,88 CF,82 C8,0x07724 | 0x07725,Japanese Disk D original at direct table raw destination
908,DAA6~DAA7,전각 공백,␠,81 40,,81 40,82 A2,0x07726 | 0x07727,Japanese Disk D original at direct table raw destination
909,DAA8~DAA9,한글 문자,대,82 EC,118,89 57,81 42,0x07728 | 0x07729,Japanese Disk D original at direct table raw destination
910,DAAA~DAAB,한글 문자,신,89 5B,299,8A 50,82 BB,0x0772A | 0x0772B,Japanese Disk D original at direct table raw destination
911,DAAC~DAAD,전각 공백,␠,81 40,,81 40,82 CC,0x0772C | 0x0772D,Japanese Disk D original at direct table raw destination
912,DAAE~DAAF,한글 문자,메,88 DA,213,89 B7,82 A9,0x0772E | 0x0772F,Japanese Disk D original at direct table raw destination
913,DAB0~DAB1,한글 문자,가,82 9F,1,88 9F,82 ED,0x07730 | 0x07731,Japanese Disk D original at direct table raw destination
914,DAB2~DAB3,한글 문자,스,89 56,293,8A 4A,82 E8,0x07732 | 0x07733,Japanese Disk D original at direct table raw destination
915,DAB4~DAB5,한글 문자,님,82 E6,110,89 4F,81 41,0x07734 | 0x07735,Japanese Disk D original at direct table raw destination
916,DAB6~DAB7,한글 문자,께,82 C9,65,88 DF,83 81,0x07736 | 0x07737,Japanese Disk D original at direct table raw destination
917,DAB8~DAB9,한글 문자,서,89 49,272,89 F2,83 4B,0x07738 | 0x07739,Japanese Disk D original at direct table raw destination
918,DABA~DABB,전각 공백,␠,81 40,,81 40,83 58,0x0773A | 0x0773B,Japanese Disk D original at direct table raw destination
919,DABC~DABD,한글 문자,친,89 C0,463,8A F5,97 6C,0x0773C | 0x0773D,Japanese Disk D original at direct table raw destination
920,DABE~DABF,한글 문자,히,89 F7,557,8B 97,82 AA,0x0773E | 0x0773F,Japanese Disk D original at direct table raw destination
921,DAC0~DAC1,전각 공백,␠,81 40,,81 40,82 B6,0x07740 | 0x07741,Japanese Disk D original at direct table raw destination
922,DAC2~DAC3,한글 문자,상,89 47,269,89 EF,82 AB,0x07742 | 0x07743,Japanese Disk D original at direct table raw destination
923,DAC4~DAC5,한글 문자,대,82 EC,118,89 57,82 B6,0x07744 | 0x07745,Japanese Disk D original at direct table raw destination
924,DAC6~DAC7,한글 문자,해,89 E8,528,8B 79,82 AB,0x07746 | 0x07747,Japanese Disk D original at direct table raw destination
925,DAC8~DAC9,한글 문자,주,89 AA,418,8A C8,82 A8,0x07748 | 0x07749,Japanese Disk D original at direct table raw destination
926,DACA~DACB,한글 문자,실,89 5C,300,8A 51,91 8A,0x0774A | 0x0774B,Japanese Disk D original at direct table raw destination
927,DACC~DACD,전각 공백,␠,81 40,,81 40,8E E8,0x0774C | 0x0774D,Japanese Disk D original at direct table raw destination
928,DACE~DACF,한글 문자,거,82 A6,12,88 AA,82 B5,0x0774E | 0x0774F,Japanese Disk D original at direct table raw destination
929,DAD0~DAD1,한글 문자,다,82 E7,111,89 50,82 C4,0x07750 | 0x07751,Japanese Disk D original at direct table raw destination
930,DAD2~DAD3,문장부호,！,81 49,,81 49,89 BA,0x07752 | 0x07753,Japanese Disk D original at direct table raw destination
943,DADA~DADB,문장부호,！,81 49,,81 49,82 A4,0x0775A | 0x0775B,Japanese Disk D original at direct table raw destination
944,DADC~DADD,문장부호,！,81 49,,81 49,82 BE,0x0775C | 0x0775D,Japanese Disk D original at direct table raw destination
959,DAEA~DAEB,한글 문자,내,82 D3,79,88 ED,13 1B,0x0776A | 0x0776B,Japanese Disk D original at direct table raw destination
961,DAED~DAEE,전각 공백,␠,81 40,,81 40,12 13,0x0776D | 0x0776E,Japanese Disk D original at direct table raw destination
962,DAEF~DAF0,한글 문자,이,89 8D,380,8A A2,1B E4,0x0776F | 0x07770,Japanese Disk D original at direct table raw destination
963,DAF1~DAF2,한글 문자,름,88 CB,193,89 A3,16 4B,0x07771 | 0x07772,Japanese Disk D original at direct table raw destination
964,DAF3~DAF4,한글 문자,은,89 89,375,8A 9D,E3 23,0x07773 | 0x07774,Japanese Disk D original at direct table raw destination
965,DAF5~DAF6,전각 공백,␠,81 40,,81 40,0A 89,0x07775 | 0x07776,Japanese Disk D original at direct table raw destination
966,DAF7~DAF8,한글 문자,잔,89 95,393,8A AF,E4 5A,0x07777 | 0x07778,Japanese Disk D original at direct table raw destination
967,DAF9~DAFA,한글 문자,인,89 8E,382,8A A4,82 AA,0x07779 | 0x0777A,Japanese Disk D original at direct table raw destination
968,DAFB~DAFC,한글 문자,왕,89 7C,352,8A 86,96 BC,0x0777B | 0x0777C,Japanese Disk D original at direct table raw destination
969,DAFD~DAFE,전각 공백,␠,81 40,,81 40,82 CD,0x0777D | 0x0777E,Japanese Disk D original at direct table raw destination
970,DAFF~DB00,한글 문자,메,88 DA,213,89 B7,8E 63,0x0777F | 0x07780,Japanese Disk D original at direct table raw destination
971,DB01~DB02,한글 문자,가,82 9F,1,88 9F,94 45,0x07781 | 0x07782,Japanese Disk D original at direct table raw destination
972,DB03~DB04,한글 문자,스,89 56,293,8A 4A,89 A4,0x07783 | 0x07784,Japanese Disk D original at direct table raw destination
973,DB05~DB06,문장부호,。,81 42,,81 42,83 81,0x07785 | 0x07786,Japanese Disk D original at direct table raw destination
974,DB07~DB08,한글 문자,바,88 E9,234,89 CC,83 4B,0x07787 | 0x07788,Japanese Disk D original at direct table raw destination
975,DB09~DB0A,한글 문자,리,88 CC,194,89 A4,83 58,0x07789 | 0x0778A,Japanese Disk D original at direct table raw destination
976,DB0B~DB0C,한글 문자,스,89 56,293,8A 4A,81 42,0x0778B | 0x0778C,Japanese Disk D original at direct table raw destination
977,DB0D~DB0E,한글 문자,의,89 8C,379,8A A1,97 44,0x0778D | 0x0778E,Japanese Disk D original at direct table raw destination
978,DB0F~DB10,전각 공백,␠,81 40,,81 40,8E 71,0x0778F | 0x07790,Japanese Disk D original at direct table raw destination
979,DB11~DB12,한글 문자,전,89 9D,401,8A B7,81 41,0x07791 | 0x07792,Japanese Disk D original at direct table raw destination
980,DB13~DB14,한글 문자,사,89 43,265,89 EB,83 94,0x07793 | 0x07794,Japanese Disk D original at direct table raw destination
981,DB15~DB16,전각 공백,␠,81 40,,81 40,83 40,0x07795 | 0x07796,Japanese Disk D original at direct table raw destination
982,DB17~DB18,한글 문자,유,89 86,371,8A 99,83 8A,0x07797 | 0x07798,Japanese Disk D original at direct table raw destination
983,DB19~DB1A,한글 문자,코,89 C5,470,8A FC,83 58,0x07799 | 0x0779A,Japanese Disk D original at direct table raw destination
984,DB1B~DB1C,한글 문자,여,89 72,335,8A 74,82 CC,0x0779B | 0x0779C,Japanese Disk D original at direct table raw destination
985,DB1D~DB1E,문장부호,、,81 41,,81 41,90 ED,0x0779D | 0x0779E,Japanese Disk D original at direct table raw destination
986,DB1F~DB20,한글 문자,연,89 73,337,8A 76,8E 6D,0x0779F | 0x077A0,Japanese Disk D original at direct table raw destination
987,DB21~DB22,한글 문자,약,8A 72,322,8A 67,82 E6,0x077A1 | 0x077A2,Japanese Disk D original at direct table raw destination
988,DB23~DB24,한글 문자,한,89 E4,523,8B 74,81 42,0x077A3 | 0x077A4,Japanese Disk D original at direct table raw destination
989,DB25~DB26,전각 공백,␠,81 40,,81 40,96 B3,0x077A5 | 0x077A6,Japanese Disk D original at direct table raw destination
990,DB27~DB28,한글 문자,계,82 B0,28,88 BA,97 CD,0x077A7 | 0x077A8,Japanese Disk D original at direct table raw destination
991,DB29~DB2A,한글 문자,집,89 B5,435,8A D9,82 C8,0x077A9 | 0x077AA,Japanese Disk D original at direct table raw destination
992,DB2B~DB2C,한글 문자,의,89 8C,379,8A A1,89 B3,0x077AB | 0x077AC,Japanese Disk D original at direct table raw destination
993,DB2D~DB2E,전각 공백,␠,81 40,,81 40,8F 97,0x077AD | 0x077AE,Japanese Disk D original at direct table raw destination
994,DB2F~DB30,한글 문자,몸,8A 6D,222,89 C0,82 CC,0x077AF | 0x077B0,Japanese Disk D original at direct table raw destination
995,DB31~DB32,한글 문자,부,88 FA,255,89 E1,82 A0,0x077B1 | 0x077B2,Japanese Disk D original at direct table raw destination
996,DB33~DB34,한글 문자,림,88 CF,198,89 A8,82 E7,0x077B3 | 0x077B4,Japanese Disk D original at direct table raw destination
997,DB35~DB36,한글 문자,만,88 D2,202,89 AC,82 AA,0x077B5 | 0x077B6,Japanese Disk D original at direct table raw destination
998,DB37~DB38,한글 문자,큼,8A 7E,476,8B 45,82 A2,0x077B7 | 0x077B8,Japanese Disk D original at direct table raw destination
999,DB39~DB3A,전각 공백,␠,81 40,,81 40,82 D9,0x077B9 | 0x077BA,Japanese Disk D original at direct table raw destination
1000,DB3B~DB3C,한글 문자,나,82 CE,74,88 E8,82 C7,0x077BB | 0x077BC,Japanese Disk D original at direct table raw destination
1002,DB3E~DB3F,한글 문자,를,88 CA,192,89 A2,41 82,0x077BE | 0x077BF,Japanese Disk D original at direct table raw destination
1003,DB40~DB41,전각 공백,␠,81 40,,81 40,B1 82,0x077C0 | 0x077C1,Japanese Disk D original at direct table raw destination
1004,DB42~DB43,한글 문자,자,89 93,391,8A AD,CC 8E,0x077C2 | 0x077C3,Japanese Disk D original at direct table raw destination
1005,DB44~DB45,한글 문자,극,82 BE,50,88 D0,63 94,0x077C4 | 0x077C5,Japanese Disk D original at direct table raw destination
1006,DB46~DB47,한글 문자,하,89 E2,521,8B 72,45 89,0x077C6 | 0x077C7,Japanese Disk D original at direct table raw destination
1007,DB48~DB49,한글 문자,는,82 E3,106,89 4B,A4 83,0x077C8 | 0x077C9,Japanese Disk D original at direct table raw destination
1008,DB4A~DB4B,전각 공백,␠,81 40,,81 40,81 83,0x077CA | 0x077CB,Japanese Disk D original at direct table raw destination
1009,DB4C~DB4D,한글 문자,것,82 AA,18,88 B0,4B 83,0x077CC | 0x077CD,Japanese Disk D original at direct table raw destination
1010,DB4E~DB4F,한글 문자,도,82 F1,125,89 5E,58 5A,0x077CE | 0x077CF,Japanese Disk D original at direct table raw destination
1011,DB50~DB51,전각 공백,␠,81 40,,81 40,82 F0,0x077D0 | 0x077D1,Japanese Disk D original at direct table raw destination
1012,DB52~DB53,한글 문자,없,89 6E,330,8A 6F,97 7E,0x077D2 | 0x077D3,Japanese Disk D original at direct table raw destination
1013,DB54~DB55,한글 문자,지,89 B3,430,8A D4,8F EE,0x077D4 | 0x077D5,Japanese Disk D original at direct table raw destination
1014,DB56~DB57,한글 문자,만,88 D2,202,89 AC,82 B3,0x077D6 | 0x077D7,Japanese Disk D original at direct table raw destination
1015,DB58~DB59,문장부호,、,81 41,,81 41,82 B9,0x077D8 | 0x077D9,Japanese Disk D original at direct table raw destination
1016,DB5A~DB5B,한글 문자,로,88 C5,183,89 99,82 E9,0x077DA | 0x077DB,Japanese Disk D original at direct table raw destination
1017,DB5C~DB5D,한글 문자,그,82 BD,49,88 CF,82 E0,0x077DC | 0x077DD,Japanese Disk D original at direct table raw destination
1018,DB5E~DB5F,한글 문자,레,88 C0,177,89 93,82 CC,0x077DE | 0x077DF,Japanese Disk D original at direct table raw destination
1019,DB60~DB61,한글 문자,스,89 56,293,8A 4A,82 CD,0x077E0 | 0x077E1,Japanese Disk D original at direct table raw destination
1020,DB62~DB63,전각 공백,␠,81 40,,81 40,82 C8,0x077E2 | 0x077E3,Japanese Disk D original at direct table raw destination
1021,DB64~DB65,한글 문자,잔,89 95,393,8A AF,82 A2,0x077E4 | 0x077E5,Japanese Disk D original at direct table raw destination
1022,DB66~DB67,한글 문자,당,82 EB,117,89 56,81 42,0x077E6 | 0x077E7,Japanese Disk D original at direct table raw destination
1023,DB68~DB69,전각 공백,␠,81 40,,81 40,82 BE,0x077E8 | 0x077E9,Japanese Disk D original at direct table raw destination
1024,DB6A~DB6B,한글 문자,놈,82 DD,97,89 42,82 AA,0x077EA | 0x077EB,Japanese Disk D original at direct table raw destination
1025,DB6C~DB6D,한글 문자,들,88 AA,144,89 71,81 41,0x077EC | 0x077ED,Japanese Disk D original at direct table raw destination
1026,DB6E~DB6F,한글 문자,이,89 8D,380,8A A2,83 8D,0x077EE | 0x077EF,Japanese Disk D original at direct table raw destination
1027,DB70~DB71,한글 문자,남,82 D1,77,88 EB,83 4F,0x077F0 | 0x077F1,Japanese Disk D original at direct table raw destination
1028,DB72~DB73,한글 문자,김,8A 62,58,88 D8,83 8C,0x077F2 | 0x077F3,Japanese Disk D original at direct table raw destination
1029,DB74~DB75,한글 문자,없,89 6E,330,8A 6F,83 58,0x077F4 | 0x077F5,Japanese Disk D original at direct table raw destination
1030,DB76~DB77,한글 문자,이,89 8D,380,8A A2,82 CC,0x077F6 | 0x077F7,Japanese Disk D original at direct table raw destination
1031,DB78~DB79,전각 공백,␠,81 40,,81 40,8E 63,0x077F8 | 0x077F9,Japanese Disk D original at direct table raw destination
1032,DB7A~DB7B,한글 문자,전,89 9D,401,8A B7,93 7D,0x077FA | 0x077FB,Japanese Disk D original at direct table raw destination
1033,DB7C~DB7D,한글 문자,멸,88 DD,216,89 BA,82 AA,0x077FC | 0x077FD,Japanese Disk D original at direct table raw destination
1034,DB7E~DB7F,한글 문자,한,89 E4,523,8B 74,82 D0,0x077FE | 0x077FF,Japanese Disk D original at direct table raw destination
1035,DB80~DB81,전각 공백,␠,81 40,,81 40,82 C6,0x07800 | 0x07801,Japanese Disk D original at direct table raw destination
1036,DB82~DB83,한글 문자,이,89 8D,380,8A A2,82 E8,0x07802 | 0x07803,Japanese Disk D original at direct table raw destination
1037,DB84~DB85,한글 문자,상,89 47,269,89 EF,8E 63,0x07804 | 0x07805,Japanese Disk D original at direct table raw destination
1039,DB87~DB88,문장부호,、,81 41,,81 41,E7 82,0x07807 | 0x07808,Japanese Disk D original at direct table raw destination
1040,DB89~DB8A,한글 문자,유,89 86,371,8A 99,B8 8E,0x07809 | 0x0780A,Japanese Disk D original at direct table raw destination
1041,DB8B~DB8C,한글 문자,희,89 F6,556,8B 96,80 82,0x0780B | 0x0780C,Japanese Disk D original at direct table raw destination
1042,DB8D~DB8E,한글 문자,도,82 F1,125,89 5E,C9 90,0x0780D | 0x0780E,Japanese Disk D original at direct table raw destination
1043,DB8F~DB90,전각 공백,␠,81 40,,81 40,E2 82,0x0780F | 0x07810,Japanese Disk D original at direct table raw destination
1044,DB91~DB92,한글 문자,여,89 72,335,8A 74,A6 82,0x07811 | 0x07812,Japanese Disk D original at direct table raw destination
1045,DB93~DB94,한글 문자,기,82 C1,55,88 D5,BD 8D,0x07813 | 0x07814,Japanese Disk D original at direct table raw destination
1046,DB95~DB96,한글 문자,까,82 C4,60,88 DA,A1 81,0x07815 | 0x07816,Japanese Disk D original at direct table raw destination
1047,DB97~DB98,한글 문자,지,89 B3,430,8A D4,41 5A,0x07817 | 0x07818,Japanese Disk D original at direct table raw destination
1048,DB99~DB9A,한글 문자,다,82 E7,111,89 50,97 56,0x07819 | 0x0781A,Japanese Disk D original at direct table raw destination
1049,DB9B~DB9C,문장부호,。,81 42,,81 42,82 D1,0x0781B | 0x0781C,Japanese Disk D original at direct table raw destination
1050,DB9D~DB9E,한글 문자,내,82 D3,79,88 ED,82 E0,0x0781D | 0x0781E,Japanese Disk D original at direct table raw destination
1051,DB9F~DBA0,전각 공백,␠,81 40,,81 40,8F 49,0x0781F | 0x07820,Japanese Disk D original at direct table raw destination
1052,DBA1~DBA2,한글 문자,죽,89 AB,419,8A C9,82 E8,0x07821 | 0x07822,Japanese Disk D original at direct table raw destination
1053,DBA3~DBA4,한글 문자,음,89 8B,377,8A 9F,82 BE,0x07823 | 0x07824,Japanese Disk D original at direct table raw destination
1054,DBA5~DBA6,한글 문자,의,89 8C,379,8A A1,81 42,0x07825 | 0x07826,Japanese Disk D original at direct table raw destination
1055,DBA7~DBA8,전각 공백,␠,81 40,,81 40,89 E4,0x07827 | 0x07828,Japanese Disk D original at direct table raw destination
1056,DBA9~DBAA,한글 문자,군,82 B9,43,88 C9,82 AA,0x07829 | 0x0782A,Japanese Disk D original at direct table raw destination
1057,DBAB~DBAC,한글 문자,단,82 E9,113,89 52,8E 80,0x0782B | 0x0782C,Japanese Disk D original at direct table raw destination
1058,DBAD~DBAE,한글 문자,의,89 8C,379,8A A1,82 CC,0x0782D | 0x0782E,Japanese Disk D original at direct table raw destination
1060,DBB0~DBB1,전각 공백,␠,81 40,,81 40,52 92,0x07830 | 0x07831,Japanese Disk D original at direct table raw destination
1061,DBB2~DBB3,한글 문자,세,89 4E,278,89 F8,63 82,0x07832 | 0x07833,Japanese Disk D original at direct table raw destination
1062,DBB4~DBB5,한글 문자,례,88 C4,182,89 98,CC 5A,0x07834 | 0x07835,Japanese Disk D original at direct table raw destination
1063,DBB6~DBB7,한글 문자,를,88 CA,192,89 A2,90 F4,0x07836 | 0x07837,Japanese Disk D original at direct table raw destination
1064,DBB8~DBB9,전각 공백,␠,81 40,,81 40,97 E7,0x07838 | 0x07839,Japanese Disk D original at direct table raw destination
1065,DBBA~DBBB,한글 문자,받,88 EB,237,89 CF,82 F0,0x0783A | 0x0783B,Japanese Disk D original at direct table raw destination
1066,DBBC~DBBD,한글 문자,거,82 A6,12,88 AA,8E F3,0x0783C | 0x0783D,Japanese Disk D original at direct table raw destination
1067,DBBE~DBBF,한글 문자,라,88 B6,159,89 81,82 AF,0x0783E | 0x0783F,Japanese Disk D original at direct table raw destination
1068,DBC0~DBC1,문장부호,。,81 42,,81 42,82 E9,0x07840 | 0x07841,Japanese Disk D original at direct table raw destination
1070,DBC3~DBC4,한글 문자,후,89 F5,551,8B 91,AA 82,0x07843 | 0x07844,Japanese Disk D original at direct table raw destination
1071,DBC5~DBC6,한글 문자,후,89 F5,551,8B 91,E6 82,0x07845 | 0x07846,Japanese Disk D original at direct table raw destination
1072,DBC7~DBC8,한글 문자,후,89 F5,551,8B 91,A2 81,0x07847 | 0x07848,Japanese Disk D original at direct table raw destination
1073,DBC9~DBCA,문장부호,・,81 45,,81 45,42 5A,0x07849 | 0x0784A,Japanese Disk D original at direct table raw destination
1074,DBCB~DBCC,문장부호,・,81 45,,81 45,83 74,0x0784B | 0x0784C,Japanese Disk D original at direct table raw destination
1075,DBCD~DBCE,문장부호,・,81 45,,81 45,83 74,0x0784D | 0x0784E,Japanese Disk D original at direct table raw destination
1076,DBCF~DBD0,전각 공백,␠,81 40,,81 40,83 74,0x0784F | 0x07850,Japanese Disk D original at direct table raw destination
1078,DBD2~DBD3,한글 문자,싸,89 5E,304,8A 55,45 81,0x07852 | 0x07853,Japanese Disk D original at direct table raw destination
1079,DBD4~DBD5,한글 문자,우,89 81,360,8A 8E,45 81,0x07854 | 0x07855,Japanese Disk D original at direct table raw destination
1080,DBD6~DBD7,한글 문자,기,82 C1,55,88 D5,45 81,0x07856 | 0x07857,Japanese Disk D original at direct table raw destination
1081,DBD8~DBD9,전각 공백,␠,81 40,,81 40,42 5A,0x07858 | 0x07859,Japanese Disk D original at direct table raw destination
1082,DBDA~DBDB,한글 문자,전,89 9D,401,8A B7,82 BE,0x0785A | 0x0785B,Japanese Disk D original at direct table raw destination
1083,DBDC~DBDD,한글 문자,에,89 70,333,8A 72,82 AA,0x0785C | 0x0785D,Japanese Disk D original at direct table raw destination
1084,DBDE~DBDF,전각 공백,␠,81 40,,81 40,81 41,0x0785E | 0x0785F,Japanese Disk D original at direct table raw destination
1085,DBE0~DBE1,한글 문자,재,89 9A,398,8A B4,90 ED,0x07860 | 0x07861,Japanese Disk D original at direct table raw destination
1086,DBE2~DBE3,한글 문자,미,88 E7,231,89 C9,82 A2,0x07862 | 0x07863,Japanese Disk D original at direct table raw destination
1088,DBE5~DBE6,한글 문자,있,89 92,389,8A AB,CC 91,0x07865 | 0x07866,Japanese Disk D original at direct table raw destination
1089,DBE7~DBE8,한글 문자,는,82 E3,106,89 4B,4F 82,0x07867 | 0x07868,Japanese Disk D original at direct table raw destination
1090,DBE9~DBEA,전각 공백,␠,81 40,,81 40,C9 82,0x07869 | 0x0786A,Japanese Disk D original at direct table raw destination
1091,DBEB~DBEC,한글 문자,사,89 43,265,89 EB,D0 82,0x0786B | 0x0786C,Japanese Disk D original at direct table raw destination
1092,DBED~DBEE,한글 문자,실,89 5C,300,8A 51,C6 82,0x0786D | 0x0786E,Japanese Disk D original at direct table raw destination
1093,DBEF~DBF0,전각 공백,␠,81 40,,81 40,C2 82,0x0786F | 0x07870,Japanese Disk D original at direct table raw destination
1094,DBF1~DBF2,한글 문자,하,89 E2,521,8B 72,A8 82,0x07871 | 0x07872,Japanese Disk D original at direct table raw destination
1095,DBF3~DBF4,한글 문자,나,82 CE,74,88 E8,E0 5A,0x07873 | 0x07874,Japanese Disk D original at direct table raw destination
1096,DBF5~DBF6,한글 문자,를,88 CA,192,89 A2,82 B5,0x07875 | 0x07876,Japanese Disk D original at direct table raw destination
1097,DBF7~DBF8,전각 공백,␠,81 40,,81 40,82 EB,0x07877 | 0x07878,Japanese Disk D original at direct table raw destination
1098,DBF9~DBFA,한글 문자,가,82 9F,1,88 9F,82 A2,0x07879 | 0x0787A,Japanese Disk D original at direct table raw destination
1099,DBFB~DBFC,한글 문자,르,88 C9,190,89 A0,82 B1,0x0787B | 0x0787C,Japanese Disk D original at direct table raw destination
1100,DBFD~DBFE,한글 문자,쳐,89 BC,454,8A EC,82 C6,0x0787D | 0x0787E,Japanese Disk D original at direct table raw destination
1101,DBFF~DC00,한글 문자,줄,89 AD,421,8A CB,82 F0,0x0787F | 0x07890,Japanese Disk D original at direct table raw destination
1102,DC01~DC02,전각 공백,␠,81 40,,81 40,8B B3,0x07891 | 0x07892,Japanese Disk D original at direct table raw destination
1103,DC03~DC04,한글 문자,테,8A 51,488,8B 51,82 A6,0x07893 | 0x07894,Japanese Disk D original at direct table raw destination
1104,DC05~DC06,한글 문자,니,82 E4,108,89 4D,82 C4,0x07895 | 0x07896,Japanese Disk D original at direct table raw destination
1105,DC07~DC08,문장부호,、,81 41,,81 41,82 E2,0x07897 | 0x07898,Japanese Disk D original at direct table raw destination
1106,DC09~DC0A,한글 문자,듣,8A 67,143,89 70,82 EB,0x07899 | 0x0789A,Japanese Disk D original at direct table raw destination
1107,DC0B~DC0C,한글 문자,고,82 B1,29,88 BB,82 A4,0x0789B | 0x0789C,Japanese Disk D original at direct table raw destination
1109,DC0E~DC0F,전각 공백,␠,81 40,,81 40,42 95,0x0789E | 0x0789F,Japanese Disk D original at direct table raw destination
1110,DC10~DC11,한글 문자,놀,8A 64,96,89 41,B7 82,0x078A0 | 0x078A1,Japanese Disk D original at direct table raw destination
1111,DC12~DC13,한글 문자,라,88 B6,159,89 81,A2 82,0x078A2 | 0x078A3,Japanese Disk D original at direct table raw destination
1112,DC14~DC15,한글 문자,지,89 B3,430,8A D4,C4 8B,0x078A4 | 0x078A5,Japanese Disk D original at direct table raw destination
1113,DC16~DC17,전각 공백,␠,81 40,,81 40,C1 82,0x078A6 | 0x078A7,Japanese Disk D original at direct table raw destination
1114,DC18~DC19,한글 문자,마,88 D1,200,89 AA,AD 82,0x078A8 | 0x078A9,Japanese Disk D original at direct table raw destination
1115,DC1A~DC1B,한글 문자,라,88 B6,159,89 81,C8 5A,0x078AA | 0x078AB,Japanese Disk D original at direct table raw destination
1116,DC1C~DC1D,문장부호,。,81 42,,81 42,81 41,0x078AC | 0x078AD,Japanese Disk D original at direct table raw destination
1117,DC1E~DC1F,한글 문자,바,88 E9,234,89 CC,83 94,0x078AE | 0x078AF,Japanese Disk D original at direct table raw destination
1118,DC20~DC21,한글 문자,리,88 CC,194,89 A4,83 40,0x078B0 | 0x078B1,Japanese Disk D original at direct table raw destination
1119,DC22~DC23,한글 문자,아,89 60,309,8A 5A,83 8A,0x078B2 | 0x078B3,Japanese Disk D original at direct table raw destination
1120,DC24~DC25,한글 문자,는,82 E3,106,89 4B,83 41,0x078B4 | 0x078B5,Japanese Disk D original at direct table raw destination
1121,DC26~DC27,한글 문자,이,89 8D,380,8A A2,82 CD,0x078B6 | 0x078B7,Japanese Disk D original at direct table raw destination
1122,DC28~DC29,한글 문자,제,89 A1,405,8A BB,82 E0,0x078B8 | 0x078B9,Japanese Disk D original at direct table raw destination
1123,DC2A~DC2B,전각 공백,␠,81 40,,81 40,82 A4,0x078BA | 0x078BB,Japanese Disk D original at direct table raw destination
1124,DC2C~DC2D,한글 문자,널,82 D7,87,88 F5,82 A8,0x078BC | 0x078BD,Japanese Disk D original at direct table raw destination
1125,DC2E~DC2F,전각 공백,␠,81 40,,81 40,82 DC,0x078BE | 0x078BF,Japanese Disk D original at direct table raw destination
1126,DC30~DC31,한글 문자,돕,8A 66,127,89 60,82 A6,0x078C0 | 0x078C1,Japanese Disk D original at direct table raw destination
1127,DC32~DC33,한글 문자,지,89 B3,430,8A D4,82 F0,0x078C2 | 0x078C3,Japanese Disk D original at direct table raw destination
1128,DC34~DC35,전각 공백,␠,81 40,,81 40,8F 95,0x078C4 | 0x078C5,Japanese Disk D original at direct table raw destination
1129,DC36~DC37,한글 문자,않,89 64,313,8A 5E,82 AF,0x078C6 | 0x078C7,Japanese Disk D original at direct table raw destination
1130,DC38~DC39,한글 문자,는,82 E3,106,89 4B,82 CD,0x078C8 | 0x078C9,Japanese Disk D original at direct table raw destination
1131,DC3A~DC3B,한글 문자,다,82 E7,111,89 50,82 B5,0x078CA | 0x078CB,Japanese Disk D original at direct table raw destination
1132,DC3C~DC3D,문장부호,。,81 42,,81 42,82 C8,0x078CC | 0x078CD,Japanese Disk D original at direct table raw destination
1133,DC3E~DC3F,한글 문자,그,82 BD,49,88 CF,82 A2,0x078CE | 0x078CF,Japanese Disk D original at direct table raw destination
1134,DC40~DC41,한글 문자,년,82 DB,93,88 FB,81 42,0x078D0 | 0x078D1,Japanese Disk D original at direct table raw destination
1135,DC42~DC43,한글 문자,은,89 89,375,8A 9D,83 94,0x078D2 | 0x078D3,Japanese Disk D original at direct table raw destination
1136,DC44~DC45,전각 공백,␠,81 40,,81 40,83 40,0x078D4 | 0x078D5,Japanese Disk D original at direct table raw destination
1137,DC46~DC47,한글 문자,이,89 8D,380,8A A2,83 8A,0x078D6 | 0x078D7,Japanese Disk D original at direct table raw destination
1138,DC48~DC49,한글 문자,미,88 E7,231,89 C9,83 41,0x078D8 | 0x078D9,Japanese Disk D original at direct table raw destination
1139,DC4A~DC4B,전각 공백,␠,81 40,,81 40,82 CD,0x078DA | 0x078DB,Japanese Disk D original at direct table raw destination
1140,DC4C~DC4D,한글 문자,널,82 D7,87,88 F5,82 B7,0x078DC | 0x078DD,Japanese Disk D original at direct table raw destination
1142,DC4F~DC50,전각 공백,␠,81 40,,81 40,C5 82,0x078DF | 0x078E0,Japanese Disk D original at direct table raw destination
1143,DC51~DC52,한글 문자,버,88 F0,242,89 D4,C9 82,0x078E1 | 0x078E2,Japanese Disk D original at direct table raw destination
1144,DC53~DC54,한글 문자,렸,88 C2,180,89 96,A8 82,0x078E3 | 0x078E4,Japanese Disk D original at direct table raw destination
1145,DC55~DC56,한글 문자,다,82 E7,111,89 50,DC 82,0x078E5 | 0x078E6,Japanese Disk D original at direct table raw destination
1146,DC57~DC58,문장부호,！,81 49,,81 49,A6 5A,0x078E7 | 0x078E8,Japanese Disk D original at direct table raw destination
1163,DC5D~DC5E,한글 문자,뭣,8A 45,229,89 C7,8E CC,0x078ED | 0x078EE,Japanese Disk D original at direct table raw destination
1164,DC5F~DC60,문장부호,！,81 49,,81 49,82 C4,0x078EF | 0x078F0,Japanese Disk D original at direct table raw destination
1165,DC61~DC62,문장부호,？,81 48,,81 48,82 BD,0x078F1 | 0x078F2,Japanese Disk D original at direct table raw destination
1167,DC65~DC66,전각 공백,␠,81 40,,81 40,82 BE,0x078F5 | 0x078F6,Japanese Disk D original at direct table raw destination
1168,DC67~DC68,한글 문자,바,88 E9,234,89 CC,81 49,0x078F7 | 0x078F8,Japanese Disk D original at direct table raw destination
1169,DC69~DC6A,한글 문자,리,88 CC,194,89 A4,16 6B,0x078F9 | 0x078FA,Japanese Disk D original at direct table raw destination
1170,DC6B~DC6C,한글 문자,아,89 60,309,8A 5A,E3 41,0x078FB | 0x078FC,Japanese Disk D original at direct table raw destination
1171,DC6D~DC6E,한글 문자,님,82 E6,110,89 4F,82 A6,0x078FD | 0x078FE,Japanese Disk D original at direct table raw destination
1172,DC6F~DC70,한글 문자,이,89 8D,380,8A A2,81 49,0x078FF | 0x07900,Japanese Disk D original at direct table raw destination
1173,DC71~DC72,전각 공백,␠,81 40,,81 40,81 48,0x07901 | 0x07902,Japanese Disk D original at direct table raw destination
1174,DC73~DC74,한글 문자,날,82 D0,76,88 EA,01 0B,0x07903 | 0x07904,Japanese Disk D original at direct table raw destination
1175,DC75~DC76,전각 공백,␠,81 40,,81 40,81 40,0x07905 | 0x07906,Japanese Disk D original at direct table raw destination
1176,DC77~DC78,한글 문자,버,88 F0,242,89 D4,83 94,0x07907 | 0x07908,Japanese Disk D original at direct table raw destination
1177,DC79~DC7A,한글 문자,렸,88 C2,180,89 96,83 40,0x07909 | 0x0790A,Japanese Disk D original at direct table raw destination
1178,DC7B~DC7C,한글 문자,다,82 E7,111,89 50,83 8A,0x0790B | 0x0790C,Japanese Disk D original at direct table raw destination
1179,DC7D~DC7E,한글 문자,고,82 B1,29,88 BB,83 41,0x0790D | 0x0790E,Japanese Disk D original at direct table raw destination
1180,DC7F~DC80,문장부호,！,81 49,,81 49,97 6C,0x0790F | 0x07910,Japanese Disk D original at direct table raw destination
1181,DC81~DC82,문장부호,？,81 48,,81 48,82 AA,0x07911 | 0x07912,Japanese Disk D original at direct table raw destination
1182,DC83~DC84,한글 문자,거,82 A6,12,88 AA,83 8F,0x07913 | 0x07914,Japanese Disk D original at direct table raw destination
1183,DC85~DC86,한글 문자,짓,8A 7B,436,8A DA,83 5E,0x07915 | 0x07916,Japanese Disk D original at direct table raw destination
1184,DC87~DC88,한글 문자,말,88 D3,203,89 AD,83 56,0x07917 | 0x07918,Japanese Disk D original at direct table raw destination
1185,DC89~DC8A,전각 공백,␠,81 40,,81 40,82 F0,0x07919 | 0x0791A,Japanese Disk D original at direct table raw destination
1186,DC8B~DC8C,한글 문자,마,88 D1,200,89 AA,8C A9,0x0791B | 0x0791C,Japanese Disk D original at direct table raw destination
1187,DC8D~DC8E,문장부호,！,81 49,,81 49,8E CC,0x0791D | 0x0791E,Japanese Disk D original at direct table raw destination
1188,DC8F~DC90,전각 공백,␠,81 40,,81 40,82 C4,0x0791F | 0x07920,Japanese Disk D original at direct table raw destination
1189,DC91~DC92,한글 문자,네,82 D9,90,88 F8,82 BD,0x07921 | 0x07922,Japanese Disk D original at direct table raw destination
1190,DC93~DC94,한글 문자,놈,82 DD,97,89 42,81 49,0x07923 | 0x07924,Japanese Disk D original at direct table raw destination
1191,DC95~DC96,한글 문자,들,88 AA,144,89 71,81 48,0x07925 | 0x07926,Japanese Disk D original at direct table raw destination
1192,DC97~DC98,한글 문자,이,89 8D,380,8A A2,81 40,0x07927 | 0x07928,Japanese Disk D original at direct table raw destination
1193,DC99~DC9A,전각 공백,␠,81 40,,81 40,83 45,0x07929 | 0x0792A,Japanese Disk D original at direct table raw destination
1194,DC9B~DC9C,한글 문자,무,88 E3,224,89 C2,83 5C,0x0792B | 0x0792C,Japanese Disk D original at direct table raw destination
1195,DC9D~DC9E,한글 문자,슨,89 57,294,8A 4B,81 49,0x0792D | 0x0792E,Japanese Disk D original at direct table raw destination
1196,DC9F~DCA0,전각 공백,␠,81 40,,81 40,81 40,0x0792F | 0x07930,Japanese Disk D original at direct table raw destination
1197,DCA1~DCA2,한글 문자,수,89 54,288,8A 45,82 A0,0x07931 | 0x07932,Japanese Disk D original at direct table raw destination
1198,DCA3~DCA4,한글 문자,작,89 94,392,8A AE,82 C8,0x07933 | 0x07934,Japanese Disk D original at direct table raw destination
1199,DCA5~DCA6,한글 문자,을,89 8A,376,8A 9E,82 BD,0x07935 | 0x07936,Japanese Disk D original at direct table raw destination
1200,DCA7~DCA8,한글 문자,부,88 FA,255,89 E1,82 BD,0x07937 | 0x07938,Japanese Disk D original at direct table raw destination
1201,DCA9~DCAA,한글 문자,리,88 CC,194,89 A4,82 BF,0x07939 | 0x0793A,Japanese Disk D original at direct table raw destination
1202,DCAB~DCAC,한글 문자,는,82 E3,106,89 4B,82 CC,0x0793B | 0x0793C,Japanese Disk D original at direct table raw destination
1203,DCAD~DCAE,한글 문자,지,89 B3,430,8A D4,82 E2,0x0793D | 0x0793E,Japanese Disk D original at direct table raw destination
1204,DCAF~DCB0,전각 공백,␠,81 40,,81 40,82 E8,0x0793F | 0x07940,Japanese Disk D original at direct table raw destination
1205,DCB1~DCB2,한글 문자,다,82 E7,111,89 50,8C FB,0x07941 | 0x07942,Japanese Disk D original at direct table raw destination
1206,DCB3~DCB4,전각 공백,␠,81 40,,81 40,82 CD,0x07943 | 0x07944,Japanese Disk D original at direct table raw destination
1207,DCB5~DCB6,한글 문자,알,89 65,314,8A 5F,95 AA,0x07945 | 0x07946,Japanese Disk D original at direct table raw destination
1208,DCB7~DCB8,한글 문자,고,82 B1,29,88 BB,82 C1,0x07947 | 0x07948,Japanese Disk D original at direct table raw destination
1209,DCB9~DCBA,전각 공백,␠,81 40,,81 40,82 C4,0x07949 | 0x0794A,Japanese Disk D original at direct table raw destination
1210,DCBB~DCBC,한글 문자,있,89 92,389,8A AB,82 A2,0x0794B | 0x0794C,Japanese Disk D original at direct table raw destination
1211,DCBD~DCBE,한글 문자,어,89 6C,325,8A 6A,82 E9,0x0794D | 0x0794E,Japanese Disk D original at direct table raw destination
1212,DCBF~DCC0,문장부호,！,81 49,,81 49,82 ED,0x0794F | 0x07950,Japanese Disk D original at direct table raw destination
1213,DCC1~DCC2,전각 공백,␠,81 40,,81 40,81 49,0x07951 | 0x07952,Japanese Disk D original at direct table raw destination
1214,DCC3~DCC4,한글 문자,그,82 BD,49,88 CF,81 40,0x07953 | 0x07954,Japanese Disk D original at direct table raw destination
1215,DCC5~DCC6,한글 문자,딴,8A 69,148,89 75,82 BB,0x07955 | 0x07956,Japanese Disk D original at direct table raw destination
1216,DCC7~DCC8,전각 공백,␠,81 40,,81 40,82 A4,0x07957 | 0x07958,Japanese Disk D original at direct table raw destination
1217,DCC9~DCCA,한글 문자,말,88 D3,203,89 AD,82 E2,0x07959 | 0x0795A,Japanese Disk D original at direct table raw destination
1218,DCCB~DCCC,한글 문자,로,88 C5,183,89 99,82 C1,0x0795B | 0x0795C,Japanese Disk D original at direct table raw destination
1219,DCCD~DCCE,전각 공백,␠,81 40,,81 40,82 C4,0x0795D | 0x0795E,Japanese Disk D original at direct table raw destination
1220,DCCF~DCD0,한글 문자,나,82 CE,74,88 E8,8B 5E,0x0795F | 0x07960,Japanese Disk D original at direct table raw destination
1222,DCD3~DCD4,한글 문자,를,88 CA,192,89 A2,82 F0,0x07963 | 0x07964,Japanese Disk D original at direct table raw destination
1223,DCD5~DCD6,전각 공백,␠,81 40,,81 40,97 5E,0x07965 | 0x07966,Japanese Disk D original at direct table raw destination
1224,DCD7~DCD8,한글 문자,동,88 A0,128,89 61,82 A6,0x07967 | 0x07968,Japanese Disk D original at direct table raw destination
1225,DCD9~DCDA,한글 문자,요,89 80,356,8A 8A,82 C4,0x07969 | 0x0796A,Japanese Disk D original at direct table raw destination
1226,DCDB~DCDC,한글 문자,시,89 5A,298,8A 4F,81 41,0x0796B | 0x0796C,Japanese Disk D original at direct table raw destination
1227,DCDD~DCDE,한글 문자,키,89 C9,477,8B 46,83 8F,0x0796D | 0x0796E,Japanese Disk D original at direct table raw destination
1228,DCDF~DCE0,한글 문자,려,88 C1,178,89 94,83 5E,0x0796F | 0x07970,Japanese Disk D original at direct table raw destination
1229,DCE1~DCE2,한글 문자,고,82 B1,29,88 BB,83 56,0x07971 | 0x07972,Japanese Disk D original at direct table raw destination
1230,DCE3~DCE4,전각 공백,␠,81 40,,81 40,01 0C,0x07973 | 0x07974,Japanese Disk D original at direct table raw destination
1231,DCE5~DCE6,한글 문자,해,89 E8,528,8B 79,82 F0,0x07975 | 0x07976,Japanese Disk D original at direct table raw destination
1232,DCE7~DCE8,한글 문자,도,82 F1,125,89 5E,93 AE,0x07977 | 0x07978,Japanese Disk D original at direct table raw destination
1233,DCE9~DCEA,전각 공백,␠,81 40,,81 40,97 68,0x07979 | 0x0797A,Japanese Disk D original at direct table raw destination
1234,DCEB~DCEC,한글 문자,소,89 50,283,8A 40,82 B3,0x0797B | 0x0797C,Japanese Disk D original at direct table raw destination
1235,DCED~DCEE,한글 문자,용,8A 77,359,8A 8D,82 B9,0x0797D | 0x0797E,Japanese Disk D original at direct table raw destination
1236,DCEF~DCF0,한글 문자,없,89 6E,330,8A 6F,82 E6,0x0797F | 0x07980,Japanese Disk D original at direct table raw destination
1237,DCF1~DCF2,한글 문자,어,89 6C,325,8A 6A,82 A4,0x07981 | 0x07982,Japanese Disk D original at direct table raw destination
1238,DCF3~DCF4,문장부호,！,81 49,,81 49,82 C6,0x07983 | 0x07984,Japanese Disk D original at direct table raw destination
1250,DCF9~DCFA,한글 문자,흐,8A 83,554,8B 94,82 E0,0x07989 | 0x0798A,Japanese Disk D original at direct table raw destination
1251,DCFB~DCFC,한글 문자,흐,8A 83,554,8B 94,83 80,0x0798B | 0x0798C,Japanese Disk D original at direct table raw destination
1252,DCFD~DCFE,문장부호,、,81 41,,81 41,83 5F,0x0798D | 0x0798E,Japanese Disk D original at direct table raw destination
1254,DD00~DD01,한글 문자,영,8A 75,342,8A 7B,BE 82,0x07990 | 0x07991,Japanese Disk D original at direct table raw destination
1255,DD02~DD03,한글 문자,리,88 CC,194,89 A4,ED 81,0x07992 | 0x07993,Japanese Disk D original at direct table raw destination
1256,DD04~DD05,한글 문자,한,89 E4,523,8B 74,49 61,0x07994 | 0x07995,Japanese Disk D original at direct table raw destination
1257,DD06~DD07,전각 공백,␠,81 40,,81 40,16 4B,0x07996 | 0x07997,Japanese Disk D original at direct table raw destination
1258,DD08~DD09,한글 문자,계,82 B0,28,88 BA,E3 82,0x07998 | 0x07999,Japanese Disk D original at direct table raw destination
1259,DD0A~DD0B,한글 문자,집,89 B5,435,8A D9,D9 82,0x0799A | 0x0799B,Japanese Disk D original at direct table raw destination
1260,DD0C~DD0D,한글 문자,이,89 8D,380,8A A2,D9 82,0x0799C | 0x0799D,Japanese Disk D original at direct table raw destination
1261,DD0E~DD0F,한글 문자,구,82 B7,41,88 C7,A4 81,0x0799E | 0x0799F,Japanese Disk D original at direct table raw destination
1262,DD10~DD11,한글 문자,나,82 CE,74,88 E8,41 5A,0x079A0 | 0x079A1,Japanese Disk D original at direct table raw destination
1263,DD12~DD13,문장부호,。,81 42,,81 42,8C AB,0x079A2 | 0x079A3,Japanese Disk D original at direct table raw destination
1264,DD14~DD15,한글 문자,그,82 BD,49,88 CF,82 A2,0x079A4 | 0x079A5,Japanese Disk D original at direct table raw destination
1265,DD16~DD17,한글 문자,렇,8A 6C,176,89 92,96 BA,0x079A6 | 0x079A7,Japanese Disk D original at direct table raw destination
1266,DD18~DD19,한글 문자,다,82 E7,111,89 50,82 BE,0x079A8 | 0x079A9,Japanese Disk D original at direct table raw destination
1267,DD1A~DD1B,한글 문자,면,88 DC,215,89 B9,81 42,0x079AA | 0x079AB,Japanese Disk D original at direct table raw destination
1268,DD1C~DD1D,전각 공백,␠,81 40,,81 40,82 C5,0x079AC | 0x079AD,Japanese Disk D original at direct table raw destination
1269,DD1E~DD1F,한글 문자,그,82 BD,49,88 CF,82 CD,0x079AE | 0x079AF,Japanese Disk D original at direct table raw destination
1270,DD20~DD21,전각 공백,␠,81 40,,81 40,81 41,0x079B0 | 0x079B1,Japanese Disk D original at direct table raw destination
1271,DD22~DD23,한글 문자,똑,88 B2,154,89 7B,82 BB,0x079B2 | 0x079B3,Japanese Disk D original at direct table raw destination
1272,DD24~DD25,한글 문자,똑,88 B2,154,89 7B,82 CC,0x079B4 | 0x079B5,Japanese Disk D original at direct table raw destination
1273,DD26~DD27,한글 문자,한,89 E4,523,8B 74,8C AB,0x079B6 | 0x079B7,Japanese Disk D original at direct table raw destination
1274,DD28~DD29,전각 공백,␠,81 40,,81 40,82 A2,0x079B8 | 0x079B9,Japanese Disk D original at direct table raw destination
1275,DD2A~DD2B,한글 문자,머,88 D8,209,89 B3,93 AA,0x079BA | 0x079BB,Japanese Disk D original at direct table raw destination
1276,DD2C~DD2D,한글 문자,리,88 CC,194,89 A4,82 C5,0x079BC | 0x079BD,Japanese Disk D original at direct table raw destination
1277,DD2E~DD2F,한글 문자,로,88 C5,183,89 99,8D 6C,0x079BE | 0x079BF,Japanese Disk D original at direct table raw destination
1278,DD30~DD31,전각 공백,␠,81 40,,81 40,82 A6,0x079C0 | 0x079C1,Japanese Disk D original at direct table raw destination
1279,DD32~DD33,한글 문자,한,89 E4,523,8B 74,82 C4,0x079C2 | 0x079C3,Japanese Disk D original at direct table raw destination
1280,DD34~DD35,한글 문자,번,88 F1,243,89 D5,82 DD,0x079C4 | 0x079C5,Japanese Disk D original at direct table raw destination
1281,DD36~DD37,전각 공백,␠,81 40,,81 40,82 E9,0x079C6 | 0x079C7,Japanese Disk D original at direct table raw destination
1282,DD38~DD39,한글 문자,생,89 48,271,89 F1,82 AA,0x079C8 | 0x079C9,Japanese Disk D original at direct table raw destination
1283,DD3A~DD3B,한글 문자,각,82 A0,2,88 A0,82 A2,0x079CA | 0x079CB,Japanese Disk D original at direct table raw destination
1284,DD3C~DD3D,한글 문자,해,89 E8,528,8B 79,82 A2,0x079CC | 0x079CD,Japanese Disk D original at direct table raw destination
1285,DD3E~DD3F,한글 문자,봐,88 F9,254,89 E0,81 41,0x079CE | 0x079CF,Japanese Disk D original at direct table raw destination
1286,DD40~DD41,한글 문자,라,88 B6,159,89 81,82 C7,0x079D0 | 0x079D1,Japanese Disk D original at direct table raw destination
1287,DD42~DD43,문장부호,、,81 41,,81 41,82 A4,0x079D2 | 0x079D3,Japanese Disk D original at direct table raw destination
1288,DD44~DD45,한글 문자,바,88 E9,234,89 CC,82 B5,0x079D4 | 0x079D5,Japanese Disk D original at direct table raw destination
1289,DD46~DD47,한글 문자,리,88 CC,194,89 A4,82 C4,0x079D6 | 0x079D7,Japanese Disk D original at direct table raw destination
1290,DD48~DD49,한글 문자,아,89 60,309,8A 5A,83 94,0x079D8 | 0x079D9,Japanese Disk D original at direct table raw destination
1291,DD4A~DD4B,한글 문자,가,82 9F,1,88 9F,83 40,0x079DA | 0x079DB,Japanese Disk D original at direct table raw destination
1292,DD4C~DD4D,전각 공백,␠,81 40,,81 40,83 8A,0x079DC | 0x079DD,Japanese Disk D original at direct table raw destination
1293,DD4E~DD4F,한글 문자,왜,89 7D,353,8A 87,83 41,0x079DE | 0x079DF,Japanese Disk D original at direct table raw destination
1294,DD50~DD51,전각 공백,␠,81 40,,81 40,82 CD,0x079E0 | 0x079E1,Japanese Disk D original at direct table raw destination
1295,DD52~DD53,한글 문자,아,89 60,309,8A 5A,82 A8,0x079E2 | 0x079E3,Japanese Disk D original at direct table raw destination
1296,DD54~DD55,한글 문자,무,88 E3,224,89 C2,82 DC,0x079E4 | 0x079E5,Japanese Disk D original at direct table raw destination
1297,DD56~DD57,한글 문자,리,88 CC,194,89 A4,82 A6,0x079E6 | 0x079E7,Japanese Disk D original at direct table raw destination
1298,DD58~DD59,전각 공백,␠,81 40,,81 40,82 CC,0x079E8 | 0x079E9,Japanese Disk D original at direct table raw destination
1299,DD5A~DD5B,한글 문자,불,88 FC,257,89 E3,8C C4,0x079EA | 0x079EB,Japanese Disk D original at direct table raw destination
1300,DD5C~DD5D,한글 문자,러,88 BB,170,89 8C,82 D1,0x079EC | 0x079ED,Japanese Disk D original at direct table raw destination
1301,DD5E~DD5F,한글 문자,도,82 F1,125,89 5E,82 A9,0x079EE | 0x079EF,Japanese Disk D original at direct table raw destination
1302,DD60~DD61,전각 공백,␠,81 40,,81 40,82 AF,0x079F0 | 0x079F1,Japanese Disk D original at direct table raw destination
1303,DD62~DD63,한글 문자,대,82 EC,118,89 57,82 C9,0x079F2 | 0x079F3,Japanese Disk D original at direct table raw destination
1304,DD64~DD65,한글 문자,답,8A 41,116,89 55,93 9A,0x079F4 | 0x079F5,Japanese Disk D original at direct table raw destination
1306,DD67~DD68,한글 문자,하,89 E2,521,8B 72,A6 5A,0x079F7 | 0x079F8,Japanese Disk D original at direct table raw destination
1307,DD69~DD6A,한글 문자,지,89 B3,430,8A D4,82 C8,0x079F9 | 0x079FA,Japanese Disk D original at direct table raw destination
1308,DD6B~DD6C,전각 공백,␠,81 40,,81 40,82 A2,0x079FB | 0x079FC,Japanese Disk D original at direct table raw destination
1309,DD6D~DD6E,한글 문자,않,89 64,313,8A 5E,82 CC,0x079FD | 0x079FE,Japanese Disk D original at direct table raw destination
1310,DD6F~DD70,한글 문자,는,82 E3,106,89 4B,82 BE,0x079FF | 0x07A00,Japanese Disk D original at direct table raw destination
1311,DD71~DD72,전각 공백,␠,81 40,,81 40,81 48,0x07A01 | 0x07A02,Japanese Disk D original at direct table raw destination
1312,DD73~DD74,한글 문자,거,82 A6,12,88 AA,81 40,0x07A03 | 0x07A04,Japanese Disk D original at direct table raw destination
1313,DD75~DD76,한글 문자,지,89 B3,430,8A D4,82 A8,0x07A05 | 0x07A06,Japanese Disk D original at direct table raw destination
1314,DD77~DD78,문장부호,？,81 48,,81 48,82 DC,0x07A07 | 0x07A08,Japanese Disk D original at direct table raw destination
1315,DD79~DD7A,전각 공백,␠,81 40,,81 40,82 A6,0x07A09 | 0x07A0A,Japanese Disk D original at direct table raw destination
1316,DD7B~DD7C,한글 문자,네,82 D9,90,88 F8,82 AA,0x07A0B | 0x07A0C,Japanese Disk D original at direct table raw destination
1317,DD7D~DD7E,한글 문자,가,82 9F,1,88 9F,8D A2,0x07A0D | 0x07A0E,Japanese Disk D original at direct table raw destination
1318,DD7F~DD80,한글 문자,이,89 8D,380,8A A2,82 C1,0x07A0F | 0x07A10,Japanese Disk D original at direct table raw destination
1319,DD81~DD82,한글 문자,렇,8A 6C,176,89 92,82 C4,0x07A11 | 0x07A12,Japanese Disk D original at direct table raw destination
1320,DD83~DD84,한글 문자,게,82 AB,19,88 B1,82 A2,0x07A13 | 0x07A14,Japanese Disk D original at direct table raw destination
1321,DD85~DD86,전각 공백,␠,81 40,,81 40,82 E9,0x07A15 | 0x07A16,Japanese Disk D original at direct table raw destination
1322,DD87~DD88,한글 문자,곤,8A 60,31,88 BD,82 C6,0x07A17 | 0x07A18,Japanese Disk D original at direct table raw destination
1323,DD89~DD8A,한글 문자,경,82 AF,26,88 B8,82 A2,0x07A19 | 0x07A1A,Japanese Disk D original at direct table raw destination
1324,DD8B~DD8C,한글 문자,에,89 70,333,8A 72,82 A4,0x07A1B | 0x07A1C,Japanese Disk D original at direct table raw destination
1325,DD8D~DD8E,전각 공백,␠,81 40,,81 40,82 CC,0x07A1D | 0x07A1E,Japanese Disk D original at direct table raw destination
1326,DD8F~DD90,한글 문자,처,89 BA,449,8A E7,82 C9,0x07A1F | 0x07A20,Japanese Disk D original at direct table raw destination
1327,DD91~DD92,한글 문자,했,89 E9,529,8B 7A,5A 81,0x07A21 | 0x07A22,Japanese Disk D original at direct table raw destination
1328,DD93~DD94,한글 문자,는,82 E3,106,89 4B,41 82,0x07A23 | 0x07A24,Japanese Disk D original at direct table raw destination
1329,DD95~DD96,한글 문자,데,82 F0,124,89 5D,C7 82,0x07A25 | 0x07A26,Japanese Disk D original at direct table raw destination
1330,DD97~DD98,한글 문자,도,82 F1,125,89 5E,A4 82,0x07A27 | 0x07A28,Japanese Disk D original at direct table raw destination
1332,DD9A~DD9B,문장부호,、,81 41,,81 41,82 C4,0x07A2A | 0x07A2B,Japanese Disk D original at direct table raw destination
1333,DD9C~DD9D,한글 문자,왜,89 7D,353,8A 87,8E E8,0x07A2C | 0x07A2D,Japanese Disk D original at direct table raw destination
1334,DD9E~DD9F,전각 공백,␠,81 40,,81 40,82 F0,0x07A2E | 0x07A2F,Japanese Disk D original at direct table raw destination
1335,DDA0~DDA1,한글 문자,도,82 F1,125,89 5E,91 DD,0x07A30 | 0x07A31,Japanese Disk D original at direct table raw destination
1336,DDA2~DDA3,한글 문자,우,89 81,360,8A 8E,82 BB,0x07A32 | 0x07A33,Japanese Disk D original at direct table raw destination
1337,DDA4~DDA5,한글 문자,려,88 C1,178,89 94,82 A4,0x07A34 | 0x07A35,Japanese Disk D original at direct table raw destination
1338,DDA6~DDA7,전각 공백,␠,81 40,,81 40,82 C6,0x07A36 | 0x07A37,Japanese Disk D original at direct table raw destination
1339,DDA8~DDA9,한글 문자,하,89 E2,521,8B 72,82 E0,0x07A38 | 0x07A39,Japanese Disk D original at direct table raw destination
1340,DDAA~DDAB,한글 문자,지,89 B3,430,8A D4,82 B5,0x07A3A | 0x07A3B,Japanese Disk D original at direct table raw destination
1341,DDAC~DDAD,한글 문자,않,89 64,313,8A 5E,82 C8,0x07A3C | 0x07A3D,Japanese Disk D original at direct table raw destination
1342,DDAE~DDAF,한글 문자,는,82 E3,106,89 4B,82 A2,0x07A3E | 0x07A3F,Japanese Disk D original at direct table raw destination
1343,DDB0~DDB1,전각 공백,␠,81 40,,81 40,82 CC,0x07A40 | 0x07A41,Japanese Disk D original at direct table raw destination
1344,DDB2~DDB3,한글 문자,거,82 A6,12,88 AA,82 BE,0x07A42 | 0x07A43,Japanese Disk D original at direct table raw destination
1345,DDB4~DDB5,한글 문자,냐,82 D5,82,88 F0,81 48,0x07A44 | 0x07A45,Japanese Disk D original at direct table raw destination
1346,DDB6~DDB7,문장부호,？,81 48,,81 48,5A 81,0x07A46 | 0x07A47,Japanese Disk D original at direct table raw destination
1348,DDB9~DDBA,전각 공백,␠,81 40,,81 40,82 B1,0x07A49 | 0x07A4A,Japanese Disk D original at direct table raw destination
1349,DDBB~DDBC,한글 문자,이,89 8D,380,8A A2,82 EA,0x07A4B | 0x07A4C,Japanese Disk D original at direct table raw destination
1350,DDBD~DDBE,한글 문자,래,88 B9,166,89 88,82 E7,0x07A4D | 0x07A4E,Japanese Disk D original at direct table raw destination
1351,DDBF~DDC0,한글 문자,도,82 F1,125,89 5E,82 B7,0x07A4F | 0x07A50,Japanese Disk D original at direct table raw destination
1352,DDC1~DDC2,전각 공백,␠,81 40,,81 40,82 D7,0x07A51 | 0x07A52,Japanese Disk D original at direct table raw destination
1353,DDC3~DDC4,한글 문자,바,88 E9,234,89 CC,82 C4,0x07A53 | 0x07A54,Japanese Disk D original at direct table raw destination
1354,DDC5~DDC6,한글 문자,리,88 CC,194,89 A4,81 41,0x07A55 | 0x07A56,Japanese Disk D original at direct table raw destination
1355,DDC7~DDC8,한글 문자,아,89 60,309,8A 5A,83 94,0x07A57 | 0x07A58,Japanese Disk D original at direct table raw destination
1356,DDC9~DDCA,한글 문자,가,82 9F,1,88 9F,83 40,0x07A59 | 0x07A5A,Japanese Disk D original at direct table raw destination
1357,DDCB~DDCC,전각 공백,␠,81 40,,81 40,83 8A,0x07A5B | 0x07A5C,Japanese Disk D original at direct table raw destination
1358,DDCD~DDCE,한글 문자,널,82 D7,87,88 F5,83 41,0x07A5D | 0x07A5E,Japanese Disk D original at direct table raw destination
1359,DDCF~DDD0,전각 공백,␠,81 40,,81 40,82 AA,0x07A5F | 0x07A60,Japanese Disk D original at direct table raw destination
1360,DDD1~DDD2,한글 문자,버,88 F0,242,89 D4,82 A8,0x07A61 | 0x07A62,Japanese Disk D original at direct table raw destination
1361,DDD3~DDD4,한글 문자,린,88 CD,196,89 A6,82 DC,0x07A63 | 0x07A64,Japanese Disk D original at direct table raw destination
1362,DDD5~DDD6,전각 공백,␠,81 40,,81 40,82 A6,0x07A65 | 0x07A66,Japanese Disk D original at direct table raw destination
1363,DDD7~DDD8,한글 문자,게,82 AB,19,88 B1,82 F0,0x07A67 | 0x07A68,Japanese Disk D original at direct table raw destination
1365,DDDA~DDDB,한글 문자,아,89 60,309,8A 5A,A9 8E,0x07A6A | 0x07A6B,Japanese Disk D original at direct table raw destination
1366,DDDC~DDDD,한글 문자,니,82 E4,108,89 4D,CC 82,0x07A6C | 0x07A6D,Japanese Disk D original at direct table raw destination
1367,DDDE~DDDF,한글 문자,라,88 B6,159,89 81,C4 82,0x07A6E | 0x07A6F,Japanese Disk D original at direct table raw destination
1368,DDE0~DDE1,전각 공백,␠,81 40,,81 40,BD 8F,0x07A70 | 0x07A71,Japanese Disk D original at direct table raw destination
1369,DDE2~DDE3,한글 문자,할,89 E5,524,8B 75,D8 8B,0x07A72 | 0x07A73,Japanese Disk D original at direct table raw destination
1370,DDE4~DDE5,전각 공백,␠,81 40,,81 40,92 82,0x07A74 | 0x07A75,Japanese Disk D original at direct table raw destination
1371,DDE6~DDE7,한글 문자,셈,8A 6F,279,89 F9,C5 82,0x07A76 | 0x07A77,Japanese Disk D original at direct table raw destination
1372,DDE8~DDE9,한글 문자,이,89 8D,380,8A A2,CD 5A,0x07A78 | 0x07A79,Japanese Disk D original at direct table raw destination
1373,DDEA~DDEB,한글 문자,냐,82 D5,82,88 F0,82 C8,0x07A7A | 0x07A7B,Japanese Disk D original at direct table raw destination
1374,DDEC~DDED,문장부호,？,81 48,,81 48,82 A2,0x07A7C | 0x07A7D,Japanese Disk D original at direct table raw destination
1392,DDF3~DDF4,한글 문자,그,82 BD,49,88 CF,48 16,0x07A83 | 0x07A84,Japanese Disk D original at direct table raw destination
1393,DDF5~DDF6,문장부호,・,81 45,,81 45,6B E3,0x07A85 | 0x07A86,Japanese Disk D original at direct table raw destination
1394,DDF7~DDF8,문장부호,・,81 45,,81 45,42 43,0x07A87 | 0x07A88,Japanese Disk D original at direct table raw destination
1395,DDF9~DDFA,문장부호,・,81 45,,81 45,82 BB,0x07A89 | 0x07A8A,Japanese Disk D original at direct table raw destination
1396,DDFB~DDFC,전각 공백,␠,81 40,,81 40,82 EA,0x07A8B | 0x07A8C,Japanese Disk D original at direct table raw destination
1397,DDFD~DDFE,한글 문자,그,82 BD,49,88 CF,82 CD,0x07A8D | 0x07A8E,Japanese Disk D original at direct table raw destination
1398,DDFF~DE00,한글 문자,건,82 A7,14,88 AC,81 45,0x07A8F | 0x07A90,Japanese Disk D original at direct table raw destination
1399,DE01~DE02,문장부호,・,81 45,,81 45,81 45,0x07A91 | 0x07A92,Japanese Disk D original at direct table raw destination
1400,DE03~DE04,문장부호,・,81 45,,81 45,81 45,0x07A93 | 0x07A94,Japanese Disk D original at direct table raw destination
1401,DE05~DE06,문장부호,・,81 45,,81 45,82 BB,0x07A95 | 0x07A96,Japanese Disk D original at direct table raw destination
1402,DE07~DE08,문장부호,。,81 42,,81 42,82 EA,0x07A97 | 0x07A98,Japanese Disk D original at direct table raw destination
1405,DE0C~DE0D,한글 문자,왜,89 7D,353,8A 87,45 81,0x07A9C | 0x07A9D,Japanese Disk D original at direct table raw destination
1406,DE0E~DE0F,한글 문자,죠,89 A9,417,8A C7,45 81,0x07A9E | 0x07A9F,Japanese Disk D original at direct table raw destination
1407,DE10~DE11,문장부호,？,81 48,,81 48,45 81,0x07AA0 | 0x07AA1,Japanese Disk D original at direct table raw destination
1408,DE12~DE13,전각 공백,␠,81 40,,81 40,42 62,0x07AA2 | 0x07AA3,Japanese Disk D original at direct table raw destination
1409,DE14~DE15,한글 문자,바,88 E9,234,89 CC,1A 00,0x07AA4 | 0x07AA5,Japanese Disk D original at direct table raw destination
1410,DE16~DE17,한글 문자,리,88 CC,194,89 A4,82 C7,0x07AA6 | 0x07AA7,Japanese Disk D original at direct table raw destination
1411,DE18~DE19,한글 문자,아,89 60,309,8A 5A,82 A4,0x07AA8 | 0x07AA9,Japanese Disk D original at direct table raw destination
1412,DE1A~DE1B,한글 문자,님,82 E6,110,89 4F,82 B5,0x07AAA | 0x07AAB,Japanese Disk D original at direct table raw destination
1414,DE1E~DE1F,문장부호,、,81 41,,81 41,81 48,0x07AAE | 0x07AAF,Japanese Disk D original at direct table raw destination
1415,DE20~DE21,한글 문자,왜,89 7D,353,8A 87,81 40,0x07AB0 | 0x07AB1,Japanese Disk D original at direct table raw destination
1416,DE22~DE23,전각 공백,␠,81 40,,81 40,83 94,0x07AB2 | 0x07AB3,Japanese Disk D original at direct table raw destination
1417,DE24~DE25,한글 문자,아,89 60,309,8A 5A,83 40,0x07AB4 | 0x07AB5,Japanese Disk D original at direct table raw destination
1418,DE26~DE27,한글 문자,무,88 E3,224,89 C2,83 8A,0x07AB6 | 0x07AB7,Japanese Disk D original at direct table raw destination
1419,DE28~DE29,한글 문자,런,88 BC,171,89 8D,83 41,0x07AB8 | 0x07AB9,Japanese Disk D original at direct table raw destination
1420,DE2A~DE2B,전각 공백,␠,81 40,,81 40,97 6C,0x07ABA | 0x07ABB,Japanese Disk D original at direct table raw destination
1421,DE2C~DE2D,한글 문자,응,8A 79,378,8A A0,01 0B,0x07ABC | 0x07ABD,Japanese Disk D original at direct table raw destination
1422,DE2E~DE2F,한글 문자,답,8A 41,116,89 55,81 41,0x07ABE | 0x07ABF,Japanese Disk D original at direct table raw destination
1423,DE30~DE31,한글 문자,도,82 F1,125,89 5E,82 C7,0x07AC0 | 0x07AC1,Japanese Disk D original at direct table raw destination
1424,DE32~DE33,전각 공백,␠,81 40,,81 40,82 A4,0x07AC2 | 0x07AC3,Japanese Disk D original at direct table raw destination
1425,DE34~DE35,한글 문자,하,89 E2,521,8B 72,82 B5,0x07AC4 | 0x07AC5,Japanese Disk D original at direct table raw destination
1426,DE36~DE37,한글 문자,지,89 B3,430,8A D4,82 C4,0x07AC6 | 0x07AC7,Japanese Disk D original at direct table raw destination
1427,DE38~DE39,전각 공백,␠,81 40,,81 40,93 9A,0x07AC8 | 0x07AC9,Japanese Disk D original at direct table raw destination
1428,DE3A~DE3B,한글 문자,않,89 64,313,8A 5E,82 A6,0x07ACA | 0x07ACB,Japanese Disk D original at direct table raw destination
1429,DE3C~DE3D,한글 문자,나,82 CE,74,88 E8,82 C4,0x07ACC | 0x07ACD,Japanese Disk D original at direct table raw destination
1430,DE3E~DE3F,한글 문자,요,89 80,356,8A 8A,89 BA,0x07ACE | 0x07ACF,Japanese Disk D original at direct table raw destination
1431,DE40~DE41,문장부호,？,81 48,,81 48,82 B3,0x07AD0 | 0x07AD1,Japanese Disk D original at direct table raw destination
1432,DE42~DE43,전각 공백,␠,81 40,,81 40,82 E7,0x07AD2 | 0x07AD3,Japanese Disk D original at direct table raw destination
1434,DE46~DE47,한글 문자,설,89 4C,275,89 F5,82 A2,0x07AD6 | 0x07AD7,Japanese Disk D original at direct table raw destination
1435,DE48~DE49,한글 문자,마,88 D1,200,89 AA,82 CC,0x07AD8 | 0x07AD9,Japanese Disk D original at direct table raw destination
1436,DE4A~DE4B,문장부호,、,81 41,,81 41,81 48,0x07ADA | 0x07ADB,Japanese Disk D original at direct table raw destination
1437,DE4C~DE4D,한글 문자,메,88 DA,213,89 B7,81 40,0x07ADC | 0x07ADD,Japanese Disk D original at direct table raw destination
1438,DE4E~DE4F,한글 문자,가,82 9F,1,88 9F,01 0C,0x07ADE | 0x07ADF,Japanese Disk D original at direct table raw destination
1439,DE50~DE51,한글 문자,스,89 56,293,8A 4A,82 DC,0x07AE0 | 0x07AE1,Japanese Disk D original at direct table raw destination
1440,DE52~DE53,한글 문자,의,89 8C,379,8A A1,82 B3,0x07AE2 | 0x07AE3,Japanese Disk D original at direct table raw destination
1441,DE54~DE55,전각 공백,␠,81 40,,81 40,82 A9,0x07AE4 | 0x07AE5,Japanese Disk D original at direct table raw destination
1442,DE56~DE57,한글 문자,말,88 D3,203,89 AD,81 41,0x07AE6 | 0x07AE7,Japanese Disk D original at direct table raw destination
1443,DE58~DE59,한글 문자,이,89 8D,380,8A A2,83 81,0x07AE8 | 0x07AE9,Japanese Disk D original at direct table raw destination
1444,DE5A~DE5B,전각 공백,␠,81 40,,81 40,83 4B,0x07AEA | 0x07AEB,Japanese Disk D original at direct table raw destination
1445,DE5C~DE5D,한글 문자,진,89 B4,432,8A D6,83 58,0x07AEC | 0x07AED,Japanese Disk D original at direct table raw destination
1446,DE5E~DE5F,한글 문자,실,89 5C,300,8A 51,82 CC,0x07AEE | 0x07AEF,Japanese Disk D original at direct table raw destination
1447,DE60~DE61,한글 문자,인,89 8E,382,8A A4,8C BE,0x07AF0 | 0x07AF1,Japanese Disk D original at direct table raw destination
1448,DE62~DE63,전각 공백,␠,81 40,,81 40,82 A4,0x07AF2 | 0x07AF3,Japanese Disk D original at direct table raw destination
1449,DE64~DE65,한글 문자,건,82 A7,14,88 AC,82 B1,0x07AF4 | 0x07AF5,Japanese Disk D original at direct table raw destination
1450,DE66~DE67,한글 문자,가,82 9F,1,88 9F,82 C6,0x07AF6 | 0x07AF7,Japanese Disk D original at direct table raw destination
1451,DE68~DE69,한글 문자,요,89 80,356,8A 8A,82 CD,0x07AF8 | 0x07AF9,Japanese Disk D original at direct table raw destination
1452,DE6A~DE6B,문장부호,？,81 48,,81 48,96 7B,0x07AFA | 0x07AFB,Japanese Disk D original at direct table raw destination
1453,DE6C~DE6D,전각 공백,␠,81 40,,81 40,93 96,0x07AFC | 0x07AFD,Japanese Disk D original at direct table raw destination
1454,DE6E~DE6F,한글 문자,그,82 BD,49,88 CF,82 C8,0x07AFE | 0x07AFF,Japanese Disk D original at direct table raw destination
1455,DE70~DE71,한글 문자,럴,88 BD,172,89 8E,82 CC,0x07B00 | 0x07B01,Japanese Disk D original at direct table raw destination
1456,DE72~DE73,전각 공백,␠,81 40,,81 40,82 C5,0x07B02 | 0x07B03,Japanese Disk D original at direct table raw destination
1457,DE74~DE75,한글 문자,수,89 54,288,8A 45,82 B7,0x07B04 | 0x07B05,Japanese Disk D original at direct table raw destination
1458,DE76~DE77,한글 문자,가,82 9F,1,88 9F,82 A9,0x07B06 | 0x07B07,Japanese Disk D original at direct table raw destination
1461,DE7D~DE7E,문장부호,・,81 45,,81 45,A0 82,0x07B0D | 0x07B0E,Japanese Disk D original at direct table raw destination
1462,DE7F~DE80,문장부호,・,81 45,,81 45,A0 81,0x07B0F | 0x07B10,Japanese Disk D original at direct table raw destination
1463,DE81~DE82,문장부호,・,81 45,,81 45,41 82,0x07B11 | 0x07B12,Japanese Disk D original at direct table raw destination
1464,DE83~DE84,문장부호,！,81 49,,81 49,BB 82,0x07B13 | 0x07B14,Japanese Disk D original at direct table raw destination
1492,DE9D~DE9E,한글 문자,아,89 60,309,8A 5A,05 4C,0x07B2D | 0x07B2E,Japanese Disk D original at direct table raw destination
1493,DE9F~DEA0,한글 문자,아,89 60,309,8A 5A,04 02,0x07B2F | 0x07B30,Japanese Disk D original at direct table raw destination
1494,DEA1~DEA2,문장부호,、,81 41,,81 41,02 4D,0x07B31 | 0x07B32,Japanese Disk D original at direct table raw destination
1495,DEA3~DEA4,한글 문자,불,88 FC,257,89 E3,04 02,0x07B33 | 0x07B34,Japanese Disk D original at direct table raw destination
1496,DEA5~DEA6,한글 문자,쌍,8A 70,305,8A 56,00 88,0x07B35 | 0x07B36,Japanese Disk D original at direct table raw destination
1497,DEA7~DEA8,한글 문자,한,89 E4,523,8B 74,1A FF,0x07B37 | 0x07B38,Japanese Disk D original at direct table raw destination
1498,DEA9~DEAA,전각 공백,␠,81 40,,81 40,16 0C,0x07B39 | 0x07B3A,Japanese Disk D original at direct table raw destination
1499,DEAB~DEAC,한글 문자,유,89 86,371,8A 99,E2 25,0x07B3B | 0x07B3C,Japanese Disk D original at direct table raw destination
1500,DEAD~DEAE,한글 문자,코,89 C5,470,8A FC,2E 1E,0x07B3D | 0x07B3E,Japanese Disk D original at direct table raw destination
1501,DEAF~DEB0,문장부호,！,81 49,,81 49,16 A4,0x07B3F | 0x07B40,Japanese Disk D original at direct table raw destination
1502,DEB1~DEB2,전각 공백,␠,81 40,,81 40,42 48,0x07B41 | 0x07B42,Japanese Disk D original at direct table raw destination
1503,DEB3~DEB4,한글 문자,메,88 DA,213,89 B7,82 A0,0x07B43 | 0x07B44,Japanese Disk D original at direct table raw destination
1504,DEB5~DEB6,한글 문자,가,82 9F,1,88 9F,82 A0,0x07B45 | 0x07B46,Japanese Disk D original at direct table raw destination
1505,DEB7~DEB8,한글 문자,스,89 56,293,8A 4A,81 41,0x07B47 | 0x07B48,Japanese Disk D original at direct table raw destination
1506,DEB9~DEBA,한글 문자,의,89 8C,379,8A A1,97 44,0x07B49 | 0x07B4A,Japanese Disk D original at direct table raw destination
1507,DEBB~DEBC,전각 공백,␠,81 40,,81 40,8E 71,0x07B4B | 0x07B4C,Japanese Disk D original at direct table raw destination
1508,DEBD~DEBE,한글 문자,잔,89 95,393,8A AF,81 49,0x07B4D | 0x07B4E,Japanese Disk D original at direct table raw destination
1509,DEBF~DEC0,한글 문자,혹,89 F1,542,8B 88,81 40,0x07B4F | 0x07B50,Japanese Disk D original at direct table raw destination
1510,DEC1~DEC2,한글 문자,한,89 E4,523,8B 74,82 A9,0x07B51 | 0x07B52,Japanese Disk D original at direct table raw destination
1511,DEC3~DEC4,전각 공백,␠,81 40,,81 40,82 ED,0x07B53 | 0x07B54,Japanese Disk D original at direct table raw destination
1512,DEC5~DEC6,한글 문자,간,82 A1,3,88 A1,82 A2,0x07B55 | 0x07B56,Japanese Disk D original at direct table raw destination
1513,DEC7~DEC8,한글 문자,계,82 B0,28,88 BA,82 BB,0x07B57 | 0x07B58,Japanese Disk D original at direct table raw destination
1514,DEC9~DECA,한글 문자,에,89 70,333,8A 72,82 A4,0x07B59 | 0x07B5A,Japanese Disk D original at direct table raw destination
1515,DECB~DECC,전각 공백,␠,81 40,,81 40,82 C8,0x07B5B | 0x07B5C,Japanese Disk D original at direct table raw destination
1516,DECD~DECE,한글 문자,농,8A 65,98,89 43,97 44,0x07B5D | 0x07B5E,Japanese Disk D original at direct table raw destination
1517,DECF~DED0,한글 문자,락,8A 6A,160,89 82,8E 71,0x07B5F | 0x07B60,Japanese Disk D original at direct table raw destination
1518,DED1~DED2,한글 문자,당,82 EB,117,89 56,81 49,0x07B61 | 0x07B62,Japanese Disk D original at direct table raw destination
1519,DED3~DED4,한글 문자,하,89 E2,521,8B 72,81 40,0x07B63 | 0x07B64,Japanese Disk D original at direct table raw destination
1520,DED5~DED6,한글 문자,고,82 B1,29,88 BB,83 81,0x07B65 | 0x07B66,Japanese Disk D original at direct table raw destination
1521,DED7~DED8,전각 공백,␠,81 40,,81 40,83 4B,0x07B67 | 0x07B68,Japanese Disk D original at direct table raw destination
1522,DED9~DEDA,한글 문자,있,89 92,389,8A AB,83 58,0x07B69 | 0x07B6A,Japanese Disk D original at direct table raw destination
1523,DEDB~DEDC,한글 문자,다,82 E7,111,89 50,82 CC,0x07B6B | 0x07B6C,Japanese Disk D original at direct table raw destination
1524,DEDD~DEDE,한글 문자,니,82 E4,108,89 4D,8E 63,0x07B6D | 0x07B6E,Japanese Disk D original at direct table raw destination
1525,DEDF~DEE0,문장부호,！,81 49,,81 49,94 45,0x07B6F | 0x07B70,Japanese Disk D original at direct table raw destination
1526,DEE1~DEE2,전각 공백,␠,81 40,,81 40,82 C8,0x07B71 | 0x07B72,Japanese Disk D original at direct table raw destination
1528,DEE4~DEE5,한글 문자,아,89 60,309,8A 5A,53 82,0x07B74 | 0x07B75,Japanese Disk D original at direct table raw destination
1529,DEE6~DEE7,한글 문자,직,8A 4D,431,8A D5,C9 82,0x07B76 | 0x07B77,Japanese Disk D original at direct table raw destination
1530,DEE8~DEE9,한글 문자,도,82 F1,125,89 5E,E0 82,0x07B78 | 0x07B79,Japanese Disk D original at direct table raw destination
1531,DEEA~DEEB,전각 공백,␠,81 40,,81 40,C4 82,0x07B7A | 0x07B7B,Japanese Disk D original at direct table raw destination
1532,DEEC~DEED,한글 문자,조,89 A3,409,8A BF,A0 82,0x07B7C | 0x07B7D,Japanese Disk D original at direct table raw destination
1533,DEEE~DEEF,한글 문자,정,89 A0,404,8A BA,BB 82,0x07B7E | 0x07B7F,Japanese Disk D original at direct table raw destination
1534,DEF0~DEF1,한글 문자,이,89 8D,380,8A A2,CE 82,0x07B80 | 0x07B81,Japanese Disk D original at direct table raw destination
1535,DEF2~DEF3,전각 공백,␠,81 40,,81 40,EA 82,0x07B82 | 0x07B83,Japanese Disk D original at direct table raw destination
1536,DEF4~DEF5,한글 문자,끝,82 CC,72,88 E6,C4 82,0x07B84 | 0x07B85,Japanese Disk D original at direct table raw destination
1537,DEF6~DEF7,한글 문자,나,82 CE,74,88 E8,A2 82,0x07B86 | 0x07B87,Japanese Disk D original at direct table raw destination
1538,DEF8~DEF9,한글 문자,지,89 B3,430,8A D4,E9 81,0x07B88 | 0x07B89,Japanese Disk D original at direct table raw destination
1539,DEFA~DEFB,전각 공백,␠,81 40,,81 40,49 81,0x07B8A | 0x07B8B,Japanese Disk D original at direct table raw destination
1540,DEFC~DEFD,한글 문자,않,89 64,313,8A 5E,40 45,0x07B8C | 0x07B8D,Japanese Disk D original at direct table raw destination
1541,DEFE~DEFF,한글 문자,았,89 68,317,8A 62,82 A8,0x07B8E | 0x07B8F,Japanese Disk D original at direct table raw destination
1542,DF00~DF01,한글 문자,나,82 CE,74,88 E8,82 DC,0x07B90 | 0x07B91,Japanese Disk D original at direct table raw destination
1543,DF02~DF03,한글 문자,요,89 80,356,8A 8A,82 A6,0x07B92 | 0x07B93,Japanese Disk D original at direct table raw destination
1544,DF04~DF05,문장부호,！,81 49,,81 49,82 BD,0x07B94 | 0x07B95,Japanese Disk D original at direct table raw destination
1545,DF06~DF07,전각 공백,␠,81 40,,81 40,82 BF,0x07B96 | 0x07B97,Japanese Disk D original at direct table raw destination
1552,DF0F~DF10,한글 문자,바,88 E9,234,89 CC,CD 82,0x07B9F | 0x07BA0,Japanese Disk D original at direct table raw destination
1553,DF11~DF12,한글 문자,리,88 CC,194,89 A4,DC 82,0x07BA1 | 0x07BA2,Japanese Disk D original at direct table raw destination
1554,DF13~DF14,한글 문자,아,89 60,309,8A 5A,BE 82,0x07BA3 | 0x07BA4,Japanese Disk D original at direct table raw destination
1555,DF15~DF16,한글 문자,님,82 E6,110,89 4F,C8 82,0x07BA5 | 0x07BA6,Japanese Disk D original at direct table raw destination
1556,DF17~DF18,문장부호,、,81 41,,81 41,CC 82,0x07BA7 | 0x07BA8,Japanese Disk D original at direct table raw destination
1557,DF19~DF1A,한글 문자,부,88 FA,255,89 E1,C5 82,0x07BA9 | 0x07BAA,Japanese Disk D original at direct table raw destination
1558,DF1B~DF1C,한글 문자,디,88 AB,145,89 72,B7 82,0x07BAB | 0x07BAC,Japanese Disk D original at direct table raw destination
1559,DF1D~DF1E,전각 공백,␠,81 40,,81 40,A9 81,0x07BAD | 0x07BAE,Japanese Disk D original at direct table raw destination
1560,DF1F~DF20,한글 문자,조,89 A3,409,8A BF,49 62,0x07BAF | 0x07BB0,Japanese Disk D original at direct table raw destination
1561,DF21~DF22,한글 문자,금,82 BF,53,88 D3,16 4C,0x07BB1 | 0x07BB2,Japanese Disk D original at direct table raw destination
1562,DF23~DF24,한글 문자,만,88 D2,202,89 AC,E2 25,0x07BB3 | 0x07BB4,Japanese Disk D original at direct table raw destination
1563,DF25~DF26,전각 공백,␠,81 40,,81 40,2C 41,0x07BB5 | 0x07BB6,Japanese Disk D original at direct table raw destination
1564,DF27~DF28,한글 문자,더,82 ED,119,89 58,83 94,0x07BB7 | 0x07BB8,Japanese Disk D original at direct table raw destination
1565,DF29~DF2A,전각 공백,␠,81 40,,81 40,83 40,0x07BB9 | 0x07BBA,Japanese Disk D original at direct table raw destination
1566,DF2B~DF2C,한글 문자,기,82 C1,55,88 D5,83 8A,0x07BBB | 0x07BBC,Japanese Disk D original at direct table raw destination
1567,DF2D~DF2E,한글 문자,다,82 E7,111,89 50,83 41,0x07BBD | 0x07BBE,Japanese Disk D original at direct table raw destination
1568,DF2F~DF30,한글 문자,려,88 C1,178,89 94,97 6C,0x07BBF | 0x07BC0,Japanese Disk D original at direct table raw destination
1569,DF31~DF32,한글 문자,주,89 AA,418,8A C8,81 41,0x07BC1 | 0x07BC2,Japanese Disk D original at direct table raw destination
1570,DF33~DF34,한글 문자,십,8A 48,302,8A 53,8D A1,0x07BC3 | 0x07BC4,Japanese Disk D original at direct table raw destination
1571,DF35~DF36,한글 문자,시,89 5A,298,8A 4F,82 B5,0x07BC5 | 0x07BC6,Japanese Disk D original at direct table raw destination
1572,DF37~DF38,한글 문자,오,89 76,344,8A 7D,82 CE,0x07BC7 | 0x07BC8,Japanese Disk D original at direct table raw destination
1573,DF39~DF3A,문장부호,。,81 42,,81 42,82 E7,0x07BC9 | 0x07BCA,Japanese Disk D original at direct table raw destination
1574,DF3B~DF3C,전각 공백,␠,81 40,,81 40,82 AD,0x07BCB | 0x07BCC,Japanese Disk D original at direct table raw destination
1581,DF44~DF45,한글 문자,아,89 60,309,8A 5A,CE 82,0x07BD4 | 0x07BD5,Japanese Disk D original at direct table raw destination
1582,DF46~DF47,한글 문자,니,82 E4,108,89 4D,E7 82,0x07BD6 | 0x07BD7,Japanese Disk D original at direct table raw destination
1583,DF48~DF49,문장부호,、,81 41,,81 41,AD 82,0x07BD8 | 0x07BD9,Japanese Disk D original at direct table raw destination
1584,DF4A~DF4B,한글 문자,더,82 ED,119,89 58,A8 91,0x07BDA | 0x07BDB,Japanese Disk D original at direct table raw destination
1585,DF4C~DF4D,한글 문자,는,82 E3,106,89 4B,D2 82,0x07BDC | 0x07BDD,Japanese Disk D original at direct table raw destination
1586,DF4E~DF4F,전각 공백,␠,81 40,,81 40,BF 89,0x07BDE | 0x07BDF,Japanese Disk D original at direct table raw destination
1587,DF50~DF51,한글 문자,기,82 C1,55,88 D5,BA 82,0x07BE0 | 0x07BE1,Japanese Disk D original at direct table raw destination
1588,DF52~DF53,한글 문자,다,82 E7,111,89 50,B3 82,0x07BE2 | 0x07BE3,Japanese Disk D original at direct table raw destination
1589,DF54~DF55,한글 문자,릴,88 CE,197,89 A7,A2 81,0x07BE4 | 0x07BE5,Japanese Disk D original at direct table raw destination
1590,DF56~DF57,전각 공백,␠,81 40,,81 40,42 61,0x07BE6 | 0x07BE7,Japanese Disk D original at direct table raw destination
1591,DF58~DF59,한글 문자,수,89 54,288,8A 45,16 4C,0x07BE8 | 0x07BE9,Japanese Disk D original at direct table raw destination
1592,DF5A~DF5B,전각 공백,␠,81 40,,81 40,E2 25,0x07BEA | 0x07BEB,Japanese Disk D original at direct table raw destination
1593,DF5C~DF5D,한글 문자,없,89 6E,330,8A 6F,2E 42,0x07BEC | 0x07BED,Japanese Disk D original at direct table raw destination
1594,DF5E~DF5F,한글 문자,어,89 6C,325,8A 6A,82 A2,0x07BEE | 0x07BEF,Japanese Disk D original at direct table raw destination
1595,DF60~DF61,한글 문자,요,89 80,356,8A 8A,82 E2,0x07BF0 | 0x07BF1,Japanese Disk D original at direct table raw destination
1596,DF62~DF63,문장부호,！,81 49,,81 49,81 41,0x07BF2 | 0x07BF3,Japanese Disk D original at direct table raw destination
1597,DF64~DF65,전각 공백,␠,81 40,,81 40,82 E0,0x07BF4 | 0x07BF5,Japanese Disk D original at direct table raw destination
1598,DF66~DF67,한글 문자,저,89 9B,399,8A B5,82 A4,0x07BF6 | 0x07BF7,Japanese Disk D original at direct table raw destination
1599,DF68~DF69,한글 문자,는,82 E3,106,89 4B,91 D2,0x07BF8 | 0x07BF9,Japanese Disk D original at direct table raw destination
1600,DF6A~DF6B,전각 공백,␠,81 40,,81 40,82 C4,0x07BFA | 0x07BFB,Japanese Disk D original at direct table raw destination
1601,DF6C~DF6D,한글 문자,유,89 86,371,8A 99,82 DC,0x07BFC | 0x07BFD,Japanese Disk D original at direct table raw destination
1602,DF6E~DF6F,한글 문자,코,89 C5,470,8A FC,82 B9,0x07BFE | 0x07BFF,Japanese Disk D original at direct table raw destination
1603,DF70~DF71,한글 문자,의,89 8C,379,8A A1,82 F1,0x07C00 | 0x07C01,Japanese Disk D original at direct table raw destination
1604,DF72~DF73,전각 공백,␠,81 40,,81 40,81 49,0x07C02 | 0x07C03,Japanese Disk D original at direct table raw destination
1605,DF74~DF75,한글 문자,부,88 FA,255,89 E1,81 40,0x07C04 | 0x07C05,Japanese Disk D original at direct table raw destination
1606,DF76~DF77,한글 문자,름,88 CB,193,89 A3,82 ED,0x07C06 | 0x07C07,Japanese Disk D original at direct table raw destination
1607,DF78~DF79,한글 문자,에,89 70,333,8A 72,82 BD,0x07C08 | 0x07C09,Japanese Disk D original at direct table raw destination
1608,DF7A~DF7B,전각 공백,␠,81 40,,81 40,82 B5,0x07C0A | 0x07C0B,Japanese Disk D original at direct table raw destination
1609,DF7C~DF7D,한글 문자,답,8A 41,116,89 55,82 CD,0x07C0C | 0x07C0D,Japanese Disk D original at direct table raw destination
1610,DF7E~DF7F,한글 문자,하,89 E2,521,8B 72,97 44,0x07C0E | 0x07C0F,Japanese Disk D original at direct table raw destination
1611,DF80~DF81,한글 문자,겠,82 AC,20,88 B2,8E 71,0x07C10 | 0x07C11,Japanese Disk D original at direct table raw destination
1612,DF82~DF83,한글 문자,습,89 58,296,8A 4D,82 C9,0x07C12 | 0x07C13,Japanese Disk D original at direct table raw destination
1613,DF84~DF85,한글 문자,니,82 E4,108,89 4D,93 9A,0x07C14 | 0x07C15,Japanese Disk D original at direct table raw destination
1614,DF86~DF87,한글 문자,다,82 E7,111,89 50,82 A6,0x07C16 | 0x07C17,Japanese Disk D original at direct table raw destination
1615,DF88~DF89,문장부호,！,81 49,,81 49,82 DC,0x07C18 | 0x07C19,Japanese Disk D original at direct table raw destination
1616,DF8A~DF8B,전각 공백,␠,81 40,,81 40,82 B7,0x07C1A | 0x07C1B,Japanese Disk D original at direct table raw destination
1623,DF93~DF94,한글 문자,안,89 62,311,8A 5C,2C 43,0x07C23 | 0x07C24,Japanese Disk D original at direct table raw destination
1624,DF95~DF96,전각 공백,␠,81 40,,81 40,82 C8,0x07C25 | 0x07C26,Japanese Disk D original at direct table raw destination
1625,DF97~DF98,한글 문자,됩,8A 42,134,89 67,82 E8,0x07C27 | 0x07C28,Japanese Disk D original at direct table raw destination
1626,DF99~DF9A,한글 문자,니,82 E4,108,89 4D,82 DC,0x07C29 | 0x07C2A,Japanese Disk D original at direct table raw destination
1627,DF9B~DF9C,한글 문자,다,82 E7,111,89 50,82 B9,0x07C2B | 0x07C2C,Japanese Disk D original at direct table raw destination
1628,DF9D~DF9E,문장부호,！,81 49,,81 49,82 F1,0x07C2D | 0x07C2E,Japanese Disk D original at direct table raw destination
1629,DF9F~DFA0,전각 공백,␠,81 40,,81 40,81 49,0x07C2F | 0x07C30,Japanese Disk D original at direct table raw destination
1630,DFA1~DFA2,한글 문자,지,89 B3,430,8A D4,81 40,0x07C31 | 0x07C32,Japanese Disk D original at direct table raw destination
1631,DFA3~DFA4,한글 문자,금,82 BF,53,88 D3,8D A1,0x07C33 | 0x07C34,Japanese Disk D original at direct table raw destination
1632,DFA5~DFA6,전각 공백,␠,81 40,,81 40,98 62,0x07C35 | 0x07C36,Japanese Disk D original at direct table raw destination
1633,DFA7~DFA8,한글 문자,움,89 82,363,8A 91,82 B9,0x07C37 | 0x07C38,Japanese Disk D original at direct table raw destination
1634,DFA9~DFAA,한글 문자,직,8A 4D,431,8A D5,82 CE,0x07C39 | 0x07C3A,Japanese Disk D original at direct table raw destination
1635,DFAB~DFAC,한글 문자,이,89 8D,380,8A A2,81 41,0x07C3B | 0x07C3C,Japanese Disk D original at direct table raw destination
1636,DFAD~DFAE,한글 문자,면,88 DC,215,89 B9,83 81,0x07C3D | 0x07C3E,Japanese Disk D original at direct table raw destination
1637,DFAF~DFB0,전각 공백,␠,81 40,,81 40,83 4B,0x07C3F | 0x07C40,Japanese Disk D original at direct table raw destination
1638,DFB1~DFB2,한글 문자,메,88 DA,213,89 B7,83 58,0x07C41 | 0x07C42,Japanese Disk D original at direct table raw destination
1639,DFB3~DFB4,한글 문자,가,82 9F,1,88 9F,82 CC,0x07C43 | 0x07C44,Japanese Disk D original at direct table raw destination
1640,DFB5~DFB6,한글 문자,스,89 56,293,8A 4A,8E 76,0x07C45 | 0x07C46,Japanese Disk D original at direct table raw destination
1641,DFB7~DFB8,한글 문자,의,89 8C,379,8A A1,82 A4,0x07C47 | 0x07C48,Japanese Disk D original at direct table raw destination
1642,DFB9~DFBA,전각 공백,␠,81 40,,81 40,82 C2,0x07C49 | 0x07C4A,Japanese Disk D original at direct table raw destination
1643,DFBB~DFBC,한글 문자,뜻,88 B5,158,89 80,82 DA,0x07C4B | 0x07C4C,Japanese Disk D original at direct table raw destination
1644,DFBD~DFBE,한글 문자,대,82 EC,118,89 57,82 C5,0x07C4D | 0x07C4E,Japanese Disk D original at direct table raw destination
1645,DFBF~DFC0,한글 문자,로,88 C5,183,89 99,82 B7,0x07C4F | 0x07C50,Japanese Disk D original at direct table raw destination
1646,DFC1~DFC2,전각 공백,␠,81 40,,81 40,81 49,0x07C51 | 0x07C52,Japanese Disk D original at direct table raw destination
1647,DFC3~DFC4,한글 문자,되,88 A2,131,89 64,63 16,0x07C53 | 0x07C54,Japanese Disk D original at direct table raw destination
1648,DFC5~DFC6,한글 문자,는,82 E3,106,89 4B,4C E2,0x07C55 | 0x07C56,Japanese Disk D original at direct table raw destination
1649,DFC7~DFC8,전각 공백,␠,81 40,,81 40,25 2E,0x07C57 | 0x07C58,Japanese Disk D original at direct table raw destination
1650,DFC9~DFCA,한글 문자,겁,82 A9,17,88 AF,42 82,0x07C59 | 0x07C5A,Japanese Disk D original at direct table raw destination
1651,DFCB~DFCC,한글 문자,니,82 E4,108,89 4D,A9 82,0x07C5B | 0x07C5C,Japanese Disk D original at direct table raw destination
1652,DFCD~DFCE,한글 문자,다,82 E7,111,89 50,DC 82,0x07C5D | 0x07C5E,Japanese Disk D original at direct table raw destination
1653,DFCF~DFD0,문장부호,！,81 49,,81 49,A2 82,0x07C5F | 0x07C60,Japanese Disk D original at direct table raw destination
1654,DFD1~DFD2,전각 공백,␠,81 40,,81 40,DC 82,0x07C61 | 0x07C62,Japanese Disk D original at direct table raw destination
1661,DFDA~DFDB,한글 문자,상,89 47,269,89 EF,82 ED,0x07C6A | 0x07C6B,Japanese Disk D original at direct table raw destination
1662,DFDC~DFDD,한글 문자,관,8A 61,37,88 C3,82 BD,0x07C6C | 0x07C6D,Japanese Disk D original at direct table raw destination
1663,DFDE~DFDF,한글 문자,없,89 6E,330,8A 6F,82 B5,0x07C6E | 0x07C6F,Japanese Disk D original at direct table raw destination
1664,DFE0~DFE1,한글 문자,어,89 6C,325,8A 6A,82 AA,0x07C70 | 0x07C71,Japanese Disk D original at direct table raw destination
1665,DFE2~DFE3,한글 문자,요,89 80,356,8A 8A,8E 80,0x07C72 | 0x07C73,Japanese Disk D original at direct table raw destination
1666,DFE4~DFE5,문장부호,！,81 49,,81 49,82 CC,0x07C74 | 0x07C75,Japanese Disk D original at direct table raw destination
1667,DFE6~DFE7,전각 공백,␠,81 40,,81 40,82 A4,0x07C76 | 0x07C77,Japanese Disk D original at direct table raw destination
1668,DFE8~DFE9,한글 문자,제,89 A1,405,8A BB,82 C6,0x07C78 | 0x07C79,Japanese Disk D original at direct table raw destination
1669,DFEA~DFEB,한글 문자,가,82 9F,1,88 9F,82 E0,0x07C7A | 0x07C7B,Japanese Disk D original at direct table raw destination
1670,DFEC~DFED,전각 공백,␠,81 40,,81 40,81 41,0x07C7C | 0x07C7D,Japanese Disk D original at direct table raw destination
1671,DFEE~DFEF,한글 문자,죽,89 AB,419,8A C9,82 B1,0x07C7E | 0x07C7F,Japanese Disk D original at direct table raw destination
1672,DFF0~DFF1,한글 문자,더,82 ED,119,89 58,82 EA,0x07C80 | 0x07C81,Japanese Disk D original at direct table raw destination
1673,DFF2~DFF3,한글 문자,라,88 B6,159,89 81,88 C8,0x07C82 | 0x07C83,Japanese Disk D original at direct table raw destination
1674,DFF4~DFF5,한글 문자,도,82 F1,125,89 5E,8F E3,0x07C84 | 0x07C85,Japanese Disk D original at direct table raw destination
1675,DFF6~DFF7,문장부호,、,81 41,,81 41,97 44,0x07C86 | 0x07C87,Japanese Disk D original at direct table raw destination
1676,DFF8~DFF9,한글 문자,더,82 ED,119,89 58,8E 71,0x07C88 | 0x07C89,Japanese Disk D original at direct table raw destination
1677,DFFA~DFFB,한글 문자,는,82 E3,106,89 4B,82 D0,0x07C8A | 0x07C8B,Japanese Disk D original at direct table raw destination
1678,DFFC~DFFD,전각 공백,␠,81 40,,81 40,82 C6,0x07C8C | 0x07C8D,Japanese Disk D original at direct table raw destination
1679,DFFE~DFFF,한글 문자,유,89 86,371,8A 99,82 E8,0x07C8E | 0x07C8F,Japanese Disk D original at direct table raw destination
1680,E000~E001,한글 문자,코,89 C5,470,8A FC,82 C9,0x07CA0 | 0x07CA1,Japanese Disk D original at direct table raw destination
1681,E002~E003,전각 공백,␠,81 40,,81 40,90 ED,0x07CA2 | 0x07CA3,Japanese Disk D original at direct table raw destination
1682,E004~E005,한글 문자,혼,8A 80,543,8B 89,82 ED,0x07CA4 | 0x07CA5,Japanese Disk D original at direct table raw destination
1683,E006~E007,한글 문자,자,89 93,391,8A AD,82 B9,0x07CA6 | 0x07CA7,Japanese Disk D original at direct table raw destination
1684,E008~E009,전각 공백,␠,81 40,,81 40,82 C4,0x07CA8 | 0x07CA9,Japanese Disk D original at direct table raw destination
1685,E00A~E00B,한글 문자,싸,89 5E,304,8A 55,82 A8,0x07CAA | 0x07CAB,Japanese Disk D original at direct table raw destination
1686,E00C~E00D,한글 문자,우,89 81,360,8A 8E,82 AD,0x07CAC | 0x07CAD,Japanese Disk D original at direct table raw destination
1687,E00E~E00F,한글 문자,게,82 AB,19,88 B1,82 ED,0x07CAE | 0x07CAF,Japanese Disk D original at direct table raw destination
1688,E010~E011,전각 공백,␠,81 40,,81 40,82 AF,0x07CB0 | 0x07CB1,Japanese Disk D original at direct table raw destination
1689,E012~E013,한글 문자,둘,88 A6,136,89 69,82 C9,0x07CB2 | 0x07CB3,Japanese Disk D original at direct table raw destination
1690,E014~E015,전각 공백,␠,81 40,,81 40,82 CD,0x07CB4 | 0x07CB5,Japanese Disk D original at direct table raw destination
1691,E016~E017,한글 문자,수,89 54,288,8A 45,82 A2,0x07CB6 | 0x07CB7,Japanese Disk D original at direct table raw destination
1692,E018~E019,전각 공백,␠,81 40,,81 40,82 AB,0x07CB8 | 0x07CB9,Japanese Disk D original at direct table raw destination
1693,E01A~E01B,한글 문자,없,89 6E,330,8A 6F,82 DC,0x07CBA | 0x07CBB,Japanese Disk D original at direct table raw destination
1694,E01C~E01D,한글 문자,어,89 6C,325,8A 6A,82 B9,0x07CBC | 0x07CBD,Japanese Disk D original at direct table raw destination
1695,E01E~E01F,한글 문자,요,89 80,356,8A 8A,82 F1,0x07CBE | 0x07CBF,Japanese Disk D original at direct table raw destination
1696,E020~E021,문장부호,。,81 42,,81 42,81 42,0x07CC0 | 0x07CC1,Japanese Disk D original at direct table raw destination
1697,E022~E023,한글 문자,모,88 DF,218,89 BC,82 B3,0x07CC2 | 0x07CC3,Japanese Disk D original at direct table raw destination
1698,E024~E025,한글 문자,두,88 A5,135,89 68,82 A0,0x07CC4 | 0x07CC5,Japanese Disk D original at direct table raw destination
1699,E026~E027,전각 공백,␠,81 40,,81 40,81 41,0x07CC6 | 0x07CC7,Japanese Disk D original at direct table raw destination
1700,E028~E029,한글 문자,어,89 6C,325,8A 6A,82 A8,0x07CC8 | 0x07CC9,Japanese Disk D original at direct table raw destination
1701,E02A~E02B,한글 문자,서,89 49,272,89 F2,82 DC,0x07CCA | 0x07CCB,Japanese Disk D original at direct table raw destination
1702,E02C~E02D,전각 공백,␠,81 40,,81 40,82 A6,0x07CCC | 0x07CCD,Japanese Disk D original at direct table raw destination
1703,E02E~E02F,한글 문자,준,89 AC,420,8A CA,82 BD,0x07CCE | 0x07CCF,Japanese Disk D original at direct table raw destination
1704,E030~E031,한글 문자,비,89 41,260,89 E6,82 BF,0x07CD0 | 0x07CD1,Japanese Disk D original at direct table raw destination
1705,E032~E033,한글 문자,하,89 E2,521,8B 72,81 41,0x07CD2 | 0x07CD3,Japanese Disk D original at direct table raw destination
1706,E034~E035,한글 문자,세,89 4E,278,89 F8,8F 80,0x07CD4 | 0x07CD5,Japanese Disk D original at direct table raw destination
1707,E036~E037,한글 문자,요,89 80,356,8A 8A,94 F5,0x07CD6 | 0x07CD7,Japanese Disk D original at direct table raw destination
1708,E038~E039,문장부호,！,81 49,,81 49,82 CD,0x07CD8 | 0x07CD9,Japanese Disk D original at direct table raw destination
1709,E03A~E03B,전각 공백,␠,81 40,,81 40,82 A2,0x07CDA | 0x07CDB,Japanese Disk D original at direct table raw destination
1716,E043~E044,한글 문자,바,88 E9,234,89 CC,CB 81,0x07CE3 | 0x07CE4,Japanese Disk D original at direct table raw destination
1717,E045~E046,한글 문자,리,88 CC,194,89 A4,49 62,0x07CE5 | 0x07CE6,Japanese Disk D original at direct table raw destination
1718,E047~E048,한글 문자,아,89 60,309,8A 5A,16 4C,0x07CE7 | 0x07CE8,Japanese Disk D original at direct table raw destination
1719,E049~E04A,한글 문자,님,82 E6,110,89 4F,E2 25,0x07CE9 | 0x07CEA,Japanese Disk D original at direct table raw destination
1720,E04B~E04C,문장부호,、,81 41,,81 41,2C 41,0x07CEB | 0x07CEC,Japanese Disk D original at direct table raw destination
1721,E04D~E04E,한글 문자,이,89 8D,380,8A A2,83 94,0x07CED | 0x07CEE,Japanese Disk D original at direct table raw destination
1722,E04F~E050,한글 문자,번,88 F1,243,89 D5,83 40,0x07CEF | 0x07CF0,Japanese Disk D original at direct table raw destination
1723,E051~E052,한글 문자,만,88 D2,202,89 AC,83 8A,0x07CF1 | 0x07CF2,Japanese Disk D original at direct table raw destination
1724,E053~E054,한글 문자,큼,8A 7E,476,8B 45,83 41,0x07CF3 | 0x07CF4,Japanese Disk D original at direct table raw destination
1725,E055~E056,한글 문자,은,89 89,375,8A 9D,97 6C,0x07CF5 | 0x07CF6,Japanese Disk D original at direct table raw destination
1726,E057~E058,전각 공백,␠,81 40,,81 40,81 41,0x07CF7 | 0x07CF8,Japanese Disk D original at direct table raw destination
1727,E059~E05A,한글 문자,여,89 72,335,8A 74,82 B1,0x07CF9 | 0x07CFA,Japanese Disk D original at direct table raw destination
1728,E05B~E05C,한글 문자,왕,89 7C,352,8A 86,82 EA,0x07CFB | 0x07CFC,Japanese Disk D original at direct table raw destination
1729,E05D~E05E,한글 문자,님,82 E6,110,89 4F,82 BE,0x07CFD | 0x07CFE,Japanese Disk D original at direct table raw destination
1730,E05F~E060,한글 문자,의,89 8C,379,8A A1,82 AF,0x07CFF | 0x07D00,Japanese Disk D original at direct table raw destination
1731,E061~E062,전각 공백,␠,81 40,,81 40,82 CD,0x07D01 | 0x07D02,Japanese Disk D original at direct table raw destination
1732,E063~E064,한글 문자,명,88 DE,217,89 BB,81 41,0x07D03 | 0x07D04,Japanese Disk D original at direct table raw destination
1733,E065~E066,한글 문자,령,88 C3,181,89 97,82 BD,0x07D05 | 0x07D06,Japanese Disk D original at direct table raw destination
1734,E067~E068,한글 문자,이,89 8D,380,8A A2,82 C6,0x07D07 | 0x07D08,Japanese Disk D original at direct table raw destination
1735,E069~E06A,한글 문자,라,88 B6,159,89 81,82 A6,0x07D09 | 0x07D0A,Japanese Disk D original at direct table raw destination
1736,E06B~E06C,한글 문자,도,82 F1,125,89 5E,83 94,0x07D0B | 0x07D0C,Japanese Disk D original at direct table raw destination
1737,E06D~E06E,전각 공백,␠,81 40,,81 40,83 40,0x07D0D | 0x07D0E,Japanese Disk D original at direct table raw destination
1738,E06F~E070,한글 문자,절,89 9E,402,8A B8,83 8A,0x07D0F | 0x07D10,Japanese Disk D original at direct table raw destination
1739,E071~E072,한글 문자,대,82 EC,118,89 57,83 41,0x07D11 | 0x07D12,Japanese Disk D original at direct table raw destination
1740,E073~E074,전각 공백,␠,81 40,,81 40,97 6C,0x07D13 | 0x07D14,Japanese Disk D original at direct table raw destination
1741,E075~E076,한글 문자,따,8A 68,147,89 74,82 CC,0x07D15 | 0x07D16,Japanese Disk D original at direct table raw destination
1742,E077~E078,한글 문자,를,88 CA,192,89 A2,82 B2,0x07D17 | 0x07D18,Japanese Disk D original at direct table raw destination
1743,E079~E07A,전각 공백,␠,81 40,,81 40,96 BD,0x07D19 | 0x07D1A,Japanese Disk D original at direct table raw destination
1744,E07B~E07C,한글 문자,수,89 54,288,8A 45,97 DF,0x07D1B | 0x07D1C,Japanese Disk D original at direct table raw destination
1745,E07D~E07E,전각 공백,␠,81 40,,81 40,82 C6,0x07D1D | 0x07D1E,Japanese Disk D original at direct table raw destination
1746,E07F~E080,한글 문자,없,89 6E,330,8A 6F,82 A0,0x07D1F | 0x07D20,Japanese Disk D original at direct table raw destination
1747,E081~E082,한글 문자,습,89 58,296,8A 4D,82 C1,0x07D21 | 0x07D22,Japanese Disk D original at direct table raw destination
1748,E083~E084,한글 문자,니,82 E4,108,89 4D,82 C4,0x07D23 | 0x07D24,Japanese Disk D original at direct table raw destination
1749,E085~E086,한글 문자,다,82 E7,111,89 50,82 E0,0x07D25 | 0x07D26,Japanese Disk D original at direct table raw destination
1750,E087~E088,문장부호,。,81 42,,81 42,95 B7,0x07D27 | 0x07D28,Japanese Disk D original at direct table raw destination
1751,E089~E08A,한글 문자,정,89 A0,404,8A BA,82 AD,0x07D29 | 0x07D2A,Japanese Disk D original at direct table raw destination
1752,E08B~E08C,한글 문자,그,82 BD,49,88 CF,82 ED,0x07D2B | 0x07D2C,Japanese Disk D original at direct table raw destination
1753,E08D~E08E,한글 문자,리,88 CC,194,89 A4,82 AF,0x07D2D | 0x07D2E,Japanese Disk D original at direct table raw destination
1754,E08F~E090,한글 문자,하,89 E2,521,8B 72,82 C9,0x07D2F | 0x07D30,Japanese Disk D original at direct table raw destination
1755,E091~E092,한글 문자,시,89 5A,298,8A 4F,82 CD,0x07D31 | 0x07D32,Japanese Disk D original at direct table raw destination
1756,E093~E094,한글 문자,겠,82 AC,20,88 B2,82 DC,0x07D33 | 0x07D34,Japanese Disk D original at direct table raw destination
1757,E095~E096,한글 문자,다,82 E7,111,89 50,82 A2,0x07D35 | 0x07D36,Japanese Disk D original at direct table raw destination
1758,E097~E098,한글 문자,면,88 DC,215,89 B9,82 E8,0x07D37 | 0x07D38,Japanese Disk D original at direct table raw destination
1759,E099~E09A,문장부호,、,81 41,,81 41,82 DC,0x07D39 | 0x07D3A,Japanese Disk D original at direct table raw destination
1760,E09B~E09C,한글 문자,여,89 72,335,8A 74,82 B9,0x07D3B | 0x07D3C,Japanese Disk D original at direct table raw destination
1761,E09D~E09E,한글 문자,왕,89 7C,352,8A 86,82 F1,0x07D3D | 0x07D3E,Japanese Disk D original at direct table raw destination
1762,E09F~E0A0,한글 문자,님,82 E6,110,89 4F,81 42,0x07D3F | 0x07D40,Japanese Disk D original at direct table raw destination
1763,E0A1~E0A2,한글 문자,을,89 8A,376,8A 9E,82 C7,0x07D41 | 0x07D42,Japanese Disk D original at direct table raw destination
1764,E0A3~E0A4,전각 공백,␠,81 40,,81 40,82 A4,0x07D43 | 0x07D44,Japanese Disk D original at direct table raw destination
1765,E0A5~E0A6,한글 문자,가,82 9F,1,88 9F,82 B5,0x07D45 | 0x07D46,Japanese Disk D original at direct table raw destination
1766,E0A7~E0A8,한글 문자,두,88 A5,135,89 68,82 C4,0x07D47 | 0x07D48,Japanese Disk D original at direct table raw destination
1767,E0A9~E0AA,한글 문자,어,89 6C,325,8A 6A,82 E0,0x07D49 | 0x07D4A,Japanese Disk D original at direct table raw destination
1768,E0AB~E0AC,한글 문자,서,89 49,272,89 F2,82 C6,0x07D4B | 0x07D4C,Japanese Disk D original at direct table raw destination
1769,E0AD~E0AE,한글 문자,라,88 B6,159,89 81,8C BE,0x07D4D | 0x07D4E,Japanese Disk D original at direct table raw destination
1770,E0AF~E0B0,한글 문자,도,82 F1,125,89 5E,82 A4,0x07D4F | 0x07D50,Japanese Disk D original at direct table raw destination
1771,E0B1~E0B2,전각 공백,␠,81 40,,81 40,82 CC,0x07D51 | 0x07D52,Japanese Disk D original at direct table raw destination
1772,E0B3~E0B4,한글 문자,막,8A 44,201,89 AB,82 C8,0x07D53 | 0x07D54,Japanese Disk D original at direct table raw destination
1773,E0B5~E0B6,한글 문자,겠,82 AC,20,88 B2,82 E7,0x07D55 | 0x07D56,Japanese Disk D original at direct table raw destination
1774,E0B7~E0B8,한글 문자,습,89 58,296,8A 4D,81 41,0x07D57 | 0x07D58,Japanese Disk D original at direct table raw destination
1775,E0B9~E0BA,한글 문자,니,82 E4,108,89 4D,82 A0,0x07D59 | 0x07D5A,Japanese Disk D original at direct table raw destination
1776,E0BB~E0BC,한글 문자,다,82 E7,111,89 50,82 C8,0x07D5B | 0x07D5C,Japanese Disk D original at direct table raw destination
1777,E0BD~E0BE,문장부호,。,81 42,,81 42,82 BD,0x07D5D | 0x07D5E,Japanese Disk D original at direct table raw destination
1778,E0BF~E0C0,전각 공백,␠,81 40,,81 40,97 6C,0x07D5F | 0x07D60,Japanese Disk D original at direct table raw destination
1785,E0C8~E0C9,한글 문자,그,82 BD,49,88 CF,F0 92,0x07D68 | 0x07D69,Japanese Disk D original at direct table raw destination
1786,E0CA~E0CB,한글 문자,렇,8A 6C,176,89 92,44 82,0x07D6A | 0x07D6B,Japanese Disk D original at direct table raw destination
1787,E0CC~E0CD,한글 문자,다,82 E7,111,89 50,C1 82,0x07D6C | 0x07D6D,Japanese Disk D original at direct table raw destination
1788,E0CE~E0CF,한글 문자,면,88 DC,215,89 B9,C4 82,0x07D6E | 0x07D6F,Japanese Disk D original at direct table raw destination
1789,E0D0~E0D1,전각 공백,␠,81 40,,81 40,C5 82,0x07D70 | 0x07D71,Japanese Disk D original at direct table raw destination
1790,E0D2~E0D3,한글 문자,저,89 9B,399,8A B5,E0 81,0x07D72 | 0x07D73,Japanese Disk D original at direct table raw destination
1791,E0D4~E0D5,한글 문자,더,82 ED,119,89 58,41 91,0x07D74 | 0x07D75,Japanese Disk D original at direct table raw destination
1792,E0D6~E0D7,한글 문자,러,88 BB,170,89 8C,6A 8E,0x07D76 | 0x07D77,Japanese Disk D original at direct table raw destination
1793,E0D8~E0D9,전각 공백,␠,81 40,,81 40,7E 82,0x07D78 | 0x07D79,Japanese Disk D original at direct table raw destination
1794,E0DA~E0DB,한글 문자,홀,8A 81,544,8B 8A,A2 82,0x07D7A | 0x07D7B,Japanese Disk D original at direct table raw destination
1795,E0DC~E0DD,한글 문자,로,88 C5,183,89 99,BD 82,0x07D7C | 0x07D7D,Japanese Disk D original at direct table raw destination
1796,E0DE~E0DF,전각 공백,␠,81 40,,81 40,B5 82,0x07D7E | 0x07D7F,Japanese Disk D original at direct table raw destination
1797,E0E0~E0E1,한글 문자,싸,89 5E,304,8A 55,DC 82,0x07D80 | 0x07D81,Japanese Disk D original at direct table raw destination
1798,E0E2~E0E3,한글 문자,우,89 81,360,8A 8E,B7 81,0x07D82 | 0x07D83,Japanese Disk D original at direct table raw destination
1799,E0E4~E0E5,한글 문자,고,82 B1,29,88 BB,42 61,0x07D84 | 0x07D85,Japanese Disk D original at direct table raw destination
1800,E0E6~E0E7,전각 공백,␠,81 40,,81 40,16 4C,0x07D86 | 0x07D87,Japanese Disk D original at direct table raw destination
1801,E0E8~E0E9,한글 문자,있,89 92,389,8A AB,E2 25,0x07D88 | 0x07D89,Japanese Disk D original at direct table raw destination
1802,E0EA~E0EB,한글 문자,는,82 E3,106,89 4B,2E 42,0x07D8A | 0x07D8B,Japanese Disk D original at direct table raw destination
1803,E0EC~E0ED,전각 공백,␠,81 40,,81 40,82 C5,0x07D8C | 0x07D8D,Japanese Disk D original at direct table raw destination
1804,E0EE~E0EF,한글 문자,유,89 86,371,8A 99,82 CD,0x07D8E | 0x07D8F,Japanese Disk D original at direct table raw destination
1805,E0F0~E0F1,한글 문자,코,89 C5,470,8A FC,81 41,0x07D90 | 0x07D91,Japanese Disk D original at direct table raw destination
1806,E0F2~E0F3,한글 문자,를,88 CA,192,89 A2,82 ED,0x07D92 | 0x07D93,Japanese Disk D original at direct table raw destination
1807,E0F4~E0F5,전각 공백,␠,81 40,,81 40,82 BD,0x07D94 | 0x07D95,Japanese Disk D original at direct table raw destination
1808,E0F6~E0F7,한글 문자,저,89 9B,399,8A B5,82 B5,0x07D96 | 0x07D97,Japanese Disk D original at direct table raw destination
1809,E0F8~E0F9,한글 문자,버,88 F0,242,89 D4,82 C9,0x07D98 | 0x07D99,Japanese Disk D original at direct table raw destination
1810,E0FA~E0FB,한글 문자,리,88 CC,194,89 A4,81 41,0x07D9A | 0x07D9B,Japanese Disk D original at direct table raw destination
1811,E0FC~E0FD,한글 문자,라,88 B6,159,89 81,82 BD,0x07D9C | 0x07D9D,Japanese Disk D original at direct table raw destination
1812,E0FE~E0FF,한글 문자,는,82 E3,106,89 4B,82 C1,0x07D9E | 0x07D9F,Japanese Disk D original at direct table raw destination
1813,E100~E101,전각 공백,␠,81 40,,81 40,82 BD,0x07DA0 | 0x07DA1,Japanese Disk D original at direct table raw destination
1814,E102~E103,한글 문자,말,88 D3,203,89 AD,82 D0,0x07DA2 | 0x07DA3,Japanese Disk D original at direct table raw destination
1815,E104~E105,한글 문자,인,89 8E,382,8A A4,82 C6,0x07DA4 | 0x07DA5,Japanese Disk D original at direct table raw destination
1816,E106~E107,한글 문자,가,82 9F,1,88 9F,82 E8,0x07DA6 | 0x07DA7,Japanese Disk D original at direct table raw destination
1817,E108~E109,한글 문자,요,89 80,356,8A 8A,82 C5,0x07DA8 | 0x07DA9,Japanese Disk D original at direct table raw destination
1818,E10A~E10B,문장부호,？,81 48,,81 48,90 ED,0x07DAA | 0x07DAB,Japanese Disk D original at direct table raw destination
1819,E10C~E10D,전각 공백,␠,81 40,,81 40,82 C1,0x07DAC | 0x07DAD,Japanese Disk D original at direct table raw destination
1820,E10E~E10F,한글 문자,유,89 86,371,8A 99,82 C4,0x07DAE | 0x07DAF,Japanese Disk D original at direct table raw destination
1821,E110~E111,한글 문자,코,89 C5,470,8A FC,82 A2,0x07DB0 | 0x07DB1,Japanese Disk D original at direct table raw destination
1822,E112~E113,한글 문자,가,82 9F,1,88 9F,82 E9,0x07DB2 | 0x07DB3,Japanese Disk D original at direct table raw destination
1823,E114~E115,전각 공백,␠,81 40,,81 40,97 44,0x07DB4 | 0x07DB5,Japanese Disk D original at direct table raw destination
1824,E116~E117,한글 문자,제,89 A1,405,8A BB,8E 71,0x07DB6 | 0x07DB7,Japanese Disk D original at direct table raw destination
1825,E118~E119,전각 공백,␠,81 40,,81 40,82 F0,0x07DB8 | 0x07DB9,Japanese Disk D original at direct table raw destination
1826,E11A~E11B,한글 문자,도,82 F1,125,89 5E,8C A9,0x07DBA | 0x07DBB,Japanese Disk D original at direct table raw destination
1827,E11C~E11D,한글 문자,움,89 82,363,8A 91,8E CC,0x07DBC | 0x07DBD,Japanese Disk D original at direct table raw destination
1828,E11E~E11F,한글 문자,을,89 8A,376,8A 9E,82 C4,0x07DBE | 0x07DBF,Japanese Disk D original at direct table raw destination
1829,E120~E121,전각 공백,␠,81 40,,81 40,82 EB,0x07DC0 | 0x07DC1,Japanese Disk D original at direct table raw destination
1830,E122~E123,한글 문자,간,82 A1,3,88 A1,82 C6,0x07DC2 | 0x07DC3,Japanese Disk D original at direct table raw destination
1831,E124~E125,한글 문자,절,89 9E,402,8A B8,82 A2,0x07DC4 | 0x07DC5,Japanese Disk D original at direct table raw destination
1832,E126~E127,한글 문자,히,89 F7,557,8B 97,82 A4,0x07DC6 | 0x07DC7,Japanese Disk D original at direct table raw destination
1833,E128~E129,전각 공백,␠,81 40,,81 40,82 CC,0x07DC8 | 0x07DC9,Japanese Disk D original at direct table raw destination
1834,E12A~E12B,한글 문자,바,88 E9,234,89 CC,82 C5,0x07DCA | 0x07DCB,Japanese Disk D original at direct table raw destination
1835,E12C~E12D,한글 문자,라,88 B6,159,89 81,82 B7,0x07DCC | 0x07DCD,Japanese Disk D original at direct table raw destination
1836,E12E~E12F,한글 문자,고,82 B1,29,88 BB,82 A9,0x07DCE | 0x07DCF,Japanese Disk D original at direct table raw destination
1837,E130~E131,전각 공백,␠,81 40,,81 40,81 48,0x07DD0 | 0x07DD1,Japanese Disk D original at direct table raw destination
1838,E132~E133,한글 문자,있,89 92,389,8A AB,97 44,0x07DD2 | 0x07DD3,Japanese Disk D original at direct table raw destination
1839,E134~E135,한글 문자,는,82 E3,106,89 4B,8E 71,0x07DD4 | 0x07DD5,Japanese Disk D original at direct table raw destination
1840,E136~E137,한글 문자,데,82 F0,124,89 5D,82 AA,0x07DD6 | 0x07DD7,Japanese Disk D original at direct table raw destination
1841,E138~E139,한글 문자,도,82 F1,125,89 5E,82 ED,0x07DD8 | 0x07DD9,Japanese Disk D original at direct table raw destination
1842,E13A~E13B,문장부호,、,81 41,,81 41,82 BD,0x07DDA | 0x07DDB,Japanese Disk D original at direct table raw destination
1843,E13C~E13D,한글 문자,못,88 E2,223,89 C1,82 B5,0x07DDC | 0x07DDD,Japanese Disk D original at direct table raw destination
1844,E13E~E13F,전각 공백,␠,81 40,,81 40,82 CC,0x07DDE | 0x07DDF,Japanese Disk D original at direct table raw destination
1845,E140~E141,한글 문자,본,88 F6,251,89 DD,8F 95,0x07DE0 | 0x07DE1,Japanese Disk D original at direct table raw destination
1846,E142~E143,전각 공백,␠,81 40,,81 40,82 AF,0x07DE2 | 0x07DE3,Japanese Disk D original at direct table raw destination
1847,E144~E145,한글 문자,척,8A 7D,450,8A E8,82 F0,0x07DE4 | 0x07DE5,Japanese Disk D original at direct table raw destination
1848,E146~E147,한글 문자,하,89 E2,521,8B 72,8B 81,0x07DE6 | 0x07DE7,Japanese Disk D original at direct table raw destination
1849,E148~E149,한글 문자,라,88 B6,159,89 81,82 DF,0x07DE8 | 0x07DE9,Japanese Disk D original at direct table raw destination
1850,E14A~E14B,한글 문자,는,82 E3,106,89 4B,82 C4,0x07DEA | 0x07DEB,Japanese Disk D original at direct table raw destination
1851,E14C~E14D,전각 공백,␠,81 40,,81 40,82 A2,0x07DEC | 0x07DED,Japanese Disk D original at direct table raw destination
1852,E14E~E14F,한글 문자,건,82 A7,14,88 AC,82 E9,0x07DEE | 0x07DEF,Japanese Disk D original at direct table raw destination
1853,E150~E151,한글 문자,가,82 9F,1,88 9F,82 C6,0x07DF0 | 0x07DF1,Japanese Disk D original at direct table raw destination
1854,E152~E153,한글 문자,요,89 80,356,8A 8A,82 A2,0x07DF2 | 0x07DF3,Japanese Disk D original at direct table raw destination
1855,E154~E155,문장부호,？,81 48,,81 48,82 A4,0x07DF4 | 0x07DF5,Japanese Disk D original at direct table raw destination
1856,E156~E157,전각 공백,␠,81 40,,81 40,82 CC,0x07DF6 | 0x07DF7,Japanese Disk D original at direct table raw destination
1857,E158~E159,한글 문자,아,89 60,309,8A 5A,82 C9,0x07DF8 | 0x07DF9,Japanese Disk D original at direct table raw destination
1858,E15A~E15B,한글 문자,아,89 60,309,8A 5A,81 41,0x07DFA | 0x07DFB,Japanese Disk D original at direct table raw destination
1859,E15C~E15D,문장부호,、,81 41,,81 41,8C A9,0x07DFC | 0x07DFD,Japanese Disk D original at direct table raw destination
1860,E15E~E15F,한글 문자,그,82 BD,49,88 CF,82 C4,0x07DFE | 0x07DFF,Japanese Disk D original at direct table raw destination
1861,E160~E161,한글 문자,렇,8A 6C,176,89 92,8C A9,0x07E00 | 0x07E01,Japanese Disk D original at direct table raw destination
1862,E162~E163,한글 문자,다,82 E7,111,89 50,82 CA,0x07E02 | 0x07E03,Japanese Disk D original at direct table raw destination
1863,E164~E165,한글 문자,면,88 DC,215,89 B9,82 D3,0x07E04 | 0x07E05,Japanese Disk D original at direct table raw destination
1864,E166~E167,전각 공백,␠,81 40,,81 40,82 E8,0x07E06 | 0x07E07,Japanese Disk D original at direct table raw destination
1865,E168~E169,한글 문자,저,89 9B,399,8A B5,82 F0,0x07E08 | 0x07E09,Japanese Disk D original at direct table raw destination
1866,E16A~E16B,한글 문자,는,82 E3,106,89 4B,82 B9,0x07E0A | 0x07E0B,Japanese Disk D original at direct table raw destination
1867,E16C~E16D,문장부호,・,81 45,,81 45,82 E6,0x07E0C | 0x07E0D,Japanese Disk D original at direct table raw destination
1868,E16E~E16F,문장부호,・,81 45,,81 45,82 C6,0x07E0E | 0x07E0F,Japanese Disk D original at direct table raw destination
1869,E170~E171,문장부호,・,81 45,,81 45,82 A2,0x07E10 | 0x07E11,Japanese Disk D original at direct table raw destination
1870,E172~E173,문장부호,！,81 49,,81 49,82 A4,0x07E12 | 0x07E13,Japanese Disk D original at direct table raw destination
1871,E174~E175,전각 공백,␠,81 40,,81 40,82 CC,0x07E14 | 0x07E15,Japanese Disk D original at direct table raw destination
1878,E17D~E17E,한글 문자,바,88 E9,234,89 CC,48 81,0x07E1D | 0x07E1E,Japanese Disk D original at direct table raw destination
1879,E17F~E180,한글 문자,리,88 CC,194,89 A4,40 82,0x07E1F | 0x07E20,Japanese Disk D original at direct table raw destination
1880,E181~E182,한글 문자,아,89 60,309,8A 5A,A0 82,0x07E21 | 0x07E22,Japanese Disk D original at direct table raw destination
1881,E183~E184,한글 문자,님,82 E6,110,89 4F,A0 81,0x07E23 | 0x07E24,Japanese Disk D original at direct table raw destination
1882,E185~E186,문장부호,、,81 41,,81 41,41 82,0x07E25 | 0x07E26,Japanese Disk D original at direct table raw destination
1883,E187~E188,한글 문자,그,82 BD,49,88 CF,BB 82,0x07E27 | 0x07E28,Japanese Disk D original at direct table raw destination
1884,E189~E18A,전각 공백,␠,81 40,,81 40,EA 82,0x07E29 | 0x07E2A,Japanese Disk D original at direct table raw destination
1885,E18B~E18C,한글 문자,심,8A 47,301,8A 52,C5 82,0x07E2B | 0x07E2C,Japanese Disk D original at direct table raw destination
1886,E18D~E18E,한글 문자,정,89 A0,404,8A BA,CD 82,0x07E2D | 0x07E2E,Japanese Disk D original at direct table raw destination
1887,E18F~E190,한글 문자,을,89 8A,376,8A 9E,ED 82,0x07E2F | 0x07E30,Japanese Disk D original at direct table raw destination
1888,E191~E192,전각 공백,␠,81 40,,81 40,BD 82,0x07E31 | 0x07E32,Japanese Disk D original at direct table raw destination
1889,E193~E194,한글 문자,십,8A 48,302,8A 53,B5 82,0x07E33 | 0x07E34,Japanese Disk D original at direct table raw destination
1890,E195~E196,한글 문자,분,88 FB,256,89 E2,CD 81,0x07E35 | 0x07E36,Japanese Disk D original at direct table raw destination
1891,E197~E198,전각 공백,␠,81 40,,81 40,45 81,0x07E37 | 0x07E38,Japanese Disk D original at direct table raw destination
1892,E199~E19A,한글 문자,이,89 8D,380,8A A2,45 81,0x07E39 | 0x07E3A,Japanese Disk D original at direct table raw destination
1893,E19B~E19C,한글 문자,해,89 E8,528,8B 79,45 81,0x07E3B | 0x07E3C,Japanese Disk D original at direct table raw destination
1894,E19D~E19E,한글 문자,하,89 E2,521,8B 72,49 62,0x07E3D | 0x07E3E,Japanese Disk D original at direct table raw destination
1895,E19F~E1A0,한글 문자,오,89 76,344,8A 7D,16 4C,0x07E3F | 0x07E40,Japanese Disk D original at direct table raw destination
1896,E1A1~E1A2,한글 문자,나,82 CE,74,88 E8,E2 25,0x07E41 | 0x07E42,Japanese Disk D original at direct table raw destination
1897,E1A3~E1A4,문장부호,、,81 41,,81 41,2C 43,0x07E43 | 0x07E44,Japanese Disk D original at direct table raw destination
1898,E1A5~E1A6,한글 문자,부,88 FA,255,89 E1,83 94,0x07E45 | 0x07E46,Japanese Disk D original at direct table raw destination
1899,E1A7~E1A8,한글 문자,디,88 AB,145,89 72,83 40,0x07E47 | 0x07E48,Japanese Disk D original at direct table raw destination
1900,E1A9~E1AA,전각 공백,␠,81 40,,81 40,83 8A,0x07E49 | 0x07E4A,Japanese Disk D original at direct table raw destination
1901,E1AB~E1AC,한글 문자,조,89 A3,409,8A BF,83 41,0x07E4B | 0x07E4C,Japanese Disk D original at direct table raw destination
1902,E1AD~E1AE,한글 문자,금,82 BF,53,88 D3,97 6C,0x07E4D | 0x07E4E,Japanese Disk D original at direct table raw destination
1903,E1AF~E1B0,한글 문자,만,88 D2,202,89 AC,81 41,0x07E4F | 0x07E50,Japanese Disk D original at direct table raw destination
1904,E1B1~E1B2,전각 공백,␠,81 40,,81 40,82 C7,0x07E51 | 0x07E52,Japanese Disk D original at direct table raw destination
1905,E1B3~E1B4,한글 문자,더,82 ED,119,89 58,82 A4,0x07E53 | 0x07E54,Japanese Disk D original at direct table raw destination
1906,E1B5~E1B6,전각 공백,␠,81 40,,81 40,82 A9,0x07E55 | 0x07E56,Japanese Disk D original at direct table raw destination
1907,E1B7~E1B8,한글 문자,참,8A 7C,445,8A E3,81 41,0x07E57 | 0x07E58,Japanese Disk D original at direct table raw destination
1908,E1B9~E1BA,한글 문자,아,89 60,309,8A 5A,82 A8,0x07E59 | 0x07E5A,Japanese Disk D original at direct table raw destination
1909,E1BB~E1BC,한글 문자,주,89 AA,418,8A C8,82 B1,0x07E5B | 0x07E5C,Japanese Disk D original at direct table raw destination
1910,E1BD~E1BE,한글 문자,십,8A 48,302,8A 53,82 E7,0x07E5D | 0x07E5E,Japanese Disk D original at direct table raw destination
1911,E1BF~E1C0,한글 문자,시,89 5A,298,8A 4F,82 A6,0x07E5F | 0x07E60,Japanese Disk D original at direct table raw destination
1912,E1C1~E1C2,한글 문자,오,89 76,344,8A 7D,89 BA,0x07E61 | 0x07E62,Japanese Disk D original at direct table raw destination
1913,E1C3~E1C4,문장부호,。,81 42,,81 42,82 B3,0x07E63 | 0x07E64,Japanese Disk D original at direct table raw destination
