sequence,payload,ram_address,classification,character,printed_current_bytes_hex,accepted_target_hex,current_map_row,current_map_token_hex,expected_original_hex,raw_destination_hex,direct_core_evidence,disposition
1,1,DB8D~DB8E,기존 확인 0Ch 계열 / C008 파라미터 저장,,0C 01,0C 01,,,0C 01,0x0237D | 0x0237E,파라미터 01; 다음 본류 DB8F,mapped from six runtime-analysis RAM/raw formulas
2,1,DB8F~DB93,기존 확인 0Eh 계열 / 화면·버퍼 초기화·전개,,0E 16 20 24 88,0E 16 20 24 88,,,0E 16 20 24 88,0x0237F | 0x02380 | 0x02381 | 0x02382 | 0x02383,인자 16 20 24 88; 다음 본류 DB94,mapped from six runtime-analysis RAM/raw formulas
3,1,DB94~DB99,기존 확인 05h 계열 / 영역·좌표 상태 설정·전개,,05 16 86 3A 9E 00,05 16 86 3A 9E 00,,,05 16 86 3A 9E 00,0x02384 | 0x02385 | 0x02386 | 0x02387 | 0x02388 | 0x02389,인자 16 86 3A 9E 00; 다음 본류 DB9A,mapped from six runtime-analysis RAM/raw formulas
4,1,DB9A~DB9B,기존 확인 06h 계열 / 상태 설정,,06 0E,06 0E,,,06 0E,0x0238A | 0x0238B,파라미터 0E; 다음 본류 DB9C,mapped from six runtime-analysis RAM/raw formulas
5,1,DB9C~DBA3,런타임 확인 2Bh 계열 / 기능 미확인,,2B 02 04 4D 04 04 00 88,2B 02 04 4D 04 04 00 88,,,2B 02 04 4D 04 04 00 88,0x0238C | 0x0238D | 0x0238E | 0x0238F | 0x02390 | 0x02391 | 0x02392 | 0x02393,길이 8바이트; 인자 02 04 4D 04 04 00 88; 다음 본류 DBA4,mapped from six runtime-analysis RAM/raw formulas
6,1,DBA4~DBA6,기존 확인 16h 계열 / 서브스트림 호출·전환 → E522,,16 22 E5,16 22 E5,,,16 22 E5,0x02394 | 0x02395 | 0x02396,16h 호출 → E522; 복귀 주소 DBA7,mapped from six runtime-analysis RAM/raw formulas
7,1,E522~E526,서브스트림 실행 / 기존 확인 0Fh 계열 제어토큰,,0F 02 04 05 0A,0F 02 04 05 0A,,,,,인자 02 04 05 0A; 다음 주소 E527,outside six documented raw segments
8,1,E527~E529,서브스트림 실행 / 기존 확인 16h 계열 / 서브스트림 호출·전환 → E630,,16 30 E6,16 30 E6,,,,,16h 호출 → E630; 복귀 주소 E52A,outside six documented raw segments
9,1,E630~E632,서브스트림 실행 / 기존 확인 1Eh 계열 / 간접 CALL,,1E 3C 08,1E 3C 08,,,,,호출 대상 083C; 처리 후 다음 주소 E633,outside six documented raw segments
10,1,E633~E638,서브스트림 실행 / 기존 확인 05h 계열 / 영역·좌표 상태 설정·전개,,05 16 86 3A 9E 00,05 16 86 3A 9E 00,,,,,처리 후 다음 주소 E639,outside six documented raw segments
11,1,E639~E63D,서브스트림 실행 / 기존 확인 0Eh 계열 / 화면·버퍼 초기화·전개,,0E 16 20 24 80,0E 16 20 24 80,,,,,처리 후 다음 주소 E63E,outside six documented raw segments
12,1,E63E,서브스트림 실행 / 기존 확인 17h 계열 / 서브스트림 복귀,,17,17,,,,,처리 후 E52A로 복귀,outside six documented raw segments
13,1,E52A~E52C,서브스트림 실행 / 기존 확인 13h 계열 제어토큰,,13 EF E6,13 EF E6,,,,,인자 EF E6; 다음 주소 E52D,outside six documented raw segments
14,1,E52D~E530,서브스트림 실행 / 기존 확인 14h 계열 / 버퍼·영역 처리,,14 00 16 22,14 00 16 22,,,,,인자 00 16 22; 다음 주소 E531,outside six documented raw segments
15,1,E531~E534,서브스트림 실행 / 기존 확인 14h 계열 / 버퍼·영역 처리,,14 01 3B 00,14 01 3B 00,,,,,인자 01 3B 00; 다음 주소 E535,outside six documented raw segments
16,1,E535~E538,서브스트림 실행 / 기존 확인 04h 계열 / CAA8 슬롯 포인터 설정,,04 2F E7 41,04 2F E7 41,,,,,E72F 포인터를 41h 슬롯에 설정; 다음 주소 E539,outside six documented raw segments
17,1,E539~E53C,서브스트림 실행 / 기존 확인 04h 계열 / CAA8 슬롯 포인터 설정,,04 39 E7 42,04 39 E7 42,,,,,E739 포인터를 42h 슬롯에 설정; 다음 주소 E53D,outside six documented raw segments
18,1,E53D~E540,서브스트림 실행 / 기존 확인 04h 계열 / CAA8 슬롯 포인터 설정,,04 43 E7 43,04 43 E7 43,,,,,E743 포인터를 43h 슬롯에 설정; 다음 주소 E541,outside six documented raw segments
19,1,E541~E542,서브스트림 실행 / 기존 확인 25h 계열 / CA1D 입 움직임 효과음 인덱스 설정,,25 2B,25 2B,,,,,CA1D=2B; 다음 주소 E543,outside six documented raw segments
20,1,E543,서브스트림 실행 / 기존 확인 17h 계열 / 서브스트림 복귀,,17,17,,,,,17h 복귀 → DBA7,outside six documented raw segments
21,1,DBA7~DBA9,런타임 확인 1Eh 계열 제어토큰,,1E 16 A4,1E 16 A4,,,1E 16 A4,0x02397 | 0x02398 | 0x02399,인자 16 A4; 다음 본류 DBAA,mapped from six runtime-analysis RAM/raw formulas
22,1,DBAA,기존 확인 41~50h 계열 / CAA8[0] 슬롯 실행,,41,41,,,41,0x0239A,슬롯 토큰 41; 다음 본류 DBAB,mapped from six runtime-analysis RAM/raw formulas
23,1,DBAB~DBAC,패치 슬롯 0001 | 한글 문자 | 메,메,88 DA,89 B7,213,89 B7,83 81,0x0239B | 0x0239C,원본 분석표 23번 DBAB~DBAC=83 81(メ) → 패치 DBAB~DBAC=88 DA(메); 번역 01-001/006 · 메 / 토큰 88 DA / KANJI A1C0 / 가나다순 152,mapped from six runtime-analysis RAM/raw formulas
24,1,DBAD~DBAE,패치 슬롯 0002 | 한글 문자 | 가,가,82 9F,88 9F,1,88 9F,83 4B,0x0239D | 0x0239E,원본 분석표 24번 DBAD~DBAE=83 4B(ガ) → 패치 DBAD~DBAE=82 9F(가); 번역 01-002/006 · 가 / 토큰 82 9F / KANJI 1810 / 가나다순 1,mapped from six runtime-analysis RAM/raw formulas
25,1,DBAF,기존 확인 41~50h 계열 / CAA8[1] 슬롯 실행,,42,42,,,42,0x0239F,슬롯 토큰 42; 다음 본류 DBB0,mapped from six runtime-analysis RAM/raw formulas
26,1,DBB0~DBB1,패치 슬롯 0003 | 한글 문자 | 스,스,89 56,8A 4A,293,8A 4A,83 58,0x023A0 | 0x023A1,원본 분석표 26번 DBB0~DBB1=83 58(ス) → 패치 DBB0~DBB1=89 56(스); 번역 01-003/006 · 스 / 토큰 89 56 / KANJI 6370 / 가나다순 211,mapped from six runtime-analysis RAM/raw formulas
27,1,DBB2~DBB3,기존 확인 특수부호 / ！,,81 49,81 49,,,81 49,0x023A2 | 0x023A3,Shift-JIS 81 49 = ！; JIS 212A; 다음 본류 DBB4,mapped from six runtime-analysis RAM/raw formulas
28,1,DBB4,기존 확인 61~70h 계열 / CAA8[0] 작업슬롯 비활성화,,61,61,,,61,0x023A4,비활성화 토큰 61; 다음 본류 DBB5,mapped from six runtime-analysis RAM/raw formulas
29,1,DBB5,기존 확인 61~70h 계열 / CAA8[1] 작업슬롯 비활성화,,62,62,,,62,0x023A5,비활성화 토큰 62; 다음 본류 DBB6,mapped from six runtime-analysis RAM/raw formulas
30,1,DBB6~DBB7,기존 확인 특수부호 / 전각 공백,,81 40,81 40,,,81 40,0x023A6 | 0x023A7,Shift-JIS 81 40 = 전각 공백; JIS 2121; 다음 본류 DBB8,mapped from six runtime-analysis RAM/raw formulas
31,1,DBB8~DBB9,기존 확인 특수부호 / 전각 공백,,81 40,81 40,,,81 40,0x023A8 | 0x023A9,Shift-JIS 81 40 = 전각 공백; JIS 2121; 다음 본류 DBBA,mapped from six runtime-analysis RAM/raw formulas
32,1,DBBA~DBBB,기존 확인 06h 계열 / 상태 설정,,06 0E,06 0E,,,06 0E,0x023AA | 0x023AB,파라미터 0E; 다음 본류 DBBC,mapped from six runtime-analysis RAM/raw formulas
33,1,DBBC~DBBE,기존 확인 16h 계열 / 서브스트림 호출·전환 → E4F4,,16 F4 E4,16 F4 E4,,,16 F4 E4,0x023AC | 0x023AD | 0x023AE,16h 호출 → E4F4; 복귀 주소 DBBF,mapped from six runtime-analysis RAM/raw formulas
34,1,E4F4~E4F8,서브스트림 실행 / 기존 확인 0Fh 계열 제어토큰,,0F 02 1A 04 0D,0F 02 1A 04 0D,,,,,인자 02 1A 04 0D; 다음 주소 E4F9,outside six documented raw segments
35,1,E4F9~E4FB,서브스트림 실행 / 기존 확인 16h 계열 / 서브스트림 호출·전환 → E630,,16 30 E6,16 30 E6,,,,,복귀 주소 E4FC,outside six documented raw segments
36,1,E630~E632,서브스트림 실행 / 기존 확인 1Eh 계열 / 간접 CALL,,1E 3C 08,1E 3C 08,,,,,호출 대상 083C; 처리 후 다음 주소 E633,outside six documented raw segments
37,1,E633~E638,서브스트림 실행 / 기존 확인 05h 계열 / 영역·좌표 상태 설정·전개,,05 16 86 3A 9E 00,05 16 86 3A 9E 00,,,,,처리 후 다음 주소 E639; 내부 16 86 3A는 인자,outside six documented raw segments
38,1,E639~E63D,서브스트림 실행 / 기존 확인 0Eh 계열 / 화면·버퍼 초기화·전개,,0E 16 20 24 80,0E 16 20 24 80,,,,,처리 후 다음 주소 E63E; 내부 16 20 24는 인자,outside six documented raw segments
39,1,E63E,서브스트림 실행 / 기존 확인 17h 계열 / 서브스트림 복귀,,17,17,,,,,17h 복귀 → E4FC,outside six documented raw segments
40,1,E4FC~E4FE,서브스트림 실행 / 기존 확인 13h 계열 제어토큰,,13 1F E7,13 1F E7,,,,,인자 1F E7; 다음 주소 E4FF,outside six documented raw segments
41,1,E4FF~E502,서브스트림 실행 / 기존 확인 14h 계열 / 버퍼·영역 처리,,14 00 16 22,14 00 16 22,,,,,인자 00 16 22; 다음 주소 E503,outside six documented raw segments
42,1,E503~E506,서브스트림 실행 / 기존 확인 14h 계열 / 버퍼·영역 처리,,14 01 3B 00,14 01 3B 00,,,,,인자 01 3B 00; 다음 주소 E507,outside six documented raw segments
43,1,E507~E50A,서브스트림 실행 / 기존 확인 04h 계열 / CAA8 슬롯 포인터 설정,,04 E3 E7 41,04 E3 E7 41,,,,,E7E3 포인터를 41h 슬롯에 설정; 다음 주소 E50B,outside six documented raw segments
44,1,E50B~E50E,서브스트림 실행 / 기존 확인 04h 계열 / CAA8 슬롯 포인터 설정,,04 ED E7 42,04 ED E7 42,,,,,E7ED 포인터를 42h 슬롯에 설정; 다음 주소 E50F,outside six documented raw segments
45,1,E50F~E512,서브스트림 실행 / 기존 확인 04h 계열 / CAA8 슬롯 포인터 설정,,04 F7 E7 44,04 F7 E7 44,,,,,E7F7 포인터를 44h 슬롯에 설정; 다음 주소 E513,outside six documented raw segments
46,1,E513~E516,서브스트림 실행 / 기존 확인 04h 계열 / CAA8 슬롯 포인터 설정,,04 15 E8 43,04 15 E8 43,,,,,E815 포인터를 43h 슬롯에 설정; 다음 주소 E517,outside six documented raw segments
47,1,E517~E51A,서브스트림 실행 / 기존 확인 04h 계열 / CAA8 슬롯 포인터 설정,,04 01 E8 45,04 01 E8 45,,,,,E801 포인터를 45h 슬롯에 설정; 다음 주소 E51B,outside six documented raw segments
48,1,E51B~E51E,서브스트림 실행 / 기존 확인 04h 계열 / CAA8 슬롯 포인터 설정,,04 0B E8 46,04 0B E8 46,,,,,E80B 포인터를 46h 슬롯에 설정; 다음 주소 E51F,outside six documented raw segments
49,1,E51F~E520,서브스트림 실행 / 기존 확인 25h 계열 / CA1D 입 움직임 효과음 인덱스 설정,,25 2D,25 2D,,,,,CA1D=2D; 다음 주소 E521,outside six documented raw segments
50,1,E521,서브스트림 실행 / 기존 확인 17h 계열 / 서브스트림 복귀,,17,17,,,,,17h 복귀 → DBBF,outside six documented raw segments
51,1,DBBF,기존 확인 41~50h 계열 / CAA8[0] 슬롯 실행,,41,41,,,41,0x023AF,슬롯 토큰 41; 다음 본류 DBC0,mapped from six runtime-analysis RAM/raw formulas
52,1,DBC0~DBC1,패치 슬롯 0007 | 한글 문자 | 제,제,89 A1,8A BB,405,8A BB,83 94,0x023B0 | 0x023B1,원본 분석표 52번 DBC0~DBC1=83 94(ヴ) → 패치 DBC0~DBC1=89 A1(제); 번역 02-001/031 · 제 / 토큰 89 A1 / KANJI 6430 / 가나다순 291,mapped from six runtime-analysis RAM/raw formulas
53,1,DBC2~DBC3,패치 슬롯 0008 | 한글 문자 | 법,법,8A 98,89 D7,245,89 D7,83 40,0x023B2 | 0x023B3,원본 분석표 53번 DBC2~DBC3=83 40(ァ) → 패치 DBC2~DBC3=8A 98(법); 번역 02-002/031 · 법 / 토큰 8A 98 / KANJI E780 / 가나다순 453,mapped from six runtime-analysis RAM/raw formulas
54,1,DBC4~DBC5,패치 슬롯 0009 | 한글 문자 | 이,이,89 8D,8A A2,380,8A A2,83 8A,0x023B4 | 0x023B5,원본 분석표 54번 DBC4~DBC5=83 8A(リ) → 패치 DBC4~DBC5=89 8D(이); 번역 02-003/031 · 이 / 토큰 89 8D / KANJI E2D0 / 가나다순 268,mapped from six runtime-analysis RAM/raw formulas
55,1,DBC6~DBC7,패치 슬롯 0010 | 한글 문자 | 구,구,82 B7,88 C7,41,88 C7,83 58,0x023B6 | 0x023B7,원본 분석표 55번 DBC6~DBC7=83 58(ス) → 패치 DBC6~DBC7=82 B7(구); 번역 02-004/031 · 구 / 토큰 82 B7 / KANJI 1990 / 가나다순 28,mapped from six runtime-analysis RAM/raw formulas
56,1,DBC8~DBC9,패치 슬롯 0011 | 한글 문자 | 나,나,82 CE,88 E8,74,88 E8,82 CC,0x023B8 | 0x023B9,원본 분석표 56번 DBC8~DBC9=82 CC(の) → 패치 DBC8~DBC9=82 CE(나); 번역 02-005/031 · 나 / 토큰 82 CE / KANJI 2900 / 가나다순 52,mapped from six runtime-analysis RAM/raw formulas
57,1,DBCA~DBCB,패치 슬롯 0012 | 문장부호 | 、,、,81 41,81 41,,81 41,90 ED,0x023BA | 0x023BB,원본 분석표 57번 DBCA~DBCB=90 ED(戦) → 패치 DBCA~DBCB=81 41(、); 번역 02-006/031 · 、 / 토큰 81 41 / PC-88 전각 쉼표 토큰,mapped from six runtime-analysis RAM/raw formulas
58,1,DBCC~DBCD,패치 슬롯 0013 | 한글 문자 | 바,바,88 E9,89 CC,234,89 CC,8E 6D,0x023BC | 0x023BD,원본 분석표 58번 DBCC~DBCD=8E 6D(士) → 패치 DBCC~DBCD=88 E9(바); 번역 02-007/031 · 바 / 토큰 88 E9 / KANJI E0B0 / 가나다순 168,mapped from six runtime-analysis RAM/raw formulas
59,1,DBCE~DBCF,패치 슬롯 0014 | 한글 문자 | 리,리,88 CC,89 A4,194,89 A4,82 E6,0x023BE | 0x023BF,원본 분석표 59번 DBCE~DBCF=82 E6(よ) → 패치 DBCE~DBCF=88 CC(리); 번역 02-008/031 · 리 / 토큰 88 CC / KANJI A0E0 / 가나다순 137,mapped from six runtime-analysis RAM/raw formulas
60,1,DBD0~DBD1,패치 슬롯 0015 | 한글 문자 | 스,스,89 56,8A 4A,293,8A 4A,81 42,0x023C0 | 0x023C1,원본 분석표 60번 DBD0~DBD1=81 42(。) → 패치 DBD0~DBD1=89 56(스); 번역 02-009/031 · 스 / 토큰 89 56 / KANJI 6370 / 가나다순 211,mapped from six runtime-analysis RAM/raw formulas
61,1,DBD2~DBD3,패치 슬롯 0016 | 한글 문자 | 의,의,89 8C,8A A1,379,8A A1,82 C8,0x023C2 | 0x023C3,원본 분석표 61번 DBD2~DBD3=82 C8(な) → 패치 DBD2~DBD3=89 8C(의); 번역 02-010/031 · 의 / 토큰 89 8C / KANJI E2C0 / 가나다순 267,mapped from six runtime-analysis RAM/raw formulas
62,1,DBD4~DBD5,패치 슬롯 0017 | 전각 공백 | ␠,␠,81 40,81 40,,81 40,82 A9,0x023C4 | 0x023C5,원본 분석표 62번 DBD4~DBD5=82 A9(か) → 패치 DBD4~DBD5=81 40(␠); 번역 02-011/031 · ␠ / 토큰 81 40 / PC-88 전각 공백 토큰,mapped from six runtime-analysis RAM/raw formulas
63,1,DBD6~DBD7,패치 슬롯 0018 | 한글 문자 | 전,전,89 9D,8A B7,401,8A B7,82 C8,0x023C6 | 0x023C7,원본 분석표 63번 DBD6~DBD7=82 C8(な) → 패치 DBD6~DBD7=89 9D(전); 번역 02-012/031 · 전 / 토큰 89 9D / KANJI E3D0 / 가나다순 287,mapped from six runtime-analysis RAM/raw formulas
64,1,DBD8~DBD9,패치 슬롯 0019 | 한글 문자 | 사,사,89 43,89 EB,265,89 EB,82 A9,0x023C8 | 0x023C9,원본 분석표 64번 DBD8~DBD9=82 A9(か) → 패치 DBD8~DBD9=89 43(사); 번역 02-013/031 · 사 / 토큰 89 43 / KANJI 6240 / 가나다순 191,mapped from six runtime-analysis RAM/raw formulas
65,1,DBDA~DBDB,패치 슬롯 0020 | 한글 문자 | 여,여,89 72,8A 74,335,8A 74,82 E2,0x023CA | 0x023CB,원본 분석표 65번 DBDA~DBDB=82 E2(や) → 패치 DBDA~DBDB=89 72(여); 번역 02-014/031 · 여 / 토큰 89 72 / KANJI A330 / 가나다순 241,mapped from six runtime-analysis RAM/raw formulas
66,1,DBDC~DBDD,패치 슬롯 0021 | 문장부호 | 。,。,81 42,81 42,,81 42,82 E9,0x023CC | 0x023CD,원본 분석표 66번 DBDC~DBDD=82 E9(る) → 패치 DBDC~DBDD=81 42(。); 번역 02-015/031 · 。 / 토큰 81 42 / PC-88 전각 마침표 토큰,mapped from six runtime-analysis RAM/raw formulas
67,1,DBDE,기존 확인 41~50h 계열 / CAA8[3] 슬롯 실행,,44,44,,,82,0x023CE,원본 분석표 69번 DBE2 → 현재 DBDE; 슬롯 토큰 44; 다음 본류 DBE3,mapped from six runtime-analysis RAM/raw formulas
68,1,DBDF~DBE0,패치 슬롯 0022 | 한글 문자 | 상,상,89 47,89 EF,269,89 EF,C8 81,0x023CF | 0x023D0,원본 분석표 70번 DBE3~DBE4=82 D9(ほ) → 패치 DBDF~DBE0=89 47(상); 번역 02-016/031 · 상 / 토큰 89 47 / KANJI 6280 / 가나다순 195,mapped from six runtime-analysis RAM/raw formulas
69,1,DBE1~DBE2,패치 슬롯 0023 | 한글 문자 | 으,으,89 88,8A 9B,373,8A 9B,42 44,0x023D1 | 0x023D2,원본 분석표 71번 DBE5~DBE6=82 A4(う) → 패치 DBE1~DBE2=89 88(으); 번역 02-017/031 · 으 / 토큰 89 88 / KANJI E280 / 가나다순 263,mapped from six runtime-analysis RAM/raw formulas
70,1,DBE3~DBE4,패치 슬롯 0024 | 한글 문자 | 로,로,88 C5,89 99,183,89 99,82 D9,0x023D3 | 0x023D4,원본 분석표 72번 DBE7~DBE8=82 D1(び) → 패치 DBE3~DBE4=88 C5(로); 번역 02-018/031 · 로 / 토큰 88 C5 / KANJI A070 / 가나다순 130,mapped from six runtime-analysis RAM/raw formulas
71,1,DBE5~DBE6,패치 슬롯 0025 | 한글 문자 | 재,재,89 9A,8A B4,398,8A B4,82 A4,0x023D5 | 0x023D6,원본 분석표 74번 DBEB~DBEC=82 A8(お) → 패치 DBE5~DBE6=89 9A(재); 번역 02-019/031 · 재 / 토큰 89 9A / KANJI E3A0 / 가나다순 284,mapped from six runtime-analysis RAM/raw formulas
72,1,DBE7~DBE8,패치 슬롯 0026 | 한글 문자 | 미,미,88 E7,89 C9,231,89 C9,82 D1,0x023D7 | 0x023D8,원본 분석표 75번 DBED~DBEE=82 E0(も) → 패치 DBE7~DBE8=88 E7(미); 번역 02-020/031 · 미 / 토큰 88 E7 / KANJI E090 / 가나다순 166,mapped from six runtime-analysis RAM/raw formulas
73,1,DBE9~DBEA,패치 슬롯 0027 | 한글 문자 | 있,있,89 92,8A AB,389,8A AB,82 C9,0x023D9 | 0x023DA,원본 분석표 76번 DBEF~DBF0=82 B5(し) → 패치 DBE9~DBEA=89 92(있); 번역 02-021/031 · 있 / 토큰 89 92 / KANJI E320 / 가나다순 276,mapped from six runtime-analysis RAM/raw formulas
74,1,DBEB~DBEC,패치 슬롯 0028 | 한글 문자 | 는,는,82 E3,89 4B,106,89 4B,82 A8,0x023DB | 0x023DC,원본 분석표 77번 DBF1~DBF2=82 EB(ろ) → 패치 DBEB~DBEC=82 E3(는); 번역 02-022/031 · 는 / 토큰 82 E3 / KANJI 3850 / 가나다순 74,mapped from six runtime-analysis RAM/raw formulas
75,1,DBED~DBEE,패치 슬롯 0029 | 전각 공백 | ␠,␠,81 40,81 40,,81 40,82 E0,0x023DD | 0x023DE,원본 분석표 78번 DBF3~DBF4=82 A2(い) → 패치 DBED~DBEE=81 40(␠); 번역 02-023/031 · ␠ / 토큰 81 40 / PC-88 전각 공백 토큰,mapped from six runtime-analysis RAM/raw formulas
76,1,DBEF~DBF0,패치 슬롯 0030 | 한글 문자 | 것,것,82 AA,88 B0,18,88 B0,82 B5,0x023DF | 0x023E0,원본 분석표 79번 DBF5~DBF6=82 E0(も) → 패치 DBEF~DBF0=82 AA(것); 번역 02-024/031 · 것 / 토큰 82 AA / KANJI 18C0 / 가나다순 12,mapped from six runtime-analysis RAM/raw formulas
77,1,DBF1~DBF2,패치 슬롯 0031 | 한글 문자 | 을,을,89 8A,8A 9E,376,8A 9E,82 EB,0x023E1 | 0x023E2,원본 분석표 80번 DBF7~DBF8=82 CC(の) → 패치 DBF1~DBF2=89 8A(을); 번역 02-025/031 · 을 / 토큰 89 8A / KANJI E2A0 / 가나다순 265,mapped from six runtime-analysis RAM/raw formulas
78,1,DBF3~DBF4,패치 슬롯 0032 | 전각 공백 | ␠,␠,81 40,81 40,,81 40,82 A2,0x023E3 | 0x023E4,원본 분석표 81번 DBF9~DBFA=82 F0(を) → 패치 DBF3~DBF4=81 40(␠); 번역 02-026/031 · ␠ / 토큰 81 40 / PC-88 전각 공백 토큰,mapped from six runtime-analysis RAM/raw formulas
79,1,DBF5~DBF6,패치 슬롯 0033 | 한글 문자 | 보,보,88 F4,89 DB,249,89 DB,82 E0,0x023E5 | 0x023E6,원본 분석표 82번 DBFB~DBFC=8C A9(見) → 패치 DBF5~DBF6=88 F4(보); 번역 02-027/031 · 보 / 토큰 88 F4 / KANJI E160 / 가나다순 179,mapped from six runtime-analysis RAM/raw formulas
80,1,DBF7~DBF8,패치 슬롯 0034 | 한글 문자 | 여,여,89 72,8A 74,335,8A 74,82 CC,0x023E7 | 0x023E8,원본 분석표 83번 DBFD~DBFE=82 B9(せ) → 패치 DBF7~DBF8=89 72(여); 번역 02-028/031 · 여 / 토큰 89 72 / KANJI A330 / 가나다순 241,mapped from six runtime-analysis RAM/raw formulas
81,1,DBF9,기존 확인 41~50h 계열 / CAA8[4] 슬롯 실행,,45,45,,,82,0x023E9,원본 분석표 85번 DC01 → 현재 DBF9; 슬롯 토큰 45; 다음 본류 DC02,mapped from six runtime-analysis RAM/raw formulas
82,1,DBFA~DBFB,패치 슬롯 0035 | 한글 문자 | 주,주,89 AA,8A C8,418,8A C8,F0 8C,0x023EA | 0x023EB,원본 분석표 86번 DC02~DC03=82 E2(や) → 패치 DBFA~DBFB=89 AA(주); 번역 02-029/031 · 주 / 토큰 89 AA / KANJI 64C0 / 가나다순 300,mapped from six runtime-analysis RAM/raw formulas
83,1,DBFC~DBFD,패치 슬롯 0036 | 한글 문자 | 마,마,88 D1,89 AA,200,89 AA,A9 82,0x023EC | 0x023ED,원본 분석표 87번 DC04~DC05=82 EB(ろ) → 패치 DBFC~DBFD=88 D1(마); 번역 02-030/031 · 마 / 토큰 88 D1 / KANJI A130 / 가나다순 142,mapped from six runtime-analysis RAM/raw formulas
84,1,DBFE~DBFF,패치 슬롯 0037 | 문장부호 | 。,。,81 42,81 42,,81 42,B9 82,0x023EE | 0x023EF,원본 분석표 89번 DC08~DC09 → 현재 DBFE~DBFF; 번역 02-031/031 · 。 / 토큰 81 42 / PC-88 전각 마침표 토큰,mapped from six runtime-analysis RAM/raw formulas
85,1,DC00,기존 확인 61~70h 계열 / CAA8[0] 작업슬롯 비활성화,,61,61,,,C4,0x02400,원본 분석표 90번 DC0A → 현재 DC00; 비활성화 토큰 61; 다음 본류 DC0B,mapped from six runtime-analysis RAM/raw formulas
86,1,DC01,기존 확인 41~50h 계열 / CAA8[1] 슬롯 실행,,42,42,,,45,0x02401,원본 분석표 91번 DC0B → 현재 DC01; 슬롯 토큰 42; 다음 본류 DC0C,mapped from six runtime-analysis RAM/raw formulas
87,1,DC02,기존 확인 61~70h 계열 / CAA8[1] 작업슬롯 비활성화,,62,62,,,82,0x02402,원본 분석표 92번 DC0C → 현재 DC02; 비활성화 토큰 62; 다음 본류 DC0D,mapped from six runtime-analysis RAM/raw formulas
88,1,DC03~DC05,기존 확인 16h 계열 / 서브스트림 호출·전환 → E522,,16 22 E5,16 22 E5,,,E2 82 EB,0x02403 | 0x02404 | 0x02405,원본 분석표 93번 DC0D~DC0F → 현재 DC03~DC05; 16h 호출 → E522; 복귀 주소 DC10,mapped from six runtime-analysis RAM/raw formulas
89,1,E522~E526,서브스트림 실행 / 기존 확인 0Fh 계열 제어토큰,,0F 02 04 05 0A,0F 02 04 05 0A,,,,,인자 02 04 05 0A; 다음 주소 E527,outside six documented raw segments
90,1,E527~E529,서브스트림 실행 / 기존 확인 16h 계열 / 서브스트림 호출·전환 → E630,,16 30 E6,16 30 E6,,,,,복귀 주소 E52A,outside six documented raw segments
91,1,E630~E632,서브스트림 실행 / 기존 확인 1Eh 계열 / 간접 CALL,,1E 3C 08,1E 3C 08,,,,,호출 대상 083C; 처리 후 다음 주소 E633,outside six documented raw segments
92,1,E633~E638,서브스트림 실행 / 기존 확인 05h 계열 / 영역·좌표 상태 설정·전개,,05 16 86 3A 9E 00,05 16 86 3A 9E 00,,,,,처리 후 다음 주소 E639; 내부 16 86 3A는 인자,outside six documented raw segments
93,1,E639~E63D,서브스트림 실행 / 기존 확인 0Eh 계열 / 화면·버퍼 초기화·전개,,0E 16 20 24 80,0E 16 20 24 80,,,,,처리 후 다음 주소 E63E; 내부 16 20 24는 인자,outside six documented raw segments
94,1,E63E,서브스트림 실행 / 기존 확인 17h 계열 / 서브스트림 복귀,,17,17,,,,,17h 복귀 → E52A,outside six documented raw segments
95,1,E52A~E52C,서브스트림 실행 / 기존 확인 13h 계열 제어토큰,,13 EF E6,13 EF E6,,,,,인자 EF E6; 다음 주소 E52D,outside six documented raw segments
96,1,E52D~E530,서브스트림 실행 / 기존 확인 14h 계열 / 버퍼·영역 처리,,14 00 16 22,14 00 16 22,,,,,인자 00 16 22; 다음 주소 E531,outside six documented raw segments
97,1,E531~E534,서브스트림 실행 / 기존 확인 14h 계열 / 버퍼·영역 처리,,14 01 3B 00,14 01 3B 00,,,,,인자 01 3B 00; 다음 주소 E535,outside six documented raw segments
98,1,E535~E538,서브스트림 실행 / 기존 확인 04h 계열 / CAA8 슬롯 포인터 설정,,04 2F E7 41,04 2F E7 41,,,,,E72F 포인터를 41h 슬롯에 설정; 다음 주소 E539,outside six documented raw segments
99,1,E539~E53C,서브스트림 실행 / 기존 확인 04h 계열 / CAA8 슬롯 포인터 설정,,04 39 E7 42,04 39 E7 42,,,,,E739 포인터를 42h 슬롯에 설정; 다음 주소 E53D,outside six documented raw segments
100,1,E53D~E540,서브스트림 실행 / 기존 확인 04h 계열 / CAA8 슬롯 포인터 설정,,04 43 E7 43,04 43 E7 43,,,,,E743 포인터를 43h 슬롯에 설정; 다음 주소 E541,outside six documented raw segments
101,1,E541~E542,서브스트림 실행 / 기존 확인 25h 계열 / CA1D 입 움직임 효과음 인덱스 설정,,25 2B,25 2B,,,,,CA1D=2B; 다음 주소 E543,outside six documented raw segments
102,1,E543,서브스트림 실행 / 기존 확인 17h 계열 / 서브스트림 복귀,,17,17,,,,,17h 복귀 → DC10,outside six documented raw segments
103,1,DC06,기존 확인 41~50h 계열 / CAA8[2] 슬롯 실행,,43,43,,,82,0x02406,원본 분석표 108번 DC10 → 현재 DC06; 슬롯 토큰 43; 다음 본류 DC11,mapped from six runtime-analysis RAM/raw formulas
104,1,DC07~DC08,패치 슬롯 0038 | 문장부호 | ！,！,81 49,81 49,,81 49,A4 81,0x02407 | 0x02408,원본 분석표 109번 DC11~DC12 → 현재 DC07~DC08; 번역 03-001/002 · ！ / 토큰 81 49 / PC-88 전각 느낌표 토큰,mapped from six runtime-analysis RAM/raw formulas
105,1,DC09~DC0A,패치 슬롯 0039 | 문장부호 | ？,？,81 48,81 48,,81 48,42 61,0x02409 | 0x0240A,원본 분석표 110번 DC13~DC14 → 현재 DC09~DC0A; 번역 03-002/002 · ？ / 토큰 81 48 / PC-88 전각 물음표 토큰,mapped from six runtime-analysis RAM/raw formulas
106,1,DC0B~DC0D,기존 확인 16h 계열 / 서브스트림 호출·전환 → E4D7,,16 D7 E4,16 D7 E4,,,42 62 16,0x0240B | 0x0240C | 0x0240D,원본 분석표 111번 DC15~DC17 → 현재 DC0B~DC0D; 16h 호출 → E4D7; 복귀 주소 DC18,mapped from six runtime-analysis RAM/raw formulas
107,1,E4D7~E4DB,서브스트림 실행 / 기존 확인 0Fh 계열 제어토큰,,0F 02 06 05 14,0F 02 06 05 14,,,,,인자 02 06 05 14; 다음 주소 E4DC,outside six documented raw segments
108,1,E4DC~E4DE,서브스트림 실행 / 기존 확인 1Eh 계열 / 간접 CALL,,1E 3C 08,1E 3C 08,,,,,호출 대상 083C; 처리 후 다음 주소 E4DF,outside six documented raw segments
109,1,E4DF~E4E4,서브스트림 실행 / 기존 확인 05h 계열 / 영역·좌표 상태 설정·전개,,05 16 86 3A 9E 03,05 16 86 3A 9E 03,,,,,처리 후 다음 주소 E4E5; 내부 16 86 3A는 인자,outside six documented raw segments
110,1,E4E5~E4E9,서브스트림 실행 / 기존 확인 0Eh 계열 / 화면·버퍼 초기화·전개,,0E 16 20 24 80,0E 16 20 24 80,,,,,처리 후 다음 주소 E4EA; 내부 16 20 24는 인자,outside six documented raw segments
111,1,E4EA~E4EC,서브스트림 실행 / 기존 확인 13h 계열 제어토큰,,13 0F E7,13 0F E7,,,,,인자 0F E7; 다음 주소 E4ED,outside six documented raw segments
112,1,E4ED~E4F0,서브스트림 실행 / 기존 확인 14h 계열 / 버퍼·영역 처리,,14 02 3B 00,14 02 3B 00,,,,,인자 02 3B 00; 다음 주소 E4F1,outside six documented raw segments
113,1,E4F1~E4F2,서브스트림 실행 / 기존 확인 25h 계열 / CA1D 입 움직임 효과음 인덱스 설정,,25 2D,25 2D,,,,,CA1D=2D; 다음 주소 E4F3,outside six documented raw segments
114,1,E4F3,서브스트림 실행 / 기존 확인 17h 계열 / 서브스트림 복귀,,17,17,,,,,17h 복귀 → DC18,outside six documented raw segments
115,1,DC0E~DC0F,런타임 확인 01h 계열 제어토큰,,01 0C,01 0C,,,22 E5,0x0240E | 0x0240F,원본 분석표 120번 DC18~DC19 → 현재 DC0E~DC0F; 인자 0C; 다음 본류 DC1A,mapped from six runtime-analysis RAM/raw formulas
116,1,DC10,런타임 확인 11h 계열 제어토큰,,11,11,,,43,0x02410,원본 분석표 121번 DC1A → 현재 DC10; 1바이트 독립 토큰; 다음 본류 DC1B,mapped from six runtime-analysis RAM/raw formulas
117,1,DC11~DC13,기존 확인 16h 계열 / 서브스트림 호출·전환 → E544,,16 44 E5,16 44 E5,,,81 49 81,0x02411 | 0x02412 | 0x02413,원본 분석표 122번 DC1B~DC1D → 현재 DC11~DC13; 16h 호출 → E544; 복귀 주소 DC1E,mapped from six runtime-analysis RAM/raw formulas
118,1,E544~E548,서브스트림 실행 / 기존 확인 0Fh 계열 제어토큰,,0F 02 0A 05 09,0F 02 0A 05 09,,,,,인자 02 0A 05 09; 다음 주소 E549,outside six documented raw segments
119,1,E549~E54B,서브스트림 실행 / 기존 확인 16h 계열 / 서브스트림 호출·전환 → E630,,16 30 E6,16 30 E6,,,,,복귀 주소 E54C,outside six documented raw segments
120,1,E630~E632,서브스트림 실행 / 기존 확인 1Eh 계열 / 간접 CALL,,1E 3C 08,1E 3C 08,,,,,호출 대상 083C; 처리 후 다음 주소 E633,outside six documented raw segments
121,1,E633~E638,서브스트림 실행 / 기존 확인 05h 계열 / 영역·좌표 상태 설정·전개,,05 16 86 3A 9E 00,05 16 86 3A 9E 00,,,,,처리 후 다음 주소 E639; 내부 16 86 3A는 인자,outside six documented raw segments
122,1,E639~E63D,서브스트림 실행 / 기존 확인 0Eh 계열 / 화면·버퍼 초기화·전개,,0E 16 20 24 80,0E 16 20 24 80,,,,,처리 후 다음 주소 E63E; 내부 16 20 24는 인자,outside six documented raw segments
123,1,E63E,서브스트림 실행 / 기존 확인 17h 계열 / 서브스트림 복귀,,17,17,,,,,17h 복귀 → E54C,outside six documented raw segments
124,1,E54C~E54E,서브스트림 실행 / 기존 확인 13h 계열 제어토큰,,13 EF E6,13 EF E6,,,,,인자 EF E6; 다음 주소 E54F,outside six documented raw segments
125,1,E54F~E552,서브스트림 실행 / 기존 확인 14h 계열 / 버퍼·영역 처리,,14 00 16 22,14 00 16 22,,,,,인자 00 16 22; 다음 주소 E553,outside six documented raw segments
126,1,E553~E556,서브스트림 실행 / 기존 확인 14h 계열 / 버퍼·영역 처리,,14 01 3B 00,14 01 3B 00,,,,,인자 01 3B 00; 다음 주소 E557,outside six documented raw segments
127,1,E557~E55A,서브스트림 실행 / 기존 확인 04h 계열 / CAA8 슬롯 포인터 설정,,04 4D E7 41,04 4D E7 41,,,,,E74D 포인터를 41h 슬롯에 설정; 다음 주소 E55B,outside six documented raw segments
128,1,E55B~E55E,서브스트림 실행 / 기존 확인 04h 계열 / CAA8 슬롯 포인터 설정,,04 57 E7 42,04 57 E7 42,,,,,E757 포인터를 42h 슬롯에 설정; 다음 주소 E55F,outside six documented raw segments
129,1,E55F~E560,서브스트림 실행 / 기존 확인 25h 계열 / CA1D 입 움직임 효과음 인덱스 설정,,25 2B,25 2B,,,,,CA1D=2B; 다음 주소 E561,outside six documented raw segments
130,1,E561,서브스트림 실행 / 기존 확인 17h 계열 / 서브스트림 복귀,,17,17,,,,,17h 복귀 → DC1E,outside six documented raw segments
131,1,DC14,기존 확인 41~50h 계열 / CAA8[0] 슬롯 실행,,41,41,,,48,0x02414,원본 분석표 136번 DC1E → 현재 DC14; 슬롯 토큰 41; 다음 본류 DC1F,mapped from six runtime-analysis RAM/raw formulas
132,1,DC15~DC16,패치 슬롯 0040 | 한글 문자 | 바,바,88 E9,89 CC,234,89 CC,16 D7,0x02415 | 0x02416,원본 분석표 137번 DC1F~DC20=83 94(ヴ) → 패치 DC15~DC16=88 E9(바); 번역 04-001/005 · 바 / 토큰 88 E9 / KANJI E0B0 / 가나다순 168,mapped from six runtime-analysis RAM/raw formulas
133,1,DC17~DC18,패치 슬롯 0041 | 한글 문자 | 리,리,88 CC,89 A4,194,89 A4,E4 01,0x02417 | 0x02418,원본 분석표 138번 DC21~DC22=83 40(ァ) → 패치 DC17~DC18=88 CC(리); 번역 04-002/005 · 리 / 토큰 88 CC / KANJI A0E0 / 가나다순 137,mapped from six runtime-analysis RAM/raw formulas
134,1,DC19,기존 확인 41~50h 계열 / CAA8[1] 슬롯 실행,,42,42,,,0C,0x02419,원본 분석표 140번 DC25 → 현재 DC19; 슬롯 토큰 42; 다음 본류 DC26,mapped from six runtime-analysis RAM/raw formulas
135,1,DC1A~DC1B,패치 슬롯 0042 | 한글 문자 | 아,아,89 60,8A 5A,309,8A 5A,11 16,0x0241A | 0x0241B,원본 분석표 141번 DC26~DC27=83 41(ア) → 패치 DC1A~DC1B=89 60(아); 번역 04-003/005 · 아 / 토큰 89 60 / KANJI A210 / 가나다순 223,mapped from six runtime-analysis RAM/raw formulas
136,1,DC1C~DC1D,패치 슬롯 0043 | 한글 문자 | 님,님,82 E6,89 4F,110,89 4F,44 E5,0x0241C | 0x0241D,원본 분석표 142번 DC28~DC29=97 6C(様) → 패치 DC1C~DC1D=82 E6(님); 번역 04-004/005 · 님 / 토큰 82 E6 / KANJI 3880 / 가나다순 77,mapped from six runtime-analysis RAM/raw formulas
137,1,DC1E~DC1F,패치 슬롯 0044 | 문장부호 | ！,！,81 49,81 49,,81 49,41 83,0x0241E | 0x0241F,원본 분석표 143번 DC2A~DC2B → 현재 DC1E~DC1F; 번역 04-005/005 · ！ / 토큰 81 49 / PC-88 전각 느낌표 토큰,mapped from six runtime-analysis RAM/raw formulas
138,1,DC20,기존 확인 61~70h 계열 / CAA8[0] 작업슬롯 비활성화,,61,61,,,94,0x02420,원본 분석표 144번 DC2C → 현재 DC20; 비활성화 토큰 61; 다음 본류 DC2D,mapped from six runtime-analysis RAM/raw formulas
139,1,DC21~DC23,기존 확인 16h 계열 / 서브스트림 호출·전환 → E4D7,,16 D7 E4,16 D7 E4,,,83 40 83,0x02421 | 0x02422 | 0x02423,원본 분석표 145번 DC2D~DC2F → 현재 DC21~DC23; 16h 호출 → E4D7; 복귀 주소 DC30,mapped from six runtime-analysis RAM/raw formulas
140,1,E4D7~E4DB,서브스트림 실행 / 기존 확인 0Fh 계열 제어토큰,,0F 02 06 05 14,0F 02 06 05 14,,,,,인자 02 06 05 14; 다음 주소 E4DC,outside six documented raw segments
141,1,E4DC~E4DE,서브스트림 실행 / 기존 확인 1Eh 계열 / 간접 CALL,,1E 3C 08,1E 3C 08,,,,,호출 대상 083C; 처리 후 다음 주소 E4DF,outside six documented raw segments
142,1,E4DF~E4E4,서브스트림 실행 / 기존 확인 05h 계열 / 영역·좌표 상태 설정·전개,,05 16 86 3A 9E 03,05 16 86 3A 9E 03,,,,,처리 후 다음 주소 E4E5; 내부 16 86 3A는 인자,outside six documented raw segments
143,1,E4E5~E4E9,서브스트림 실행 / 기존 확인 0Eh 계열 / 화면·버퍼 초기화·전개,,0E 16 20 24 80,0E 16 20 24 80,,,,,처리 후 다음 주소 E4EA; 내부 16 20 24는 인자,outside six documented raw segments
144,1,E4EA~E4EC,서브스트림 실행 / 기존 확인 13h 계열 제어토큰,,13 0F E7,13 0F E7,,,,,인자 0F E7; 다음 주소 E4ED,outside six documented raw segments
145,1,E4ED~E4F0,서브스트림 실행 / 기존 확인 14h 계열 / 버퍼·영역 처리,,14 02 3B 00,14 02 3B 00,,,,,인자 02 3B 00; 다음 주소 E4F1,outside six documented raw segments
146,1,E4F1~E4F2,서브스트림 실행 / 기존 확인 25h 계열 / CA1D 입 움직임 효과음 인덱스 설정,,25 2D,25 2D,,,,,CA1D=2D; 다음 주소 E4F3,outside six documented raw segments
147,1,E4F3,서브스트림 실행 / 기존 확인 17h 계열 / 서브스트림 복귀,,17,17,,,,,17h 복귀 → DC30,outside six documented raw segments
148,1,DC24~DC26,런타임 확인 1Eh 계열 제어토큰,,1E 72 D1,1E 72 D1,,,8A 42 83,0x02424 | 0x02425 | 0x02426,원본 분석표 154번 DC30~DC32 → 현재 DC24~DC26; 인자 72 D1; 다음 본류 DC33,mapped from six runtime-analysis RAM/raw formulas
149,1,DC27~DC2A,기존 확인 04h 계열 / CAA8 슬롯 포인터 설정,,04 1F E8 41,04 1F E8 41,,,41 97 6C 81,0x02427 | 0x02428 | 0x02429 | 0x0242A,원본 분석표 155번 DC33~DC36 → 현재 DC27~DC2A; E81F 포인터를 41h 슬롯에 설정; 다음 본류 DC37,mapped from six runtime-analysis RAM/raw formulas
150,1,DC2B,기존 확인 41~50h 계열 / CAA8[0] 슬롯 실행,,41,41,,,49,0x0242B,원본 분석표 156번 DC37 → 현재 DC2B; 슬롯 토큰 41; 다음 본류 DC38,mapped from six runtime-analysis RAM/raw formulas
151,1,DC2C~DC2D,패치 슬롯 0045 | 한글 문자 | 얌,얌,8A 9D,8A 68,323,8A 68,61 16,0x0242C | 0x0242D,원본 분석표 157번 DC38~DC39=82 A8(お) → 패치 DC2C~DC2D=8A 9D(얌); 번역 05-001/068 · 얌 / 토큰 8A 9D / KANJI E7D0 / 가나다순 458,mapped from six runtime-analysis RAM/raw formulas
152,1,DC2E~DC2F,패치 슬롯 0046 | 한글 문자 | 전,전,89 9D,8A B7,401,8A B7,D7 E4,0x0242E | 0x0242F,원본 분석표 158번 DC3A~DC3B=82 C6(と) → 패치 DC2E~DC2F=89 9D(전); 번역 05-002/068 · 전 / 토큰 89 9D / KANJI E3D0 / 가나다순 287,mapped from six runtime-analysis RAM/raw formulas
153,1,DC30~DC31,패치 슬롯 0047 | 한글 문자 | 히,히,89 F7,8B 97,557,8B 97,1E 72,0x02430 | 0x02431,원본 분석표 159번 DC3C~DC3D=82 C8(な) → 패치 DC30~DC31=89 F7(히); 번역 05-003/068 · 히 / 토큰 89 F7 / KANJI E590 / 가나다순 387,mapped from six runtime-analysis RAM/raw formulas
154,1,DC32~DC33,패치 슬롯 0048 | 전각 공백 | ␠,␠,81 40,81 40,,81 40,D1 04,0x02432 | 0x02433,원본 분석표 160번 DC3E~DC3F=82 B5(し) → 패치 DC32~DC33=81 40(␠); 번역 05-004/068 · ␠ / 토큰 81 40 / PC-88 전각 공백 토큰,mapped from six runtime-analysis RAM/raw formulas
155,1,DC34~DC35,패치 슬롯 0049 | 한글 문자 | 내,내,82 D3,88 ED,79,88 ED,1F E8,0x02434 | 0x02435,원본 분석표 161번 DC40~DC41=82 AD(く) → 패치 DC34~DC35=82 D3(내); 번역 05-005/068 · 내 / 토큰 82 D3 / KANJI 2950 / 가나다순 57,mapped from six runtime-analysis RAM/raw formulas
156,1,DC36~DC37,패치 슬롯 0050 | 전각 공백 | ␠,␠,81 40,81 40,,81 40,41 41,0x02436 | 0x02437,원본 분석표 162번 DC42~DC43=88 D3(意) → 패치 DC36~DC37=81 40(␠); 번역 05-006/068 · ␠ / 토큰 81 40 / PC-88 전각 공백 토큰,mapped from six runtime-analysis RAM/raw formulas
157,1,DC38~DC39,패치 슬롯 0051 | 한글 문자 | 뜻,뜻,88 B5,89 80,158,89 80,82 A8,0x02438 | 0x02439,원본 분석표 163번 DC44~DC45=82 CC(の) → 패치 DC38~DC39=88 B5(뜻); 번역 05-007/068 · 뜻 / 토큰 88 B5 / KANJI 6170 / 가나다순 113,mapped from six runtime-analysis RAM/raw formulas
158,1,DC3A~DC3B,패치 슬롯 0052 | 한글 문자 | 대,대,82 EC,89 57,118,89 57,82 C6,0x0243A | 0x0243B,원본 분석표 164번 DC46~DC47=82 DC(ま) → 패치 DC3A~DC3B=82 EC(대); 번역 05-008/068 · 대 / 토큰 82 EC / KANJI 38E0 / 가나다순 84,mapped from six runtime-analysis RAM/raw formulas
159,1,DC3C~DC3D,패치 슬롯 0053 | 한글 문자 | 로,로,88 C5,89 99,183,89 99,82 C8,0x0243C | 0x0243D,원본 분석표 165번 DC48~DC49=82 DC(ま) → 패치 DC3C~DC3D=88 C5(로); 번역 05-009/068 · 로 / 토큰 88 C5 / KANJI A070 / 가나다순 130,mapped from six runtime-analysis RAM/raw formulas
160,1,DC3E~DC3F,패치 슬롯 0054 | 전각 공백 | ␠,␠,81 40,81 40,,81 40,82 B5,0x0243E | 0x0243F,원본 분석표 166번 DC4A~DC4B=82 C9(に) → 패치 DC3E~DC3F=81 40(␠); 번역 05-010/068 · ␠ / 토큰 81 40 / PC-88 전각 공백 토큰,mapped from six runtime-analysis RAM/raw formulas
161,1,DC40~DC41,패치 슬롯 0055 | 한글 문자 | 따,따,8A 68,89 74,147,89 74,82 AD,0x02440 | 0x02441,원본 분석표 167번 DC4C~DC4D=82 C8(な) → 패치 DC40~DC41=8A 68(따); 번역 05-011/068 · 따 / 토큰 8A 68 / KANJI A690 / 가나다순 406,mapped from six runtime-analysis RAM/raw formulas
162,1,DC42~DC43,패치 슬롯 0056 | 한글 문자 | 랐,랐,8A 5A,89 86,164,89 86,88 D3,0x02442 | 0x02443,원본 분석표 168번 DC4E~DC4F=82 EA(れ) → 패치 DC42~DC43=8A 5A(랐); 번역 05-012/068 · 랐 / 토큰 8A 5A / KANJI 67B0 / 가나다순 392,mapped from six runtime-analysis RAM/raw formulas
163,1,DC44~DC45,패치 슬롯 0057 | 한글 문자 | 으,으,89 88,8A 9B,373,8A 9B,82 CC,0x02444 | 0x02445,원본 분석표 169번 DC50~DC51=82 CE(ば) → 패치 DC44~DC45=89 88(으); 번역 05-013/068 · 으 / 토큰 89 88 / KANJI E280 / 가나다순 263,mapped from six runtime-analysis RAM/raw formulas
164,1,DC46~DC47,패치 슬롯 0058 | 한글 문자 | 면,면,88 DC,89 B9,215,89 B9,82 DC,0x02446 | 0x02447,원본 분석표 170번 DC52~DC53=82 E6(よ) → 패치 DC46~DC47=88 DC(면); 번역 05-014/068 · 면 / 토큰 88 DC / KANJI A1E0 / 가나다순 154,mapped from six runtime-analysis RAM/raw formulas
165,1,DC48~DC49,패치 슬롯 0059 | 전각 공백 | ␠,␠,81 40,81 40,,81 40,82 DC,0x02448 | 0x02449,원본 분석표 171번 DC54~DC55=82 A2(い) → 패치 DC48~DC49=81 40(␠); 번역 05-015/068 · ␠ / 토큰 81 40 / PC-88 전각 공백 토큰,mapped from six runtime-analysis RAM/raw formulas
166,1,DC4A~DC4B,패치 슬롯 0060 | 한글 문자 | 좋,좋,89 A7,8A C4,414,8A C4,82 C9,0x0244A | 0x0244B,원본 분석표 172번 DC56~DC57=82 E0(も) → 패치 DC4A~DC4B=89 A7(좋); 번역 05-016/068 · 좋 / 토큰 89 A7 / KANJI 6490 / 가나다순 297,mapped from six runtime-analysis RAM/raw formulas
167,1,DC4C~DC4D,패치 슬롯 0061 | 한글 문자 | 았,았,89 68,8A 62,317,8A 62,82 C8,0x0244C | 0x0244D,원본 분석표 173번 DC58~DC59=82 CC(の) → 패치 DC4C~DC4D=89 68(았); 번역 05-017/068 · 았 / 토큰 89 68 / KANJI A290 / 가나다순 231,mapped from six runtime-analysis RAM/raw formulas
168,1,DC4E~DC4F,패치 슬롯 0062 | 한글 문자 | 을,을,89 8A,8A 9E,376,8A 9E,82 EA,0x0244E | 0x0244F,원본 분석표 174번 DC5A~DC5B=82 F0(を) → 패치 DC4E~DC4F=89 8A(을); 번역 05-018/068 · 을 / 토큰 89 8A / KANJI E2A0 / 가나다순 265,mapped from six runtime-analysis RAM/raw formulas
169,1,DC50~DC51,패치 슬롯 0063 | 한글 문자 | 것,것,82 AA,88 B0,18,88 B0,82 CE,0x02450 | 0x02451,편집기 추가 행; 번역 05-019/068 · 것 / 토큰 82 AA / KANJI 18C0 / 가나다순 12,mapped from six runtime-analysis RAM/raw formulas
170,1,DC52~DC53,패치 슬롯 0064 | 한글 문자 | 을,을,89 8A,8A 9E,376,8A 9E,82 E6,0x02452 | 0x02453,편집기 추가 행; 번역 05-020/068 · 을 / 토큰 89 8A / KANJI E2A0 / 가나다순 265,mapped from six runtime-analysis RAM/raw formulas
171,1,DC54~DC55,패치 슬롯 0065 | 문장부호 | 、,、,81 41,81 41,,81 41,82 A2,0x02454 | 0x02455,편집기 추가 행; 번역 05-021/068 · 、 / 토큰 81 41 / PC-88 전각 쉼표 토큰,mapped from six runtime-analysis RAM/raw formulas
172,1,DC56~DC57,패치 슬롯 0066 | 한글 문자 | 이,이,89 8D,8A A2,380,8A A2,82 E0,0x02456 | 0x02457,원본 분석표 176번 DC5E~DC5F=82 B1(こ) → 패치 DC56~DC57=89 8D(이); 번역 05-022/068 · 이 / 토큰 89 8D / KANJI E2D0 / 가나다순 268,mapped from six runtime-analysis RAM/raw formulas
173,1,DC58~DC59,패치 슬롯 0067 | 전각 공백 | ␠,␠,81 40,81 40,,81 40,82 CC,0x02458 | 0x02459,편집기 추가 행; 번역 05-023/068 · ␠ / 토큰 81 40 / PC-88 전각 공백 토큰,mapped from six runtime-analysis RAM/raw formulas
174,1,DC5A~DC5B,패치 슬롯 0068 | 한글 문자 | 메,메,88 DA,89 B7,213,89 B7,82 F0,0x0245A | 0x0245B,편집기 추가 행; 번역 05-024/068 · 메 / 토큰 88 DA / KANJI A1C0 / 가나다순 152,mapped from six runtime-analysis RAM/raw formulas
175,1,DC5C~DC5D,패치 슬롯 0069 | 한글 문자 | 가,가,82 9F,88 9F,1,88 9F,81 41,0x0245C | 0x0245D,편집기 추가 행; 번역 05-025/068 · 가 / 토큰 82 9F / KANJI 1810 / 가나다순 1,mapped from six runtime-analysis RAM/raw formulas
176,1,DC5E~DC5F,패치 슬롯 0070 | 한글 문자 | 스,스,89 56,8A 4A,293,8A 4A,82 B1,0x0245E | 0x0245F,편집기 추가 행; 번역 05-026/068 · 스 / 토큰 89 56 / KANJI 6370 / 가나다순 211,mapped from six runtime-analysis RAM/raw formulas
177,1,DC60~DC61,패치 슬롯 0071 | 한글 문자 | 를,를,88 CA,89 A2,192,89 A2,82 CC,0x02460 | 0x02461,원본 분석표 177번 DC60~DC61=82 CC(の) → 패치 DC60~DC61=88 CA(를); 번역 05-027/068 · 를 / 토큰 88 CA / KANJI A0C0 / 가나다순 135,mapped from six runtime-analysis RAM/raw formulas
178,1,DC62~DC63,패치 슬롯 0072 | 전각 공백 | ␠,␠,81 40,81 40,,81 40,83 81,0x02462 | 0x02463,원본 분석표 178번 DC62~DC63=83 81(メ) → 패치 DC62~DC63=81 40(␠); 번역 05-028/068 · ␠ / 토큰 81 40 / PC-88 전각 공백 토큰,mapped from six runtime-analysis RAM/raw formulas
179,1,DC64~DC65,패치 슬롯 0073 | 한글 문자 | 거,거,82 A6,88 AA,12,88 AA,83 4B,0x02464 | 0x02465,원본 분석표 179번 DC64~DC65=83 4B(ガ) → 패치 DC64~DC65=82 A6(거); 번역 05-029/068 · 거 / 토큰 82 A6 / KANJI 1880 / 가나다순 8,mapped from six runtime-analysis RAM/raw formulas
180,1,DC66~DC67,패치 슬롯 0074 | 한글 문자 | 스,스,89 56,8A 4A,293,8A 4A,83 58,0x02466 | 0x02467,원본 분석표 180번 DC66~DC67=83 58(ス) → 패치 DC66~DC67=89 56(스); 번역 05-030/068 · 스 / 토큰 89 56 / KANJI 6370 / 가나다순 211,mapped from six runtime-analysis RAM/raw formulas
181,1,DC68~DC69,패치 슬롯 0075 | 한글 문자 | 른,른,8A 94,89 A1,191,89 A1,82 F0,0x02468 | 0x02469,원본 분석표 181번 DC68~DC69=82 F0(を) → 패치 DC68~DC69=8A 94(른); 번역 05-031/068 · 른 / 토큰 8A 94 / KANJI E740 / 가나다순 449,mapped from six runtime-analysis RAM/raw formulas
182,1,DC6A~DC6B,패치 슬롯 0076 | 전각 공백 | ␠,␠,81 40,81 40,,81 40,8B 91,0x0246A | 0x0246B,원본 분석표 182번 DC6A~DC6B=8B 91(拒) → 패치 DC6A~DC6B=81 40(␠); 번역 05-032/068 · ␠ / 토큰 81 40 / PC-88 전각 공백 토큰,mapped from six runtime-analysis RAM/raw formulas
183,1,DC6C~DC6D,패치 슬롯 0077 | 한글 문자 | 대,대,82 EC,89 57,118,89 57,82 DD,0x0246C | 0x0246D,원본 분석표 183번 DC6C~DC6D=82 DD(み) → 패치 DC6C~DC6D=82 EC(대); 번역 05-033/068 · 대 / 토큰 82 EC / KANJI 38E0 / 가나다순 84,mapped from six runtime-analysis RAM/raw formulas
184,1,DC6E~DC6F,패치 슬롯 0078 | 한글 문자 | 가,가,82 9F,88 9F,1,88 9F,82 A8,0x0246E | 0x0246F,원본 분석표 184번 DC6E~DC6F=82 A8(お) → 패치 DC6E~DC6F=82 9F(가); 번역 05-034/068 · 가 / 토큰 82 9F / KANJI 1810 / 가나다순 1,mapped from six runtime-analysis RAM/raw formulas
185,1,DC70~DC71,패치 슬롯 0079 | 한글 문자 | 다,다,82 E7,89 50,111,89 50,82 C1,0x02470 | 0x02471,원본 분석표 185번 DC70~DC71=82 C1(っ) → 패치 DC70~DC71=82 E7(다); 번역 05-035/068 · 다 / 토큰 82 E7 / KANJI 3890 / 가나다순 78,mapped from six runtime-analysis RAM/raw formulas
186,1,DC72~DC73,패치 슬롯 0080 | 문장부호 | 。,。,81 42,81 42,,81 42,82 BD,0x02472 | 0x02473,원본 분석표 186번 DC72~DC73=82 BD(た) → 패치 DC72~DC73=81 42(。); 번역 05-036/068 · 。 / 토큰 81 42 / PC-88 전각 마침표 토큰,mapped from six runtime-analysis RAM/raw formulas
187,1,DC74~DC75,패치 슬롯 0081 | 한글 문자 | 허,허,8A C8,8B 7C,531,8B 7C,94 B1,0x02474 | 0x02475,원본 분석표 190번 DC7A~DC7B=82 BE(だ) → 패치 DC74~DC75=8A C8(허); 번역 05-037/068 · 허 / 토큰 8A C8 / KANJI A8A0 / 가나다순 501,mapped from six runtime-analysis RAM/raw formulas
188,1,DC76~DC77,패치 슬롯 0082 | 한글 문자 | 나,나,82 CE,88 E8,74,88 E8,82 BE,0x02476 | 0x02477,원본 분석표 191번 DC7C~DC7D=82 AA(が) → 패치 DC76~DC77=82 CE(나); 번역 05-038/068 · 나 / 토큰 82 CE / KANJI 2900 / 가나다순 52,mapped from six runtime-analysis RAM/raw formulas
189,1,DC78~DC79,패치 슬롯 0083 | 전각 공백 | ␠,␠,81 40,81 40,,81 40,81 42,0x02478 | 0x02479,원본 분석표 192번 DC7E~DC7F=82 DC(ま) → 패치 DC78~DC79=81 40(␠); 번역 05-039/068 · ␠ / 토큰 81 40 / PC-88 전각 공백 토큰,mapped from six runtime-analysis RAM/raw formulas
190,1,DC7A~DC7B,패치 슬롯 0084 | 한글 문자 | 아,아,89 60,8A 5A,309,8A 5A,82 BE,0x0247A | 0x0247B,원본 분석표 193번 DC80~DC81=82 BE(だ) → 패치 DC7A~DC7B=89 60(아); 번역 05-040/068 · 아 / 토큰 89 60 / KANJI A210 / 가나다순 223,mapped from six runtime-analysis RAM/raw formulas
191,1,DC7C~DC7D,패치 슬롯 0085 | 한글 문자 | 직,직,8A 4D,8A D5,431,8A D5,82 AA,0x0247C | 0x0247D,원본 분석표 194번 DC82~DC83=8E 80(死) → 패치 DC7C~DC7D=8A 4D(직); 번역 05-041/068 · 직 / 토큰 8A 4D / KANJI 66E0 / 가나다순 310,mapped from six runtime-analysis RAM/raw formulas
192,1,DC7E~DC7F,패치 슬롯 0086 | 전각 공백 | ␠,␠,81 40,81 40,,81 40,82 DC,0x0247E | 0x0247F,원본 분석표 195번 DC84~DC85=82 F1(ん) → 패치 DC7E~DC7F=81 40(␠); 번역 05-042/068 · ␠ / 토큰 81 40 / PC-88 전각 공백 토큰,mapped from six runtime-analysis RAM/raw formulas
193,1,DC80~DC81,패치 슬롯 0087 | 한글 문자 | 숨,숨,89 55,8A 47,290,8A 47,82 BE,0x02480 | 0x02481,원본 분석표 196번 DC86~DC87=82 C5(で) → 패치 DC80~DC81=89 55(숨); 번역 05-043/068 · 숨 / 토큰 89 55 / KANJI 6360 / 가나다순 210,mapped from six runtime-analysis RAM/raw formulas
194,1,DC82~DC83,패치 슬롯 0088 | 한글 문자 | 을,을,89 8A,8A 9E,376,8A 9E,8E 80,0x02482 | 0x02483,원본 분석표 197번 DC88~DC89=82 CD(は) → 패치 DC82~DC83=89 8A(을); 번역 05-044/068 · 을 / 토큰 89 8A / KANJI E2A0 / 가나다순 265,mapped from six runtime-analysis RAM/raw formulas
195,1,DC84~DC85,패치 슬롯 0089 | 전각 공백 | ␠,␠,81 40,81 40,,81 40,82 F1,0x02484 | 0x02485,원본 분석표 198번 DC8A~DC8B=82 A8(お) → 패치 DC84~DC85=81 40(␠); 번역 05-045/068 · ␠ / 토큰 81 40 / PC-88 전각 공백 토큰,mapped from six runtime-analysis RAM/raw formulas
196,1,DC86~DC87,패치 슬롯 0090 | 한글 문자 | 붙,붙,89 40,89 E5,259,89 E5,82 C5,0x02486 | 0x02487,원본 분석표 199번 DC8C~DC8D=82 E7(ら) → 패치 DC86~DC87=89 40(붙); 번역 05-046/068 · 붙 / 토큰 89 40 / KANJI 6210 / 가나다순 188,mapped from six runtime-analysis RAM/raw formulas
197,1,DC88~DC89,패치 슬롯 0091 | 한글 문자 | 어,어,89 6C,8A 6A,325,8A 6A,82 CD,0x02488 | 0x02489,원본 분석표 200번 DC8E~DC8F=82 F1(ん) → 패치 DC88~DC89=89 6C(어); 번역 05-047/068 · 어 / 토큰 89 6C / KANJI A2D0 / 가나다순 235,mapped from six runtime-analysis RAM/raw formulas
198,1,DC8A~DC8B,패치 슬롯 0092 | 전각 공백 | ␠,␠,81 40,81 40,,81 40,82 A8,0x0248A | 0x0248B,원본 분석표 201번 DC90~DC91=81 42(。) → 패치 DC8A~DC8B=81 40(␠); 번역 05-048/068 · ␠ / 토큰 81 40 / PC-88 전각 공백 토큰,mapped from six runtime-analysis RAM/raw formulas
199,1,DC8C~DC8D,패치 슬롯 0093 | 한글 문자 | 있,있,89 92,8A AB,389,8A AB,82 E7,0x0248C | 0x0248D,원본 분석표 202번 DC92~DC93=8F 95(助) → 패치 DC8C~DC8D=89 92(있); 번역 05-049/068 · 있 / 토큰 89 92 / KANJI E320 / 가나다순 276,mapped from six runtime-analysis RAM/raw formulas
200,1,DC8E~DC8F,패치 슬롯 0094 | 한글 문자 | 으,으,89 88,8A 9B,373,8A 9B,82 F1,0x0248E | 0x0248F,원본 분석표 203번 DC94~DC95=82 AF(け) → 패치 DC8E~DC8F=89 88(으); 번역 05-050/068 · 으 / 토큰 89 88 / KANJI E280 / 가나다순 263,mapped from six runtime-analysis RAM/raw formulas
201,1,DC90~DC91,패치 슬롯 0095 | 한글 문자 | 니,니,82 E4,89 4D,108,89 4D,81 42,0x02490 | 0x02491,원본 분석표 204번 DC96~DC97=82 C4(て) → 패치 DC90~DC91=82 E4(니); 번역 05-051/068 · 니 / 토큰 82 E4 / KANJI 3860 / 가나다순 75,mapped from six runtime-analysis RAM/raw formulas
202,1,DC92~DC93,패치 슬롯 0096 | 문장부호 | 、,、,81 41,81 41,,81 41,8F 95,0x02492 | 0x02493,원본 분석표 205번 DC98~DC99=97 7E(欲) → 패치 DC92~DC93=81 41(、); 번역 05-052/068 · 、 / 토큰 81 41 / PC-88 전각 쉼표 토큰,mapped from six runtime-analysis RAM/raw formulas
203,1,DC94~DC95,패치 슬롯 0097 | 한글 문자 | 살,살,89 45,89 ED,267,89 ED,82 AF,0x02494 | 0x02495,원본 분석표 206번 DC9A~DC9B=82 B5(し) → 패치 DC94~DC95=89 45(살); 번역 05-053/068 · 살 / 토큰 89 45 / KANJI 6260 / 가나다순 193,mapped from six runtime-analysis RAM/raw formulas
204,1,DC96~DC97,패치 슬롯 0098 | 한글 문자 | 리,리,88 CC,89 A4,194,89 A4,82 C4,0x02496 | 0x02497,원본 분석표 207번 DC9C~DC9D=82 AD(く) → 패치 DC96~DC97=88 CC(리); 번역 05-054/068 · 리 / 토큰 88 CC / KANJI A0E0 / 가나다순 137,mapped from six runtime-analysis RAM/raw formulas
205,1,DC98~DC99,패치 슬롯 0099 | 한글 문자 | 고,고,82 B1,88 BB,29,88 BB,97 7E,0x02498 | 0x02499,원본 분석표 208번 DC9E~DC9F=82 CE(ば) → 패치 DC98~DC99=82 B1(고); 번역 05-055/068 · 고 / 토큰 82 B1 / KANJI 1930 / 가나다순 21,mapped from six runtime-analysis RAM/raw formulas
206,1,DC9A~DC9B,패치 슬롯 0100 | 전각 공백 | ␠,␠,81 40,81 40,,81 40,82 B5,0x0249A | 0x0249B,원본 분석표 209번 DCA0~DCA1=81 41(、) → 패치 DC9A~DC9B=81 40(␠); 번역 05-056/068 · ␠ / 토큰 81 40 / PC-88 전각 공백 토큰,mapped from six runtime-analysis RAM/raw formulas
207,1,DC9C~DC9D,패치 슬롯 0101 | 한글 문자 | 싶,싶,89 5D,8A 54,303,8A 54,82 AD,0x0249C | 0x0249D,원본 분석표 210번 DCA2~DCA3=82 BD(た) → 패치 DC9C~DC9D=89 5D(싶); 번역 05-057/068 · 싶 / 토큰 89 5D / KANJI 63E0 / 가나다순 220,mapped from six runtime-analysis RAM/raw formulas
208,1,DC9E~DC9F,패치 슬롯 0102 | 한글 문자 | 다,다,82 E7,89 50,111,89 50,82 CE,0x0249E | 0x0249F,원본 분석표 211번 DCA4~DCA5=82 BE(だ) → 패치 DC9E~DC9F=82 E7(다); 번역 05-058/068 · 다 / 토큰 82 E7 / KANJI 3890 / 가나다순 78,mapped from six runtime-analysis RAM/raw formulas
209,1,DCA0~DCA1,패치 슬롯 0103 | 한글 문자 | 면,면,88 DC,89 B9,215,89 B9,81 41,0x024A0 | 0x024A1,원본 분석표 212번 DCA6~DCA7=82 BF(ち) → 패치 DCA0~DCA1=88 DC(면); 번역 05-059/068 · 면 / 토큰 88 DC / KANJI A1E0 / 가나다순 154,mapped from six runtime-analysis RAM/raw formulas
210,1,DCA2~DCA3,패치 슬롯 0104 | 전각 공백 | ␠,␠,81 40,81 40,,81 40,82 BD,0x024A2 | 0x024A3,원본 분석표 213번 DCA8~DCA9=82 C9(に) → 패치 DCA2~DCA3=81 40(␠); 번역 05-060/068 · ␠ / 토큰 81 40 / PC-88 전각 공백 토큰,mapped from six runtime-analysis RAM/raw formulas
211,1,DCA4~DCA5,패치 슬롯 0105 | 한글 문자 | 당,당,82 EB,89 56,117,89 56,82 BE,0x024A4 | 0x024A5,원본 분석표 214번 DCAA~DCAB=8D 7E(降) → 패치 DCA4~DCA5=82 EB(당); 번역 05-061/068 · 당 / 토큰 82 EB / KANJI 38D0 / 가나다순 83,mapped from six runtime-analysis RAM/raw formulas
212,1,DCA6~DCA7,패치 슬롯 0106 | 한글 문자 | 장,장,89 99,8A B3,397,8A B3,82 BF,0x024A6 | 0x024A7,원본 분석표 215번 DCAC~DCAD=95 9A(伏) → 패치 DCA6~DCA7=89 99(장); 번역 05-062/068 · 장 / 토큰 89 99 / KANJI E390 / 가나다순 283,mapped from six runtime-analysis RAM/raw formulas
213,1,DCA8~DCA9,패치 슬롯 0107 | 전각 공백 | ␠,␠,81 40,81 40,,81 40,82 C9,0x024A8 | 0x024A9,원본 분석표 216번 DCAE~DCAF=82 B7(す) → 패치 DCA8~DCA9=81 40(␠); 번역 05-063/068 · ␠ / 토큰 81 40 / PC-88 전각 공백 토큰,mapped from six runtime-analysis RAM/raw formulas
214,1,DCAA~DCAB,패치 슬롯 0108 | 한글 문자 | 항,항,89 E7,8B 78,527,8B 78,8D 7E,0x024AA | 0x024AB,원본 분석표 217번 DCB0~DCB1=82 E9(る) → 패치 DCAA~DCAB=89 E7(항); 번역 05-064/068 · 항 / 토큰 89 E7 / KANJI E490 / 가나다순 368,mapped from six runtime-analysis RAM/raw formulas
215,1,DCAC~DCAD,패치 슬롯 0109 | 한글 문자 | 복,복,88 F5,89 DC,250,89 DC,95 9A,0x024AC | 0x024AD,원본 분석표 218번 DCB2~DCB3=82 CC(の) → 패치 DCAC~DCAD=88 F5(복); 번역 05-065/068 · 복 / 토큰 88 F5 / KANJI E170 / 가나다순 180,mapped from six runtime-analysis RAM/raw formulas
216,1,DCAE~DCAF,패치 슬롯 0110 | 한글 문자 | 해,해,89 E8,8B 79,528,8B 79,82 B7,0x024AE | 0x024AF,원본 분석표 219번 DCB4~DCB5=82 BE(だ) → 패치 DCAE~DCAF=89 E8(해); 번역 05-066/068 · 해 / 토큰 89 E8 / KANJI E4A0 / 가나다순 369,mapped from six runtime-analysis RAM/raw formulas
217,1,DCB0~DCB1,패치 슬롯 0111 | 한글 문자 | 라,라,88 B6,89 81,159,89 81,82 E9,0x024B0 | 0x024B1,원본 분석표 220번 DCB6~DCB7=81 42(。) → 패치 DCB0~DCB1=88 B6(라); 번역 05-067/068 · 라 / 토큰 88 B6 / KANJI 6180 / 가나다순 114,mapped from six runtime-analysis RAM/raw formulas
218,1,DCB2~DCB3,패치 슬롯 0112 | 문장부호 | 。,。,81 42,81 42,,81 42,82 CC,0x024B2 | 0x024B3,편집기 추가 행; 번역 05-068/068 · 。 / 토큰 81 42 / PC-88 전각 마침표 토큰,mapped from six runtime-analysis RAM/raw formulas
219,1,DCB4,기존 확인 61~70h 계열 / CAA8[0] 작업슬롯 비활성화,,61,61,,,82,0x024B4,원본 분석표 221번 DCB8 → 현재 DCB4; 비활성화 토큰 61; 다음 본류 DCB9,mapped from six runtime-analysis RAM/raw formulas
220,1,DCB5~DCB7,기존 확인 16h 계열 / 서브스트림 호출·전환 → E562,,16 62 E5,16 62 E5,,,BE 81 42,0x024B5 | 0x024B6 | 0x024B7,원본 분석표 222번 DCB9~DCBB → 현재 DCB5~DCB7; 16h 호출 → E562; 복귀 주소 DCBC,mapped from six runtime-analysis RAM/raw formulas
221,1,E562~E566,서브스트림 실행 / 기존 확인 0Fh 계열 제어토큰,,0F 01 0C 05 08,0F 01 0C 05 08,,,,,인자 01 0C 05 08; 다음 주소 E567,outside six documented raw segments
222,1,E567~E569,서브스트림 실행 / 기존 확인 16h 계열 / 서브스트림 호출·전환 → E630,,16 30 E6,16 30 E6,,,,,복귀 주소 E56A,outside six documented raw segments
223,1,E630~E632,서브스트림 실행 / 기존 확인 1Eh 계열 / 간접 CALL,,1E 3C 08,1E 3C 08,,,,,호출 대상 083C; 처리 후 다음 주소 E633,outside six documented raw segments
224,1,E633~E638,서브스트림 실행 / 기존 확인 05h 계열 / 영역·좌표 상태 설정·전개,,05 16 86 3A 9E 00,05 16 86 3A 9E 00,,,,,처리 후 다음 주소 E639; 내부 16 86 3A는 인자,outside six documented raw segments
225,1,E639~E63D,서브스트림 실행 / 기존 확인 0Eh 계열 / 화면·버퍼 초기화·전개,,0E 16 20 24 80,0E 16 20 24 80,,,,,처리 후 다음 주소 E63E; 내부 16 20 24는 인자,outside six documented raw segments
226,1,E63E,서브스트림 실행 / 기존 확인 17h 계열 / 서브스트림 복귀,,17,17,,,,,17h 복귀 → E56A,outside six documented raw segments
227,1,E56A~E56C,서브스트림 실행 / 기존 확인 13h 계열 제어토큰,,13 EF E6,13 EF E6,,,,,인자 EF E6; 다음 주소 E56D,outside six documented raw segments
228,1,E56D~E570,서브스트림 실행 / 기존 확인 14h 계열 / 버퍼·영역 처리,,14 00 16 22,14 00 16 22,,,,,인자 00 16 22; 다음 주소 E571,outside six documented raw segments
229,1,E571~E574,서브스트림 실행 / 기존 확인 14h 계열 / 버퍼·영역 처리,,14 01 3B 00,14 01 3B 00,,,,,인자 01 3B 00; 다음 주소 E575,outside six documented raw segments
230,1,E575~E578,서브스트림 실행 / 기존 확인 04h 계열 / CAA8 슬롯 포인터 설정,,04 61 E7 41,04 61 E7 41,,,,,E761 포인터를 41h 슬롯에 설정; 다음 주소 E579,outside six documented raw segments
231,1,E579~E57C,서브스트림 실행 / 기존 확인 04h 계열 / CAA8 슬롯 포인터 설정,,04 6B E7 42,04 6B E7 42,,,,,E76B 포인터를 42h 슬롯에 설정; 다음 주소 E57D,outside six documented raw segments
232,1,E57D~E57E,서브스트림 실행 / 기존 확인 25h 계열 / CA1D 입 움직임 효과음 인덱스 설정,,25 2B,25 2B,,,,,CA1D=2B; 다음 주소 E57F,outside six documented raw segments
233,1,E57F,서브스트림 실행 / 기존 확인 17h 계열 / 서브스트림 복귀,,17,17,,,,,17h 복귀 → DCBC,outside six documented raw segments
234,1,DCB8,기존 확인 41~50h 계열 / CAA8[0] 슬롯 실행,,41,41,,,61,0x024B8,원본 분석표 236번 DCBC → 현재 DCB8; 슬롯 토큰 41; 다음 본류 DCBD,mapped from six runtime-analysis RAM/raw formulas
235,1,DCB9,기존 확인 41~50h 계열 / CAA8[1] 슬롯 실행,,42,42,,,16,0x024B9,원본 분석표 237번 DCBD → 현재 DCB9; 슬롯 토큰 42; 다음 본류 DCBE,mapped from six runtime-analysis RAM/raw formulas
236,1,DCBA~DCBB,패치 슬롯 0113 | 한글 문자 | 바,바,88 E9,89 CC,234,89 CC,62 E5,0x024BA | 0x024BB,원본 분석표 238번 DCBE~DCBF=83 94(ヴ) → 패치 DCBA~DCBB=88 E9(바); 번역 06-001/008 · 바 / 토큰 88 E9 / KANJI E0B0 / 가나다순 168,mapped from six runtime-analysis RAM/raw formulas
237,1,DCBC~DCBD,패치 슬롯 0114 | 한글 문자 | 리,리,88 CC,89 A4,194,89 A4,41 42,0x024BC | 0x024BD,원본 분석표 239번 DCC0~DCC1=83 40(ァ) → 패치 DCBC~DCBD=88 CC(리); 번역 06-002/008 · 리 / 토큰 88 CC / KANJI A0E0 / 가나다순 137,mapped from six runtime-analysis RAM/raw formulas
238,1,DCBE~DCBF,패치 슬롯 0115 | 한글 문자 | 아,아,89 60,8A 5A,309,8A 5A,83 94,0x024BE | 0x024BF,원본 분석표 240번 DCC2~DCC3=83 8A(リ) → 패치 DCBE~DCBF=89 60(아); 번역 06-003/008 · 아 / 토큰 89 60 / KANJI A210 / 가나다순 223,mapped from six runtime-analysis RAM/raw formulas
239,1,DCC0~DCC1,패치 슬롯 0116 | 한글 문자 | 님,님,82 E6,89 4F,110,89 4F,83 40,0x024C0 | 0x024C1,원본 분석표 241번 DCC4~DCC5=83 41(ア) → 패치 DCC0~DCC1=82 E6(님); 번역 06-004/008 · 님 / 토큰 82 E6 / KANJI 3880 / 가나다순 77,mapped from six runtime-analysis RAM/raw formulas
240,1,DCC2~DCC3,패치 슬롯 0117 | 문장부호 | ・,・,81 45,81 45,,81 45,83 8A,0x024C2 | 0x024C3,원본 분석표 243번 DCC8~DCC9 → 현재 DCC2~DCC3; 번역 06-005/008 · ・ / 토큰 81 45 / PC-88 가운데점 토큰,mapped from six runtime-analysis RAM/raw formulas
241,1,DCC4~DCC5,패치 슬롯 0118 | 문장부호 | ・,・,81 45,81 45,,81 45,83 41,0x024C4 | 0x024C5,원본 분석표 244번 DCCA~DCCB → 현재 DCC4~DCC5; 번역 06-006/008 · ・ / 토큰 81 45 / PC-88 가운데점 토큰,mapped from six runtime-analysis RAM/raw formulas
242,1,DCC6~DCC7,패치 슬롯 0119 | 문장부호 | ・,・,81 45,81 45,,81 45,97 6C,0x024C6 | 0x024C7,원본 분석표 245번 DCCC~DCCD → 현재 DCC6~DCC7; 번역 06-007/008 · ・ / 토큰 81 45 / PC-88 가운데점 토큰,mapped from six runtime-analysis RAM/raw formulas
243,1,DCC8~DCC9,패치 슬롯 0120 | 문장부호 | ！,！,81 49,81 49,,81 49,81 45,0x024C8 | 0x024C9,원본 분석표 246번 DCCE~DCCF → 현재 DCC8~DCC9; 번역 06-008/008 · ！ / 토큰 81 49 / PC-88 전각 느낌표 토큰,mapped from six runtime-analysis RAM/raw formulas
244,1,DCCA,기존 확인 61~70h 계열 / CAA8[0] 작업슬롯 비활성화,,61,61,,,81,0x024CA,원본 분석표 247번 DCD0 → 현재 DCCA; 비활성화 토큰 61; 다음 본류 DCD1,mapped from six runtime-analysis RAM/raw formulas
245,1,DCCB,기존 확인 61~70h 계열 / CAA8[1] 작업슬롯 비활성화,,62,62,,,45,0x024CB,원본 분석표 248번 DCD1 → 현재 DCCB; 비활성화 토큰 62; 다음 본류 DCD2,mapped from six runtime-analysis RAM/raw formulas
246,1,DCCC~DCCE,기존 확인 16h 계열 / 서브스트림 호출·전환 → E5FF,,16 FF E5,16 FF E5,,,81 45 81,0x024CC | 0x024CD | 0x024CE,원본 분석표 249번 DCD2~DCD4 → 현재 DCCC~DCCE; 16h 호출 → E5FF; 복귀 주소 DCD5,mapped from six runtime-analysis RAM/raw formulas
247,1,E5FF~E603,서브스트림 실행 / 기존 확인 0Fh 계열 제어토큰,,0F 04 0D 05 0B,0F 04 0D 05 0B,,,,,인자 04 0D 05 0B; 다음 주소 E604,outside six documented raw segments
248,1,E604~E606,서브스트림 실행 / 기존 확인 16h 계열 / 서브스트림 호출·전환 → E630,,16 30 E6,16 30 E6,,,,,복귀 주소 E607,outside six documented raw segments
249,1,E630~E632,서브스트림 실행 / 기존 확인 1Eh 계열 / 간접 CALL,,1E 3C 08,1E 3C 08,,,,,호출 대상 083C; 처리 후 다음 주소 E633,outside six documented raw segments
250,1,E633~E638,서브스트림 실행 / 기존 확인 05h 계열 / 영역·좌표 상태 설정·전개,,05 16 86 3A 9E 00,05 16 86 3A 9E 00,,,,,처리 후 다음 주소 E639; 내부 16 86 3A는 인자,outside six documented raw segments
251,1,E639~E63D,서브스트림 실행 / 기존 확인 0Eh 계열 / 화면·버퍼 초기화·전개,,0E 16 20 24 80,0E 16 20 24 80,,,,,처리 후 다음 주소 E63E; 내부 16 20 24는 인자,outside six documented raw segments
252,1,E63E,서브스트림 실행 / 기존 확인 17h 계열 / 서브스트림 복귀,,17,17,,,,,17h 복귀 → E607,outside six documented raw segments
253,1,E607~E609,서브스트림 실행 / 기존 확인 13h 계열 제어토큰,,13 CF E6,13 CF E6,,,,,인자 CF E6; 다음 주소 E60A,outside six documented raw segments
254,1,E60A~E60D,서브스트림 실행 / 기존 확인 14h 계열 / 버퍼·영역 처리,,14 00 16 22,14 00 16 22,,,,,인자 00 16 22; 다음 주소 E60E,outside six documented raw segments
255,1,E60E~E611,서브스트림 실행 / 기존 확인 14h 계열 / 버퍼·영역 처리,,14 01 3B 00,14 01 3B 00,,,,,인자 01 3B 00; 다음 주소 E612,outside six documented raw segments
256,1,E612~E615,서브스트림 실행 / 기존 확인 04h 계열 / CAA8 슬롯 포인터 설정,,04 33 E8 41,04 33 E8 41,,,,,E833 포인터를 41h 슬롯에 설정; 다음 주소 E616,outside six documented raw segments
257,1,E616~E619,서브스트림 실행 / 기존 확인 04h 계열 / CAA8 슬롯 포인터 설정,,04 29 E8 42,04 29 E8 42,,,,,E829 포인터를 42h 슬롯에 설정; 다음 주소 E61A,outside six documented raw segments
258,1,E61A~E61B,서브스트림 실행 / 기존 확인 25h 계열 / CA1D 입 움직임 효과음 인덱스 설정,,25 2E,25 2E,,,,,CA1D=2E; 다음 주소 E61C,outside six documented raw segments
259,1,E61C,서브스트림 실행 / 기존 확인 17h 계열 / 서브스트림 복귀,,17,17,,,,,17h 복귀 → DCD5,outside six documented raw segments
260,1,DCCF,기존 확인 41~50h 계열 / CAA8[0] 슬롯 실행,,41,41,,,49,0x024CF,원본 분석표 263번 DCD5 → 현재 DCCF; 슬롯 토큰 41; 다음 본류 DCD6,mapped from six runtime-analysis RAM/raw formulas
261,1,DCD0~DCD1,패치 슬롯 0121 | 문장부호 | ・,・,81 45,81 45,,81 45,61 62,0x024D0 | 0x024D1,원본 분석표 264번 DCD6~DCD7 → 현재 DCD0~DCD1; 번역 07-001/103 · ・ / 토큰 81 45 / PC-88 가운데점 토큰,mapped from six runtime-analysis RAM/raw formulas
262,1,DCD2~DCD3,패치 슬롯 0122 | 문장부호 | ・,・,81 45,81 45,,81 45,16 FF,0x024D2 | 0x024D3,원본 분석표 265번 DCD8~DCD9 → 현재 DCD2~DCD3; 번역 07-002/103 · ・ / 토큰 81 45 / PC-88 가운데점 토큰,mapped from six runtime-analysis RAM/raw formulas
263,1,DCD4~DCD5,패치 슬롯 0123 | 문장부호 | ・,・,81 45,81 45,,81 45,E5 41,0x024D4 | 0x024D5,원본 분석표 266번 DCDA~DCDB → 현재 DCD4~DCD5; 번역 07-003/103 · ・ / 토큰 81 45 / PC-88 가운데점 토큰,mapped from six runtime-analysis RAM/raw formulas
264,1,DCD6~DCD7,패치 슬롯 0124 | 전각 공백 | ␠,␠,81 40,81 40,,81 40,81 45,0x024D6 | 0x024D7,편집기 추가 행; 번역 07-004/103 · ␠ / 토큰 81 40 / PC-88 전각 공백 토큰,mapped from six runtime-analysis RAM/raw formulas
265,1,DCD8~DCD9,패치 슬롯 0125 | 한글 문자 | 유,유,89 86,8A 99,371,8A 99,81 45,0x024D8 | 0x024D9,원본 분석표 267번 DCDC~DCDD=83 86(ユ) → 패치 DCD8~DCD9=89 86(유); 번역 07-005/103 · 유 / 토큰 89 86 / KANJI E260 / 가나다순 261,mapped from six runtime-analysis RAM/raw formulas
266,1,DCDA~DCDB,패치 슬롯 0126 | 한글 문자 | 코,코,89 C5,8A FC,470,8A FC,81 45,0x024DA | 0x024DB,원본 분석표 268번 DCDE~DCDF=81 5B(ー) → 패치 DCDA~DCDB=89 C5(코); 번역 07-006/103 · 코 / 토큰 89 C5 / KANJI A470 / 가나다순 331,mapped from six runtime-analysis RAM/raw formulas
267,1,DCDC~DCDD,패치 슬롯 0127 | 문장부호 | 。,。,81 42,81 42,,81 42,83 86,0x024DC | 0x024DD,원본 분석표 270번 DCE2~DCE3 → 현재 DCDC~DCDD; 번역 07-007/103 · 。 / 토큰 81 42 / PC-88 전각 마침표 토큰,mapped from six runtime-analysis RAM/raw formulas
268,1,DCDE~DCDF,패치 슬롯 0128 | 한글 문자 | 항,항,89 E7,8B 78,527,8B 78,81 5B,0x024DE | 0x024DF,원본 분석표 271번 DCE4~DCE5=8D 7E(降) → 패치 DCDE~DCDF=89 E7(항); 번역 07-008/103 · 항 / 토큰 89 E7 / KANJI E490 / 가나다순 368,mapped from six runtime-analysis RAM/raw formulas
269,1,DCE0~DCE1,패치 슬롯 0129 | 한글 문자 | 복,복,88 F5,89 DC,250,89 DC,83 52,0x024E0 | 0x024E1,원본 분석표 272번 DCE6~DCE7=95 9A(伏) → 패치 DCE0~DCE1=88 F5(복); 번역 07-009/103 · 복 / 토큰 88 F5 / KANJI E170 / 가나다순 180,mapped from six runtime-analysis RAM/raw formulas
270,1,DCE2~DCE3,패치 슬롯 0130 | 한글 문자 | 해,해,89 E8,8B 79,528,8B 79,81 42,0x024E2 | 0x024E3,원본 분석표 273번 DCE8~DCE9=82 B5(し) → 패치 DCE2~DCE3=89 E8(해); 번역 07-010/103 · 해 / 토큰 89 E8 / KANJI E4A0 / 가나다순 369,mapped from six runtime-analysis RAM/raw formulas
271,1,DCE4~DCE5,패치 슬롯 0131 | 한글 문자 | 서,서,89 49,89 F2,272,89 F2,8D 7E,0x024E4 | 0x024E5,원본 분석표 274번 DCEA~DCEB=82 C4(て) → 패치 DCE4~DCE5=89 49(서); 번역 07-011/103 · 서 / 토큰 89 49 / KANJI 62A0 / 가나다순 197,mapped from six runtime-analysis RAM/raw formulas
272,1,DCE6~DCE7,패치 슬롯 0132 | 한글 문자 | 는,는,82 E3,89 4B,106,89 4B,95 9A,0x024E6 | 0x024E7,원본 분석표 275번 DCEC~DCED=82 CD(は) → 패치 DCE6~DCE7=82 E3(는); 번역 07-012/103 · 는 / 토큰 82 E3 / KANJI 3850 / 가나다순 74,mapped from six runtime-analysis RAM/raw formulas
273,1,DCE8~DCE9,패치 슬롯 0133 | 전각 공백 | ␠,␠,81 40,81 40,,81 40,82 B5,0x024E8 | 0x024E9,원본 분석표 276번 DCEE~DCEF=82 C8(な) → 패치 DCE8~DCE9=81 40(␠); 번역 07-013/103 · ␠ / 토큰 81 40 / PC-88 전각 공백 토큰,mapped from six runtime-analysis RAM/raw formulas
274,1,DCEA~DCEB,패치 슬롯 0134 | 한글 문자 | 안,안,89 62,8A 5C,311,8A 5C,82 C4,0x024EA | 0x024EB,원본 분석표 277번 DCF0~DCF1=82 E8(り) → 패치 DCEA~DCEB=89 62(안); 번역 07-014/103 · 안 / 토큰 89 62 / KANJI A230 / 가나다순 225,mapped from six runtime-analysis RAM/raw formulas
275,1,DCEC~DCED,패치 슬롯 0135 | 전각 공백 | ␠,␠,81 40,81 40,,81 40,82 CD,0x024EC | 0x024ED,원본 분석표 278번 DCF2~DCF3=82 DC(ま) → 패치 DCEC~DCED=81 40(␠); 번역 07-015/103 · ␠ / 토큰 81 40 / PC-88 전각 공백 토큰,mapped from six runtime-analysis RAM/raw formulas
276,1,DCEE~DCEF,패치 슬롯 0136 | 한글 문자 | 돼,돼,8A BA,89 62,129,89 62,82 C8,0x024EE | 0x024EF,원본 분석표 279번 DCF4~DCF5=82 B9(せ) → 패치 DCEE~DCEF=8A BA(돼); 번역 07-016/103 · 돼 / 토큰 8A BA / KANJI 69C0 / 가나다순 487,mapped from six runtime-analysis RAM/raw formulas
277,1,DCF0~DCF1,패치 슬롯 0137 | 한글 문자 | 요,요,89 80,8A 8A,356,8A 8A,82 E8,0x024F0 | 0x024F1,원본 분석표 280번 DCF6~DCF7=82 F1(ん) → 패치 DCF0~DCF1=89 80(요); 번역 07-017/103 · 요 / 토큰 89 80 / KANJI E200 / 가나다순 255,mapped from six runtime-analysis RAM/raw formulas
278,1,DCF2~DCF3,패치 슬롯 0138 | 문장부호 | 。,。,81 42,81 42,,81 42,82 DC,0x024F2 | 0x024F3,원본 분석표 281번 DCF8~DCF9 → 현재 DCF2~DCF3; 번역 07-018/103 · 。 / 토큰 81 42 / PC-88 전각 마침표 토큰,mapped from six runtime-analysis RAM/raw formulas
279,1,DCF4~DCF5,패치 슬롯 0139 | 한글 문자 | 어,어,89 6C,8A 6A,325,8A 6A,82 B9,0x024F4 | 0x024F5,원본 분석표 282번 DCFA~DCFB=82 C7(ど) → 패치 DCF4~DCF5=89 6C(어); 번역 07-019/103 · 어 / 토큰 89 6C / KANJI A2D0 / 가나다순 235,mapped from six runtime-analysis RAM/raw formulas
280,1,DCF6~DCF7,패치 슬롯 0140 | 한글 문자 | 차,차,89 B7,8A DF,441,8A DF,82 F1,0x024F6 | 0x024F7,원본 분석표 283번 DCFC~DCFD=82 CC(の) → 패치 DCF6~DCF7=89 B7(차); 번역 07-020/103 · 차 / 토큰 89 B7 / KANJI 6590 / 가나다순 316,mapped from six runtime-analysis RAM/raw formulas
281,1,DCF8~DCF9,패치 슬롯 0141 | 한글 문자 | 피,피,89 E0,8B 6F,518,8B 6F,81 42,0x024F8 | 0x024F9,원본 분석표 284번 DCFE~DCFF=93 B9(道) → 패치 DCF8~DCF9=89 E0(피); 번역 07-021/103 · 피 / 토큰 89 E0 / KANJI E420 / 가나다순 360,mapped from six runtime-analysis RAM/raw formulas
282,1,DCFA~DCFB,패치 슬롯 0142 | 전각 공백 | ␠,␠,81 40,81 40,,81 40,82 C7,0x024FA | 0x024FB,원본 분석표 285번 DD00~DD01=81 41(、) → 패치 DCFA~DCFB=81 40(␠); 번역 07-022/103 · ␠ / 토큰 81 40 / PC-88 전각 공백 토큰,mapped from six runtime-analysis RAM/raw formulas
283,1,DCFC~DCFD,패치 슬롯 0143 | 한글 문자 | 저,저,89 9B,8A B5,399,8A B5,82 CC,0x024FC | 0x024FD,원본 분석표 286번 DD02~DD03=83 8F(ワ) → 패치 DCFC~DCFD=89 9B(저); 번역 07-023/103 · 저 / 토큰 89 9B / KANJI E3B0 / 가나다순 285,mapped from six runtime-analysis RAM/raw formulas
284,1,DCFE~DCFF,패치 슬롯 0144 | 한글 문자 | 는,는,82 E3,89 4B,106,89 4B,93 B9,0x024FE | 0x024FF,원본 분석표 287번 DD04~DD05=83 5E(タ) → 패치 DCFE~DCFF=82 E3(는); 번역 07-024/103 · 는 / 토큰 82 E3 / KANJI 3850 / 가나다순 74,mapped from six runtime-analysis RAM/raw formulas
285,1,DD00~DD01,패치 슬롯 0145 | 전각 공백 | ␠,␠,81 40,81 40,,81 40,81 41,0x02500 | 0x02501,원본 분석표 288번 DD06~DD07=83 56(シ) → 패치 DD00~DD01=81 40(␠); 번역 07-025/103 · ␠ / 토큰 81 40 / PC-88 전각 공백 토큰,mapped from six runtime-analysis RAM/raw formulas
286,1,DD02~DD03,패치 슬롯 0146 | 한글 문자 | 이,이,89 8D,8A A2,380,8A A2,83 8F,0x02502 | 0x02503,원본 분석표 289번 DD08~DD09=82 CD(は) → 패치 DD02~DD03=89 8D(이); 번역 07-026/103 · 이 / 토큰 89 8D / KANJI E2D0 / 가나다순 268,mapped from six runtime-analysis RAM/raw formulas
287,1,DD04~DD05,패치 슬롯 0147 | 한글 문자 | 미,미,88 E7,89 C9,231,89 C9,83 5E,0x02504 | 0x02505,원본 분석표 290번 DD0A~DD0B=82 E0(も) → 패치 DD04~DD05=88 E7(미); 번역 07-027/103 · 미 / 토큰 88 E7 / KANJI E090 / 가나다순 166,mapped from six runtime-analysis RAM/raw formulas
288,1,DD06~DD07,패치 슬롯 0148 | 전각 공백 | ␠,␠,81 40,81 40,,81 40,83 56,0x02506 | 0x02507,원본 분석표 291번 DD0C~DD0D=82 A4(う) → 패치 DD06~DD07=81 40(␠); 번역 07-028/103 · ␠ / 토큰 81 40 / PC-88 전각 공백 토큰,mapped from six runtime-analysis RAM/raw formulas
289,1,DD08~DD09,패치 슬롯 0149 | 한글 문자 | 틀,틀,89 D6,8B 5A,497,8B 5A,82 CD,0x02508 | 0x02509,원본 분석표 292번 DD0E~DD0F=8F 95(助) → 패치 DD08~DD09=89 D6(틀); 번역 07-029/103 · 틀 / 토큰 89 D6 / KANJI A580 / 가나다순 350,mapped from six runtime-analysis RAM/raw formulas
290,1,DD0A~DD0B,패치 슬롯 0150 | 한글 문자 | 렸,렸,88 C2,89 96,180,89 96,82 E0,0x0250A | 0x0250B,원본 분석표 293번 DD10~DD11=82 A9(か) → 패치 DD0A~DD0B=88 C2(렸); 번역 07-030/103 · 렸 / 토큰 88 C2 / KANJI A040 / 가나다순 127,mapped from six runtime-analysis RAM/raw formulas
291,1,DD0C~DD0D,패치 슬롯 0151 | 한글 문자 | 어,어,89 6C,8A 6A,325,8A 6A,82 A4,0x0250C | 0x0250D,원본 분석표 294번 DD12~DD13=82 E8(り) → 패치 DD0C~DD0D=89 6C(어); 번역 07-031/103 · 어 / 토큰 89 6C / KANJI A2D0 / 가나다순 235,mapped from six runtime-analysis RAM/raw formulas
292,1,DD0E~DD0F,패치 슬롯 0152 | 한글 문자 | 요,요,89 80,8A 8A,356,8A 8A,8F 95,0x0250E | 0x0250F,원본 분석표 295번 DD14~DD15=82 DC(ま) → 패치 DD0E~DD0F=89 80(요); 번역 07-032/103 · 요 / 토큰 89 80 / KANJI E200 / 가나다순 255,mapped from six runtime-analysis RAM/raw formulas
293,1,DD10~DD11,패치 슬롯 0153 | 문장부호 | 。,。,81 42,81 42,,81 42,82 A9,0x02510 | 0x02511,원본 분석표 298번 DD1A~DD1B → 현재 DD10~DD11; 번역 07-033/103 · 。 / 토큰 81 42 / PC-88 전각 마침표 토큰,mapped from six runtime-analysis RAM/raw formulas
294,1,DD12~DD13,패치 슬롯 0154 | 한글 문자 | 당,당,82 EB,89 56,117,89 56,82 E8,0x02512 | 0x02513,원본 분석표 299번 DD1C~DD1D=82 A0(あ) → 패치 DD12~DD13=82 EB(당); 번역 07-034/103 · 당 / 토큰 82 EB / KANJI 38D0 / 가나다순 83,mapped from six runtime-analysis RAM/raw formulas
295,1,DD14~DD15,패치 슬롯 0155 | 한글 문자 | 신,신,89 5B,8A 50,299,8A 50,82 DC,0x02514 | 0x02515,원본 분석표 300번 DD1E~DD1F=82 C8(な) → 패치 DD14~DD15=89 5B(신); 번역 07-035/103 · 신 / 토큰 89 5B / KANJI 63C0 / 가나다순 216,mapped from six runtime-analysis RAM/raw formulas
296,1,DD16~DD17,패치 슬롯 0156 | 한글 문자 | 에,에,89 70,8A 72,333,8A 72,82 B9,0x02516 | 0x02517,원본 분석표 301번 DD20~DD21=82 BD(た) → 패치 DD16~DD17=89 70(에); 번역 07-036/103 · 에 / 토큰 89 70 / KANJI A310 / 가나다순 239,mapped from six runtime-analysis RAM/raw formulas
297,1,DD18~DD19,패치 슬롯 0157 | 한글 문자 | 게,게,82 AB,88 B1,19,88 B1,82 F1,0x02518 | 0x02519,원본 분석표 302번 DD22~DD23=82 C9(に) → 패치 DD18~DD19=82 AB(게); 번역 07-037/103 · 게 / 토큰 82 AB / KANJI 18D0 / 가나다순 13,mapped from six runtime-analysis RAM/raw formulas
298,1,DD1A~DD1B,패치 슬롯 0158 | 한글 문자 | 는,는,82 E3,89 4B,106,89 4B,81 42,0x0251A | 0x0251B,원본 분석표 303번 DD24~DD25=82 CD(は) → 패치 DD1A~DD1B=82 E3(는); 번역 07-038/103 · 는 / 토큰 82 E3 / KANJI 3850 / 가나다순 74,mapped from six runtime-analysis RAM/raw formulas
299,1,DD1C~DD1D,패치 슬롯 0159 | 전각 공백 | ␠,␠,81 40,81 40,,81 40,82 A0,0x0251C | 0x0251D,원본 분석표 304번 DD26~DD27=91 E5(大) → 패치 DD1C~DD1D=81 40(␠); 번역 07-039/103 · ␠ / 토큰 81 40 / PC-88 전각 공백 토큰,mapped from six runtime-analysis RAM/raw formulas
300,1,DD1E~DD1F,패치 슬롯 0160 | 한글 문자 | 막,막,8A 44,89 AB,201,89 AB,82 C8,0x0251E | 0x0251F,원본 분석표 305번 DD28~DD29=90 D8(切) → 패치 DD1E~DD1F=8A 44(막); 번역 07-040/103 · 막 / 토큰 8A 44 / KANJI 6650 / 가나다순 143,mapped from six runtime-analysis RAM/raw formulas
301,1,DD20~DD21,패치 슬롯 0161 | 한글 문자 | 중,중,89 AE,8A CC,422,8A CC,82 BD,0x02520 | 0x02521,원본 분석표 306번 DD2A~DD2B=82 C8(な) → 패치 DD20~DD21=89 AE(중); 번역 07-041/103 · 중 / 토큰 89 AE / KANJI 6500 / 가나다순 304,mapped from six runtime-analysis RAM/raw formulas
302,1,DD22~DD23,패치 슬롯 0162 | 한글 문자 | 한,한,89 E4,8B 74,523,8B 74,82 C9,0x02522 | 0x02523,원본 분석표 307번 DD2C~DD2D=8E 67(使) → 패치 DD22~DD23=89 E4(한); 번역 07-042/103 · 한 / 토큰 89 E4 / KANJI E460 / 가나다순 364,mapped from six runtime-analysis RAM/raw formulas
303,1,DD24~DD25,패치 슬롯 0163 | 전각 공백 | ␠,␠,81 40,81 40,,81 40,82 CD,0x02524 | 0x02525,원본 분석표 308번 DD2E~DD2F=96 BD(命) → 패치 DD24~DD25=81 40(␠); 번역 07-043/103 · ␠ / 토큰 81 40 / PC-88 전각 공백 토큰,mapped from six runtime-analysis RAM/raw formulas
304,1,DD26~DD27,패치 슬롯 0164 | 한글 문자 | 사,사,89 43,89 EB,265,89 EB,91 E5,0x02526 | 0x02527,원본 분석표 309번 DD30~DD31=82 AA(が) → 패치 DD26~DD27=89 43(사); 번역 07-044/103 · 사 / 토큰 89 43 / KANJI 6240 / 가나다순 191,mapped from six runtime-analysis RAM/raw formulas
305,1,DD28~DD29,패치 슬롯 0165 | 한글 문자 | 명,명,88 DE,89 BB,217,89 BB,90 D8,0x02528 | 0x02529,원본 분석표 310번 DD32~DD33=82 A0(あ) → 패치 DD28~DD29=88 DE(명); 번역 07-045/103 · 명 / 토큰 88 DE / KANJI E000 / 가나다순 156,mapped from six runtime-analysis RAM/raw formulas
306,1,DD2A~DD2B,패치 슬롯 0166 | 한글 문자 | 이,이,89 8D,8A A2,380,8A A2,82 C8,0x0252A | 0x0252B,원본 분석표 311번 DD34~DD35=82 E8(り) → 패치 DD2A~DD2B=89 8D(이); 번역 07-046/103 · 이 / 토큰 89 8D / KANJI E2D0 / 가나다순 268,mapped from six runtime-analysis RAM/raw formulas
307,1,DD2C~DD2D,패치 슬롯 0167 | 전각 공백 | ␠,␠,81 40,81 40,,81 40,8E 67,0x0252C | 0x0252D,원본 분석표 312번 DD36~DD37=82 DC(ま) → 패치 DD2C~DD2D=81 40(␠); 번역 07-047/103 · ␠ / 토큰 81 40 / PC-88 전각 공백 토큰,mapped from six runtime-analysis RAM/raw formulas
308,1,DD2E~DD2F,패치 슬롯 0168 | 한글 문자 | 있,있,89 92,8A AB,389,8A AB,96 BD,0x0252E | 0x0252F,원본 분석표 313번 DD38~DD39=82 B7(す) → 패치 DD2E~DD2F=89 92(있); 번역 07-048/103 · 있 / 토큰 89 92 / KANJI E320 / 가나다순 276,mapped from six runtime-analysis RAM/raw formulas
309,1,DD30~DD31,패치 슬롯 0169 | 한글 문자 | 어,어,89 6C,8A 6A,325,8A 6A,82 AA,0x02530 | 0x02531,편집기 추가 행; 번역 07-049/103 · 어 / 토큰 89 6C / KANJI A2D0 / 가나다순 235,mapped from six runtime-analysis RAM/raw formulas
310,1,DD32~DD33,패치 슬롯 0170 | 한글 문자 | 요,요,89 80,8A 8A,356,8A 8A,82 A0,0x02532 | 0x02533,편집기 추가 행; 번역 07-050/103 · 요 / 토큰 89 80 / KANJI E200 / 가나다순 255,mapped from six runtime-analysis RAM/raw formulas
311,1,DD34~DD35,패치 슬롯 0171 | 문장부호 | 。,。,81 42,81 42,,81 42,82 E8,0x02534 | 0x02535,원본 분석표 314번 DD3A~DD3B → 현재 DD34~DD35; 번역 07-051/103 · 。 / 토큰 81 42 / PC-88 전각 마침표 토큰,mapped from six runtime-analysis RAM/raw formulas
312,1,DD36~DD37,패치 슬롯 0172 | 한글 문자 | 무,무,88 E3,89 C2,224,89 C2,82 DC,0x02536 | 0x02537,원본 분석표 315번 DD3C~DD3D=82 C8(な) → 패치 DD36~DD37=88 E3(무); 번역 07-052/103 · 무 / 토큰 88 E3 / KANJI E050 / 가나다순 161,mapped from six runtime-analysis RAM/raw formulas
313,1,DD38~DD39,패치 슬롯 0173 | 한글 문자 | 엇,엇,8A 74,8A 70,331,8A 70,82 B7,0x02538 | 0x02539,원본 분석표 316번 DD3E~DD3F=82 C9(に) → 패치 DD38~DD39=8A 74(엇); 번역 07-053/103 · 엇 / 토큰 8A 74 / KANJI A750 / 가나다순 418,mapped from six runtime-analysis RAM/raw formulas
314,1,DD3A~DD3B,패치 슬롯 0174 | 한글 문자 | 보,보,88 F4,89 DB,249,89 DB,81 42,0x0253A | 0x0253B,원본 분석표 317번 DD40~DD41=82 E6(よ) → 패치 DD3A~DD3B=88 F4(보); 번역 07-054/103 · 보 / 토큰 88 F4 / KANJI E160 / 가나다순 179,mapped from six runtime-analysis RAM/raw formulas
315,1,DD3C~DD3D,패치 슬롯 0175 | 한글 문자 | 다,다,82 E7,89 50,111,89 50,82 C8,0x0253C | 0x0253D,원본 분석표 318번 DD42~DD43=82 E8(り) → 패치 DD3C~DD3D=82 E7(다); 번역 07-055/103 · 다 / 토큰 82 E7 / KANJI 3890 / 가나다순 78,mapped from six runtime-analysis RAM/raw formulas
316,1,DD3E~DD3F,패치 슬롯 0176 | 전각 공백 | ␠,␠,81 40,81 40,,81 40,82 C9,0x0253E | 0x0253F,원본 분석표 319번 DD44~DD45=82 E0(も) → 패치 DD3E~DD3F=81 40(␠); 번역 07-056/103 · ␠ / 토큰 81 40 / PC-88 전각 공백 토큰,mapped from six runtime-analysis RAM/raw formulas
317,1,DD40~DD41,패치 슬롯 0177 | 한글 문자 | 세,세,89 4E,89 F8,278,89 F8,82 E6,0x02540 | 0x02541,원본 분석표 320번 DD46~DD47=90 A2(世) → 패치 DD40~DD41=89 4E(세); 번역 07-057/103 · 세 / 토큰 89 4E / KANJI 62F0 / 가나다순 202,mapped from six runtime-analysis RAM/raw formulas
318,1,DD42~DD43,패치 슬롯 0178 | 한글 문자 | 계,계,82 B0,88 BA,28,88 BA,82 E8,0x02542 | 0x02543,원본 분석표 321번 DD48~DD49=8A 45(界) → 패치 DD42~DD43=82 B0(계); 번역 07-058/103 · 계 / 토큰 82 B0 / KANJI 1920 / 가나다순 20,mapped from six runtime-analysis RAM/raw formulas
319,1,DD44~DD45,패치 슬롯 0179 | 한글 문자 | 의,의,89 8C,8A A1,379,8A A1,82 E0,0x02544 | 0x02545,원본 분석표 322번 DD4A~DD4B=82 C9(に) → 패치 DD44~DD45=89 8C(의); 번역 07-059/103 · 의 / 토큰 89 8C / KANJI E2C0 / 가나다순 267,mapped from six runtime-analysis RAM/raw formulas
320,1,DD46~DD47,패치 슬롯 0180 | 전각 공백 | ␠,␠,81 40,81 40,,81 40,90 A2,0x02546 | 0x02547,원본 분석표 323번 DD4C~DD4D=95 BD(平) → 패치 DD46~DD47=81 40(␠); 번역 07-060/103 · ␠ / 토큰 81 40 / PC-88 전각 공백 토큰,mapped from six runtime-analysis RAM/raw formulas
321,1,DD48~DD49,패치 슬롯 0181 | 한글 문자 | 평,평,8A C6,8B 64,507,8B 64,8A 45,0x02548 | 0x02549,원본 분석표 324번 DD4E~DD4F=98 61(和) → 패치 DD48~DD49=8A C6(평); 번역 07-061/103 · 평 / 토큰 8A C6 / KANJI A880 / 가나다순 499,mapped from six runtime-analysis RAM/raw formulas
322,1,DD4A~DD4B,패치 슬롯 0182 | 한글 문자 | 화,화,8A CA,8B 8B,545,8B 8B,82 C9,0x0254A | 0x0254B,원본 분석표 325번 DD50~DD51=82 F0(を) → 패치 DD4A~DD4B=8A CA(화); 번역 07-062/103 · 화 / 토큰 8A CA / KANJI A8C0 / 가나다순 503,mapped from six runtime-analysis RAM/raw formulas
323,1,DD4C~DD4D,패치 슬롯 0183 | 한글 문자 | 를,를,88 CA,89 A2,192,89 A2,95 BD,0x0254C | 0x0254D,원본 분석표 326번 DD52~DD53=8E E6(取) → 패치 DD4C~DD4D=88 CA(를); 번역 07-063/103 · 를 / 토큰 88 CA / KANJI A0C0 / 가나다순 135,mapped from six runtime-analysis RAM/raw formulas
324,1,DD4E~DD4F,패치 슬롯 0184 | 전각 공백 | ␠,␠,81 40,81 40,,81 40,98 61,0x0254E | 0x0254F,원본 분석표 327번 DD54~DD55=82 E8(り) → 패치 DD4E~DD4F=81 40(␠); 번역 07-064/103 · ␠ / 토큰 81 40 / PC-88 전각 공백 토큰,mapped from six runtime-analysis RAM/raw formulas
325,1,DD50~DD51,패치 슬롯 0185 | 한글 문자 | 되,되,88 A2,89 64,131,89 64,82 F0,0x02550 | 0x02551,원본 분석표 328번 DD56~DD57=96 DF(戻) → 패치 DD50~DD51=88 A2(되); 번역 07-065/103 · 되 / 토큰 88 A2 / KANJI 6040 / 가나다순 93,mapped from six runtime-analysis RAM/raw formulas
326,1,DD52~DD53,패치 슬롯 0186 | 한글 문자 | 찾,찾,8A 58,8A E4,446,8A E4,8E E6,0x02552 | 0x02553,원본 분석표 329번 DD58~DD59=82 B7(す) → 패치 DD52~DD53=8A 58(찾); 번역 07-066/103 · 찾 / 토큰 8A 58 / KANJI 6790 / 가나다순 390,mapped from six runtime-analysis RAM/raw formulas
327,1,DD54~DD55,패치 슬롯 0187 | 한글 문자 | 는,는,82 E3,89 4B,106,89 4B,82 E8,0x02554 | 0x02555,원본 분석표 330번 DD5A~DD5B=82 B1(こ) → 패치 DD54~DD55=82 E3(는); 번역 07-067/103 · 는 / 토큰 82 E3 / KANJI 3850 / 가나다순 74,mapped from six runtime-analysis RAM/raw formulas
328,1,DD56~DD57,패치 슬롯 0188 | 전각 공백 | ␠,␠,81 40,81 40,,81 40,96 DF,0x02556 | 0x02557,원본 분석표 331번 DD5C~DD5D=82 C6(と) → 패치 DD56~DD57=81 40(␠); 번역 07-068/103 · ␠ / 토큰 81 40 / PC-88 전각 공백 토큰,mapped from six runtime-analysis RAM/raw formulas
329,1,DD58~DD59,패치 슬롯 0189 | 한글 문자 | 것,것,82 AA,88 B0,18,88 B0,82 B7,0x02558 | 0x02559,원본 분석표 332번 DD5E~DD5F=82 F0(を) → 패치 DD58~DD59=82 AA(것); 번역 07-069/103 · 것 / 토큰 82 AA / KANJI 18C0 / 가나다순 12,mapped from six runtime-analysis RAM/raw formulas
330,1,DD5A~DD5B,패치 슬롯 0190 | 한글 문자 | 을,을,89 8A,8A 9E,376,8A 9E,82 B1,0x0255A | 0x0255B,원본 분석표 333번 DD60~DD61=91 E6(第) → 패치 DD5A~DD5B=89 8A(을); 번역 07-070/103 · 을 / 토큰 89 8A / KANJI E2A0 / 가나다순 265,mapped from six runtime-analysis RAM/raw formulas
331,1,DD5C~DD5D,패치 슬롯 0191 | 전각 공백 | ␠,␠,81 40,81 40,,81 40,82 C6,0x0255C | 0x0255D,원본 분석표 334번 DD62~DD63=88 EA(一) → 패치 DD5C~DD5D=81 40(␠); 번역 07-071/103 · ␠ / 토큰 81 40 / PC-88 전각 공백 토큰,mapped from six runtime-analysis RAM/raw formulas
332,1,DD5E~DD5F,패치 슬롯 0192 | 한글 문자 | 먼,먼,8A BC,89 B5,211,89 B5,82 F0,0x0255E | 0x0255F,원본 분석표 335번 DD64~DD65=82 C9(に) → 패치 DD5E~DD5F=8A BC(먼); 번역 07-072/103 · 먼 / 토큰 8A BC / KANJI 69E0 / 가나다순 489,mapped from six runtime-analysis RAM/raw formulas
333,1,DD60~DD61,패치 슬롯 0193 | 한글 문자 | 저,저,89 9B,8A B5,399,8A B5,91 E6,0x02560 | 0x02561,원본 분석표 336번 DD66~DD67=8D 6C(考) → 패치 DD60~DD61=89 9B(저); 번역 07-073/103 · 저 / 토큰 89 9B / KANJI E3B0 / 가나다순 285,mapped from six runtime-analysis RAM/raw formulas
334,1,DD62~DD63,패치 슬롯 0194 | 전각 공백 | ␠,␠,81 40,81 40,,81 40,88 EA,0x02562 | 0x02563,원본 분석표 337번 DD68~DD69=82 A6(え) → 패치 DD62~DD63=81 40(␠); 번역 07-074/103 · ␠ / 토큰 81 40 / PC-88 전각 공백 토큰,mapped from six runtime-analysis RAM/raw formulas
335,1,DD64~DD65,패치 슬롯 0195 | 한글 문자 | 생,생,89 48,89 F1,271,89 F1,82 C9,0x02564 | 0x02565,원본 분석표 338번 DD6A~DD6B=82 C8(な) → 패치 DD64~DD65=89 48(생); 번역 07-075/103 · 생 / 토큰 89 48 / KANJI 6290 / 가나다순 196,mapped from six runtime-analysis RAM/raw formulas
336,1,DD66~DD67,패치 슬롯 0196 | 한글 문자 | 각,각,82 A0,88 A0,2,88 A0,8D 6C,0x02566 | 0x02567,원본 분석표 339번 DD6C~DD6D=82 B3(さ) → 패치 DD66~DD67=82 A0(각); 번역 07-076/103 · 각 / 토큰 82 A0 / KANJI 1820 / 가나다순 2,mapped from six runtime-analysis RAM/raw formulas
337,1,DD68~DD69,패치 슬롯 0197 | 한글 문자 | 하,하,89 E2,8B 72,521,8B 72,82 A6,0x02568 | 0x02569,원본 분석표 340번 DD6E~DD6F=82 A2(い) → 패치 DD68~DD69=89 E2(하); 번역 07-077/103 · 하 / 토큰 89 E2 / KANJI E440 / 가나다순 362,mapped from six runtime-analysis RAM/raw formulas
338,1,DD6A~DD6B,패치 슬롯 0198 | 한글 문자 | 세,세,89 4E,89 F8,278,89 F8,82 C8,0x0256A | 0x0256B,원본 분석표 341번 DD70~DD71=81 42(。) → 패치 DD6A~DD6B=89 4E(세); 번역 07-078/103 · 세 / 토큰 89 4E / KANJI 62F0 / 가나다순 202,mapped from six runtime-analysis RAM/raw formulas
339,1,DD6C~DD6D,패치 슬롯 0199 | 한글 문자 | 요,요,89 80,8A 8A,356,8A 8A,82 B3,0x0256C | 0x0256D,원본 분석표 342번 DD72~DD73=83 8F(ワ) → 패치 DD6C~DD6D=89 80(요); 번역 07-079/103 · 요 / 토큰 89 80 / KANJI E200 / 가나다순 255,mapped from six runtime-analysis RAM/raw formulas
340,1,DD6E~DD6F,패치 슬롯 0200 | 문장부호 | 。,。,81 42,81 42,,81 42,82 A2,0x0256E | 0x0256F,원본 분석표 343번 DD74~DD75=83 5E(タ) → 패치 DD6E~DD6F=81 42(。); 번역 07-080/103 · 。 / 토큰 81 42 / PC-88 전각 마침표 토큰,mapped from six runtime-analysis RAM/raw formulas
341,1,DD70~DD71,패치 슬롯 0201 | 한글 문자 | 저,저,89 9B,8A B5,399,8A B5,81 42,0x02570 | 0x02571,원본 분석표 344번 DD76~DD77=83 56(シ) → 패치 DD70~DD71=89 9B(저); 번역 07-081/103 · 저 / 토큰 89 9B / KANJI E3B0 / 가나다순 285,mapped from six runtime-analysis RAM/raw formulas
342,1,DD72~DD73,패치 슬롯 0202 | 한글 문자 | 를,를,88 CA,89 A2,192,89 A2,83 8F,0x02572 | 0x02573,원본 분석표 345번 DD78~DD79=82 CC(の) → 패치 DD72~DD73=88 CA(를); 번역 07-082/103 · 를 / 토큰 88 CA / KANJI A0C0 / 가나다순 135,mapped from six runtime-analysis RAM/raw formulas
343,1,DD74~DD75,패치 슬롯 0203 | 전각 공백 | ␠,␠,81 40,81 40,,81 40,83 5E,0x02574 | 0x02575,원본 분석표 346번 DD7A~DD7B=82 B1(こ) → 패치 DD74~DD75=81 40(␠); 번역 07-083/103 · ␠ / 토큰 81 40 / PC-88 전각 공백 토큰,mapped from six runtime-analysis RAM/raw formulas
344,1,DD76~DD77,패치 슬롯 0204 | 한글 문자 | 개,개,8A B6,88 A9,11,88 A9,83 56,0x02576 | 0x02577,원본 분석표 347번 DD7C~DD7D=82 C6(と) → 패치 DD76~DD77=8A B6(개); 번역 07-084/103 · 개 / 토큰 8A B6 / KANJI 6980 / 가나다순 483,mapped from six runtime-analysis RAM/raw formulas
345,1,DD78~DD79,패치 슬롯 0205 | 한글 문자 | 의,의,89 8C,8A A1,379,8A A1,82 CC,0x02578 | 0x02579,원본 분석표 348번 DD7E~DD7F=82 CD(は) → 패치 DD78~DD79=89 8C(의); 번역 07-085/103 · 의 / 토큰 89 8C / KANJI E2C0 / 가나다순 267,mapped from six runtime-analysis RAM/raw formulas
346,1,DD7A~DD7B,패치 슬롯 0206 | 한글 문자 | 치,치,89 BF,8A F4,462,8A F4,82 B1,0x0257A | 0x0257B,원본 분석표 349번 DD80~DD81=82 A9(か) → 패치 DD7A~DD7B=89 BF(치); 번역 07-086/103 · 치 / 토큰 89 BF / KANJI A410 / 가나다순 325,mapped from six runtime-analysis RAM/raw formulas
347,1,DD7C~DD7D,패치 슬롯 0207 | 전각 공백 | ␠,␠,81 40,81 40,,81 40,82 C6,0x0257C | 0x0257D,원본 분석표 350번 DD82~DD83=82 DC(ま) → 패치 DD7C~DD7D=81 40(␠); 번역 07-087/103 · ␠ / 토큰 81 40 / PC-88 전각 공백 토큰,mapped from six runtime-analysis RAM/raw formulas
348,1,DD7E~DD7F,패치 슬롯 0208 | 한글 문자 | 말,말,88 D3,89 AD,203,89 AD,82 CD,0x0257E | 0x0257F,원본 분석표 351번 DD84~DD85=82 ED(わ) → 패치 DD7E~DD7F=88 D3(말); 번역 07-088/103 · 말 / 토큰 88 D3 / KANJI A150 / 가나다순 145,mapped from six runtime-analysis RAM/raw formulas
349,1,DD80~DD81,패치 슬롯 0209 | 한글 문자 | 고,고,82 B1,88 BB,29,88 BB,82 A9,0x02580 | 0x02581,원본 분석표 352번 DD86~DD87=82 B8(ず) → 패치 DD80~DD81=82 B1(고); 번역 07-089/103 · 고 / 토큰 82 B1 / KANJI 1930 / 가나다순 21,mapped from six runtime-analysis RAM/raw formulas
350,1,DD82~DD83,패치 슬롯 0210 | 문장부호 | 、,、,81 41,81 41,,81 41,82 DC,0x02582 | 0x02583,원본 분석표 353번 DD88~DD89=82 C9(に) → 패치 DD82~DD83=81 41(、); 번역 07-090/103 · 、 / 토큰 81 41 / PC-88 전각 쉼표 토큰,mapped from six runtime-analysis RAM/raw formulas
351,1,DD84~DD85,패치 슬롯 0211 | 한글 문자 | 메,메,88 DA,89 B7,213,89 B7,82 ED,0x02584 | 0x02585,원본 분석표 354번 DD8A~DD8B=81 41(、) → 패치 DD84~DD85=88 DA(메); 번역 07-091/103 · 메 / 토큰 88 DA / KANJI A1C0 / 가나다순 152,mapped from six runtime-analysis RAM/raw formulas
352,1,DD86~DD87,패치 슬롯 0212 | 한글 문자 | 가,가,82 9F,88 9F,1,88 9F,82 B8,0x02586 | 0x02587,원본 분석표 355번 DD8C~DD8D=82 B3(さ) → 패치 DD86~DD87=82 9F(가); 번역 07-092/103 · 가 / 토큰 82 9F / KANJI 1810 / 가나다순 1,mapped from six runtime-analysis RAM/raw formulas
353,1,DD88~DD89,패치 슬롯 0213 | 한글 문자 | 스,스,89 56,8A 4A,293,8A 4A,82 C9,0x02588 | 0x02589,원본 분석표 356번 DD8E~DD8F=82 A0(あ) → 패치 DD88~DD89=89 56(스); 번역 07-093/103 · 스 / 토큰 89 56 / KANJI 6370 / 가나다순 211,mapped from six runtime-analysis RAM/raw formulas
354,1,DD8A~DD8B,패치 슬롯 0214 | 한글 문자 | 와,와,89 7A,8A 83,349,8A 83,81 41,0x0258A | 0x0258B,원본 분석표 357번 DD90~DD91=81 41(、) → 패치 DD8A~DD8B=89 7A(와); 번역 07-094/103 · 와 / 토큰 89 7A / KANJI A3B0 / 가나다순 250,mapped from six runtime-analysis RAM/raw formulas
355,1,DD8C~DD8D,패치 슬롯 0215 | 전각 공백 | ␠,␠,81 40,81 40,,81 40,82 B3,0x0258C | 0x0258D,원본 분석표 358번 DD92~DD93=83 81(メ) → 패치 DD8C~DD8D=81 40(␠); 번역 07-095/103 · ␠ / 토큰 81 40 / PC-88 전각 공백 토큰,mapped from six runtime-analysis RAM/raw formulas
356,1,DD8E~DD8F,패치 슬롯 0216 | 한글 문자 | 맞,맞,8A 95,89 B1,207,89 B1,82 A0,0x0258E | 0x0258F,원본 분석표 359번 DD94~DD95=83 4B(ガ) → 패치 DD8E~DD8F=8A 95(맞); 번역 07-096/103 · 맞 / 토큰 8A 95 / KANJI E750 / 가나다순 450,mapped from six runtime-analysis RAM/raw formulas
357,1,DD90~DD91,패치 슬롯 0217 | 한글 문자 | 서,서,89 49,89 F2,272,89 F2,81 41,0x02590 | 0x02591,원본 분석표 360번 DD96~DD97=83 58(ス) → 패치 DD90~DD91=89 49(서); 번역 07-097/103 · 서 / 토큰 89 49 / KANJI 62A0 / 가나다순 197,mapped from six runtime-analysis RAM/raw formulas
358,1,DD92~DD93,패치 슬롯 0218 | 전각 공백 | ␠,␠,81 40,81 40,,81 40,83 81,0x02592 | 0x02593,원본 분석표 361번 DD98~DD99=82 C6(と) → 패치 DD92~DD93=81 40(␠); 번역 07-098/103 · ␠ / 토큰 81 40 / PC-88 전각 공백 토큰,mapped from six runtime-analysis RAM/raw formulas
359,1,DD94~DD95,패치 슬롯 0219 | 한글 문자 | 싸,싸,89 5E,8A 55,304,8A 55,83 4B,0x02594 | 0x02595,원본 분석표 362번 DD9A~DD9B=90 ED(戦) → 패치 DD94~DD95=89 5E(싸); 번역 07-099/103 · 싸 / 토큰 89 5E / KANJI 63F0 / 가나다순 221,mapped from six runtime-analysis RAM/raw formulas
360,1,DD96~DD97,패치 슬롯 0220 | 한글 문자 | 우,우,89 81,8A 8E,360,8A 8E,83 58,0x02596 | 0x02597,원본 분석표 363번 DD9C~DD9D=82 A4(う) → 패치 DD96~DD97=89 81(우); 번역 07-100/103 · 우 / 토큰 89 81 / KANJI E210 / 가나다순 256,mapped from six runtime-analysis RAM/raw formulas
361,1,DD98~DD99,패치 슬롯 0221 | 한글 문자 | 세,세,89 4E,89 F8,278,89 F8,82 C6,0x02598 | 0x02599,원본 분석표 364번 DD9E~DD9F=82 CC(の) → 패치 DD98~DD99=89 4E(세); 번역 07-101/103 · 세 / 토큰 89 4E / KANJI 62F0 / 가나다순 202,mapped from six runtime-analysis RAM/raw formulas
362,1,DD9A~DD9B,패치 슬롯 0222 | 한글 문자 | 요,요,89 80,8A 8A,356,8A 8A,90 ED,0x0259A | 0x0259B,원본 분석표 365번 DDA0~DDA1=82 C5(で) → 패치 DD9A~DD9B=89 80(요); 번역 07-102/103 · 요 / 토큰 89 80 / KANJI E200 / 가나다순 255,mapped from six runtime-analysis RAM/raw formulas
363,1,DD9C~DD9D,패치 슬롯 0223 | 문장부호 | ！,！,81 49,81 49,,81 49,82 A4,0x0259C | 0x0259D,원본 분석표 370번 DDAA~DDAB → 현재 DD9C~DD9D; 번역 07-103/103 · ！ / 토큰 81 49 / PC-88 전각 느낌표 토큰,mapped from six runtime-analysis RAM/raw formulas
364,1,DD9E,기존 확인 61~70h 계열 / CAA8[0] 작업슬롯 비활성화,,61,61,,,82,0x0259E,원본 분석표 371번 DDAC → 현재 DD9E; 비활성화 토큰 61; 다음 본류 DDAD,mapped from six runtime-analysis RAM/raw formulas
365,1,DD9F~DDA1,기존 확인 16h 계열 / 서브스트림 호출·전환 → E562,,16 62 E5,16 62 E5,,,CC 82 C5,0x0259F | 0x025A0 | 0x025A1,원본 분석표 372번 DDAD~DDAF → 현재 DD9F~DDA1; 16h 호출 → E562; 복귀 주소 DDB0,mapped from six runtime-analysis RAM/raw formulas
366,1,E562~E566,서브스트림 실행 / 기존 확인 0Fh 계열 제어토큰,,0F 01 0C 05 08,0F 01 0C 05 08,,,,,인자 01 0C 05 08; 다음 주소 E567,outside six documented raw segments
367,1,E567~E569,서브스트림 실행 / 기존 확인 16h 계열 / 서브스트림 호출·전환 → E630,,16 30 E6,16 30 E6,,,,,복귀 주소 E56A,outside six documented raw segments
368,1,E630~E632,서브스트림 실행 / 기존 확인 1Eh 계열 / 간접 CALL,,1E 3C 08,1E 3C 08,,,,,호출 대상 083C; 처리 후 다음 주소 E633,outside six documented raw segments
369,1,E633~E638,서브스트림 실행 / 기존 확인 05h 계열 / 영역·좌표 상태 설정·전개,,05 16 86 3A 9E 00,05 16 86 3A 9E 00,,,,,처리 후 다음 주소 E639; 내부 16 86 3A는 인자,outside six documented raw segments
370,1,E639~E63D,서브스트림 실행 / 기존 확인 0Eh 계열 / 화면·버퍼 초기화·전개,,0E 16 20 24 80,0E 16 20 24 80,,,,,처리 후 다음 주소 E63E; 내부 16 20 24는 인자,outside six documented raw segments
371,1,E63E,서브스트림 실행 / 기존 확인 17h 계열 / 서브스트림 복귀,,17,17,,,,,17h 복귀 → E56A,outside six documented raw segments
372,1,E56A~E56C,서브스트림 실행 / 기존 확인 13h 계열 제어토큰,,13 EF E6,13 EF E6,,,,,인자 EF E6; 다음 주소 E56D,outside six documented raw segments
373,1,E56D~E570,서브스트림 실행 / 기존 확인 14h 계열 / 버퍼·영역 처리,,14 00 16 22,14 00 16 22,,,,,인자 00 16 22; 다음 주소 E571,outside six documented raw segments
374,1,E571~E574,서브스트림 실행 / 기존 확인 14h 계열 / 버퍼·영역 처리,,14 01 3B 00,14 01 3B 00,,,,,인자 01 3B 00; 다음 주소 E575,outside six documented raw segments
375,1,E575~E578,서브스트림 실행 / 기존 확인 04h 계열 / CAA8 슬롯 포인터 설정,,04 61 E7 41,04 61 E7 41,,,,,E761 포인터를 41h 슬롯에 설정; 다음 주소 E579,outside six documented raw segments
376,1,E579~E57C,서브스트림 실행 / 기존 확인 04h 계열 / CAA8 슬롯 포인터 설정,,04 6B E7 42,04 6B E7 42,,,,,E76B 포인터를 42h 슬롯에 설정; 다음 주소 E57D,outside six documented raw segments
377,1,E57D~E57E,서브스트림 실행 / 기존 확인 25h 계열 / CA1D 입 움직임 효과음 인덱스 설정,,25 2B,25 2B,,,,,CA1D=2B; 다음 주소 E57F,outside six documented raw segments
378,1,E57F,서브스트림 실행 / 기존 확인 17h 계열 / 서브스트림 복귀,,17,17,,,,,17h 복귀 → DDB0,outside six documented raw segments
379,1,DDA2,기존 확인 41~50h 계열 / CAA8[0] 슬롯 실행,,41,41,,,82,0x025A2,원본 분석표 386번 DDB0 → 현재 DDA2; 슬롯 토큰 41; 다음 본류 DDB1,mapped from six runtime-analysis RAM/raw formulas
380,1,DDA3,기존 확인 41~50h 계열 / CAA8[1] 슬롯 실행,,42,42,,,B7,0x025A3,원본 분석표 387번 DDB1 → 현재 DDA3; 슬롯 토큰 42; 다음 본류 DDB2,mapped from six runtime-analysis RAM/raw formulas
381,1,DDA4~DDA5,패치 슬롯 0224 | 한글 문자 | 하,하,89 E2,8B 72,521,8B 72,81 42,0x025A4 | 0x025A5,원본 분석표 388번 DDB2~DDB3=82 C5(で) → 패치 DDA4~DDA5=89 E2(하); 번역 08-001/009 · 하 / 토큰 89 E2 / KANJI E440 / 가나다순 362,mapped from six runtime-analysis RAM/raw formulas
382,1,DDA6~DDA7,패치 슬롯 0225 | 한글 문자 | 지,지,89 B3,8A D4,430,8A D4,82 B3,0x025A6 | 0x025A7,원본 분석표 389번 DDB4~DDB5=82 E0(も) → 패치 DDA6~DDA7=89 B3(지); 번역 08-002/009 · 지 / 토큰 89 B3 / KANJI 6550 / 가나다순 309,mapped from six runtime-analysis RAM/raw formulas
383,1,DDA8~DDA9,패치 슬롯 0226 | 한글 문자 | 만,만,88 D2,89 AC,202,89 AC,82 A0,0x025A8 | 0x025A9,원본 분석표 390번 DDB6~DDB7=81 41(、) → 패치 DDA8~DDA9=88 D2(만); 번역 08-003/009 · 만 / 토큰 88 D2 / KANJI A140 / 가나다순 144,mapped from six runtime-analysis RAM/raw formulas
384,1,DDAA~DDAB,패치 슬롯 0227 | 문장부호 | 、,、,81 41,81 41,,81 41,81 49,0x025AA | 0x025AB,원본 분석표 391번 DDB8~DDB9=83 94(ヴ) → 패치 DDAA~DDAB=81 41(、); 번역 08-004/009 · 、 / 토큰 81 41 / PC-88 전각 쉼표 토큰,mapped from six runtime-analysis RAM/raw formulas
385,1,DDAC~DDAD,패치 슬롯 0228 | 한글 문자 | 바,바,88 E9,89 CC,234,89 CC,61 16,0x025AC | 0x025AD,원본 분석표 392번 DDBA~DDBB=83 40(ァ) → 패치 DDAC~DDAD=88 E9(바); 번역 08-005/009 · 바 / 토큰 88 E9 / KANJI E0B0 / 가나다순 168,mapped from six runtime-analysis RAM/raw formulas
386,1,DDAE~DDAF,패치 슬롯 0229 | 한글 문자 | 리,리,88 CC,89 A4,194,89 A4,62 E5,0x025AE | 0x025AF,원본 분석표 393번 DDBC~DDBD=83 8A(リ) → 패치 DDAE~DDAF=88 CC(리); 번역 08-006/009 · 리 / 토큰 88 CC / KANJI A0E0 / 가나다순 137,mapped from six runtime-analysis RAM/raw formulas
387,1,DDB0~DDB1,패치 슬롯 0230 | 한글 문자 | 아,아,89 60,8A 5A,309,8A 5A,41 42,0x025B0 | 0x025B1,원본 분석표 394번 DDBE~DDBF=83 41(ア) → 패치 DDB0~DDB1=89 60(아); 번역 08-007/009 · 아 / 토큰 89 60 / KANJI A210 / 가나다순 223,mapped from six runtime-analysis RAM/raw formulas
388,1,DDB2~DDB3,패치 슬롯 0231 | 한글 문자 | 님,님,82 E6,89 4F,110,89 4F,82 C5,0x025B2 | 0x025B3,원본 분석표 395번 DDC0~DDC1=97 6C(様) → 패치 DDB2~DDB3=82 E6(님); 번역 08-008/009 · 님 / 토큰 82 E6 / KANJI 3880 / 가나다순 77,mapped from six runtime-analysis RAM/raw formulas
389,1,DDB4~DDB5,패치 슬롯 0232 | 문장부호 | ！,！,81 49,81 49,,81 49,82 E0,0x025B4 | 0x025B5,원본 분석표 396번 DDC2~DDC3 → 현재 DDB4~DDB5; 번역 08-009/009 · ！ / 토큰 81 49 / PC-88 전각 느낌표 토큰,mapped from six runtime-analysis RAM/raw formulas
390,1,DDB6,기존 확인 61~70h 계열 / CAA8[0] 작업슬롯 비활성화,,61,61,,,81,0x025B6,원본 분석표 397번 DDC4 → 현재 DDB6; 비활성화 토큰 61; 다음 본류 DDC5,mapped from six runtime-analysis RAM/raw formulas
391,1,DDB7,기존 확인 61~70h 계열 / CAA8[1] 작업슬롯 비활성화,,62,62,,,41,0x025B7,원본 분석표 398번 DDC5 → 현재 DDB7; 비활성화 토큰 62; 다음 본류 DDC6,mapped from six runtime-analysis RAM/raw formulas
392,1,DDB8~DDBA,기존 확인 16h 계열 / 서브스트림 호출·전환 → E4F4,,16 F4 E4,16 F4 E4,,,83 94 83,0x025B8 | 0x025B9 | 0x025BA,원본 분석표 399번 DDC6~DDC8 → 현재 DDB8~DDBA; 16h 호출 → E4F4; 복귀 주소 DDC9,mapped from six runtime-analysis RAM/raw formulas
393,1,E4F4~E4F8,서브스트림 실행 / 기존 확인 0Fh 계열 제어토큰,,0F 02 1A 04 0D,0F 02 1A 04 0D,,,,,인자 02 1A 04 0D; 다음 주소 E4F9,outside six documented raw segments
394,1,E4F9~E4FB,서브스트림 실행 / 기존 확인 16h 계열 / 서브스트림 호출·전환 → E630,,16 30 E6,16 30 E6,,,,,복귀 주소 E4FC,outside six documented raw segments
395,1,E630~E632,서브스트림 실행 / 기존 확인 1Eh 계열 / 간접 CALL,,1E 3C 08,1E 3C 08,,,,,호출 대상 083C; 처리 후 다음 주소 E633,outside six documented raw segments
396,1,E633~E638,서브스트림 실행 / 기존 확인 05h 계열 / 영역·좌표 상태 설정·전개,,05 16 86 3A 9E 00,05 16 86 3A 9E 00,,,,,처리 후 다음 주소 E639; 내부 16 86 3A는 인자,outside six documented raw segments
397,1,E639~E63D,서브스트림 실행 / 기존 확인 0Eh 계열 / 화면·버퍼 초기화·전개,,0E 16 20 24 80,0E 16 20 24 80,,,,,처리 후 다음 주소 E63E; 내부 16 20 24는 인자,outside six documented raw segments
398,1,E63E,서브스트림 실행 / 기존 확인 17h 계열 / 서브스트림 복귀,,17,17,,,,,17h 복귀 → E4FC,outside six documented raw segments
399,1,E4FC~E4FE,서브스트림 실행 / 기존 확인 13h 계열 제어토큰,,13 1F E7,13 1F E7,,,,,인자 1F E7; 다음 주소 E4FF,outside six documented raw segments
400,1,E4FF~E502,서브스트림 실행 / 기존 확인 14h 계열 / 버퍼·영역 처리,,14 00 16 22,14 00 16 22,,,,,인자 00 16 22; 다음 주소 E503,outside six documented raw segments
401,1,E503~E506,서브스트림 실행 / 기존 확인 14h 계열 / 버퍼·영역 처리,,14 01 3B 00,14 01 3B 00,,,,,인자 01 3B 00; 다음 주소 E507,outside six documented raw segments
402,1,E507~E50A,서브스트림 실행 / 기존 확인 04h 계열 / CAA8 슬롯 포인터 설정,,04 E3 E7 41,04 E3 E7 41,,,,,E7E3 포인터를 41h 슬롯에 설정; 다음 주소 E50B,outside six documented raw segments
403,1,E50B~E50E,서브스트림 실행 / 기존 확인 04h 계열 / CAA8 슬롯 포인터 설정,,04 ED E7 42,04 ED E7 42,,,,,E7ED 포인터를 42h 슬롯에 설정; 다음 주소 E50F,outside six documented raw segments
404,1,E50F~E512,서브스트림 실행 / 기존 확인 04h 계열 / CAA8 슬롯 포인터 설정,,04 F7 E7 44,04 F7 E7 44,,,,,E7F7 포인터를 44h 슬롯에 설정; 다음 주소 E513,outside six documented raw segments
405,1,E513~E516,서브스트림 실행 / 기존 확인 04h 계열 / CAA8 슬롯 포인터 설정,,04 15 E8 43,04 15 E8 43,,,,,E815 포인터를 43h 슬롯에 설정; 다음 주소 E517,outside six documented raw segments
406,1,E517~E51A,서브스트림 실행 / 기존 확인 04h 계열 / CAA8 슬롯 포인터 설정,,04 01 E8 45,04 01 E8 45,,,,,E801 포인터를 45h 슬롯에 설정; 다음 주소 E51B,outside six documented raw segments
407,1,E51B~E51E,서브스트림 실행 / 기존 확인 04h 계열 / CAA8 슬롯 포인터 설정,,04 0B E8 46,04 0B E8 46,,,,,E80B 포인터를 46h 슬롯에 설정; 다음 주소 E51F,outside six documented raw segments
408,1,E51F~E520,서브스트림 실행 / 기존 확인 25h 계열 / CA1D 입 움직임 효과음 인덱스 설정,,25 2D,25 2D,,,,,CA1D=2D; 다음 주소 E521,outside six documented raw segments
409,1,E521,서브스트림 실행 / 기존 확인 17h 계열 / 서브스트림 복귀,,17,17,,,,,17h 복귀 → DDC9,outside six documented raw segments
410,1,DDBB,기존 확인 41~50h 계열 / CAA8[0] 슬롯 실행,,41,41,,,40,0x025BB,원본 분석표 417번 DDC9 → 현재 DDBB; 슬롯 토큰 41; 다음 본류 DDCA,mapped from six runtime-analysis RAM/raw formulas
411,1,DDBC~DDBD,패치 슬롯 0233 | 한글 문자 | 순,순,8A 46,8A 46,289,8A 46,83 8A,0x025BC | 0x025BD,원본 분석표 418번 DDCA~DDCB=82 AF(け) → 패치 DDBC~DDBD=8A 46(순); 번역 09-001/110 · 순 / 토큰 8A 46 / KANJI 6670 / 가나다순 209,mapped from six runtime-analysis RAM/raw formulas
412,1,DDBE~DDBF,패치 슬롯 0234 | 한글 문자 | 진,진,89 B4,8A D6,432,8A D6,83 41,0x025BE | 0x025BF,원본 분석표 419번 DDCC~DDCD=82 AA(が) → 패치 DDBE~DDBF=89 B4(진); 번역 09-002/110 · 진 / 토큰 89 B4 / KANJI 6560 / 가나다순 311,mapped from six runtime-analysis RAM/raw formulas
413,1,DDC0~DDC1,패치 슬롯 0235 | 한글 문자 | 한,한,89 E4,8B 74,523,8B 74,97 6C,0x025C0 | 0x025C1,원본 분석표 420번 DDCE~DDCF=82 EA(れ) → 패치 DDC0~DDC1=89 E4(한); 번역 09-003/110 · 한 / 토큰 89 E4 / KANJI E460 / 가나다순 364,mapped from six runtime-analysis RAM/raw formulas
414,1,DDC2~DDC3,패치 슬롯 0236 | 전각 공백 | ␠,␠,81 40,81 40,,81 40,81 49,0x025C2 | 0x025C3,원본 분석표 421번 DDD0~DDD1=82 F0(を) → 패치 DDC2~DDC3=81 40(␠); 번역 09-004/110 · ␠ / 토큰 81 40 / PC-88 전각 공백 토큰,mapped from six runtime-analysis RAM/raw formulas
415,1,DDC4~DDC5,패치 슬롯 0237 | 한글 문자 | 소,소,89 50,8A 40,283,8A 40,61 62,0x025C4 | 0x025C5,원본 분석표 422번 DDD2~DDD3=92 6D(知) → 패치 DDC4~DDC5=89 50(소); 번역 09-005/110 · 소 / 토큰 89 50 / KANJI 6310 / 가나다순 204,mapped from six runtime-analysis RAM/raw formulas
416,1,DDC6~DDC7,패치 슬롯 0238 | 한글 문자 | 녀,녀,82 DA,88 FA,92,88 FA,16 F4,0x025C6 | 0x025C7,원본 분석표 423번 DDD4~DDD5=82 E7(ら) → 패치 DDC6~DDC7=82 DA(녀); 번역 09-006/110 · 녀 / 토큰 82 DA / KANJI 29C0 / 가나다순 65,mapped from six runtime-analysis RAM/raw formulas
417,1,DDC8~DDC9,패치 슬롯 0239 | 한글 문자 | 여,여,89 72,8A 74,335,8A 74,E4 41,0x025C8 | 0x025C9,원본 분석표 424번 DDD6~DDD7=82 CA(ぬ) → 패치 DDC8~DDC9=89 72(여); 번역 09-007/110 · 여 / 토큰 89 72 / KANJI A330 / 가나다순 241,mapped from six runtime-analysis RAM/raw formulas
418,1,DDCA~DDCB,패치 슬롯 0240 | 문장부호 | 、,、,81 41,81 41,,81 41,82 AF,0x025CA | 0x025CB,원본 분석표 425번 DDD8~DDD9=89 B3(乙) → 패치 DDCA~DDCB=81 41(、); 번역 09-008/110 · 、 / 토큰 81 41 / PC-88 전각 쉼표 토큰,mapped from six runtime-analysis RAM/raw formulas
419,1,DDCC~DDCD,패치 슬롯 0241 | 한글 문자 | 마,마,88 D1,89 AA,200,89 AA,82 AA,0x025CC | 0x025CD,원본 분석표 426번 DDDA~DDDB=8F 97(女) → 패치 DDCC~DDCD=88 D1(마); 번역 09-009/110 · 마 / 토큰 88 D1 / KANJI A130 / 가나다순 142,mapped from six runtime-analysis RAM/raw formulas
420,1,DDCE~DDCF,패치 슬롯 0242 | 한글 문자 | 음,음,89 8B,8A 9F,377,8A 9F,82 EA,0x025CE | 0x025CF,원본 분석표 427번 DDDC~DDDD=82 E6(よ) → 패치 DDCE~DDCF=89 8B(음); 번역 09-010/110 · 음 / 토큰 89 8B / KANJI E2B0 / 가나다순 266,mapped from six runtime-analysis RAM/raw formulas
421,1,DDD0~DDD1,패치 슬롯 0243 | 한글 문자 | 이,이,89 8D,8A A2,380,8A A2,82 F0,0x025D0 | 0x025D1,원본 분석표 428번 DDDE~DDDF=81 41(、) → 패치 DDD0~DDD1=89 8D(이); 번역 09-011/110 · 이 / 토큰 89 8D / KANJI E2D0 / 가나다순 268,mapped from six runtime-analysis RAM/raw formulas
422,1,DDD2~DDD3,패치 슬롯 0244 | 전각 공백 | ␠,␠,81 40,81 40,,81 40,92 6D,0x025D2 | 0x025D3,원본 분석표 429번 DDE0~DDE1=90 53(心) → 패치 DDD2~DDD3=81 40(␠); 번역 09-012/110 · ␠ / 토큰 81 40 / PC-88 전각 공백 토큰,mapped from six runtime-analysis RAM/raw formulas
423,1,DDD4~DDD5,패치 슬롯 0245 | 한글 문자 | 아,아,89 60,8A 5A,309,8A 5A,82 E7,0x025D4 | 0x025D5,원본 분석표 430번 DDE2~DDE3=82 AA(が) → 패치 DDD4~DDD5=89 60(아); 번역 09-013/110 · 아 / 토큰 89 60 / KANJI A210 / 가나다순 223,mapped from six runtime-analysis RAM/raw formulas
424,1,DDD6~DDD7,패치 슬롯 0246 | 한글 문자 | 픈,픈,8A C7,8B 6C,515,8B 6C,82 CA,0x025D6 | 0x025D7,원본 분석표 431번 DDE4~DDE5=92 C9(痛) → 패치 DDD6~DDD7=8A C7(픈); 번역 09-014/110 · 픈 / 토큰 8A C7 / KANJI A890 / 가나다순 500,mapped from six runtime-analysis RAM/raw formulas
425,1,DDD8~DDD9,패치 슬롯 0247 | 한글 문자 | 가,가,82 9F,88 9F,1,88 9F,89 B3,0x025D8 | 0x025D9,원본 분석표 432번 DDE6~DDE7=82 DE(む) → 패치 DDD8~DDD9=82 9F(가); 번역 09-015/110 · 가 / 토큰 82 9F / KANJI 1810 / 가나다순 1,mapped from six runtime-analysis RAM/raw formulas
426,1,DDDA~DDDB,패치 슬롯 0248 | 문장부호 | ？,？,81 48,81 48,,81 48,8F 97,0x025DA | 0x025DB,원본 분석표 433번 DDE8~DDE9=82 A9(か) → 패치 DDDA~DDDB=81 48(？); 번역 09-016/110 · ？ / 토큰 81 48 / PC-88 전각 물음표 토큰,mapped from six runtime-analysis RAM/raw formulas
427,1,DDDC~DDDD,패치 슬롯 0249 | 전각 공백 | ␠,␠,81 40,81 40,,81 40,82 E6,0x025DC | 0x025DD,원본 분석표 435번 DDEC~DDED → 현재 DDDC~DDDD; 번역 09-017/110 · ␠ / 토큰 81 40 / PC-88 전각 공백 토큰,mapped from six runtime-analysis RAM/raw formulas
428,1,DDDE~DDDF,패치 슬롯 0250 | 한글 문자 | 바,바,88 E9,89 CC,234,89 CC,81 41,0x025DE | 0x025DF,원본 분석표 436번 DDEE~DDEF=83 94(ヴ) → 패치 DDDE~DDDF=88 E9(바); 번역 09-018/110 · 바 / 토큰 88 E9 / KANJI E0B0 / 가나다순 168,mapped from six runtime-analysis RAM/raw formulas
429,1,DDE0~DDE1,패치 슬롯 0251 | 한글 문자 | 리,리,88 CC,89 A4,194,89 A4,90 53,0x025E0 | 0x025E1,원본 분석표 437번 DDF0~DDF1=83 40(ァ) → 패치 DDE0~DDE1=88 CC(리); 번역 09-019/110 · 리 / 토큰 88 CC / KANJI A0E0 / 가나다순 137,mapped from six runtime-analysis RAM/raw formulas
430,1,DDE2~DDE3,패치 슬롯 0252 | 한글 문자 | 아,아,89 60,8A 5A,309,8A 5A,82 AA,0x025E2 | 0x025E3,원본 분석표 438번 DDF2~DDF3=83 8A(リ) → 패치 DDE2~DDE3=89 60(아); 번역 09-020/110 · 아 / 토큰 89 60 / KANJI A210 / 가나다순 223,mapped from six runtime-analysis RAM/raw formulas
431,1,DDE4~DDE5,패치 슬롯 0253 | 한글 문자 | 의,의,89 8C,8A A1,379,8A A1,92 C9,0x025E4 | 0x025E5,원본 분석표 439번 DDF4~DDF5=83 41(ア) → 패치 DDE4~DDE5=89 8C(의); 번역 09-021/110 · 의 / 토큰 89 8C / KANJI E2C0 / 가나다순 267,mapped from six runtime-analysis RAM/raw formulas
432,1,DDE6~DDE7,패치 슬롯 0254 | 전각 공백 | ␠,␠,81 40,81 40,,81 40,82 DE,0x025E6 | 0x025E7,원본 분석표 440번 DDF6~DDF7=82 CC(の) → 패치 DDE6~DDE7=81 40(␠); 번역 09-022/110 · ␠ / 토큰 81 40 / PC-88 전각 공백 토큰,mapped from six runtime-analysis RAM/raw formulas
433,1,DDE8~DDE9,패치 슬롯 0255 | 한글 문자 | 말,말,88 D3,89 AD,203,89 AD,82 A9,0x025E8 | 0x025E9,원본 분석표 441번 DDF8~DDF9=8C BE(言) → 패치 DDE8~DDE9=88 D3(말); 번역 09-023/110 · 말 / 토큰 88 D3 / KANJI A150 / 가나다순 145,mapped from six runtime-analysis RAM/raw formulas
434,1,DDEA~DDEB,패치 슬롯 0256 | 한글 문자 | 에,에,89 70,8A 72,333,8A 72,81 48,0x025EA | 0x025EB,원본 분석표 442번 DDFA~DDFB=97 74(葉) → 패치 DDEA~DDEB=89 70(에); 번역 09-024/110 · 에 / 토큰 89 70 / KANJI A310 / 가나다순 239,mapped from six runtime-analysis RAM/raw formulas
435,1,DDEC~DDED,패치 슬롯 0257 | 전각 공백 | ␠,␠,81 40,81 40,,81 40,81 40,0x025EC | 0x025ED,원본 분석표 443번 DDFC~DDFD=82 C9(に) → 패치 DDEC~DDED=81 40(␠); 번역 09-025/110 · ␠ / 토큰 81 40 / PC-88 전각 공백 토큰,mapped from six runtime-analysis RAM/raw formulas
436,1,DDEE~DDEF,패치 슬롯 0258 | 한글 문자 | 눈,눈,82 E0,89 48,103,89 48,83 94,0x025EE | 0x025EF,원본 분석표 444번 DDFE~DDFF=83 71(ヒ) → 패치 DDEE~DDEF=82 E0(눈); 번역 09-026/110 · 눈 / 토큰 82 E0 / KANJI 3820 / 가나다순 71,mapped from six runtime-analysis RAM/raw formulas
437,1,DDF0~DDF1,패치 슬롯 0259 | 한글 문자 | 시,시,89 5A,8A 4F,298,8A 4F,83 40,0x025F0 | 0x025F1,원본 분석표 445번 DE00~DE01=83 67(ト) → 패치 DDF0~DDF1=89 5A(시); 번역 09-027/110 · 시 / 토큰 89 5A / KANJI 63B0 / 가나다순 215,mapped from six runtime-analysis RAM/raw formulas
438,1,DDF2~DDF3,패치 슬롯 0260 | 한글 문자 | 울,울,8A C2,8A 90,362,8A 90,83 8A,0x025F2 | 0x025F3,원본 분석표 446번 DE02~DE03=83 7E(ミ) → 패치 DDF2~DDF3=8A C2(울); 번역 09-028/110 · 울 / 토큰 8A C2 / KANJI A840 / 가나다순 495,mapped from six runtime-analysis RAM/raw formulas
439,1,DDF4~DDF5,패치 슬롯 0261 | 한글 문자 | 이,이,89 8D,8A A2,380,8A A2,83 41,0x025F4 | 0x025F5,원본 분석표 447번 DE04~DE05=82 AA(が) → 패치 DDF4~DDF5=89 8D(이); 번역 09-029/110 · 이 / 토큰 89 8D / KANJI E2D0 / 가나다순 268,mapped from six runtime-analysis RAM/raw formulas
440,1,DDF6~DDF7,패치 슬롯 0262 | 전각 공백 | ␠,␠,81 40,81 40,,81 40,82 CC,0x025F6 | 0x025F7,원본 분석표 448번 DE06~DE07=82 A4(う) → 패치 DDF6~DDF7=81 40(␠); 번역 09-030/110 · ␠ / 토큰 81 40 / PC-88 전각 공백 토큰,mapped from six runtime-analysis RAM/raw formulas
441,1,DDF8~DDF9,패치 슬롯 0263 | 한글 문자 | 붉,붉,8A C0,89 E4,258,89 E4,8C BE,0x025F8 | 0x025F9,원본 분석표 449번 DE08~DE09=82 E9(る) → 패치 DDF8~DDF9=8A C0(붉); 번역 09-031/110 · 붉 / 토큰 8A C0 / KANJI A820 / 가나다순 493,mapped from six runtime-analysis RAM/raw formulas
442,1,DDFA~DDFB,패치 슬롯 0264 | 한글 문자 | 어,어,89 6C,8A 6A,325,8A 6A,97 74,0x025FA | 0x025FB,원본 분석표 450번 DE0A~DE0B=82 DE(む) → 패치 DDFA~DDFB=89 6C(어); 번역 09-032/110 · 어 / 토큰 89 6C / KANJI A2D0 / 가나다순 235,mapped from six runtime-analysis RAM/raw formulas
443,1,DDFC~DDFD,패치 슬롯 0265 | 한글 문자 | 지,지,89 B3,8A D4,430,8A D4,82 C9,0x025FC | 0x025FD,원본 분석표 451번 DE0C~DE0D=82 A9(か) → 패치 DDFC~DDFD=89 B3(지); 번역 09-033/110 · 지 / 토큰 89 B3 / KANJI 6550 / 가나다순 309,mapped from six runtime-analysis RAM/raw formulas
444,1,DDFE~DDFF,패치 슬롯 0266 | 한글 문자 | 느,느,82 E2,89 4A,105,89 4A,83 71,0x025FE | 0x025FF,편집기 추가 행; 번역 09-034/110 · 느 / 토큰 82 E2 / KANJI 3840 / 가나다순 73,mapped from six runtime-analysis RAM/raw formulas
445,1,DE00~DE01,패치 슬롯 0267 | 한글 문자 | 냐,냐,82 D5,88 F0,82,88 F0,83 67,0x02600 | 0x02601,편집기 추가 행; 번역 09-035/110 · 냐 / 토큰 82 D5 / KANJI 2970 / 가나다순 59,mapped from six runtime-analysis RAM/raw formulas
446,1,DE02~DE03,패치 슬롯 0268 | 문장부호 | ？,？,81 48,81 48,,81 48,83 7E,0x02602 | 0x02603,원본 분석표 452번 DE0E~DE0F → 현재 DE02~DE03; 번역 09-036/110 · ？ / 토큰 81 48 / PC-88 전각 물음표 토큰,mapped from six runtime-analysis RAM/raw formulas
447,1,DE04~DE05,패치 슬롯 0269 | 한글 문자 | 사,사,89 43,89 EB,265,89 EB,82 AA,0x02604 | 0x02605,원본 분석표 454번 DE12~DE13=82 C8(な) → 패치 DE04~DE05=89 43(사); 번역 09-037/110 · 사 / 토큰 89 43 / KANJI 6240 / 가나다순 191,mapped from six runtime-analysis RAM/raw formulas
448,1,DE06~DE07,패치 슬롯 0270 | 한글 문자 | 랑,랑,8A 6B,89 87,165,89 87,82 A4,0x02606 | 0x02607,원본 분석표 455번 DE14~DE15=82 F1(ん) → 패치 DE06~DE07=8A 6B(랑); 번역 09-038/110 · 랑 / 토큰 8A 6B / KANJI A6C0 / 가나다순 409,mapped from six runtime-analysis RAM/raw formulas
449,1,DE08~DE09,패치 슬롯 0271 | 한글 문자 | 이,이,89 8D,8A A2,380,8A A2,82 E9,0x02608 | 0x02609,원본 분석표 456번 DE16~DE17=82 C6(と) → 패치 DE08~DE09=89 8D(이); 번역 09-039/110 · 이 / 토큰 89 8D / KANJI E2D0 / 가나다순 268,mapped from six runtime-analysis RAM/raw formulas
450,1,DE0A~DE0B,패치 슬롯 0272 | 한글 문자 | 란,란,88 B7,89 83,161,89 83,82 DE,0x0260A | 0x0260B,원본 분석표 457번 DE18~DE19=88 A4(愛) → 패치 DE0A~DE0B=88 B7(란); 번역 09-040/110 · 란 / 토큰 88 B7 / KANJI 6190 / 가나다순 115,mapped from six runtime-analysis RAM/raw formulas
451,1,DE0C~DE0D,패치 슬롯 0273 | 전각 공백 | ␠,␠,81 40,81 40,,81 40,82 A9,0x0260C | 0x0260D,원본 분석표 458번 DE1A~DE1B=82 C6(と) → 패치 DE0C~DE0D=81 40(␠); 번역 09-041/110 · ␠ / 토큰 81 40 / PC-88 전각 공백 토큰,mapped from six runtime-analysis RAM/raw formulas
452,1,DE0E~DE0F,패치 슬롯 0274 | 한글 문자 | 참,참,8A 7C,8A E3,445,8A E3,81 48,0x0260E | 0x0260F,원본 분석표 459번 DE1C~DE1D=82 CD(は) → 패치 DE0E~DE0F=8A 7C(참); 번역 09-042/110 · 참 / 토큰 8A 7C / KANJI A7D0 / 가나다순 426,mapped from six runtime-analysis RAM/raw formulas
453,1,DE10~DE11,패치 슬롯 0275 | 전각 공백 | ␠,␠,81 40,81 40,,81 40,81 40,0x02610 | 0x02611,원본 분석표 462번 DE22~DE23=82 C8(な) → 패치 DE10~DE11=81 40(␠); 번역 09-043/110 · ␠ / 토큰 81 40 / PC-88 전각 공백 토큰,mapped from six runtime-analysis RAM/raw formulas
454,1,DE12~DE13,패치 슬롯 0276 | 한글 문자 | 어,어,89 6C,8A 6A,325,8A 6A,82 C8,0x02612 | 0x02613,원본 분석표 463번 DE24~DE25=8A B4(感) → 패치 DE12~DE13=89 6C(어); 번역 09-044/110 · 어 / 토큰 89 6C / KANJI A2D0 / 가나다순 235,mapped from six runtime-analysis RAM/raw formulas
455,1,DE14~DE15,패치 슬롯 0277 | 한글 문자 | 리,리,88 CC,89 A4,194,89 A4,82 F1,0x02614 | 0x02615,원본 분석표 464번 DE26~DE27=8F EE(情) → 패치 DE14~DE15=88 CC(리); 번역 09-045/110 · 리 / 토큰 88 CC / KANJI A0E0 / 가나다순 137,mapped from six runtime-analysis RAM/raw formulas
456,1,DE16~DE17,패치 슬롯 0278 | 한글 문자 | 석,석,89 4A,89 F3,273,89 F3,82 C6,0x02616 | 0x02617,원본 분석표 465번 DE28~DE29=81 42(。) → 패치 DE16~DE17=89 4A(석); 번역 09-046/110 · 석 / 토큰 89 4A / KANJI 62B0 / 가나다순 198,mapped from six runtime-analysis RAM/raw formulas
457,1,DE18~DE19,패치 슬롯 0279 | 한글 문자 | 은,은,89 89,8A 9D,375,8A 9D,88 A4,0x02618 | 0x02619,원본 분석표 466번 DE2A~DE2B=8C C8(己) → 패치 DE18~DE19=89 89(은); 번역 09-047/110 · 은 / 토큰 89 89 / KANJI E290 / 가나다순 264,mapped from six runtime-analysis RAM/raw formulas
458,1,DE1A~DE1B,패치 슬롯 0280 | 전각 공백 | ␠,␠,81 40,81 40,,81 40,82 C6,0x0261A | 0x0261B,원본 분석표 467번 DE2C~DE2D=82 EA(れ) → 패치 DE1A~DE1B=81 40(␠); 번역 09-048/110 · ␠ / 토큰 81 40 / PC-88 전각 공백 토큰,mapped from six runtime-analysis RAM/raw formulas
459,1,DE1C~DE1D,패치 슬롯 0281 | 한글 문자 | 감,감,82 A3,88 A4,6,88 A4,82 CD,0x0261C | 0x0261D,원본 분석표 468번 DE2E~DE2F=82 F0(を) → 패치 DE1C~DE1D=82 A3(감); 번역 09-049/110 · 감 / 토큰 82 A3 / KANJI 1850 / 가나다순 5,mapped from six runtime-analysis RAM/raw formulas
460,1,DE1E~DE1F,패치 슬롯 0282 | 한글 문자 | 정,정,89 A0,8A BA,404,8A BA,8B F0,0x0261E | 0x0261F,원본 분석표 469번 DE30~DE31=8B 5D(犠) → 패치 DE1E~DE1F=89 A0(정); 번역 09-050/110 · 정 / 토큰 89 A0 / KANJI 6420 / 가나다순 290,mapped from six runtime-analysis RAM/raw formulas
461,1,DE20~DE21,패치 슬롯 0283 | 한글 문자 | 이,이,89 8D,8A A2,380,8A A2,82 A9,0x02620 | 0x02621,원본 분석표 470번 DE32~DE33=90 B5(牲) → 패치 DE20~DE21=89 8D(이); 번역 09-051/110 · 이 / 토큰 89 8D / KANJI E2D0 / 가나다순 268,mapped from six runtime-analysis RAM/raw formulas
462,1,DE22~DE23,패치 슬롯 0284 | 한글 문자 | 다,다,82 E7,89 50,111,89 50,82 C8,0x02622 | 0x02623,원본 분석표 471번 DE34~DE35=82 C9(に) → 패치 DE22~DE23=82 E7(다); 번역 09-052/110 · 다 / 토큰 82 E7 / KANJI 3890 / 가나다순 78,mapped from six runtime-analysis RAM/raw formulas
463,1,DE24~DE25,패치 슬롯 0285 | 문장부호 | 。,。,81 42,81 42,,81 42,8A B4,0x02624 | 0x02625,원본 분석표 474번 DE3A~DE3B=82 A4(う) → 패치 DE24~DE25=81 42(。); 번역 09-053/110 · 。 / 토큰 81 42 / PC-88 전각 마침표 토큰,mapped from six runtime-analysis RAM/raw formulas
464,1,DE26~DE27,패치 슬롯 0286 | 한글 문자 | 자,자,89 93,8A AD,391,8A AD,8F EE,0x02626 | 0x02627,원본 분석표 475번 DE3C~DE3D=82 C6(と) → 패치 DE26~DE27=89 93(자); 번역 09-054/110 · 자 / 토큰 89 93 / KANJI E330 / 가나다순 277,mapped from six runtime-analysis RAM/raw formulas
465,1,DE28~DE29,패치 슬롯 0287 | 한글 문자 | 신,신,89 5B,8A 50,299,8A 50,81 42,0x02628 | 0x02629,원본 분석표 476번 DE3E~DE3F=82 B7(す) → 패치 DE28~DE29=89 5B(신); 번역 09-055/110 · 신 / 토큰 89 5B / KANJI 63C0 / 가나다순 216,mapped from six runtime-analysis RAM/raw formulas
466,1,DE2A~DE2B,패치 슬롯 0288 | 한글 문자 | 을,을,89 8A,8A 9E,376,8A 9E,8C C8,0x0262A | 0x0262B,원본 분석표 477번 DE40~DE41=82 E9(る) → 패치 DE2A~DE2B=89 8A(을); 번역 09-056/110 · 을 / 토큰 89 8A / KANJI E2A0 / 가나다순 265,mapped from six runtime-analysis RAM/raw formulas
467,1,DE2C~DE2D,패치 슬롯 0289 | 전각 공백 | ␠,␠,81 40,81 40,,81 40,82 EA,0x0262C | 0x0262D,원본 분석표 478번 DE42~DE43=90 53(心) → 패치 DE2C~DE2D=81 40(␠); 번역 09-057/110 · ␠ / 토큰 81 40 / PC-88 전각 공백 토큰,mapped from six runtime-analysis RAM/raw formulas
468,1,DE2E~DE2F,패치 슬롯 0290 | 한글 문자 | 희,희,89 F6,8B 96,556,8B 96,82 F0,0x0262E | 0x0262F,원본 분석표 479번 DE44~DE45=82 AA(が) → 패치 DE2E~DE2F=89 F6(희); 번역 09-058/110 · 희 / 토큰 89 F6 / KANJI E580 / 가나다순 386,mapped from six runtime-analysis RAM/raw formulas
469,1,DE30~DE31,패치 슬롯 0291 | 한글 문자 | 생,생,89 48,89 F1,271,89 F1,8B 5D,0x02630 | 0x02631,원본 분석표 480번 DE46~DE47=81 41(、) → 패치 DE30~DE31=89 48(생); 번역 09-059/110 · 생 / 토큰 89 48 / KANJI 6290 / 가나다순 196,mapped from six runtime-analysis RAM/raw formulas
470,1,DE32~DE33,패치 슬롯 0292 | 한글 문자 | 하,하,89 E2,8B 72,521,8B 72,90 B5,0x02632 | 0x02633,원본 분석표 481번 DE48~DE49=82 A9(か) → 패치 DE32~DE33=89 E2(하); 번역 09-060/110 · 하 / 토큰 89 E2 / KANJI E440 / 가나다순 362,mapped from six runtime-analysis RAM/raw formulas
471,1,DE34~DE35,패치 슬롯 0293 | 한글 문자 | 겠,겠,82 AC,88 B2,20,88 B2,82 C9,0x02634 | 0x02635,원본 분석표 482번 DE4A~DE4B=82 A6(え) → 패치 DE34~DE35=82 AC(겠); 번역 09-061/110 · 겠 / 토큰 82 AC / KANJI 18E0 / 가나다순 14,mapped from six runtime-analysis RAM/raw formulas
472,1,DE36~DE37,패치 슬롯 0294 | 한글 문자 | 다,다,82 E7,89 50,111,89 50,82 B5,0x02636 | 0x02637,원본 분석표 483번 DE4C~DE4D=82 C1(っ) → 패치 DE36~DE37=82 E7(다); 번역 09-062/110 · 다 / 토큰 82 E7 / KANJI 3890 / 가나다순 78,mapped from six runtime-analysis RAM/raw formulas
473,1,DE38~DE39,패치 슬롯 0295 | 한글 문자 | 는,는,82 E3,89 4B,106,89 4B,82 E6,0x02638 | 0x02639,원본 분석표 484번 DE4E~DE4F=82 C4(て) → 패치 DE38~DE39=82 E3(는); 번역 09-063/110 · 는 / 토큰 82 E3 / KANJI 3850 / 가나다순 74,mapped from six runtime-analysis RAM/raw formulas
474,1,DE3A~DE3B,패치 슬롯 0296 | 전각 공백 | ␠,␠,81 40,81 40,,81 40,82 A4,0x0263A | 0x0263B,원본 분석표 485번 DE50~DE51=97 46(友) → 패치 DE3A~DE3B=81 40(␠); 번역 09-064/110 · ␠ / 토큰 81 40 / PC-88 전각 공백 토큰,mapped from six runtime-analysis RAM/raw formulas
475,1,DE3C~DE3D,패치 슬롯 0297 | 한글 문자 | 마,마,88 D1,89 AA,200,89 AA,82 C6,0x0263C | 0x0263D,원본 분석표 486번 DE52~DE53=82 F0(を) → 패치 DE3C~DE3D=88 D1(마); 번역 09-065/110 · 마 / 토큰 88 D1 / KANJI A130 / 가나다순 142,mapped from six runtime-analysis RAM/raw formulas
476,1,DE3E~DE3F,패치 슬롯 0298 | 한글 문자 | 음,음,89 8B,8A 9F,377,8A 9F,82 B7,0x0263E | 0x0263F,원본 분석표 487번 DE54~DE55=8A EB(危) → 패치 DE3E~DE3F=89 8B(음); 번역 09-066/110 · 음 / 토큰 89 8B / KANJI E2B0 / 가나다순 266,mapped from six runtime-analysis RAM/raw formulas
477,1,DE40~DE41,패치 슬롯 0299 | 한글 문자 | 이,이,89 8D,8A A2,380,8A A2,82 E9,0x02640 | 0x02641,원본 분석표 488번 DE56~DE57=8C AF(険) → 패치 DE40~DE41=89 8D(이); 번역 09-067/110 · 이 / 토큰 89 8D / KANJI E2D0 / 가나다순 268,mapped from six runtime-analysis RAM/raw formulas
478,1,DE42~DE43,패치 슬롯 0300 | 전각 공백 | ␠,␠,81 40,81 40,,81 40,90 53,0x02642 | 0x02643,원본 분석표 489번 DE58~DE59=82 C9(に) → 패치 DE42~DE43=81 40(␠); 번역 09-068/110 · ␠ / 토큰 81 40 / PC-88 전각 공백 토큰,mapped from six runtime-analysis RAM/raw formulas
479,1,DE44~DE45,패치 슬롯 0301 | 한글 문자 | 도,도,82 F1,89 5E,125,89 5E,82 AA,0x02644 | 0x02645,원본 분석표 490번 DE5A~DE5B=8B EC(駆) → 패치 DE44~DE45=82 F1(도); 번역 09-069/110 · 도 / 토큰 82 F1 / KANJI 3930 / 가나다순 89,mapped from six runtime-analysis RAM/raw formulas
480,1,DE46~DE47,패치 슬롯 0302 | 한글 문자 | 리,리,88 CC,89 A4,194,89 A4,81 41,0x02646 | 0x02647,원본 분석표 491번 DE5C~DE5D=82 E8(り) → 패치 DE46~DE47=88 CC(리); 번역 09-070/110 · 리 / 토큰 88 CC / KANJI A0E0 / 가나다순 137,mapped from six runtime-analysis RAM/raw formulas
481,1,DE48~DE49,패치 슬롯 0303 | 한글 문자 | 어,어,89 6C,8A 6A,325,8A 6A,82 A9,0x02648 | 0x02649,원본 분석표 492번 DE5E~DE5F=97 A7(立) → 패치 DE48~DE49=89 6C(어); 번역 09-071/110 · 어 / 토큰 89 6C / KANJI A2D0 / 가나다순 235,mapped from six runtime-analysis RAM/raw formulas
482,1,DE4A~DE4B,패치 슬롯 0304 | 전각 공백 | ␠,␠,81 40,81 40,,81 40,82 A6,0x0264A | 0x0264B,원본 분석표 493번 DE60~DE61=82 C4(て) → 패치 DE4A~DE4B=81 40(␠); 번역 09-072/110 · ␠ / 토큰 81 40 / PC-88 전각 공백 토큰,mapped from six runtime-analysis RAM/raw formulas
483,1,DE4C~DE4D,패치 슬롯 0305 | 한글 문자 | 동,동,88 A0,89 61,128,89 61,82 C1,0x0264C | 0x0264D,원본 분석표 494번 DE62~DE63=82 E9(る) → 패치 DE4C~DE4D=88 A0(동); 번역 09-073/110 · 동 / 토큰 88 A0 / KANJI 6020 / 가나다순 91,mapped from six runtime-analysis RAM/raw formulas
484,1,DE4E~DE4F,패치 슬롯 0306 | 한글 문자 | 료,료,88 C6,89 9C,186,89 9C,82 C4,0x0264E | 0x0264F,원본 분석표 495번 DE64~DE65=81 42(。) → 패치 DE4E~DE4F=88 C6(료); 번역 09-074/110 · 료 / 토큰 88 C6 / KANJI A080 / 가나다순 131,mapped from six runtime-analysis RAM/raw formulas
485,1,DE50~DE51,패치 슬롯 0307 | 한글 문자 | 를,를,88 CA,89 A2,192,89 A2,97 46,0x02650 | 0x02651,원본 분석표 496번 DE66~DE67=82 B3(さ) → 패치 DE50~DE51=88 CA(를); 번역 09-075/110 · 를 / 토큰 88 CA / KANJI A0C0 / 가나다순 135,mapped from six runtime-analysis RAM/raw formulas
486,1,DE52~DE53,패치 슬롯 0308 | 전각 공백 | ␠,␠,81 40,81 40,,81 40,82 F0,0x02652 | 0x02653,원본 분석표 497번 DE68~DE69=82 A0(あ) → 패치 DE52~DE53=81 40(␠); 번역 09-076/110 · ␠ / 토큰 81 40 / PC-88 전각 공백 토큰,mapped from six runtime-analysis RAM/raw formulas
487,1,DE54~DE55,패치 슬롯 0309 | 한글 문자 | 사,사,89 43,89 EB,265,89 EB,8A EB,0x02654 | 0x02655,원본 분석표 498번 DE6A~DE6B=81 41(、) → 패치 DE54~DE55=89 43(사); 번역 09-077/110 · 사 / 토큰 89 43 / KANJI 6240 / 가나다순 191,mapped from six runtime-analysis RAM/raw formulas
488,1,DE56~DE57,패치 슬롯 0310 | 한글 문자 | 지,지,89 B3,8A D4,430,8A D4,8C AF,0x02656 | 0x02657,원본 분석표 499번 DE6C~DE6D=97 44(優) → 패치 DE56~DE57=89 B3(지); 번역 09-078/110 · 지 / 토큰 89 B3 / KANJI 6550 / 가나다순 309,mapped from six runtime-analysis RAM/raw formulas
489,1,DE58~DE59,패치 슬롯 0311 | 한글 문자 | 로,로,88 C5,89 99,183,89 99,82 C9,0x02658 | 0x02659,원본 분석표 500번 DE6E~DE6F=8E 71(子) → 패치 DE58~DE59=88 C5(로); 번역 09-079/110 · 로 / 토큰 88 C5 / KANJI A070 / 가나다순 130,mapped from six runtime-analysis RAM/raw formulas
490,1,DE5A~DE5B,패치 슬롯 0312 | 전각 공백 | ␠,␠,81 40,81 40,,81 40,8B EC,0x0265A | 0x0265B,원본 분석표 501번 DE70~DE71=81 41(、) → 패치 DE5A~DE5B=81 40(␠); 번역 09-080/110 · ␠ / 토큰 81 40 / PC-88 전각 공백 토큰,mapped from six runtime-analysis RAM/raw formulas
491,1,DE5C~DE5D,패치 슬롯 0313 | 한글 문자 | 몰,몰,88 E1,89 BF,221,89 BF,82 E8,0x0265C | 0x0265D,원본 분석표 502번 DE72~DE73=83 94(ヴ) → 패치 DE5C~DE5D=88 E1(몰); 번역 09-081/110 · 몰 / 토큰 88 E1 / KANJI E030 / 가나다순 159,mapped from six runtime-analysis RAM/raw formulas
492,1,DE5E~DE5F,패치 슬롯 0314 | 한글 문자 | 어,어,89 6C,8A 6A,325,8A 6A,97 A7,0x0265E | 0x0265F,원본 분석표 503번 DE74~DE75=83 40(ァ) → 패치 DE5E~DE5F=89 6C(어); 번역 09-082/110 · 어 / 토큰 89 6C / KANJI A2D0 / 가나다순 235,mapped from six runtime-analysis RAM/raw formulas
493,1,DE60~DE61,패치 슬롯 0315 | 한글 문자 | 넣,넣,82 D8,88 F7,89,88 F7,82 C4,0x02660 | 0x02661,원본 분석표 505번 DE78~DE79=83 58(ス) → 패치 DE60~DE61=82 D8(넣); 번역 09-083/110 · 넣 / 토큰 82 D8 / KANJI 29A0 / 가나다순 63,mapped from six runtime-analysis RAM/raw formulas
494,1,DE62~DE63,패치 슬롯 0316 | 한글 문자 | 으,으,89 88,8A 9B,373,8A 9B,82 E9,0x02662 | 0x02663,원본 분석표 506번 DE7A~DE7B=82 CC(の) → 패치 DE62~DE63=89 88(으); 번역 09-084/110 · 으 / 토큰 89 88 / KANJI E280 / 가나다순 263,mapped from six runtime-analysis RAM/raw formulas
495,1,DE64~DE65,패치 슬롯 0317 | 한글 문자 | 니,니,82 E4,89 4D,108,89 4D,81 42,0x02664 | 0x02665,원본 분석표 507번 DE7C~DE7D=90 ED(戦) → 패치 DE64~DE65=82 E4(니); 번역 09-085/110 · 니 / 토큰 82 E4 / KANJI 3860 / 가나다순 75,mapped from six runtime-analysis RAM/raw formulas
496,1,DE66~DE67,패치 슬롯 0318 | 전각 공백 | ␠,␠,81 40,81 40,,81 40,82 B3,0x02666 | 0x02667,원본 분석표 508번 DE7E~DE7F=8E 6D(士) → 패치 DE66~DE67=81 40(␠); 번역 09-086/110 · ␠ / 토큰 81 40 / PC-88 전각 공백 토큰,mapped from six runtime-analysis RAM/raw formulas
497,1,DE68~DE69,패치 슬롯 0319 | 한글 문자 | 말,말,88 D3,89 AD,203,89 AD,82 A0,0x02668 | 0x02669,원본 분석표 509번 DE80~DE81=82 E6(よ) → 패치 DE68~DE69=88 D3(말); 번역 09-087/110 · 말 / 토큰 88 D3 / KANJI A150 / 가나다순 145,mapped from six runtime-analysis RAM/raw formulas
498,1,DE6A~DE6B,패치 슬롯 0320 | 한글 문자 | 이,이,89 8D,8A A2,380,8A A2,81 41,0x0266A | 0x0266B,원본 분석표 510번 DE82~DE83=81 41(、) → 패치 DE6A~DE6B=89 8D(이); 번역 09-088/110 · 이 / 토큰 89 8D / KANJI E2D0 / 가나다순 268,mapped from six runtime-analysis RAM/raw formulas
499,1,DE6C~DE6D,패치 슬롯 0321 | 한글 문자 | 다,다,82 E7,89 50,111,89 50,97 44,0x0266C | 0x0266D,원본 분석표 511번 DE84~DE85=82 C7(ど) → 패치 DE6C~DE6D=82 E7(다); 번역 09-089/110 · 다 / 토큰 82 E7 / KANJI 3890 / 가나다순 78,mapped from six runtime-analysis RAM/raw formulas
500,1,DE6E~DE6F,패치 슬롯 0322 | 문장부호 | 。,。,81 42,81 42,,81 42,8E 71,0x0266E | 0x0266F,원본 분석표 512번 DE86~DE87=82 A4(う) → 패치 DE6E~DE6F=81 42(。); 번역 09-090/110 · 。 / 토큰 81 42 / PC-88 전각 마침표 토큰,mapped from six runtime-analysis RAM/raw formulas
501,1,DE70~DE71,패치 슬롯 0323 | 한글 문자 | 자,자,89 93,8A AD,391,8A AD,81 41,0x02670 | 0x02671,원본 분석표 513번 DE88~DE89=82 B7(す) → 패치 DE70~DE71=89 93(자); 번역 09-091/110 · 자 / 토큰 89 93 / KANJI E330 / 가나다순 277,mapped from six runtime-analysis RAM/raw formulas
502,1,DE72~DE73,패치 슬롯 0324 | 한글 문자 | 아,아,89 60,8A 5A,309,8A 5A,83 94,0x02672 | 0x02673,편집기 추가 행; 번역 09-092/110 · 아 / 토큰 89 60 / KANJI A210 / 가나다순 223,mapped from six runtime-analysis RAM/raw formulas
503,1,DE74~DE75,패치 슬롯 0325 | 문장부호 | 、,、,81 41,81 41,,81 41,83 40,0x02674 | 0x02675,원본 분석표 514번 DE8A~DE8B=82 E9(る) → 패치 DE74~DE75=81 41(、); 번역 09-093/110 · 、 / 토큰 81 41 / PC-88 전각 쉼표 토큰,mapped from six runtime-analysis RAM/raw formulas
504,1,DE76~DE77,패치 슬롯 0326 | 한글 문자 | 바,바,88 E9,89 CC,234,89 CC,83 8A,0x02676 | 0x02677,원본 분석표 515번 DE8C~DE8D=81 49(！) → 패치 DE76~DE77=88 E9(바); 번역 09-094/110 · 바 / 토큰 88 E9 / KANJI E0B0 / 가나다순 168,mapped from six runtime-analysis RAM/raw formulas
505,1,DE78~DE79,패치 슬롯 0327 | 한글 문자 | 리,리,88 CC,89 A4,194,89 A4,83 58,0x02678 | 0x02679,원본 분석표 516번 DE8E~DE8F=81 48(？) → 패치 DE78~DE79=88 CC(리); 번역 09-095/110 · 리 / 토큰 88 CC / KANJI A0E0 / 가나다순 137,mapped from six runtime-analysis RAM/raw formulas
506,1,DE7A~DE7B,패치 슬롯 0328 | 한글 문자 | 스,스,89 56,8A 4A,293,8A 4A,82 CC,0x0267A | 0x0267B,편집기 추가 행; 번역 09-096/110 · 스 / 토큰 89 56 / KANJI 6370 / 가나다순 211,mapped from six runtime-analysis RAM/raw formulas
507,1,DE7C~DE7D,패치 슬롯 0329 | 한글 문자 | 의,의,89 8C,8A A1,379,8A A1,90 ED,0x0267C | 0x0267D,편집기 추가 행; 번역 09-097/110 · 의 / 토큰 89 8C / KANJI E2C0 / 가나다순 267,mapped from six runtime-analysis RAM/raw formulas
508,1,DE7E~DE7F,패치 슬롯 0330 | 전각 공백 | ␠,␠,81 40,81 40,,81 40,8E 6D,0x0267E | 0x0267F,편집기 추가 행; 번역 09-098/110 · ␠ / 토큰 81 40 / PC-88 전각 공백 토큰,mapped from six runtime-analysis RAM/raw formulas
509,1,DE80~DE81,패치 슬롯 0331 | 한글 문자 | 전,전,89 9D,8A B7,401,8A B7,82 E6,0x02680 | 0x02681,편집기 추가 행; 번역 09-099/110 · 전 / 토큰 89 9D / KANJI E3D0 / 가나다순 287,mapped from six runtime-analysis RAM/raw formulas
510,1,DE82~DE83,패치 슬롯 0332 | 한글 문자 | 사,사,89 43,89 EB,265,89 EB,81 41,0x02682 | 0x02683,편집기 추가 행; 번역 09-100/110 · 사 / 토큰 89 43 / KANJI 6240 / 가나다순 191,mapped from six runtime-analysis RAM/raw formulas
511,1,DE84~DE85,패치 슬롯 0333 | 한글 문자 | 여,여,89 72,8A 74,335,8A 74,82 C7,0x02684 | 0x02685,편집기 추가 행; 번역 09-101/110 · 여 / 토큰 89 72 / KANJI A330 / 가나다순 241,mapped from six runtime-analysis RAM/raw formulas
512,1,DE86~DE87,패치 슬롯 0334 | 문장부호 | 、,、,81 41,81 41,,81 41,82 A4,0x02686 | 0x02687,편집기 추가 행; 번역 09-102/110 · 、 / 토큰 81 41 / PC-88 전각 쉼표 토큰,mapped from six runtime-analysis RAM/raw formulas
513,1,DE88~DE89,패치 슬롯 0335 | 한글 문자 | 어,어,89 6C,8A 6A,325,8A 6A,82 B7,0x02688 | 0x02689,편집기 추가 행; 번역 09-103/110 · 어 / 토큰 89 6C / KANJI A2D0 / 가나다순 235,mapped from six runtime-analysis RAM/raw formulas
514,1,DE8A~DE8B,패치 슬롯 0336 | 한글 문자 | 찌,찌,8A 4F,8A DD,439,8A DD,82 E9,0x0268A | 0x0268B,편집기 추가 행; 번역 09-104/110 · 찌 / 토큰 8A 4F / KANJI 6700 / 가나다순 314,mapped from six runtime-analysis RAM/raw formulas
515,1,DE8C~DE8D,패치 슬롯 0337 | 한글 문자 | 하,하,89 E2,8B 72,521,8B 72,81 49,0x0268C | 0x0268D,편집기 추가 행; 번역 09-105/110 · 하 / 토큰 89 E2 / KANJI E440 / 가나다순 362,mapped from six runtime-analysis RAM/raw formulas
516,1,DE8E~DE8F,패치 슬롯 0338 | 한글 문자 | 겠,겠,82 AC,88 B2,20,88 B2,81 48,0x0268E | 0x0268F,편집기 추가 행; 번역 09-106/110 · 겠 / 토큰 82 AC / KANJI 18E0 / 가나다순 14,mapped from six runtime-analysis RAM/raw formulas
517,1,DE90~DE91,패치 슬롯 0339 | 한글 문자 | 느,느,82 E2,89 4A,105,89 4A,61 16,0x02690 | 0x02691,편집기 추가 행; 번역 09-107/110 · 느 / 토큰 82 E2 / KANJI 3840 / 가나다순 73,mapped from six runtime-analysis RAM/raw formulas
518,1,DE92~DE93,패치 슬롯 0340 | 한글 문자 | 냐,냐,82 D5,88 F0,82,88 F0,62 E5,0x02692 | 0x02693,편집기 추가 행; 번역 09-108/110 · 냐 / 토큰 82 D5 / KANJI 2970 / 가나다순 59,mapped from six runtime-analysis RAM/raw formulas
519,1,DE94~DE95,패치 슬롯 0341 | 문장부호 | ！,！,81 49,81 49,,81 49,41 42,0x02694 | 0x02695,편집기 추가 행; 번역 09-109/110 · ！ / 토큰 81 49 / PC-88 전각 느낌표 토큰,mapped from six runtime-analysis RAM/raw formulas
520,1,DE96~DE97,패치 슬롯 0342 | 문장부호 | ？,？,81 48,81 48,,81 48,83 94,0x02696 | 0x02697,편집기 추가 행; 번역 09-110/110 · ？ / 토큰 81 48 / PC-88 전각 물음표 토큰,mapped from six runtime-analysis RAM/raw formulas
521,1,DE98,기존 확인 61~70h 계열 / CAA8[0] 작업슬롯 비활성화,,61,61,,,83,0x02698,원본 분석표 517번 DE90 → 현재 DE98; 비활성화 토큰 61; 다음 본류 DE91,mapped from six runtime-analysis RAM/raw formulas
522,1,DE99~DE9B,기존 확인 16h 계열 / 서브스트림 호출·전환 → E562,,16 62 E5,16 62 E5,,,40 83 8A,0x02699 | 0x0269A | 0x0269B,원본 분석표 518번 DE91~DE93 → 현재 DE99~DE9B; 16h 호출 → E562; 복귀 주소 DE94,mapped from six runtime-analysis RAM/raw formulas
523,1,E562~E566,서브스트림 실행 / 기존 확인 0Fh 계열 제어토큰,,0F 01 0C 05 08,0F 01 0C 05 08,,,,,인자 01 0C 05 08; 다음 주소 E567,outside six documented raw segments
524,1,E567~E569,서브스트림 실행 / 기존 확인 16h 계열 / 서브스트림 호출·전환 → E630,,16 30 E6,16 30 E6,,,,,16h 호출 → E630; 복귀 주소 E56A,outside six documented raw segments
525,1,E630~E632,서브스트림 실행 / 기존 확인 1Eh 계열 / 간접 CALL,,1E 3C 08,1E 3C 08,,,,,호출 대상 083C; 처리 후 다음 주소 E633,outside six documented raw segments
526,1,E633~E638,서브스트림 실행 / 기존 확인 05h 계열 / 영역·좌표 상태 설정·전개,,05 16 86 3A 9E 00,05 16 86 3A 9E 00,,,,,처리 후 다음 주소 E639; 내부 16 86 3A는 인자,outside six documented raw segments
527,1,E639~E63D,서브스트림 실행 / 기존 확인 0Eh 계열 / 화면·버퍼 초기화·전개,,0E 16 20 24 80,0E 16 20 24 80,,,,,처리 후 다음 주소 E63E; 내부 16 20 24는 인자,outside six documented raw segments
528,1,E63E,서브스트림 실행 / 기존 확인 17h 계열 / 서브스트림 복귀,,17,17,,,,,17h 복귀 → E56A,outside six documented raw segments
529,1,E56A~E56C,서브스트림 실행 / 기존 확인 13h 계열 제어토큰,,13 EF E6,13 EF E6,,,,,인자 EF E6; 다음 주소 E56D,outside six documented raw segments
530,1,E56D~E570,서브스트림 실행 / 기존 확인 14h 계열 / 버퍼·영역 처리,,14 00 16 22,14 00 16 22,,,,,인자 00 16 22; 다음 주소 E571,outside six documented raw segments
531,1,E571~E574,서브스트림 실행 / 기존 확인 14h 계열 / 버퍼·영역 처리,,14 01 3B 00,14 01 3B 00,,,,,인자 01 3B 00; 다음 주소 E575,outside six documented raw segments
532,1,E575~E578,서브스트림 실행 / 기존 확인 04h 계열 / CAA8 슬롯 포인터 설정,,04 61 E7 41,04 61 E7 41,,,,,E761 포인터를 41h 슬롯에 설정; 다음 주소 E579,outside six documented raw segments
533,1,E579~E57C,서브스트림 실행 / 기존 확인 04h 계열 / CAA8 슬롯 포인터 설정,,04 6B E7 42,04 6B E7 42,,,,,E76B 포인터를 42h 슬롯에 설정; 다음 주소 E57D,outside six documented raw segments
534,1,E57D~E57E,서브스트림 실행 / 기존 확인 25h 계열 / CA1D 입 움직임 효과음 인덱스 설정,,25 2B,25 2B,,,,,CA1D=2B; 다음 주소 E57F,outside six documented raw segments
535,1,E57F,서브스트림 실행 / 기존 확인 17h 계열 / 서브스트림 복귀,,17,17,,,,,17h 복귀 → DE94,outside six documented raw segments
536,1,DE9C,기존 확인 41~50h 계열 / CAA8[0] 슬롯 실행,,41,41,,,83,0x0269C,원본 분석표 532번 DE94 → 현재 DE9C; 슬롯 토큰 41; 다음 본류 DE95,mapped from six runtime-analysis RAM/raw formulas
537,1,DE9D,기존 확인 41~50h 계열 / CAA8[1] 슬롯 실행,,42,42,,,41,0x0269D,원본 분석표 533번 DE95 → 현재 DE9D; 슬롯 토큰 42; 다음 본류 DE96,mapped from six runtime-analysis RAM/raw formulas
538,1,DE9E~DE9F,패치 슬롯 0343 | 한글 문자 | 바,바,88 E9,89 CC,234,89 CC,97 6C,0x0269E | 0x0269F,원본 분석표 534번 DE96~DE97=83 94(ヴ) → 패치 DE9E~DE9F=88 E9(바); 번역 10-001/063 · 바 / 토큰 88 E9 / KANJI E0B0 / 가나다순 168,mapped from six runtime-analysis RAM/raw formulas
539,1,DEA0~DEA1,패치 슬롯 0344 | 한글 문자 | 리,리,88 CC,89 A4,194,89 A4,81 49,0x026A0 | 0x026A1,원본 분석표 535번 DE98~DE99=83 40(ァ) → 패치 DEA0~DEA1=88 CC(리); 번역 10-002/063 · 리 / 토큰 88 CC / KANJI A0E0 / 가나다순 137,mapped from six runtime-analysis RAM/raw formulas
540,1,DEA2~DEA3,패치 슬롯 0345 | 한글 문자 | 아,아,89 60,8A 5A,309,8A 5A,81 45,0x026A2 | 0x026A3,원본 분석표 536번 DE9A~DE9B=83 8A(リ) → 패치 DEA2~DEA3=89 60(아); 번역 10-003/063 · 아 / 토큰 89 60 / KANJI A210 / 가나다순 223,mapped from six runtime-analysis RAM/raw formulas
541,1,DEA4~DEA5,패치 슬롯 0346 | 한글 문자 | 님,님,82 E6,89 4F,110,89 4F,81 45,0x026A4 | 0x026A5,원본 분석표 537번 DE9C~DE9D=83 41(ア) → 패치 DEA4~DEA5=82 E6(님); 번역 10-004/063 · 님 / 토큰 82 E6 / KANJI 3880 / 가나다순 77,mapped from six runtime-analysis RAM/raw formulas
542,1,DEA6~DEA7,패치 슬롯 0347 | 문장부호 | ！,！,81 49,81 49,,81 49,81 45,0x026A6 | 0x026A7,원본 분석표 539번 DEA0~DEA1 → 현재 DEA6~DEA7; 번역 10-005/063 · ！ / 토큰 81 49 / PC-88 전각 느낌표 토큰,mapped from six runtime-analysis RAM/raw formulas
543,1,DEA8~DEA9,패치 슬롯 0348 | 문장부호 | ・,・,81 45,81 45,,81 45,83 8F,0x026A8 | 0x026A9,원본 분석표 540번 DEA2~DEA3 → 현재 DEA8~DEA9; 번역 10-006/063 · ・ / 토큰 81 45 / PC-88 가운데점 토큰,mapped from six runtime-analysis RAM/raw formulas
544,1,DEAA~DEAB,패치 슬롯 0349 | 문장부호 | ・,・,81 45,81 45,,81 45,83 5E,0x026AA | 0x026AB,원본 분석표 541번 DEA4~DEA5 → 현재 DEAA~DEAB; 번역 10-007/063 · ・ / 토큰 81 45 / PC-88 가운데점 토큰,mapped from six runtime-analysis RAM/raw formulas
545,1,DEAC~DEAD,패치 슬롯 0350 | 문장부호 | ・,・,81 45,81 45,,81 45,83 56,0x026AC | 0x026AD,원본 분석표 542번 DEA6~DEA7 → 현재 DEAC~DEAD; 번역 10-008/063 · ・ / 토큰 81 45 / PC-88 가운데점 토큰,mapped from six runtime-analysis RAM/raw formulas
546,1,DEAE~DEAF,패치 슬롯 0351 | 한글 문자 | 저,저,89 9B,8A B5,399,8A B5,82 CD,0x026AE | 0x026AF,원본 분석표 543번 DEA8~DEA9=83 8F(ワ) → 패치 DEAE~DEAF=89 9B(저); 번역 10-009/063 · 저 / 토큰 89 9B / KANJI E3B0 / 가나다순 285,mapped from six runtime-analysis RAM/raw formulas
547,1,DEB0~DEB1,패치 슬롯 0352 | 한글 문자 | 는,는,82 E3,89 4B,106,89 4B,81 41,0x026B0 | 0x026B1,편집기 추가 행; 번역 10-010/063 · 는 / 토큰 82 E3 / KANJI 3850 / 가나다순 74,mapped from six runtime-analysis RAM/raw formulas
548,1,DEB2~DEB3,패치 슬롯 0353 | 문장부호 | 、,、,81 41,81 41,,81 41,83 8F,0x026B2 | 0x026B3,원본 분석표 544번 DEAA~DEAB=83 5E(タ) → 패치 DEB2~DEB3=81 41(、); 번역 10-011/063 · 、 / 토큰 81 41 / PC-88 전각 쉼표 토큰,mapped from six runtime-analysis RAM/raw formulas
549,1,DEB4~DEB5,패치 슬롯 0354 | 한글 문자 | 저,저,89 9B,8A B5,399,8A B5,83 5E,0x026B4 | 0x026B5,원본 분석표 545번 DEAC~DEAD=83 56(シ) → 패치 DEB4~DEB5=89 9B(저); 번역 10-012/063 · 저 / 토큰 89 9B / KANJI E3B0 / 가나다순 285,mapped from six runtime-analysis RAM/raw formulas
550,1,DEB6~DEB7,패치 슬롯 0355 | 한글 문자 | 는,는,82 E3,89 4B,106,89 4B,83 56,0x026B6 | 0x026B7,원본 분석표 546번 DEAE~DEAF=82 CD(は) → 패치 DEB6~DEB7=82 E3(는); 번역 10-013/063 · 는 / 토큰 82 E3 / KANJI 3850 / 가나다순 74,mapped from six runtime-analysis RAM/raw formulas
551,1,DEB8~DEB9,패치 슬롯 0356 | 문장부호 | ・,・,81 45,81 45,,81 45,82 CD,0x026B8 | 0x026B9,원본 분석표 552번 DEBA~DEBB → 현재 DEB8~DEB9; 번역 10-014/063 · ・ / 토큰 81 45 / PC-88 가운데점 토큰,mapped from six runtime-analysis RAM/raw formulas
552,1,DEBA~DEBB,패치 슬롯 0357 | 문장부호 | ・,・,81 45,81 45,,81 45,81 45,0x026BA | 0x026BB,원본 분석표 553번 DEBC~DEBD → 현재 DEBA~DEBB; 번역 10-015/063 · ・ / 토큰 81 45 / PC-88 가운데점 토큰,mapped from six runtime-analysis RAM/raw formulas
553,1,DEBC~DEBD,패치 슬롯 0358 | 문장부호 | ・,・,81 45,81 45,,81 45,81 45,0x026BC | 0x026BD,원본 분석표 554번 DEBE~DEBF → 현재 DEBC~DEBD; 번역 10-016/063 · ・ / 토큰 81 45 / PC-88 가운데점 토큰,mapped from six runtime-analysis RAM/raw formulas
554,1,DEBE~DEBF,패치 슬롯 0359 | 전각 공백 | ␠,␠,81 40,81 40,,81 40,81 45,0x026BE | 0x026BF,편집기 추가 행; 번역 10-017/063 · ␠ / 토큰 81 40 / PC-88 전각 공백 토큰,mapped from six runtime-analysis RAM/raw formulas
555,1,DEC0~DEC1,패치 슬롯 0360 | 한글 문자 | 바,바,88 E9,89 CC,234,89 CC,83 94,0x026C0 | 0x026C1,원본 분석표 555번 DEC0~DEC1=83 94(ヴ) → 패치 DEC0~DEC1=88 E9(바); 번역 10-018/063 · 바 / 토큰 88 E9 / KANJI E0B0 / 가나다순 168,mapped from six runtime-analysis RAM/raw formulas
556,1,DEC2~DEC3,패치 슬롯 0361 | 한글 문자 | 리,리,88 CC,89 A4,194,89 A4,83 40,0x026C2 | 0x026C3,원본 분석표 556번 DEC2~DEC3=83 40(ァ) → 패치 DEC2~DEC3=88 CC(리); 번역 10-019/063 · 리 / 토큰 88 CC / KANJI A0E0 / 가나다순 137,mapped from six runtime-analysis RAM/raw formulas
557,1,DEC4~DEC5,패치 슬롯 0362 | 한글 문자 | 스,스,89 56,8A 4A,293,8A 4A,83 8A,0x026C4 | 0x026C5,원본 분석표 557번 DEC4~DEC5=83 8A(リ) → 패치 DEC4~DEC5=89 56(스); 번역 10-020/063 · 스 / 토큰 89 56 / KANJI 6370 / 가나다순 211,mapped from six runtime-analysis RAM/raw formulas
558,1,DEC6~DEC7,패치 슬롯 0363 | 한글 문자 | 의,의,89 8C,8A A1,379,8A A1,83 58,0x026C6 | 0x026C7,원본 분석표 558번 DEC6~DEC7=83 58(ス) → 패치 DEC6~DEC7=89 8C(의); 번역 10-021/063 · 의 / 토큰 89 8C / KANJI E2C0 / 가나다순 267,mapped from six runtime-analysis RAM/raw formulas
559,1,DEC8~DEC9,패치 슬롯 0364 | 전각 공백 | ␠,␠,81 40,81 40,,81 40,82 CC,0x026C8 | 0x026C9,원본 분석표 559번 DEC8~DEC9=82 CC(の) → 패치 DEC8~DEC9=81 40(␠); 번역 10-022/063 · ␠ / 토큰 81 40 / PC-88 전각 공백 토큰,mapped from six runtime-analysis RAM/raw formulas
560,1,DECA~DECB,패치 슬롯 0365 | 한글 문자 | 전,전,89 9D,8A B7,401,8A B7,90 ED,0x026CA | 0x026CB,원본 분석표 560번 DECA~DECB=90 ED(戦) → 패치 DECA~DECB=89 9D(전); 번역 10-023/063 · 전 / 토큰 89 9D / KANJI E3D0 / 가나다순 287,mapped from six runtime-analysis RAM/raw formulas
561,1,DECC~DECD,패치 슬롯 0366 | 한글 문자 | 사,사,89 43,89 EB,265,89 EB,8E 6D,0x026CC | 0x026CD,원본 분석표 561번 DECC~DECD=8E 6D(士) → 패치 DECC~DECD=89 43(사); 번역 10-024/063 · 사 / 토큰 89 43 / KANJI 6240 / 가나다순 191,mapped from six runtime-analysis RAM/raw formulas
562,1,DECE~DECF,패치 슬롯 0366 | 문장부호 | ・,・,81 45,81 45,,81 45,81 45,0x026CE | 0x026CF,번역 10-024/060 · ・ / 토큰 81 45 / PC-88 가운데점 토큰,mapped from six runtime-analysis RAM/raw formulas
563,1,DED0~DED1,패치 슬롯 0367 | 문장부호 | ・,・,81 45,81 45,,81 45,81 45,0x026D0 | 0x026D1,번역 10-025/060 · ・ / 토큰 81 45 / PC-88 가운데점 토큰,mapped from six runtime-analysis RAM/raw formulas
564,1,DED2~DED3,패치 슬롯 0368 | 문장부호 | ・,・,81 45,81 45,,81 45,81 45,0x026D2 | 0x026D3,번역 10-026/060 · ・ / 토큰 81 45 / PC-88 가운데점 토큰,mapped from six runtime-analysis RAM/raw formulas
565,1,DED4~DED5,패치 슬롯 0370 | 전각 공백 | ␠,␠,81 40,81 40,,81 40,83 94,0x026D4 | 0x026D5,편집기 추가 행; 번역 10-028/063 · ␠ / 토큰 81 40 / PC-88 전각 공백 토큰,mapped from six runtime-analysis RAM/raw formulas
566,1,DED6~DED7,패치 슬롯 0371 | 한글 문자 | 바,바,88 E9,89 CC,234,89 CC,83 40,0x026D6 | 0x026D7,원본 분석표 565번 DED4~DED5=83 94(ヴ) → 패치 DED6~DED7=88 E9(바); 번역 10-029/063 · 바 / 토큰 88 E9 / KANJI E0B0 / 가나다순 168,mapped from six runtime-analysis RAM/raw formulas
567,1,DED8~DED9,패치 슬롯 0372 | 한글 문자 | 니,니,82 E4,89 4D,108,89 4D,83 6A,0x026D8 | 0x026D9,원본 분석표 566번 DED6~DED7=83 40(ァ) → 패치 DED8~DED9=82 E4(니); 번역 10-030/063 · 니 / 토큰 82 E4 / KANJI 3860 / 가나다순 75,mapped from six runtime-analysis RAM/raw formulas
568,1,DEDA~DEDB,패치 슬롯 0373 | 한글 문자 | 티,티,89 D7,8B 5B,498,8B 5B,83 65,0x026DA | 0x026DB,원본 분석표 567번 DED8~DED9=83 6A(ニ) → 패치 DEDA~DEDB=89 D7(티); 번역 10-031/063 · 티 / 토큰 89 D7 / KANJI A590 / 가나다순 351,mapped from six runtime-analysis RAM/raw formulas
569,1,DEDC~DEDD,패치 슬롯 0374 | 한글 문자 | 와,와,89 7A,8A 83,349,8A 83,83 42,0x026DC | 0x026DD,원본 분석표 568번 DEDA~DEDB=83 65(テ) → 패치 DEDC~DEDD=89 7A(와); 번역 10-032/063 · 와 / 토큰 89 7A / KANJI A3B0 / 가나다순 250,mapped from six runtime-analysis RAM/raw formulas
570,1,DEDE~DEDF,패치 슬롯 0375 | 전각 공백 | ␠,␠,81 40,81 40,,81 40,82 C6,0x026DE | 0x026DF,원본 분석표 569번 DEDC~DEDD=83 42(ィ) → 패치 DEDE~DEDF=81 40(␠); 번역 10-033/063 · ␠ / 토큰 81 40 / PC-88 전각 공백 토큰,mapped from six runtime-analysis RAM/raw formulas
571,1,DEE0~DEE1,패치 슬롯 0376 | 한글 문자 | 리,리,88 CC,89 A4,194,89 A4,83 8A,0x026E0 | 0x026E1,원본 분석표 570번 DEDE~DEDF=82 C6(と) → 패치 DEE0~DEE1=88 CC(리); 번역 10-034/063 · 리 / 토큰 88 CC / KANJI A0E0 / 가나다순 137,mapped from six runtime-analysis RAM/raw formulas
572,1,DEE2~DEE3,패치 슬롯 0377 | 한글 문자 | 얼,얼,89 6D,8A 6D,328,8A 6D,83 41,0x026E2 | 0x026E3,원본 분석표 571번 DEE0~DEE1=83 8A(リ) → 패치 DEE2~DEE3=89 6D(얼); 번역 10-035/063 · 얼 / 토큰 89 6D / KANJI A2E0 / 가나다순 236,mapped from six runtime-analysis RAM/raw formulas
573,1,DEE4~DEE5,패치 슬롯 0378 | 한글 문자 | 리,리,88 CC,89 A4,194,89 A4,83 8A,0x026E4 | 0x026E5,원본 분석표 572번 DEE2~DEE3=83 41(ア) → 패치 DEE4~DEE5=88 CC(리); 번역 10-036/063 · 리 / 토큰 88 CC / KANJI A0E0 / 가나다순 137,mapped from six runtime-analysis RAM/raw formulas
574,1,DEE6~DEE7,패치 슬롯 0379 | 한글 문자 | 티,티,89 D7,8B 5B,498,8B 5B,83 65,0x026E6 | 0x026E7,원본 분석표 573번 DEE4~DEE5=83 8A(リ) → 패치 DEE6~DEE7=89 D7(티); 번역 10-037/063 · 티 / 토큰 89 D7 / KANJI A590 / 가나다순 351,mapped from six runtime-analysis RAM/raw formulas
575,1,DEE8~DEE9,패치 슬롯 0380 | 한글 문자 | 를,를,88 CA,89 A2,192,89 A2,83 42,0x026E8 | 0x026E9,원본 분석표 574번 DEE6~DEE7=83 65(テ) → 패치 DEE8~DEE9=88 CA(를); 번역 10-038/063 · 를 / 토큰 88 CA / KANJI A0C0 / 가나다순 135,mapped from six runtime-analysis RAM/raw formulas
576,1,DEEA~DEEB,패치 슬롯 0381 | 전각 공백 | ␠,␠,81 40,81 40,,81 40,82 F0,0x026EA | 0x026EB,편집기 추가 행; 번역 10-039/063 · ␠ / 토큰 81 40 / PC-88 전각 공백 토큰,mapped from six runtime-analysis RAM/raw formulas
577,1,DEEC~DEED,패치 슬롯 0382 | 한글 문자 | 지,지,89 B3,8A D4,430,8A D4,8E E7,0x026EC | 0x026ED,원본 분석표 576번 DEEA~DEEB=82 F0(を) → 패치 DEEC~DEED=89 B3(지); 번역 10-040/063 · 지 / 토큰 89 B3 / KANJI 6550 / 가나다순 309,mapped from six runtime-analysis RAM/raw formulas
578,1,DEEE~DEEF,패치 슬롯 0383 | 한글 문자 | 키,키,89 C9,8B 46,477,8B 46,82 E7,0x026EE | 0x026EF,원본 분석표 577번 DEEC~DEED=8E E7(守) → 패치 DEEE~DEEF=89 C9(키); 번역 10-041/063 · 키 / 토큰 89 C9 / KANJI A4B0 / 가나다순 335,mapped from six runtime-analysis RAM/raw formulas
579,1,DEF0~DEF1,패치 슬롯 0384 | 한글 문자 | 는,는,82 E3,89 4B,106,89 4B,82 C8,0x026F0 | 0x026F1,원본 분석표 578번 DEEE~DEEF=82 E7(ら) → 패치 DEF0~DEF1=82 E3(는); 번역 10-042/063 · 는 / 토큰 82 E3 / KANJI 3850 / 가나다순 74,mapped from six runtime-analysis RAM/raw formulas
580,1,DEF2~DEF3,패치 슬롯 0385 | 문장부호 | ・,・,81 45,81 45,,81 45,82 AF,0x026F2 | 0x026F3,원본 분석표 583번 DEF8~DEF9 → 현재 DEF2~DEF3; 번역 10-043/063 · ・ / 토큰 81 45 / PC-88 가운데점 토큰,mapped from six runtime-analysis RAM/raw formulas
581,1,DEF4~DEF5,패치 슬롯 0386 | 문장부호 | ・,・,81 45,81 45,,81 45,82 EA,0x026F4 | 0x026F5,원본 분석표 584번 DEFA~DEFB → 현재 DEF4~DEF5; 번역 10-044/063 · ・ / 토큰 81 45 / PC-88 가운데점 토큰,mapped from six runtime-analysis RAM/raw formulas
582,1,DEF6~DEF7,패치 슬롯 0387 | 문장부호 | ・,・,81 45,81 45,,81 45,82 CE,0x026F6 | 0x026F7,원본 분석표 585번 DEFC~DEFD → 현재 DEF6~DEF7; 번역 10-045/063 · ・ / 토큰 81 45 / PC-88 가운데점 토큰,mapped from six runtime-analysis RAM/raw formulas
583,1,DEF8~DEF9,패치 슬롯 0388 | 전각 공백 | ␠,␠,81 40,81 40,,81 40,81 45,0x026F8 | 0x026F9,편집기 추가 행; 번역 10-046/063 · ␠ / 토큰 81 40 / PC-88 전각 공백 토큰,mapped from six runtime-analysis RAM/raw formulas
584,1,DEFA~DEFB,패치 슬롯 0389 | 한글 문자 | 하,하,89 E2,8B 72,521,8B 72,81 45,0x026FA | 0x026FB,원본 분석표 586번 DEFE~DEFF=82 A0(あ) → 패치 DEFA~DEFB=89 E2(하); 번역 10-047/063 · 하 / 토큰 89 E2 / KANJI E440 / 가나다순 362,mapped from six runtime-analysis RAM/raw formulas
585,1,DEFC~DEFD,패치 슬롯 0390 | 한글 문자 | 지,지,89 B3,8A D4,430,8A D4,81 45,0x026FC | 0x026FD,원본 분석표 587번 DF00~DF01=82 A0(あ) → 패치 DEFC~DEFD=89 B3(지); 번역 10-048/063 · 지 / 토큰 89 B3 / KANJI 6550 / 가나다순 309,mapped from six runtime-analysis RAM/raw formulas
586,1,DEFE~DEFF,패치 슬롯 0391 | 한글 문자 | 만,만,88 D2,89 AC,202,89 AC,82 A0,0x026FE | 0x026FF,원본 분석표 588번 DF02~DF03=81 41(、) → 패치 DEFE~DEFF=88 D2(만); 번역 10-049/063 · 만 / 토큰 88 D2 / KANJI A140 / 가나다순 144,mapped from six runtime-analysis RAM/raw formulas
587,1,DF00~DF01,패치 슬롯 0392 | 전각 공백 | ␠,␠,81 40,81 40,,81 40,82 A0,0x02700 | 0x02701,원본 분석표 589번 DF04~DF05=82 BE(だ) → 패치 DF00~DF01=81 40(␠); 번역 10-050/063 · ␠ / 토큰 81 40 / PC-88 전각 공백 토큰,mapped from six runtime-analysis RAM/raw formulas
588,1,DF02~DF03,패치 슬롯 0393 | 한글 문자 | 그,그,82 BD,88 CF,49,88 CF,81 41,0x02702 | 0x02703,원본 분석표 590번 DF06~DF07=82 AF(け) → 패치 DF02~DF03=82 BD(그); 번역 10-051/063 · 그 / 토큰 82 BD / KANJI 19F0 / 가나다순 34,mapped from six runtime-analysis RAM/raw formulas
589,1,DF04~DF05,패치 슬롯 0394 | 한글 문자 | 러,러,88 BB,89 8C,170,89 8C,82 BE,0x02704 | 0x02705,원본 분석표 591번 DF08~DF09=82 C7(ど) → 패치 DF04~DF05=88 BB(러); 번역 10-052/063 · 러 / 토큰 88 BB / KANJI 61D0 / 가나다순 120,mapped from six runtime-analysis RAM/raw formulas
590,1,DF06~DF07,패치 슬롯 0395 | 한글 문자 | 면,면,88 DC,89 B9,215,89 B9,82 AF,0x02706 | 0x02707,원본 분석표 592번 DF0A~DF0B=81 41(、) → 패치 DF06~DF07=88 DC(면); 번역 10-053/063 · 면 / 토큰 88 DC / KANJI A1E0 / 가나다순 154,mapped from six runtime-analysis RAM/raw formulas
591,1,DF08~DF09,패치 슬롯 0396 | 전각 공백 | ␠,␠,81 40,81 40,,81 40,82 C7,0x02708 | 0x02709,원본 분석표 593번 DF0C~DF0D=83 94(ヴ) → 패치 DF08~DF09=81 40(␠); 번역 10-054/063 · ␠ / 토큰 81 40 / PC-88 전각 공백 토큰,mapped from six runtime-analysis RAM/raw formulas
592,1,DF0A~DF0B,패치 슬롯 0397 | 한글 문자 | 바,바,88 E9,89 CC,234,89 CC,81 41,0x0270A | 0x0270B,원본 분석표 594번 DF0E~DF0F=83 40(ァ) → 패치 DF0A~DF0B=88 E9(바); 번역 10-055/063 · 바 / 토큰 88 E9 / KANJI E0B0 / 가나다순 168,mapped from six runtime-analysis RAM/raw formulas
593,1,DF0C~DF0D,패치 슬롯 0398 | 한글 문자 | 리,리,88 CC,89 A4,194,89 A4,83 94,0x0270C | 0x0270D,편집기 추가 행; 번역 10-056/063 · 리 / 토큰 88 CC / KANJI A0E0 / 가나다순 137,mapped from six runtime-analysis RAM/raw formulas
594,1,DF0E~DF0F,패치 슬롯 0399 | 한글 문자 | 아,아,89 60,8A 5A,309,8A 5A,83 40,0x0270E | 0x0270F,편집기 추가 행; 번역 10-057/063 · 아 / 토큰 89 60 / KANJI A210 / 가나다순 223,mapped from six runtime-analysis RAM/raw formulas
595,1,DF10~DF11,패치 슬롯 0400 | 한글 문자 | 님,님,82 E6,89 4F,110,89 4F,83 8A,0x02710 | 0x02711,편집기 추가 행; 번역 10-058/063 · 님 / 토큰 82 E6 / KANJI 3880 / 가나다순 77,mapped from six runtime-analysis RAM/raw formulas
596,1,DF12~DF13,패치 슬롯 0401 | 한글 문자 | 은,은,89 89,8A 9D,375,8A 9D,83 41,0x02712 | 0x02713,편집기 추가 행; 번역 10-059/063 · 은 / 토큰 89 89 / KANJI E290 / 가나다순 264,mapped from six runtime-analysis RAM/raw formulas
597,1,DF14~DF15,패치 슬롯 0402 | 문장부호 | ・,・,81 45,81 45,,81 45,97 6C,0x02714 | 0x02715,원본 분석표 603번 DF20~DF21 → 현재 DF14~DF15; 번역 10-060/063 · ・ / 토큰 81 45 / PC-88 가운데점 토큰,mapped from six runtime-analysis RAM/raw formulas
598,1,DF16~DF17,패치 슬롯 0403 | 문장부호 | ・,・,81 45,81 45,,81 45,81 41,0x02716 | 0x02717,원본 분석표 604번 DF22~DF23 → 현재 DF16~DF17; 번역 10-061/063 · ・ / 토큰 81 45 / PC-88 가운데점 토큰,mapped from six runtime-analysis RAM/raw formulas
599,1,DF18~DF19,패치 슬롯 0404 | 문장부호 | ・,・,81 45,81 45,,81 45,82 A0,0x02718 | 0x02719,원본 분석표 605번 DF24~DF25 → 현재 DF18~DF19; 번역 10-062/063 · ・ / 토큰 81 45 / PC-88 가운데점 토큰,mapped from six runtime-analysis RAM/raw formulas
600,1,DF1A~DF1B,패치 슬롯 0405 | 문장부호 | ！,！,81 49,81 49,,81 49,82 C8,0x0271A | 0x0271B,원본 분석표 606번 DF26~DF27 → 현재 DF1A~DF1B; 번역 10-063/063 · ！ / 토큰 81 49 / PC-88 전각 느낌표 토큰,mapped from six runtime-analysis RAM/raw formulas
601,1,DF1C,기존 확인 61~70h 계열 / CAA8[0] 작업슬롯 비활성화,,61,61,,,82,0x0271C,원본 분석표 607번 DF28 → 현재 DF1C; 비활성화 토큰 61; 다음 본류 DF29,mapped from six runtime-analysis RAM/raw formulas
602,1,DF1D,기존 확인 61~70h 계열 / CAA8[1] 작업슬롯 비활성화,,62,62,,,BD,0x0271D,원본 분석표 608번 DF29 → 현재 DF1D; 비활성화 토큰 62; 다음 본류 DF2A,mapped from six runtime-analysis RAM/raw formulas
603,1,DF1E~DF20,기존 확인 16h 계열 / 서브스트림 호출·전환 → E4B9,,16 B9 E4,16 B9 E4,,,82 CD 81,0x0271E | 0x0271F | 0x02720,원본 분석표 609번 DF2A~DF2C → 현재 DF1E~DF20; 16h 호출 → E4B9; 복귀 주소 DF2D,mapped from six runtime-analysis RAM/raw formulas
604,1,E4B9~E4BD,서브스트림 실행 / 기존 확인 0Fh 계열 제어토큰,,0F 05 0F 05 08,0F 05 0F 05 08,,,,,인자 05 0F 05 08; 다음 주소 E4BE,outside six documented raw segments
605,1,E4BE~E4C0,서브스트림 실행 / 기존 확인 16h 계열 / 서브스트림 호출·전환 → E630,,16 30 E6,16 30 E6,,,,,16h 호출 → E630; 복귀 주소 E4C1,outside six documented raw segments
606,1,E630~E632,서브스트림 실행 / 기존 확인 1Eh 계열 / 간접 CALL,,1E 3C 08,1E 3C 08,,,,,호출 대상 083C; 처리 후 다음 주소 E633,outside six documented raw segments
607,1,E633~E638,서브스트림 실행 / 기존 확인 05h 계열 / 영역·좌표 상태 설정·전개,,05 16 86 3A 9E 00,05 16 86 3A 9E 00,,,,,처리 후 다음 주소 E639; 내부 16 86 3A는 인자,outside six documented raw segments
608,1,E639~E63D,서브스트림 실행 / 기존 확인 0Eh 계열 / 화면·버퍼 초기화·전개,,0E 16 20 24 80,0E 16 20 24 80,,,,,처리 후 다음 주소 E63E; 내부 16 20 24는 인자,outside six documented raw segments
609,1,E63E,서브스트림 실행 / 기존 확인 17h 계열 / 서브스트림 복귀,,17,17,,,,,17h 복귀 → E4C1,outside six documented raw segments
610,1,E4C1~E4C3,서브스트림 실행 / 기존 확인 13h 계열 제어토큰,,13 BF E6,13 BF E6,,,,,인자 BF E6; 다음 주소 E4C4,outside six documented raw segments
611,1,E4C4~E4C7,서브스트림 실행 / 기존 확인 14h 계열 / 버퍼·영역 처리,,14 00 16 22,14 00 16 22,,,,,인자 00 16 22; 다음 주소 E4C8,outside six documented raw segments
612,1,E4C8~E4CB,서브스트림 실행 / 기존 확인 14h 계열 / 버퍼·영역 처리,,14 01 3B 00,14 01 3B 00,,,,,인자 01 3B 00; 다음 주소 E4CC,outside six documented raw segments
613,1,E4CC~E4CF,서브스트림 실행 / 기존 확인 04h 계열 / CAA8 슬롯 포인터 설정,,04 3D E8 41,04 3D E8 41,,,,,E83D 포인터를 41h 슬롯에 설정; 다음 주소 E4D0,outside six documented raw segments
614,1,E4D0~E4D3,서브스트림 실행 / 기존 확인 04h 계열 / CAA8 슬롯 포인터 설정,,04 51 E8 42,04 51 E8 42,,,,,E851 포인터를 42h 슬롯에 설정; 다음 주소 E4D4,outside six documented raw segments
615,1,E4D4~E4D5,서브스트림 실행 / 기존 확인 25h 계열 / CA1D 입 움직임 효과음 인덱스 설정,,25 2E,25 2E,,,,,CA1D=2E; 다음 주소 E4D6,outside six documented raw segments
616,1,E4D6,서브스트림 실행 / 기존 확인 17h 계열 / 서브스트림 복귀,,17,17,,,,,17h 복귀 → DF2D,outside six documented raw segments
617,1,DF21,기존 확인 41~50h 계열 / CAA8[0] 슬롯 실행,,41,41,,,45,0x02721,원본 분석표 623번 DF2D → 현재 DF21; 슬롯 토큰 41; 다음 본류 DF2E,mapped from six runtime-analysis RAM/raw formulas
618,1,DF22~DF23,패치 슬롯 0406 | 한글 문자 | 유,유,89 86,8A 99,371,8A 99,81 45,0x02722 | 0x02723,원본 분석표 624번 DF2E~DF2F=82 B3(さ) → 패치 DF22~DF23=89 86(유); 번역 11-001/013 · 유 / 토큰 89 86 / KANJI E260 / 가나다순 261,mapped from six runtime-analysis RAM/raw formulas
619,1,DF24~DF25,패치 슬롯 0407 | 한글 문자 | 코,코,89 C5,8A FC,470,8A FC,81 45,0x02724 | 0x02725,원본 분석표 625번 DF30~DF31=82 A0(あ) → 패치 DF24~DF25=89 C5(코); 번역 11-002/013 · 코 / 토큰 89 C5 / KANJI A470 / 가나다순 331,mapped from six runtime-analysis RAM/raw formulas
620,1,DF26~DF27,패치 슬롯 0408 | 문장부호 | ！,！,81 49,81 49,,81 49,81 49,0x02726 | 0x02727,원본 분석표 626번 DF32~DF33=97 44(優) → 패치 DF26~DF27=81 49(！); 번역 11-003/013 · ！ / 토큰 81 49 / PC-88 전각 느낌표 토큰,mapped from six runtime-analysis RAM/raw formulas
621,1,DF28~DF29,패치 슬롯 0409 | 전각 공백 | ␠,␠,81 40,81 40,,81 40,61 62,0x02728 | 0x02729,원본 분석표 627번 DF34~DF35=8E 71(子) → 패치 DF28~DF29=81 40(␠); 번역 11-004/013 · ␠ / 토큰 81 40 / PC-88 전각 공백 토큰,mapped from six runtime-analysis RAM/raw formulas
622,1,DF2A~DF2B,패치 슬롯 0410 | 한글 문자 | 맞,맞,8A 95,89 B1,207,89 B1,16 B9,0x0272A | 0x0272B,원본 분석표 628번 DF36~DF37=81 49(！) → 패치 DF2A~DF2B=8A 95(맞); 번역 11-005/013 · 맞 / 토큰 8A 95 / KANJI E750 / 가나다순 450,mapped from six runtime-analysis RAM/raw formulas
623,1,DF2C~DF2D,패치 슬롯 0411 | 한글 문자 | 서,서,89 49,89 F2,272,89 F2,E4 41,0x0272C | 0x0272D,원본 분석표 629번 DF38~DF39=81 40(␠) → 패치 DF2C~DF2D=89 49(서); 번역 11-006/013 · 서 / 토큰 89 49 / KANJI 62A0 / 가나다순 197,mapped from six runtime-analysis RAM/raw formulas
624,1,DF2E~DF2F,패치 슬롯 0412 | 전각 공백 | ␠,␠,81 40,81 40,,81 40,82 B3,0x0272E | 0x0272F,원본 분석표 630번 DF3A~DF3B=90 ED(戦) → 패치 DF2E~DF2F=81 40(␠); 번역 11-007/013 · ␠ / 토큰 81 40 / PC-88 전각 공백 토큰,mapped from six runtime-analysis RAM/raw formulas
625,1,DF30~DF31,패치 슬롯 0413 | 한글 문자 | 싸,싸,89 5E,8A 55,304,8A 55,82 A0,0x02730 | 0x02731,원본 분석표 631번 DF3C~DF3D=82 A4(う) → 패치 DF30~DF31=89 5E(싸); 번역 11-008/013 · 싸 / 토큰 89 5E / KANJI 63F0 / 가나다순 221,mapped from six runtime-analysis RAM/raw formulas
626,1,DF32~DF33,패치 슬롯 0414 | 한글 문자 | 우,우,89 81,8A 8E,360,8A 8E,97 44,0x02732 | 0x02733,원본 분석표 632번 DF3E~DF3F=82 CC(の) → 패치 DF32~DF33=89 81(우); 번역 11-009/013 · 우 / 토큰 89 81 / KANJI E210 / 가나다순 256,mapped from six runtime-analysis RAM/raw formulas
627,1,DF34~DF35,패치 슬롯 0415 | 한글 문자 | 세,세,89 4E,89 F8,278,89 F8,8E 71,0x02734 | 0x02735,원본 분석표 633번 DF40~DF41=82 C5(で) → 패치 DF34~DF35=89 4E(세); 번역 11-010/013 · 세 / 토큰 89 4E / KANJI 62F0 / 가나다순 202,mapped from six runtime-analysis RAM/raw formulas
628,1,DF36~DF37,패치 슬롯 0416 | 한글 문자 | 요,요,89 80,8A 8A,356,8A 8A,81 49,0x02736 | 0x02737,원본 분석표 634번 DF42~DF43=82 B7(す) → 패치 DF36~DF37=89 80(요); 번역 11-011/013 · 요 / 토큰 89 80 / KANJI E200 / 가나다순 255,mapped from six runtime-analysis RAM/raw formulas
629,1,DF38~DF39,패치 슬롯 0417 | 문장부호 | ！,！,81 49,81 49,,81 49,81 40,0x02738 | 0x02739,원본 분석표 635번 DF44~DF45 → 현재 DF38~DF39; 번역 11-012/013 · ！ / 토큰 81 49 / PC-88 전각 느낌표 토큰,mapped from six runtime-analysis RAM/raw formulas
630,1,DF3A~DF3B,패치 슬롯 0418 | 문장부호 | ！,！,81 49,81 49,,81 49,90 ED,0x0273A | 0x0273B,원본 분석표 636번 DF46~DF47 → 현재 DF3A~DF3B; 번역 11-013/013 · ！ / 토큰 81 49 / PC-88 전각 느낌표 토큰,mapped from six runtime-analysis RAM/raw formulas
631,1,DF3C,기존 확인 61~70h 계열 / CAA8[0] 작업슬롯 비활성화,,61,61,,,82,0x0273C,원본 분석표 637번 DF48 → 현재 DF3C; 비활성화 토큰 61; 다음 본류 DF49,mapped from six runtime-analysis RAM/raw formulas
632,1,DF3D~DF3F,기존 확인 16h 계열 / 서브스트림 호출·전환 → E580,,16 80 E5,16 80 E5,,,A4 82 CC,0x0273D | 0x0273E | 0x0273F,원본 분석표 638번 DF49~DF4B → 현재 DF3D~DF3F; 16h 호출 → E580; 복귀 주소 DF4C,mapped from six runtime-analysis RAM/raw formulas
633,1,E580~E584,서브스트림 실행 / 기존 확인 0Fh 계열 제어토큰,,0F 02 12 05 08,0F 02 12 05 08,,,,,인자 02 12 05 08; 다음 주소 E585,outside six documented raw segments
634,1,E585~E587,서브스트림 실행 / 기존 확인 16h 계열 / 서브스트림 호출·전환 → E630,,16 30 E6,16 30 E6,,,,,16h 호출 → E630; 복귀 주소 E588,outside six documented raw segments
635,1,E630~E632,서브스트림 실행 / 기존 확인 1Eh 계열 / 간접 CALL,,1E 3C 08,1E 3C 08,,,,,호출 대상 083C; 처리 후 다음 주소 E633,outside six documented raw segments
636,1,E633~E638,서브스트림 실행 / 기존 확인 05h 계열 / 영역·좌표 상태 설정·전개,,05 16 86 3A 9E 00,05 16 86 3A 9E 00,,,,,처리 후 다음 주소 E639; 내부 16 86 3A는 인자,outside six documented raw segments
637,1,E639~E63D,서브스트림 실행 / 기존 확인 0Eh 계열 / 화면·버퍼 초기화·전개,,0E 16 20 24 80,0E 16 20 24 80,,,,,처리 후 다음 주소 E63E; 내부 16 20 24는 인자,outside six documented raw segments
638,1,E63E,서브스트림 실행 / 기존 확인 17h 계열 / 서브스트림 복귀,,17,17,,,,,17h 복귀 → E588,outside six documented raw segments
639,1,E588~E58A,서브스트림 실행 / 런타임 확인 10h 계열 / 기능 미확인,,10 16 22,10 16 22,,,,,인자 16 22; 다음 주소 E58B,outside six documented raw segments
640,1,E58B~E591,서브스트림 실행 / 런타임 확인 0Bh 계열 / 기능 미확인,,0B 3B 00 03 11 05 04,0B 3B 00 03 11 05 04,,,,,인자 3B 00 03 11 05 04; 다음 주소 E592,outside six documented raw segments
641,1,E592~E595,서브스트림 실행 / 기존 확인 04h 계열 / CAA8 슬롯 포인터 설정,,04 75 E7 41,04 75 E7 41,,,,,E775 포인터를 41h 슬롯에 설정; 다음 주소 E596,outside six documented raw segments
642,1,E596~E599,서브스트림 실행 / 기존 확인 04h 계열 / CAA8 슬롯 포인터 설정,,04 7F E7 42,04 7F E7 42,,,,,E77F 포인터를 42h 슬롯에 설정; 다음 주소 E59A,outside six documented raw segments
643,1,E59A,서브스트림 실행 / 기존 확인 41~50h 계열 / CAA8[1] 슬롯 실행,,42,42,,,,,슬롯 토큰 42; 다음 주소 E59B,outside six documented raw segments
644,1,E59B,서브스트림 실행 / 기존 확인 41~50h 계열 / CAA8[0] 슬롯 실행,,41,41,,,,,슬롯 토큰 41; 다음 주소 E59C,outside six documented raw segments
645,1,E59C~E59E,서브스트림 실행 / 기존 확인 13h 계열 제어토큰,,13 EF E6,13 EF E6,,,,,인자 EF E6; 다음 주소 E59F,outside six documented raw segments
646,1,E59F~E5A0,서브스트림 실행 / 기존 확인 25h 계열 / CA1D 입 움직임 효과음 인덱스 설정,,25 2B,25 2B,,,,,CA1D=2B; 다음 주소 E5A1,outside six documented raw segments
647,1,E5A1,서브스트림 실행 / 기존 확인 17h 계열 / 서브스트림 복귀,,17,17,,,,,17h 복귀 → DF4C,outside six documented raw segments
648,1,DF40~DF41,패치 슬롯 0419 | 한글 문자 | 바,바,88 E9,89 CC,234,89 CC,82 C5,0x02740 | 0x02741,원본 분석표 654번 DF4C~DF4D=83 94(ヴ) → 패치 DF40~DF41=88 E9(바); 번역 12-001/006 · 바 / 토큰 88 E9 / KANJI E0B0 / 가나다순 168,mapped from six runtime-analysis RAM/raw formulas
649,1,DF42~DF43,패치 슬롯 0420 | 한글 문자 | 리,리,88 CC,89 A4,194,89 A4,82 B7,0x02742 | 0x02743,원본 분석표 655번 DF4E~DF4F=83 40(ァ) → 패치 DF42~DF43=88 CC(리); 번역 12-002/006 · 리 / 토큰 88 CC / KANJI A0E0 / 가나다순 137,mapped from six runtime-analysis RAM/raw formulas
650,1,DF44~DF45,패치 슬롯 0421 | 한글 문자 | 아,아,89 60,8A 5A,309,8A 5A,81 49,0x02744 | 0x02745,원본 분석표 656번 DF50~DF51=83 8A(リ) → 패치 DF44~DF45=89 60(아); 번역 12-003/006 · 아 / 토큰 89 60 / KANJI A210 / 가나다순 223,mapped from six runtime-analysis RAM/raw formulas
651,1,DF46~DF47,패치 슬롯 0422 | 한글 문자 | 님,님,82 E6,89 4F,110,89 4F,81 49,0x02746 | 0x02747,원본 분석표 657번 DF52~DF53=83 41(ア) → 패치 DF46~DF47=82 E6(님); 번역 12-004/006 · 님 / 토큰 82 E6 / KANJI 3880 / 가나다순 77,mapped from six runtime-analysis RAM/raw formulas
652,1,DF48~DF49,패치 슬롯 0423 | 문장부호 | ！,！,81 49,81 49,,81 49,61 16,0x02748 | 0x02749,원본 분석표 659번 DF56~DF57 → 현재 DF48~DF49; 번역 12-005/006 · ！ / 토큰 81 49 / PC-88 전각 느낌표 토큰,mapped from six runtime-analysis RAM/raw formulas
653,1,DF4A~DF4B,패치 슬롯 0424 | 문장부호 | ！,！,81 49,81 49,,81 49,80 E5,0x0274A | 0x0274B,원본 분석표 660번 DF58~DF59 → 현재 DF4A~DF4B; 번역 12-006/006 · ！ / 토큰 81 49 / PC-88 전각 느낌표 토큰,mapped from six runtime-analysis RAM/raw formulas
654,1,DF4C,기존 확인 61~70h 계열 / CAA8[0] 작업슬롯 비활성화,,61,61,,,83,0x0274C,원본 분석표 661번 DF5A → 현재 DF4C; 비활성화 토큰 61; 다음 본류 DF5B,mapped from six runtime-analysis RAM/raw formulas
655,1,DF4D,기존 확인 61~70h 계열 / CAA8[1] 작업슬롯 비활성화,,62,62,,,94,0x0274D,원본 분석표 662번 DF5B → 현재 DF4D; 비활성화 토큰 62; 다음 본류 DF5C,mapped from six runtime-analysis RAM/raw formulas
656,1,DF4E~DF50,기존 확인 16h 계열 / 서브스트림 호출·전환 → E4F4,,16 F4 E4,16 F4 E4,,,83 40 83,0x0274E | 0x0274F | 0x02750,원본 분석표 663번 DF5C~DF5E → 현재 DF4E~DF50; 16h 호출 → E4F4; 복귀 주소 DF5F,mapped from six runtime-analysis RAM/raw formulas
657,1,E4F4~E4F8,서브스트림 실행 / 기존 확인 0Fh 계열 제어토큰,,0F 02 1A 04 0D,0F 02 1A 04 0D,,,,,인자 02 1A 04 0D; 다음 주소 E4F9,outside six documented raw segments
658,1,E4F9~E4FB,서브스트림 실행 / 기존 확인 16h 계열 / 서브스트림 호출·전환 → E630,,16 30 E6,16 30 E6,,,,,16h 호출 → E630; 복귀 주소 E4FC,outside six documented raw segments
659,1,E630~E632,서브스트림 실행 / 기존 확인 1Eh 계열 / 간접 CALL,,1E 3C 08,1E 3C 08,,,,,호출 대상 083C; 처리 후 다음 주소 E633,outside six documented raw segments
660,1,E633~E638,서브스트림 실행 / 기존 확인 05h 계열 / 영역·좌표 상태 설정·전개,,05 16 86 3A 9E 00,05 16 86 3A 9E 00,,,,,처리 후 다음 주소 E639; 내부 16 86 3A는 인자,outside six documented raw segments
661,1,E639~E63D,서브스트림 실행 / 기존 확인 0Eh 계열 / 화면·버퍼 초기화·전개,,0E 16 20 24 80,0E 16 20 24 80,,,,,처리 후 다음 주소 E63E; 내부 16 20 24는 인자,outside six documented raw segments
662,1,E63E,서브스트림 실행 / 기존 확인 17h 계열 / 서브스트림 복귀,,17,17,,,,,17h 복귀 → E4FC,outside six documented raw segments
663,1,E4FC~E4FE,서브스트림 실행 / 기존 확인 13h 계열 제어토큰,,13 1F E7,13 1F E7,,,,,인자 1F E7; 다음 주소 E4FF,outside six documented raw segments
664,1,E4FF~E502,서브스트림 실행 / 기존 확인 14h 계열 / 버퍼·영역 처리,,14 00 16 22,14 00 16 22,,,,,인자 00 16 22; 다음 주소 E503,outside six documented raw segments
665,1,E503~E506,서브스트림 실행 / 기존 확인 14h 계열 / 버퍼·영역 처리,,14 01 3B 00,14 01 3B 00,,,,,인자 01 3B 00; 다음 주소 E507,outside six documented raw segments
666,1,E507~E50A,서브스트림 실행 / 기존 확인 04h 계열 / CAA8 슬롯 포인터 설정,,04 E3 E7 41,04 E3 E7 41,,,,,E7E3 포인터를 41h 슬롯에 설정; 다음 주소 E50B,outside six documented raw segments
667,1,E50B~E50E,서브스트림 실행 / 기존 확인 04h 계열 / CAA8 슬롯 포인터 설정,,04 ED E7 42,04 ED E7 42,,,,,E7ED 포인터를 42h 슬롯에 설정; 다음 주소 E50F,outside six documented raw segments
668,1,E50F~E512,서브스트림 실행 / 기존 확인 04h 계열 / CAA8 슬롯 포인터 설정,,04 F7 E7 44,04 F7 E7 44,,,,,E7F7 포인터를 44h 슬롯에 설정; 다음 주소 E513,outside six documented raw segments
669,1,E513~E516,서브스트림 실행 / 기존 확인 04h 계열 / CAA8 슬롯 포인터 설정,,04 15 E8 43,04 15 E8 43,,,,,E815 포인터를 43h 슬롯에 설정; 다음 주소 E517,outside six documented raw segments
670,1,E517~E51A,서브스트림 실행 / 기존 확인 04h 계열 / CAA8 슬롯 포인터 설정,,04 01 E8 45,04 01 E8 45,,,,,E801 포인터를 45h 슬롯에 설정; 다음 주소 E51B,outside six documented raw segments
671,1,E51B~E51E,서브스트림 실행 / 기존 확인 04h 계열 / CAA8 슬롯 포인터 설정,,04 0B E8 46,04 0B E8 46,,,,,E80B 포인터를 46h 슬롯에 설정; 다음 주소 E51F,outside six documented raw segments
672,1,E51F~E520,서브스트림 실행 / 기존 확인 25h 계열 / CA1D 입 움직임 효과음 인덱스 설정,,25 2D,25 2D,,,,,CA1D=2D; 다음 주소 E521,outside six documented raw segments
673,1,E521,서브스트림 실행 / 기존 확인 17h 계열 / 서브스트림 복귀,,17,17,,,,,17h 복귀 → DF5F,outside six documented raw segments
674,1,DF51,기존 확인 41~50h 계열 / CAA8[1] 슬롯 실행,,42,42,,,8A,0x02751,원본 분석표 681번 DF5F → 현재 DF51; 슬롯 토큰 42; 다음 본류 DF60,mapped from six runtime-analysis RAM/raw formulas
675,1,DF52~DF53,패치 슬롯 0425 | 한글 문자 | 바,바,88 E9,89 CC,234,89 CC,83 41,0x02752 | 0x02753,원본 분석표 682번 DF60~DF61=83 94(ヴ) → 패치 DF52~DF53=88 E9(바); 번역 13-001/053 · 바 / 토큰 88 E9 / KANJI E0B0 / 가나다순 168,mapped from six runtime-analysis RAM/raw formulas
676,1,DF54~DF55,패치 슬롯 0426 | 한글 문자 | 리,리,88 CC,89 A4,194,89 A4,97 6C,0x02754 | 0x02755,원본 분석표 683번 DF62~DF63=83 40(ァ) → 패치 DF54~DF55=88 CC(리); 번역 13-002/053 · 리 / 토큰 88 CC / KANJI A0E0 / 가나다순 137,mapped from six runtime-analysis RAM/raw formulas
677,1,DF56~DF57,패치 슬롯 0427 | 한글 문자 | 아,아,89 60,8A 5A,309,8A 5A,81 49,0x02756 | 0x02757,원본 분석표 684번 DF64~DF65=83 8A(リ) → 패치 DF56~DF57=89 60(아); 번역 13-003/053 · 아 / 토큰 89 60 / KANJI A210 / 가나다순 223,mapped from six runtime-analysis RAM/raw formulas
678,1,DF58~DF59,패치 슬롯 0428 | 한글 문자 | 여,여,89 72,8A 74,335,8A 74,81 49,0x02758 | 0x02759,원본 분석표 685번 DF66~DF67=83 41(ア) → 패치 DF58~DF59=89 72(여); 번역 13-004/053 · 여 / 토큰 89 72 / KANJI A330 / 가나다순 241,mapped from six runtime-analysis RAM/raw formulas
679,1,DF5A~DF5B,패치 슬롯 0429 | 문장부호 | 、,、,81 41,81 41,,81 41,61 62,0x0275A | 0x0275B,원본 분석표 686번 DF68~DF69=82 E6(よ) → 패치 DF5A~DF5B=81 41(、); 번역 13-005/053 · 、 / 토큰 81 41 / PC-88 전각 쉼표 토큰,mapped from six runtime-analysis RAM/raw formulas
680,1,DF5C~DF5D,패치 슬롯 0430 | 한글 문자 | 아,아,89 60,8A 5A,309,8A 5A,16 F4,0x0275C | 0x0275D,원본 분석표 687번 DF6A~DF6B=81 41(、) → 패치 DF5C~DF5D=89 60(아); 번역 13-006/053 · 아 / 토큰 89 60 / KANJI A210 / 가나다순 223,mapped from six runtime-analysis RAM/raw formulas
681,1,DF5E~DF5F,패치 슬롯 0431 | 한글 문자 | 주,주,89 AA,8A C8,418,8A C8,E4 42,0x0275E | 0x0275F,원본 분석표 688번 DF6C~DF6D=82 A8(お) → 패치 DF5E~DF5F=89 AA(주); 번역 13-007/053 · 주 / 토큰 89 AA / KANJI 64C0 / 가나다순 300,mapped from six runtime-analysis RAM/raw formulas
682,1,DF60~DF61,패치 슬롯 0432 | 전각 공백 | ␠,␠,81 40,81 40,,81 40,83 94,0x02760 | 0x02761,원본 분석표 689번 DF6E~DF6F=82 DC(ま) → 패치 DF60~DF61=81 40(␠); 번역 13-008/053 · ␠ / 토큰 81 40 / PC-88 전각 공백 토큰,mapped from six runtime-analysis RAM/raw formulas
683,1,DF62~DF63,패치 슬롯 0433 | 한글 문자 | 터,터,89 D1,8B 4F,486,8B 4F,83 40,0x02762 | 0x02763,원본 분석표 690번 DF70~DF71=82 A6(え) → 패치 DF62~DF63=89 D1(터); 번역 13-009/053 · 터 / 토큰 89 D1 / KANJI A530 / 가나다순 343,mapped from six runtime-analysis RAM/raw formulas
684,1,DF64~DF65,패치 슬롯 0434 | 한글 문자 | 무,무,88 E3,89 C2,224,89 C2,83 8A,0x02764 | 0x02765,원본 분석표 691번 DF72~DF73=82 CD(は) → 패치 DF64~DF65=88 E3(무); 번역 13-010/053 · 무 / 토큰 88 E3 / KANJI E050 / 가나다순 161,mapped from six runtime-analysis RAM/raw formulas
685,1,DF66~DF67,패치 슬롯 0435 | 한글 문자 | 니,니,82 E4,89 4D,108,89 4D,83 41,0x02766 | 0x02767,원본 분석표 692번 DF74~DF75=82 C6(と) → 패치 DF66~DF67=82 E4(니); 번역 13-011/053 · 니 / 토큰 82 E4 / KANJI 3860 / 가나다순 75,mapped from six runtime-analysis RAM/raw formulas
686,1,DF68~DF69,패치 슬롯 0436 | 한글 문자 | 없,없,89 6E,8A 6F,330,8A 6F,82 E6,0x02768 | 0x02769,원본 분석표 693번 DF76~DF77=82 F1(ん) → 패치 DF68~DF69=89 6E(없); 번역 13-012/053 · 없 / 토큰 89 6E / KANJI A2F0 / 가나다순 237,mapped from six runtime-analysis RAM/raw formulas
687,1,DF6A~DF6B,패치 슬롯 0437 | 한글 문자 | 는,는,82 E3,89 4B,106,89 4B,81 41,0x0276A | 0x0276B,원본 분석표 694번 DF78~DF79=82 C5(で) → 패치 DF6A~DF6B=82 E3(는); 번역 13-013/053 · 는 / 토큰 82 E3 / KANJI 3850 / 가나다순 74,mapped from six runtime-analysis RAM/raw formulas
688,1,DF6C~DF6D,패치 슬롯 0438 | 전각 공백 | ␠,␠,81 40,81 40,,81 40,82 A8,0x0276C | 0x0276D,원본 분석표 695번 DF7A~DF7B=82 E0(も) → 패치 DF6C~DF6D=81 40(␠); 번역 13-014/053 · ␠ / 토큰 81 40 / PC-88 전각 공백 토큰,mapped from six runtime-analysis RAM/raw formulas
689,1,DF6E~DF6F,패치 슬롯 0439 | 한글 문자 | 실,실,89 5C,8A 51,300,8A 51,82 DC,0x0276E | 0x0276F,원본 분석표 696번 DF7C~DF7D=82 C8(な) → 패치 DF6E~DF6F=89 5C(실); 번역 13-015/053 · 실 / 토큰 89 5C / KANJI 63D0 / 가나다순 217,mapped from six runtime-analysis RAM/raw formulas
690,1,DF70~DF71,패치 슬롯 0440 | 한글 문자 | 수,수,89 54,8A 45,288,8A 45,82 A6,0x02770 | 0x02771,원본 분석표 697번 DF7E~DF7F=82 A2(い) → 패치 DF70~DF71=89 54(수); 번역 13-016/053 · 수 / 토큰 89 54 / KANJI 6350 / 가나다순 208,mapped from six runtime-analysis RAM/raw formulas
691,1,DF72~DF73,패치 슬롯 0441 | 한글 문자 | 를,를,88 CA,89 A2,192,89 A2,82 CD,0x02772 | 0x02773,원본 분석표 698번 DF80~DF81=82 DC(ま) → 패치 DF72~DF73=88 CA(를); 번역 13-017/053 · 를 / 토큰 88 CA / KANJI A0C0 / 가나다순 135,mapped from six runtime-analysis RAM/raw formulas
692,1,DF74~DF75,패치 슬롯 0442 | 전각 공백 | ␠,␠,81 40,81 40,,81 40,82 C6,0x02774 | 0x02775,원본 분석표 699번 DF82~DF83=82 BF(ち) → 패치 DF74~DF75=81 40(␠); 번역 13-018/053 · ␠ / 토큰 81 40 / PC-88 전각 공백 토큰,mapped from six runtime-analysis RAM/raw formulas
693,1,DF76~DF77,패치 슬롯 0443 | 한글 문자 | 저,저,89 9B,8A B5,399,8A B5,82 F1,0x02776 | 0x02777,원본 분석표 700번 DF84~DF85=82 AA(が) → 패치 DF76~DF77=89 9B(저); 번역 13-019/053 · 저 / 토큰 89 9B / KANJI E3B0 / 가나다순 285,mapped from six runtime-analysis RAM/raw formulas
694,1,DF78~DF79,패치 슬롯 0444 | 한글 문자 | 질,질,8A 4E,8A D7,433,8A D7,82 C5,0x02778 | 0x02779,원본 분석표 701번 DF86~DF87=82 A6(え) → 패치 DF78~DF79=8A 4E(질); 번역 13-020/053 · 질 / 토큰 8A 4E / KANJI 66F0 / 가나다순 312,mapped from six runtime-analysis RAM/raw formulas
695,1,DF7A~DF7B,패치 슬롯 0445 | 한글 문자 | 렀,렀,8A BB,89 91,175,89 91,82 E0,0x0277A | 0x0277B,원본 분석표 702번 DF88~DF89=82 F0(を) → 패치 DF7A~DF7B=8A BB(렀); 번역 13-021/053 · 렀 / 토큰 8A BB / KANJI 69D0 / 가나다순 488,mapped from six runtime-analysis RAM/raw formulas
696,1,DF7C~DF7D,패치 슬롯 0446 | 한글 문자 | 구,구,82 B7,88 C7,41,88 C7,82 C8,0x0277C | 0x0277D,원본 분석표 703번 DF8A~DF8B=94 C6(犯) → 패치 DF7C~DF7D=82 B7(구); 번역 13-022/053 · 구 / 토큰 82 B7 / KANJI 1990 / 가나다순 28,mapped from six runtime-analysis RAM/raw formulas
697,1,DF7E~DF7F,패치 슬롯 0447 | 한글 문자 | 나,나,82 CE,88 E8,74,88 E8,82 A2,0x0277E | 0x0277F,원본 분석표 704번 DF8C~DF8D=82 B5(し) → 패치 DF7E~DF7F=82 CE(나); 번역 13-023/053 · 나 / 토큰 82 CE / KANJI 2900 / 가나다순 52,mapped from six runtime-analysis RAM/raw formulas
698,1,DF80~DF81,패치 슬롯 0448 | 문장부호 | ！,！,81 49,81 49,,81 49,82 DC,0x02780 | 0x02781,원본 분석표 705번 DF8E~DF8F=82 BD(た) → 패치 DF80~DF81=81 49(！); 번역 13-024/053 · ！ / 토큰 81 49 / PC-88 전각 느낌표 토큰,mapped from six runtime-analysis RAM/raw formulas
699,1,DF82~DF83,패치 슬롯 0449 | 전각 공백 | ␠,␠,81 40,81 40,,81 40,82 BF,0x02782 | 0x02783,원본 분석표 708번 DF94~DF95 → 현재 DF82~DF83; 번역 13-025/053 · ␠ / 토큰 81 40 / PC-88 전각 공백 토큰,mapped from six runtime-analysis RAM/raw formulas
700,1,DF84,기존 확인 41~50h 계열 / CAA8[3] 슬롯 실행,,44,44,,,82,0x02784,원본 분석표 709번 DF96 → 현재 DF84; 슬롯 토큰 44; 다음 본류 DF97,mapped from six runtime-analysis RAM/raw formulas
701,1,DF85~DF86,패치 슬롯 0450 | 한글 문자 | 네,네,82 D9,88 F8,90,88 F8,AA 82,0x02785 | 0x02786,원본 분석표 710번 DF97~DF98=82 A8(お) → 패치 DF85~DF86=82 D9(네); 번역 13-026/053 · 네 / 토큰 82 D9 / KANJI 29B0 / 가나다순 64,mapped from six runtime-analysis RAM/raw formulas
702,1,DF87~DF88,패치 슬롯 0451 | 전각 공백 | ␠,␠,81 40,81 40,,81 40,A6 82,0x02787 | 0x02788,원본 분석표 711번 DF99~DF9A=82 DC(ま) → 패치 DF87~DF88=81 40(␠); 번역 13-027/053 · ␠ / 토큰 81 40 / PC-88 전각 공백 토큰,mapped from six runtime-analysis RAM/raw formulas
703,1,DF89~DF8A,패치 슬롯 0452 | 한글 문자 | 헛,헛,8A C9,8B 7E,533,8B 7E,F0 94,0x02789 | 0x0278A,원본 분석표 712번 DF9B~DF9C=82 A6(え) → 패치 DF89~DF8A=8A C9(헛); 번역 13-028/053 · 헛 / 토큰 8A C9 / KANJI A8B0 / 가나다순 502,mapped from six runtime-analysis RAM/raw formulas
704,1,DF8B~DF8C,패치 슬롯 0453 | 한글 문자 | 된,된,88 A3,89 65,132,89 65,C6 82,0x0278B | 0x0278C,원본 분석표 713번 DF9D~DF9E=82 CC(の) → 패치 DF8B~DF8C=88 A3(된); 번역 13-029/053 · 된 / 토큰 88 A3 / KANJI 6050 / 가나다순 94,mapped from six runtime-analysis RAM/raw formulas
705,1,DF8D~DF8E,패치 슬롯 0454 | 전각 공백 | ␠,␠,81 40,81 40,,81 40,B5 82,0x0278D | 0x0278E,원본 분석표 714번 DF9F~DFA0=8C BE(言) → 패치 DF8D~DF8E=81 40(␠); 번역 13-030/053 · ␠ / 토큰 81 40 / PC-88 전각 공백 토큰,mapped from six runtime-analysis RAM/raw formulas
706,1,DF8F~DF90,패치 슬롯 0455 | 한글 문자 | 호,호,89 F0,8B 87,541,8B 87,BD 82,0x0278F | 0x02790,원본 분석표 715번 DFA1~DFA2=97 74(葉) → 패치 DF8F~DF90=89 F0(호); 번역 13-031/053 · 호 / 토큰 89 F0 / KANJI E520 / 가나다순 378,mapped from six runtime-analysis RAM/raw formulas
707,1,DF91~DF92,패치 슬롯 0456 | 한글 문자 | 소,소,89 50,8A 40,283,8A 40,BC 81,0x02791 | 0x02792,원본 분석표 716번 DFA3~DFA4=82 CD(は) → 패치 DF91~DF92=89 50(소); 번역 13-032/053 · 소 / 토큰 89 50 / KANJI 6310 / 가나다순 204,mapped from six runtime-analysis RAM/raw formulas
708,1,DF93~DF94,패치 슬롯 0457 | 한글 문자 | 가,가,82 9F,88 9F,1,88 9F,49 81,0x02793 | 0x02794,원본 분석표 717번 DFA5~DFA6=81 41(、) → 패치 DF93~DF94=82 9F(가); 번역 13-033/053 · 가 / 토큰 82 9F / KANJI 1810 / 가나다순 1,mapped from six runtime-analysis RAM/raw formulas
709,1,DF95~DF96,패치 슬롯 0458 | 전각 공백 | ␠,␠,81 40,81 40,,81 40,40 44,0x02795 | 0x02796,원본 분석표 718번 DFA7~DFA8=82 E0(も) → 패치 DF95~DF96=81 40(␠); 번역 13-034/053 · ␠ / 토큰 81 40 / PC-88 전각 공백 토큰,mapped from six runtime-analysis RAM/raw formulas
710,1,DF97~DF98,패치 슬롯 0459 | 한글 문자 | 오,오,89 76,8A 7D,344,8A 7D,82 A8,0x02797 | 0x02798,원본 분석표 719번 DFA9~DFAA=82 CD(は) → 패치 DF97~DF98=89 76(오); 번역 13-035/053 · 오 / 토큰 89 76 / KANJI A370 / 가나다순 246,mapped from six runtime-analysis RAM/raw formulas
711,1,DF99~DF9A,패치 슬롯 0460 | 한글 문자 | 히,히,89 F7,8B 97,557,8B 97,82 DC,0x02799 | 0x0279A,원본 분석표 720번 DFAB~DFAC=82 E2(や) → 패치 DF99~DF9A=89 F7(히); 번역 13-036/053 · 히 / 토큰 89 F7 / KANJI E590 / 가나다순 387,mapped from six runtime-analysis RAM/raw formulas
712,1,DF9B~DF9C,패치 슬롯 0461 | 한글 문자 | 려,려,88 C1,89 94,178,89 94,82 A6,0x0279B | 0x0279C,원본 분석표 721번 DFAD~DFAE=97 44(優) → 패치 DF9B~DF9C=88 C1(려); 번역 13-037/053 · 려 / 토큰 88 C1 / KANJI A030 / 가나다순 126,mapped from six runtime-analysis RAM/raw formulas
713,1,DF9D~DF9E,패치 슬롯 0462 | 전각 공백 | ␠,␠,81 40,81 40,,81 40,82 CC,0x0279D | 0x0279E,원본 분석표 722번 DFAF~DFB0=8E 71(子) → 패치 DF9D~DF9E=81 40(␠); 번역 13-038/053 · ␠ / 토큰 81 40 / PC-88 전각 공백 토큰,mapped from six runtime-analysis RAM/raw formulas
714,1,DF9F~DFA0,패치 슬롯 0463 | 한글 문자 | 유,유,89 86,8A 99,371,8A 99,8C BE,0x0279F | 0x027A0,원본 분석표 723번 DFB1~DFB2=82 C9(に) → 패치 DF9F~DFA0=89 86(유); 번역 13-039/053 · 유 / 토큰 89 86 / KANJI E260 / 가나다순 261,mapped from six runtime-analysis RAM/raw formulas
715,1,DFA1~DFA2,패치 슬롯 0464 | 한글 문자 | 코,코,89 C5,8A FC,470,8A FC,97 74,0x027A1 | 0x027A2,원본 분석표 724번 DFB3~DFB4=8D 7E(降) → 패치 DFA1~DFA2=89 C5(코); 번역 13-040/053 · 코 / 토큰 89 C5 / KANJI A470 / 가나다순 331,mapped from six runtime-analysis RAM/raw formulas
716,1,DFA3~DFA4,패치 슬롯 0465 | 한글 문자 | 를,를,88 CA,89 A2,192,89 A2,82 CD,0x027A3 | 0x027A4,원본 분석표 725번 DFB5~DFB6=95 9A(伏) → 패치 DFA3~DFA4=88 CA(를); 번역 13-041/053 · 를 / 토큰 88 CA / KANJI A0C0 / 가나다순 135,mapped from six runtime-analysis RAM/raw formulas
717,1,DFA5~DFA6,패치 슬롯 0466 | 전각 공백 | ␠,␠,81 40,81 40,,81 40,81 41,0x027A5 | 0x027A6,원본 분석표 726번 DFB7~DFB8=82 F0(を) → 패치 DFA5~DFA6=81 40(␠); 번역 13-042/053 · ␠ / 토큰 81 40 / PC-88 전각 공백 토큰,mapped from six runtime-analysis RAM/raw formulas
718,1,DFA7~DFA8,패치 슬롯 0467 | 한글 문자 | 더,더,82 ED,89 58,119,89 58,82 E0,0x027A7 | 0x027A8,편집기 추가 행; 번역 13-043/053 · 더 / 토큰 82 ED / KANJI 38F0 / 가나다순 85,mapped from six runtime-analysis RAM/raw formulas
719,1,DFA9~DFAA,패치 슬롯 0468 | 전각 공백 | ␠,␠,81 40,81 40,,81 40,82 CD,0x027A9 | 0x027AA,편집기 추가 행; 번역 13-044/053 · ␠ / 토큰 81 40 / PC-88 전각 공백 토큰,mapped from six runtime-analysis RAM/raw formulas
720,1,DFAB~DFAC,패치 슬롯 0469 | 한글 문자 | 내,내,82 D3,88 ED,79,88 ED,82 E2,0x027AB | 0x027AC,편집기 추가 행; 번역 13-045/053 · 내 / 토큰 82 D3 / KANJI 2950 / 가나다순 57,mapped from six runtime-analysis RAM/raw formulas
721,1,DFAD~DFAE,패치 슬롯 0470 | 한글 문자 | 몰,몰,88 E1,89 BF,221,89 BF,97 44,0x027AD | 0x027AE,편집기 추가 행; 번역 13-046/053 · 몰 / 토큰 88 E1 / KANJI E030 / 가나다순 159,mapped from six runtime-analysis RAM/raw formulas
722,1,DFAF~DFB0,패치 슬롯 0471 | 한글 문자 | 게,게,82 AB,88 B1,19,88 B1,8E 71,0x027AF | 0x027B0,편집기 추가 행; 번역 13-047/053 · 게 / 토큰 82 AB / KANJI 18D0 / 가나다순 13,mapped from six runtime-analysis RAM/raw formulas
723,1,DFB1,기존 확인 41~50h 계열 / CAA8[4] 슬롯 실행,,45,45,,,82,0x027B1,원본 분석표 727번 DFB9 → 현재 DFB1; 슬롯 토큰 45; 다음 본류 DFBA,mapped from six runtime-analysis RAM/raw formulas
724,1,DFB2~DFB3,패치 슬롯 0472 | 전각 공백 | ␠,␠,81 40,81 40,,81 40,C9 8D,0x027B2 | 0x027B3,원본 분석표 728번 DFBA~DFBB=8C 88(決) → 패치 DFB2~DFB3=81 40(␠); 번역 13-048/053 · ␠ / 토큰 81 40 / PC-88 전각 공백 토큰,mapped from six runtime-analysis RAM/raw formulas
725,1,DFB4~DFB5,패치 슬롯 0473 | 한글 문자 | 만,만,88 D2,89 AC,202,89 AC,7E 95,0x027B4 | 0x027B5,원본 분석표 729번 DFBC~DFBD=90 53(心) → 패치 DFB4~DFB5=88 D2(만); 번역 13-049/053 · 만 / 토큰 88 D2 / KANJI A140 / 가나다순 144,mapped from six runtime-analysis RAM/raw formulas
726,1,DFB6~DFB7,패치 슬롯 0474 | 한글 문자 | 들,들,88 AA,89 71,144,89 71,9A 82,0x027B6 | 0x027B7,원본 분석표 730번 DFBE~DFBF=82 B3(さ) → 패치 DFB6~DFB7=88 AA(들); 번역 13-050/053 · 들 / 토큰 88 AA / KANJI 60C0 / 가나다순 102,mapped from six runtime-analysis RAM/raw formulas
727,1,DFB8~DFB9,패치 슬롯 0475 | 한글 문자 | 었,었,89 6F,8A 71,332,8A 71,F0 45,0x027B8 | 0x027B9,원본 분석표 731번 DFC0~DFC1=82 B9(せ) → 패치 DFB8~DFB9=89 6F(었); 번역 13-051/053 · 었 / 토큰 89 6F / KANJI A300 / 가나다순 238,mapped from six runtime-analysis RAM/raw formulas
728,1,DFBA~DFBB,패치 슬롯 0476 | 한글 문자 | 다,다,82 E7,89 50,111,89 50,8C 88,0x027BA | 0x027BB,원본 분석표 732번 DFC2~DFC3=82 BD(た) → 패치 DFBA~DFBB=82 E7(다); 번역 13-052/053 · 다 / 토큰 82 E7 / KANJI 3890 / 가나다순 78,mapped from six runtime-analysis RAM/raw formulas
729,1,DFBC~DFBD,패치 슬롯 0477 | 문장부호 | ！,！,81 49,81 49,,81 49,90 53,0x027BC | 0x027BD,원본 분석표 734번 DFC6~DFC7 → 현재 DFBC~DFBD; 번역 13-053/053 · ！ / 토큰 81 49 / PC-88 전각 느낌표 토큰,mapped from six runtime-analysis RAM/raw formulas
730,1,DFBE,기존 확인 61~70h 계열 / CAA8[1] 작업슬롯 비활성화,,62,62,,,82,0x027BE,원본 분석표 735번 DFC8 → 현재 DFBE; 비활성화 토큰 62; 다음 본류 DFC9,mapped from six runtime-analysis RAM/raw formulas
731,1,DFBF~DFC1,기존 확인 16h 계열 / 서브스트림 호출·전환 → E5A2,,16 A2 E5,16 A2 E5,,,B3 82 B9,0x027BF | 0x027C0 | 0x027C1,원본 분석표 736번 DFC9~DFCB → 현재 DFBF~DFC1; 16h 호출 → E5A2; 복귀 주소 DFCC,mapped from six runtime-analysis RAM/raw formulas
732,1,E5A2~E5A6,서브스트림 실행 / 기존 확인 0Fh 계열 제어토큰,,0F 02 12 05 08,0F 02 12 05 08,,,,,인자 02 12 05 08; 다음 주소 E5A7,outside six documented raw segments
733,1,E5A7~E5A9,서브스트림 실행 / 기존 확인 16h 계열 / 서브스트림 호출·전환 → E630,,16 30 E6,16 30 E6,,,,,16h 호출 → E630; 복귀 주소 E5AA,outside six documented raw segments
734,1,E630~E632,서브스트림 실행 / 기존 확인 1Eh 계열 / 간접 CALL,,1E 3C 08,1E 3C 08,,,,,호출 대상 083C; 처리 후 다음 주소 E633,outside six documented raw segments
735,1,E633~E638,서브스트림 실행 / 기존 확인 05h 계열 / 영역·좌표 상태 설정·전개,,05 16 86 3A 9E 00,05 16 86 3A 9E 00,,,,,처리 후 다음 주소 E639; 내부 16 86 3A는 인자,outside six documented raw segments
736,1,E639~E63D,서브스트림 실행 / 기존 확인 0Eh 계열 / 화면·버퍼 초기화·전개,,0E 16 20 24 80,0E 16 20 24 80,,,,,처리 후 다음 주소 E63E; 내부 16 20 24는 인자,outside six documented raw segments
737,1,E63E,서브스트림 실행 / 기존 확인 17h 계열 / 서브스트림 복귀,,17,17,,,,,17h 복귀 → E5AA,outside six documented raw segments
738,1,E5AA~E5AC,서브스트림 실행 / 기존 확인 13h 계열 제어토큰,,13 EF E6,13 EF E6,,,,,인자 EF E6; 다음 주소 E5AD,outside six documented raw segments
739,1,E5AD~E5AF,서브스트림 실행 / 런타임 확인 10h 계열 / 기능 미확인,,10 16 22,10 16 22,,,,,인자 16 22; 다음 주소 E5B0,outside six documented raw segments
740,1,E5B0~E5B3,서브스트림 실행 / 기존 확인 04h 계열 / CAA8 슬롯 포인터 설정,,04 89 E7 41,04 89 E7 41,,,,,E789 포인터를 41h 슬롯에 설정; 다음 주소 E5B4,outside six documented raw segments
741,1,E5B4~E5B7,서브스트림 실행 / 기존 확인 04h 계열 / CAA8 슬롯 포인터 설정,,04 93 E7 42,04 93 E7 42,,,,,E793 포인터를 42h 슬롯에 설정; 다음 주소 E5B8,outside six documented raw segments
742,1,E5B8~E5B9,서브스트림 실행 / 기존 확인 25h 계열 / CA1D 입 움직임 효과음 인덱스 설정,,25 2B,25 2B,,,,,CA1D=2B; 다음 주소 E5BA,outside six documented raw segments
743,1,E5BA,서브스트림 실행 / 기존 확인 17h 계열 / 서브스트림 복귀,,17,17,,,,,17h 복귀 → DFCC,outside six documented raw segments
744,1,DFC2,기존 확인 41~50h 계열 / CAA8[0] 슬롯 실행,,41,41,,,82,0x027C2,원본 분석표 749번 DFCC → 현재 DFC2; 슬롯 토큰 41; 다음 본류 DFCD,mapped from six runtime-analysis RAM/raw formulas
745,1,DFC3~DFC4,패치 슬롯 0478 | 한글 문자 | 그,그,82 BD,88 CF,49,88 CF,BD 82,0x027C3 | 0x027C4,원본 분석표 750번 DFCD~DFCE=82 A6(え) → 패치 DFC3~DFC4=82 BD(그); 번역 14-001/039 · 그 / 토큰 82 BD / KANJI 19F0 / 가나다순 34,mapped from six runtime-analysis RAM/raw formulas
746,1,DFC5~DFC6,패치 슬롯 0479 | 한글 문자 | 래,래,88 B9,89 88,166,89 88,ED 81,0x027C5 | 0x027C6,원본 분석표 751번 DFCF~DFD0=82 A6(え) → 패치 DFC5~DFC6=88 B9(래); 번역 14-002/039 · 래 / 토큰 88 B9 / KANJI 61B0 / 가나다순 117,mapped from six runtime-analysis RAM/raw formulas
747,1,DFC7~DFC8,패치 슬롯 0480 | 문장부호 | 、,、,81 41,81 41,,81 41,49 62,0x027C7 | 0x027C8,원본 분석표 752번 DFD1~DFD2 → 현재 DFC7~DFC8; 번역 14-003/039 · 、 / 토큰 81 41 / PC-88 전각 쉼표 토큰,mapped from six runtime-analysis RAM/raw formulas
748,1,DFC9~DFCA,패치 슬롯 0481 | 한글 문자 | 메,메,88 DA,89 B7,213,89 B7,16 A2,0x027C9 | 0x027CA,원본 분석표 753번 DFD3~DFD4=83 81(メ) → 패치 DFC9~DFCA=88 DA(메); 번역 14-004/039 · 메 / 토큰 88 DA / KANJI A1C0 / 가나다순 152,mapped from six runtime-analysis RAM/raw formulas
749,1,DFCB~DFCC,패치 슬롯 0482 | 한글 문자 | 가,가,82 9F,88 9F,1,88 9F,E5 41,0x027CB | 0x027CC,원본 분석표 754번 DFD5~DFD6=83 4B(ガ) → 패치 DFCB~DFCC=82 9F(가); 번역 14-005/039 · 가 / 토큰 82 9F / KANJI 1810 / 가나다순 1,mapped from six runtime-analysis RAM/raw formulas
750,1,DFCD~DFCE,패치 슬롯 0483 | 한글 문자 | 스,스,89 56,8A 4A,293,8A 4A,82 A6,0x027CD | 0x027CE,원본 분석표 755번 DFD7~DFD8=83 58(ス) → 패치 DFCD~DFCE=89 56(스); 번역 14-006/039 · 스 / 토큰 89 56 / KANJI 6370 / 가나다순 211,mapped from six runtime-analysis RAM/raw formulas
751,1,DFCF~DFD0,패치 슬롯 0484 | 문장부호 | ！,！,81 49,81 49,,81 49,82 A6,0x027CF | 0x027D0,원본 분석표 756번 DFD9~DFDA → 현재 DFCF~DFD0; 번역 14-007/039 · ！ / 토큰 81 49 / PC-88 전각 느낌표 토큰,mapped from six runtime-analysis RAM/raw formulas
752,1,DFD1~DFD2,패치 슬롯 0485 | 전각 공백 | ␠,␠,81 40,81 40,,81 40,81 41,0x027D1 | 0x027D2,원본 분석표 757번 DFDB~DFDC → 현재 DFD1~DFD2; 번역 14-008/039 · ␠ / 토큰 81 40 / PC-88 전각 공백 토큰,mapped from six runtime-analysis RAM/raw formulas
753,1,DFD3,기존 확인 41~50h 계열 / CAA8[1] 슬롯 실행,,42,42,,,83,0x027D3,원본 분석표 758번 DFDD → 현재 DFD3; 슬롯 토큰 42; 다음 본류 DFDE,mapped from six runtime-analysis RAM/raw formulas
754,1,DFD4~DFD5,패치 슬롯 0486 | 한글 문자 | 네,네,82 D9,88 F8,90,88 F8,81 83,0x027D4 | 0x027D5,원본 분석표 759번 DFDE~DFDF=82 BB(そ) → 패치 DFD4~DFD5=82 D9(네); 번역 14-009/039 · 네 / 토큰 82 D9 / KANJI 29B0 / 가나다순 64,mapped from six runtime-analysis RAM/raw formulas
755,1,DFD6~DFD7,패치 슬롯 0487 | 전각 공백 | ␠,␠,81 40,81 40,,81 40,4B 83,0x027D6 | 0x027D7,원본 분석표 760번 DFE0~DFE1=82 CC(の) → 패치 DFD6~DFD7=81 40(␠); 번역 14-010/039 · ␠ / 토큰 81 40 / PC-88 전각 공백 토큰,mapped from six runtime-analysis RAM/raw formulas
756,1,DFD8~DFD9,패치 슬롯 0488 | 한글 문자 | 말,말,88 D3,89 AD,203,89 AD,58 81,0x027D8 | 0x027D9,원본 분석표 761번 DFE2~DFE3=92 CA(通) → 패치 DFD8~DFD9=88 D3(말); 번역 14-011/039 · 말 / 토큰 88 D3 / KANJI A150 / 가나다순 145,mapped from six runtime-analysis RAM/raw formulas
757,1,DFDA~DFDB,패치 슬롯 0489 | 한글 문자 | 대,대,82 EC,89 57,118,89 57,49 81,0x027DA | 0x027DB,원본 분석표 762번 DFE4~DFE5=82 E8(り) → 패치 DFDA~DFDB=82 EC(대); 번역 14-012/039 · 대 / 토큰 82 EC / KANJI 38E0 / 가나다순 84,mapped from six runtime-analysis RAM/raw formulas
758,1,DFDC~DFDD,패치 슬롯 0490 | 한글 문자 | 로,로,88 C5,89 99,183,89 99,40 42,0x027DC | 0x027DD,원본 분석표 763번 DFE6~DFE7=82 E6(よ) → 패치 DFDC~DFDD=88 C5(로); 번역 14-013/039 · 로 / 토큰 88 C5 / KANJI A070 / 가나다순 130,mapped from six runtime-analysis RAM/raw formulas
759,1,DFDE~DFDF,패치 슬롯 0491 | 한글 문자 | 야,야,89 6B,8A 66,321,8A 66,82 BB,0x027DE | 0x027DF,원본 분석표 764번 DFE8~DFE9=81 49(！) → 패치 DFDE~DFDF=89 6B(야); 번역 14-014/039 · 야 / 토큰 89 6B / KANJI A2C0 / 가나다순 234,mapped from six runtime-analysis RAM/raw formulas
760,1,DFE0~DFE1,패치 슬롯 0492 | 문장부호 | ！,！,81 49,81 49,,81 49,82 CC,0x027E0 | 0x027E1,원본 분석표 765번 DFEA~DFEB=81 40(␠) → 패치 DFE0~DFE1=81 49(！); 번역 14-015/039 · ！ / 토큰 81 49 / PC-88 전각 느낌표 토큰,mapped from six runtime-analysis RAM/raw formulas
761,1,DFE2~DFE3,패치 슬롯 0493 | 전각 공백 | ␠,␠,81 40,81 40,,81 40,92 CA,0x027E2 | 0x027E3,원본 분석표 766번 DFEC~DFED=82 B3(さ) → 패치 DFE2~DFE3=81 40(␠); 번역 14-016/039 · ␠ / 토큰 81 40 / PC-88 전각 공백 토큰,mapped from six runtime-analysis RAM/raw formulas
762,1,DFE4~DFE5,패치 슬롯 0494 | 한글 문자 | 내,내,82 D3,88 ED,79,88 ED,82 E8,0x027E4 | 0x027E5,원본 분석표 767번 DFEE~DFEF=82 A0(あ) → 패치 DFE4~DFE5=82 D3(내); 번역 14-017/039 · 내 / 토큰 82 D3 / KANJI 2950 / 가나다순 57,mapped from six runtime-analysis RAM/raw formulas
763,1,DFE6~DFE7,패치 슬롯 0495 | 한글 문자 | 가,가,82 9F,88 9F,1,88 9F,82 E6,0x027E6 | 0x027E7,원본 분석표 768번 DFF0~DFF1=81 41(、) → 패치 DFE6~DFE7=82 9F(가); 번역 14-018/039 · 가 / 토큰 82 9F / KANJI 1810 / 가나다순 1,mapped from six runtime-analysis RAM/raw formulas
764,1,DFE8,기존 확인 41~50h 계열 / CAA8[1] 슬롯 실행,,42,42,,,81,0x027E8,원본 분석표 773번 DFFA → 현재 DFE8; 슬롯 토큰 42; 다음 본류 DFFB,mapped from six runtime-analysis RAM/raw formulas
765,1,DFE9~DFEA,패치 슬롯 0496 | 한글 문자 | 항,항,89 E7,8B 78,527,8B 78,49 81,0x027E9 | 0x027EA,원본 분석표 775번 DFFD~DFFE=95 9A(伏) → 패치 DFE9~DFEA=89 E7(항); 번역 14-019/039 · 항 / 토큰 89 E7 / KANJI E490 / 가나다순 368,mapped from six runtime-analysis RAM/raw formulas
766,1,DFEB~DFEC,패치 슬롯 0497 | 한글 문자 | 복,복,88 F5,89 DC,250,89 DC,40 82,0x027EB | 0x027EC,원본 분석표 776번 DFFF~E000=82 B7(す) → 패치 DFEB~DFEC=88 F5(복); 번역 14-020/039 · 복 / 토큰 88 F5 / KANJI E170 / 가나다순 180,mapped from six runtime-analysis RAM/raw formulas
767,1,DFED~DFEE,패치 슬롯 0498 | 한글 문자 | 할,할,89 E5,8B 75,524,8B 75,B3 82,0x027ED | 0x027EE,원본 분석표 777번 E001~E002=82 E9(る) → 패치 DFED~DFEE=89 E5(할); 번역 14-021/039 · 할 / 토큰 89 E5 / KANJI E470 / 가나다순 365,mapped from six runtime-analysis RAM/raw formulas
768,1,DFEF~DFF0,패치 슬롯 0499 | 전각 공백 | ␠,␠,81 40,81 40,,81 40,A0 81,0x027EF | 0x027F0,원본 분석표 778번 E003~E004=82 ED(わ) → 패치 DFEF~DFF0=81 40(␠); 번역 14-022/039 · ␠ / 토큰 81 40 / PC-88 전각 공백 토큰,mapped from six runtime-analysis RAM/raw formulas
769,1,DFF1~DFF2,패치 슬롯 0500 | 한글 문자 | 테,테,8A 51,8B 51,488,8B 51,41 83,0x027F1 | 0x027F2,원본 분석표 779번 E005~E006=81 49(！) → 패치 DFF1~DFF2=8A 51(테); 번역 14-023/039 · 테 / 토큰 8A 51 / KANJI 6720 / 가나다순 345,mapped from six runtime-analysis RAM/raw formulas
770,1,DFF3~DFF4,패치 슬롯 0501 | 한글 문자 | 니,니,82 E4,89 4D,108,89 4D,8F 83,0x027F3 | 0x027F4,원본 분석표 780번 E007~E008=81 40(␠) → 패치 DFF3~DFF4=82 E4(니); 번역 14-024/039 · 니 / 토큰 82 E4 / KANJI 3860 / 가나다순 75,mapped from six runtime-analysis RAM/raw formulas
771,1,DFF5~DFF6,패치 슬롯 0502 | 문장부호 | 、,、,81 41,81 41,,81 41,5E 83,0x027F5 | 0x027F6,원본 분석표 781번 E009~E00A=83 94(ヴ) → 패치 DFF5~DFF6=81 41(、); 번역 14-025/039 · 、 / 토큰 81 41 / PC-88 전각 쉼표 토큰,mapped from six runtime-analysis RAM/raw formulas
772,1,DFF7~DFF8,패치 슬롯 0503 | 한글 문자 | 당,당,82 EB,89 56,117,89 56,56 82,0x027F7 | 0x027F8,원본 분석표 782번 E00B~E00C=83 40(ァ) → 패치 DFF7~DFF8=82 EB(당); 번역 14-026/039 · 당 / 토큰 82 EB / KANJI 38D0 / 가나다순 83,mapped from six runtime-analysis RAM/raw formulas
773,1,DFF9~DFFA,패치 슬롯 0504 | 한글 문자 | 장,장,89 99,8A B3,397,8A B3,CD 42,0x027F9 | 0x027FA,원본 분석표 783번 E00D~E00E=83 8A(リ) → 패치 DFF9~DFFA=89 99(장); 번역 14-027/039 · 장 / 토큰 89 99 / KANJI E390 / 가나다순 283,mapped from six runtime-analysis RAM/raw formulas
774,1,DFFB~DFFC,패치 슬롯 0505 | 전각 공백 | ␠,␠,81 40,81 40,,81 40,8D 7E,0x027FB | 0x027FC,원본 분석표 784번 E00F~E010=83 41(ア) → 패치 DFFB~DFFC=81 40(␠); 번역 14-028/039 · ␠ / 토큰 81 40 / PC-88 전각 공백 토큰,mapped from six runtime-analysis RAM/raw formulas
775,1,DFFD~DFFE,패치 슬롯 0506 | 한글 문자 | 바,바,88 E9,89 CC,234,89 CC,95 9A,0x027FD | 0x027FE,원본 분석표 785번 E011~E012=97 6C(様) → 패치 DFFD~DFFE=88 E9(바); 번역 14-029/039 · 바 / 토큰 88 E9 / KANJI E0B0 / 가나다순 168,mapped from six runtime-analysis RAM/raw formulas
776,1,DFFF~E000,패치 슬롯 0507 | 한글 문자 | 리,리,88 CC,89 A4,194,89 A4,82 B7,0x027FF | 0x02810,원본 분석표 786번 E013~E014=82 F0(を) → 패치 DFFF~E000=88 CC(리); 번역 14-030/039 · 리 / 토큰 88 CC / KANJI A0E0 / 가나다순 137,mapped from six runtime-analysis RAM/raw formulas
777,1,E001~E002,패치 슬롯 0508 | 한글 문자 | 아,아,89 60,8A 5A,309,8A 5A,82 E9,0x02811 | 0x02812,원본 분석표 787번 E015~E016=95 D4(返) → 패치 E001~E002=89 60(아); 번역 14-031/039 · 아 / 토큰 89 60 / KANJI A210 / 가나다순 223,mapped from six runtime-analysis RAM/raw formulas
778,1,E003~E004,패치 슬롯 0509 | 한글 문자 | 님,님,82 E6,89 4F,110,89 4F,82 ED,0x02813 | 0x02814,원본 분석표 788번 E017~E018=82 B5(し) → 패치 E003~E004=82 E6(님); 번역 14-032/039 · 님 / 토큰 82 E6 / KANJI 3880 / 가나다순 77,mapped from six runtime-analysis RAM/raw formulas
779,1,E005~E006,패치 슬롯 0510 | 한글 문자 | 을,을,89 8A,8A 9E,376,8A 9E,81 49,0x02815 | 0x02816,원본 분석표 789번 E019~E01A=82 C4(て) → 패치 E005~E006=89 8A(을); 번역 14-033/039 · 을 / 토큰 89 8A / KANJI E2A0 / 가나다순 265,mapped from six runtime-analysis RAM/raw formulas
780,1,E007~E008,패치 슬롯 0511 | 전각 공백 | ␠,␠,81 40,81 40,,81 40,81 40,0x02817 | 0x02818,원본 분석표 790번 E01B~E01C=81 49(！) → 패치 E007~E008=81 40(␠); 번역 14-034/039 · ␠ / 토큰 81 40 / PC-88 전각 공백 토큰,mapped from six runtime-analysis RAM/raw formulas
781,1,E009~E00A,패치 슬롯 0512 | 한글 문자 | 풀,풀,89 DF,8B 69,512,8B 69,83 94,0x02819 | 0x0281A,원본 분석표 791번 E01D~E01E=81 49(！) → 패치 E009~E00A=89 DF(풀); 번역 14-035/039 · 풀 / 토큰 89 DF / KANJI E410 / 가나다순 359,mapped from six runtime-analysis RAM/raw formulas
782,1,E00B~E00C,패치 슬롯 0513 | 한글 문자 | 어,어,89 6C,8A 6A,325,8A 6A,83 40,0x0281B | 0x0281C,편집기 추가 행; 번역 14-036/039 · 어 / 토큰 89 6C / KANJI A2D0 / 가나다순 235,mapped from six runtime-analysis RAM/raw formulas
783,1,E00D~E00E,패치 슬롯 0514 | 한글 문자 | 줘,줘,8A C4,8A CD,423,8A CD,83 8A,0x0281D | 0x0281E,편집기 추가 행; 번역 14-037/039 · 줘 / 토큰 8A C4 / KANJI A860 / 가나다순 497,mapped from six runtime-analysis RAM/raw formulas
784,1,E00F~E010,패치 슬롯 0515 | 문장부호 | ！,！,81 49,81 49,,81 49,83 41,0x0281F | 0x02820,편집기 추가 행; 번역 14-038/039 · ！ / 토큰 81 49 / PC-88 전각 느낌표 토큰,mapped from six runtime-analysis RAM/raw formulas
785,1,E011~E012,패치 슬롯 0516 | 문장부호 | ！,！,81 49,81 49,,81 49,97 6C,0x02821 | 0x02822,편집기 추가 행; 번역 14-039/039 · ！ / 토큰 81 49 / PC-88 전각 느낌표 토큰,mapped from six runtime-analysis RAM/raw formulas
786,1,E013,기존 확인 61~70h 계열 / CAA8[0] 작업슬롯 비활성화,,61,61,,,82,0x02823,원본 분석표 792번 E01F → 현재 E013; 비활성화 토큰 61; 다음 본류 E020,mapped from six runtime-analysis RAM/raw formulas
787,1,E014~E016,기존 확인 16h 계열 / 서브스트림 호출·전환 → E4B9,,16 B9 E4,16 B9 E4,,,F0 95 D4,0x02824 | 0x02825 | 0x02826,원본 분석표 793번 E020~E022 → 현재 E014~E016; 16h 호출 → E4B9; 복귀 주소 E023,mapped from six runtime-analysis RAM/raw formulas
788,1,E4B9~E4BD,서브스트림 실행 / 기존 확인 0Fh 계열 제어토큰,,0F 05 0F 05 08,0F 05 0F 05 08,,,,,인자 05 0F 05 08; 다음 주소 E4BE,outside six documented raw segments
789,1,E4BE~E4C0,서브스트림 실행 / 기존 확인 16h 계열 / 서브스트림 호출·전환 → E630,,16 30 E6,16 30 E6,,,,,16h 호출 → E630; 복귀 주소 E4C1,outside six documented raw segments
790,1,E630~E632,서브스트림 실행 / 기존 확인 1Eh 계열 / 간접 CALL,,1E 3C 08,1E 3C 08,,,,,호출 대상 083C; 처리 후 다음 주소 E633,outside six documented raw segments
791,1,E633~E638,서브스트림 실행 / 기존 확인 05h 계열 / 영역·좌표 상태 설정·전개,,05 16 86 3A 9E 00,05 16 86 3A 9E 00,,,,,처리 후 다음 주소 E639; 내부 16 86 3A는 인자,outside six documented raw segments
792,1,E639~E63D,서브스트림 실행 / 기존 확인 0Eh 계열 / 화면·버퍼 초기화·전개,,0E 16 20 24 80,0E 16 20 24 80,,,,,처리 후 다음 주소 E63E; 내부 16 20 24는 인자,outside six documented raw segments
793,1,E63E,서브스트림 실행 / 기존 확인 17h 계열 / 서브스트림 복귀,,17,17,,,,,17h 복귀 → E4C1,outside six documented raw segments
794,1,E4C1~E4C3,서브스트림 실행 / 기존 확인 13h 계열 제어토큰,,13 BF E6,13 BF E6,,,,,인자 BF E6; 다음 주소 E4C4,outside six documented raw segments
795,1,E4C4~E4C7,서브스트림 실행 / 기존 확인 14h 계열 / 버퍼·영역 처리,,14 00 16 22,14 00 16 22,,,,,인자 00 16 22; 다음 주소 E4C8,outside six documented raw segments
796,1,E4C8~E4CB,서브스트림 실행 / 기존 확인 14h 계열 / 버퍼·영역 처리,,14 01 3B 00,14 01 3B 00,,,,,인자 01 3B 00; 다음 주소 E4CC,outside six documented raw segments
797,1,E4CC~E4CF,서브스트림 실행 / 기존 확인 04h 계열 / CAA8 슬롯 포인터 설정,,04 3D E8 41,04 3D E8 41,,,,,E83D 포인터를 41h 슬롯에 설정; 다음 주소 E4D0,outside six documented raw segments
798,1,E4D0~E4D3,서브스트림 실행 / 기존 확인 04h 계열 / CAA8 슬롯 포인터 설정,,04 51 E8 42,04 51 E8 42,,,,,E851 포인터를 42h 슬롯에 설정; 다음 주소 E4D4,outside six documented raw segments
799,1,E4D4~E4D5,서브스트림 실행 / 기존 확인 25h 계열 / CA1D 입 움직임 효과음 인덱스 설정,,25 2E,25 2E,,,,,CA1D=2E; 다음 주소 E4D6,outside six documented raw segments
800,1,E4D6,서브스트림 실행 / 기존 확인 17h 계열 / 서브스트림 복귀,,17,17,,,,,17h 복귀 → E023,outside six documented raw segments
801,1,E017,기존 확인 41~50h 계열 / CAA8[0] 슬롯 실행,,41,41,,,82,0x02827,원본 분석표 807번 E023 → 현재 E017; 슬롯 토큰 41; 다음 본류 E024,mapped from six runtime-analysis RAM/raw formulas
802,1,E018~E019,패치 슬롯 0517 | 한글 문자 | 안,안,89 62,8A 5C,311,8A 5C,B5 82,0x02828 | 0x02829,원본 분석표 808번 E024~E025=82 BE(だ) → 패치 E018~E019=89 62(안); 번역 15-001/024 · 안 / 토큰 89 62 / KANJI A230 / 가나다순 225,mapped from six runtime-analysis RAM/raw formulas
803,1,E01A~E01B,패치 슬롯 0518 | 전각 공백 | ␠,␠,81 40,81 40,,81 40,C4 81,0x0282A | 0x0282B,원본 분석표 809번 E026~E027=82 DF(め) → 패치 E01A~E01B=81 40(␠); 번역 15-002/024 · ␠ / 토큰 81 40 / PC-88 전각 공백 토큰,mapped from six runtime-analysis RAM/raw formulas
804,1,E01C~E01D,패치 슬롯 0519 | 한글 문자 | 돼,돼,8A BA,89 62,129,89 62,49 81,0x0282C | 0x0282D,원본 분석표 810번 E028~E029=82 E6(よ) → 패치 E01C~E01D=8A BA(돼); 번역 15-003/024 · 돼 / 토큰 8A BA / KANJI 69C0 / 가나다순 487,mapped from six runtime-analysis RAM/raw formulas
805,1,E01E~E01F,패치 슬롯 0520 | 한글 문자 | 요,요,89 80,8A 8A,356,8A 8A,49 61,0x0282E | 0x0282F,원본 분석표 811번 E02A~E02B=81 41(、) → 패치 E01E~E01F=89 80(요); 번역 15-004/024 · 요 / 토큰 89 80 / KANJI E200 / 가나다순 255,mapped from six runtime-analysis RAM/raw formulas
806,1,E020~E021,패치 슬롯 0521 | 문장부호 | 、,、,81 41,81 41,,81 41,16 B9,0x02830 | 0x02831,원본 분석표 812번 E02C~E02D=97 44(優) → 패치 E020~E021=81 41(、); 번역 15-005/024 · 、 / 토큰 81 41 / PC-88 전각 쉼표 토큰,mapped from six runtime-analysis RAM/raw formulas
807,1,E022~E023,패치 슬롯 0522 | 한글 문자 | 유,유,89 86,8A 99,371,8A 99,E4 41,0x02832 | 0x02833,원본 분석표 813번 E02E~E02F=8E 71(子) → 패치 E022~E023=89 86(유); 번역 15-006/024 · 유 / 토큰 89 86 / KANJI E260 / 가나다순 261,mapped from six runtime-analysis RAM/raw formulas
808,1,E024~E025,패치 슬롯 0523 | 한글 문자 | 코,코,89 C5,8A FC,470,8A FC,82 BE,0x02834 | 0x02835,원본 분석표 814번 E030~E031=81 49(！) → 패치 E024~E025=89 C5(코); 번역 15-007/024 · 코 / 토큰 89 C5 / KANJI A470 / 가나다순 331,mapped from six runtime-analysis RAM/raw formulas
809,1,E026~E027,패치 슬롯 0524 | 문장부호 | ！,！,81 49,81 49,,81 49,82 DF,0x02836 | 0x02837,원본 분석표 815번 E032~E033=81 40(␠) → 패치 E026~E027=81 49(！); 번역 15-008/024 · ！ / 토큰 81 49 / PC-88 전각 느낌표 토큰,mapped from six runtime-analysis RAM/raw formulas
810,1,E028~E029,패치 슬롯 0525 | 전각 공백 | ␠,␠,81 40,81 40,,81 40,82 E6,0x02838 | 0x02839,원본 분석표 816번 E034~E035=90 ED(戦) → 패치 E028~E029=81 40(␠); 번역 15-009/024 · ␠ / 토큰 81 40 / PC-88 전각 공백 토큰,mapped from six runtime-analysis RAM/raw formulas
811,1,E02A~E02B,패치 슬롯 0526 | 한글 문자 | 절,절,89 9E,8A B8,402,8A B8,81 41,0x0283A | 0x0283B,원본 분석표 817번 E036~E037=82 A2(い) → 패치 E02A~E02B=89 9E(절); 번역 15-010/024 · 절 / 토큰 89 9E / KANJI E3E0 / 가나다순 288,mapped from six runtime-analysis RAM/raw formulas
812,1,E02C~E02D,패치 슬롯 0527 | 한글 문자 | 대,대,82 EC,89 57,118,89 57,97 44,0x0283C | 0x0283D,원본 분석표 818번 E038~E039=82 F0(を) → 패치 E02C~E02D=82 EC(대); 번역 15-011/024 · 대 / 토큰 82 EC / KANJI 38E0 / 가나다순 84,mapped from six runtime-analysis RAM/raw formulas
813,1,E02E~E02F,패치 슬롯 0528 | 전각 공백 | ␠,␠,81 40,81 40,,81 40,8E 71,0x0283E | 0x0283F,원본 분석표 819번 E03A~E03B=95 FA(放) → 패치 E02E~E02F=81 40(␠); 번역 15-012/024 · ␠ / 토큰 81 40 / PC-88 전각 공백 토큰,mapped from six runtime-analysis RAM/raw formulas
814,1,E030~E031,패치 슬롯 0529 | 한글 문자 | 항,항,89 E7,8B 78,527,8B 78,81 49,0x02840 | 0x02841,원본 분석표 820번 E03C~E03D=8A FC(棄) → 패치 E030~E031=89 E7(항); 번역 15-013/024 · 항 / 토큰 89 E7 / KANJI E490 / 가나다순 368,mapped from six runtime-analysis RAM/raw formulas
815,1,E032~E033,패치 슬롯 0530 | 한글 문자 | 복,복,88 F5,89 DC,250,89 DC,81 40,0x02842 | 0x02843,원본 분석표 821번 E03E~E03F=82 B5(し) → 패치 E032~E033=88 F5(복); 번역 15-014/024 · 복 / 토큰 88 F5 / KANJI E170 / 가나다순 180,mapped from six runtime-analysis RAM/raw formulas
816,1,E034~E035,패치 슬롯 0531 | 한글 문자 | 해,해,89 E8,8B 79,528,8B 79,90 ED,0x02844 | 0x02845,원본 분석표 822번 E040~E041=82 C4(て) → 패치 E034~E035=89 E8(해); 번역 15-015/024 · 해 / 토큰 89 E8 / KANJI E4A0 / 가나다순 369,mapped from six runtime-analysis RAM/raw formulas
817,1,E036~E037,패치 슬롯 0532 | 한글 문자 | 서,서,89 49,89 F2,272,89 F2,82 A2,0x02846 | 0x02847,원본 분석표 823번 E042~E043=82 CD(は) → 패치 E036~E037=89 49(서); 번역 15-016/024 · 서 / 토큰 89 49 / KANJI 62A0 / 가나다순 197,mapped from six runtime-analysis RAM/raw formulas
818,1,E038~E039,패치 슬롯 0533 | 한글 문자 | 는,는,82 E3,89 4B,106,89 4B,82 F0,0x02848 | 0x02849,원본 분석표 824번 E044~E045=82 BE(だ) → 패치 E038~E039=82 E3(는); 번역 15-017/024 · 는 / 토큰 82 E3 / KANJI 3850 / 가나다순 74,mapped from six runtime-analysis RAM/raw formulas
819,1,E03A~E03B,패치 슬롯 0534 | 전각 공백 | ␠,␠,81 40,81 40,,81 40,95 FA,0x0284A | 0x0284B,원본 분석표 825번 E046~E047=82 DF(め) → 패치 E03A~E03B=81 40(␠); 번역 15-018/024 · ␠ / 토큰 81 40 / PC-88 전각 공백 토큰,mapped from six runtime-analysis RAM/raw formulas
820,1,E03C~E03D,패치 슬롯 0535 | 한글 문자 | 안,안,89 62,8A 5C,311,8A 5C,8A FC,0x0284C | 0x0284D,편집기 추가 행; 번역 15-019/024 · 안 / 토큰 89 62 / KANJI A230 / 가나다순 225,mapped from six runtime-analysis RAM/raw formulas
821,1,E03E~E03F,패치 슬롯 0536 | 전각 공백 | ␠,␠,81 40,81 40,,81 40,82 B5,0x0284E | 0x0284F,편집기 추가 행; 번역 15-020/024 · ␠ / 토큰 81 40 / PC-88 전각 공백 토큰,mapped from six runtime-analysis RAM/raw formulas
822,1,E040~E041,패치 슬롯 0537 | 한글 문자 | 돼,돼,8A BA,89 62,129,89 62,82 C4,0x02850 | 0x02851,편집기 추가 행; 번역 15-021/024 · 돼 / 토큰 8A BA / KANJI 69C0 / 가나다순 487,mapped from six runtime-analysis RAM/raw formulas
823,1,E042~E043,패치 슬롯 0538 | 한글 문자 | 요,요,89 80,8A 8A,356,8A 8A,82 CD,0x02852 | 0x02853,편집기 추가 행; 번역 15-022/024 · 요 / 토큰 89 80 / KANJI E200 / 가나다순 255,mapped from six runtime-analysis RAM/raw formulas
824,1,E044~E045,패치 슬롯 0539 | 문장부호 | ！,！,81 49,81 49,,81 49,82 BE,0x02854 | 0x02855,원본 분석표 826번 E048~E049 → 현재 E044~E045; 번역 15-023/024 · ！ / 토큰 81 49 / PC-88 전각 느낌표 토큰,mapped from six runtime-analysis RAM/raw formulas
825,1,E046~E047,패치 슬롯 0540 | 문장부호 | ！,！,81 49,81 49,,81 49,82 DF,0x02856 | 0x02857,원본 분석표 827번 E04A~E04B → 현재 E046~E047; 번역 15-024/024 · ！ / 토큰 81 49 / PC-88 전각 느낌표 토큰,mapped from six runtime-analysis RAM/raw formulas
826,1,E048,기존 확인 61~70h 계열 / CAA8[0] 작업슬롯 비활성화,,61,61,,,81,0x02858,원본 분석표 828번 E04C → 현재 E048; 비활성화 토큰 61; 다음 본류 E04D,mapped from six runtime-analysis RAM/raw formulas
827,1,E049~E04B,기존 확인 16h 계열 / 서브스트림 호출·전환 → E4F4,,16 F4 E4,16 F4 E4,,,49 81 49,0x02859 | 0x0285A | 0x0285B,원본 분석표 829번 E04D~E04F → 현재 E049~E04B; 16h 호출 → E4F4; 복귀 주소 E050,mapped from six runtime-analysis RAM/raw formulas
828,1,E4F4~E4F8,서브스트림 실행 / 기존 확인 0Fh 계열 제어토큰,,0F 02 1A 04 0D,0F 02 1A 04 0D,,,,,인자 02 1A 04 0D; 다음 주소 E4F9,outside six documented raw segments
829,1,E4F9~E4FB,서브스트림 실행 / 기존 확인 16h 계열 / 서브스트림 호출·전환 → E630,,16 30 E6,16 30 E6,,,,,16h 호출 → E630; 복귀 주소 E4FC,outside six documented raw segments
830,1,E630~E632,서브스트림 실행 / 기존 확인 1Eh 계열 / 간접 CALL,,1E 3C 08,1E 3C 08,,,,,호출 대상 083C; 처리 후 다음 주소 E633,outside six documented raw segments
831,1,E633~E638,서브스트림 실행 / 기존 확인 05h 계열 / 영역·좌표 상태 설정·전개,,05 16 86 3A 9E 00,05 16 86 3A 9E 00,,,,,처리 후 다음 주소 E639; 내부 16 86 3A는 인자,outside six documented raw segments
832,1,E639~E63D,서브스트림 실행 / 기존 확인 0Eh 계열 / 화면·버퍼 초기화·전개,,0E 16 20 24 80,0E 16 20 24 80,,,,,처리 후 다음 주소 E63E; 내부 16 20 24는 인자,outside six documented raw segments
833,1,E63E,서브스트림 실행 / 기존 확인 17h 계열 / 서브스트림 복귀,,17,17,,,,,17h 복귀 → E4FC,outside six documented raw segments
834,1,E4FC~E4FE,서브스트림 실행 / 기존 확인 13h 계열 제어토큰,,13 1F E7,13 1F E7,,,,,인자 1F E7; 다음 주소 E4FF,outside six documented raw segments
835,1,E4FF~E502,서브스트림 실행 / 기존 확인 14h 계열 / 버퍼·영역 처리,,14 00 16 22,14 00 16 22,,,,,인자 00 16 22; 다음 주소 E503,outside six documented raw segments
836,1,E503~E506,서브스트림 실행 / 기존 확인 14h 계열 / 버퍼·영역 처리,,14 01 3B 00,14 01 3B 00,,,,,인자 01 3B 00; 다음 주소 E507,outside six documented raw segments
837,1,E507~E50A,서브스트림 실행 / 기존 확인 04h 계열 / CAA8 슬롯 포인터 설정,,04 E3 E7 41,04 E3 E7 41,,,,,E7E3 포인터를 41h 슬롯에 설정; 다음 주소 E50B,outside six documented raw segments
838,1,E50B~E50E,서브스트림 실행 / 기존 확인 04h 계열 / CAA8 슬롯 포인터 설정,,04 ED E7 42,04 ED E7 42,,,,,E7ED 포인터를 42h 슬롯에 설정; 다음 주소 E50F,outside six documented raw segments
839,1,E50F~E512,서브스트림 실행 / 기존 확인 04h 계열 / CAA8 슬롯 포인터 설정,,04 F7 E7 44,04 F7 E7 44,,,,,E7F7 포인터를 44h 슬롯에 설정; 다음 주소 E513,outside six documented raw segments
840,1,E513~E516,서브스트림 실행 / 기존 확인 04h 계열 / CAA8 슬롯 포인터 설정,,04 15 E8 43,04 15 E8 43,,,,,E815 포인터를 43h 슬롯에 설정; 다음 주소 E517,outside six documented raw segments
841,1,E517~E51A,서브스트림 실행 / 기존 확인 04h 계열 / CAA8 슬롯 포인터 설정,,04 01 E8 45,04 01 E8 45,,,,,E801 포인터를 45h 슬롯에 설정; 다음 주소 E51B,outside six documented raw segments
842,1,E51B~E51E,서브스트림 실행 / 기존 확인 04h 계열 / CAA8 슬롯 포인터 설정,,04 0B E8 46,04 0B E8 46,,,,,E80B 포인터를 46h 슬롯에 설정; 다음 주소 E51F,outside six documented raw segments
843,1,E51F~E520,서브스트림 실행 / 기존 확인 25h 계열 / CA1D 입 움직임 효과음 인덱스 설정,,25 2D,25 2D,,,,,CA1D=2D; 다음 주소 E521,outside six documented raw segments
844,1,E521,서브스트림 실행 / 기존 확인 17h 계열 / 서브스트림 복귀,,17,17,,,,,17h 복귀 → E050,outside six documented raw segments
845,1,E04C,기존 확인 41~50h 계열 / CAA8[1] 슬롯 실행,,42,42,,,61,0x0285C,원본 분석표 847번 E050 → 현재 E04C; 슬롯 토큰 42; 다음 본류 E051,mapped from six runtime-analysis RAM/raw formulas
846,1,E04D~E04E,패치 슬롯 0541 | 한글 문자 | 흐,흐,8A 83,8B 94,554,8B 94,16 F4,0x0285D | 0x0285E,원본 분석표 848번 E051~E052=83 74(フ) → 패치 E04D~E04E=8A 83(흐); 번역 16-001/024 · 흐 / 토큰 8A 83 / KANJI E630 / 가나다순 432,mapped from six runtime-analysis RAM/raw formulas
847,1,E04F~E050,패치 슬롯 0542 | 한글 문자 | 흐,흐,8A 83,8B 94,554,8B 94,E4 42,0x0285F | 0x02860,원본 분석표 849번 E053~E054=83 74(フ) → 패치 E04F~E050=8A 83(흐); 번역 16-002/024 · 흐 / 토큰 8A 83 / KANJI E630 / 가나다순 432,mapped from six runtime-analysis RAM/raw formulas
848,1,E051~E052,패치 슬롯 0543 | 한글 문자 | 흐,흐,8A 83,8B 94,554,8B 94,83 74,0x02861 | 0x02862,원본 분석표 850번 E055~E056=83 74(フ) → 패치 E051~E052=8A 83(흐); 번역 16-003/024 · 흐 / 토큰 8A 83 / KANJI E630 / 가나다순 432,mapped from six runtime-analysis RAM/raw formulas
849,1,E053~E054,패치 슬롯 0544 | 문장부호 | 。,。,81 42,81 42,,81 42,83 74,0x02863 | 0x02864,원본 분석표 851번 E057~E058=83 74(フ) → 패치 E053~E054=81 42(。); 번역 16-004/024 · 。 / 토큰 81 42 / PC-88 전각 마침표 토큰,mapped from six runtime-analysis RAM/raw formulas
850,1,E055~E056,패치 슬롯 0545 | 한글 문자 | 그,그,82 BD,88 CF,49,88 CF,83 74,0x02865 | 0x02866,원본 분석표 852번 E059~E05A=81 42(。) → 패치 E055~E056=82 BD(그); 번역 16-005/024 · 그 / 토큰 82 BD / KANJI 19F0 / 가나다순 34,mapped from six runtime-analysis RAM/raw formulas
851,1,E057~E058,패치 슬롯 0546 | 한글 문자 | 러,러,88 BB,89 8C,170,89 8C,83 74,0x02867 | 0x02868,원본 분석표 853번 E05B~E05C=82 C5(で) → 패치 E057~E058=88 BB(러); 번역 16-006/024 · 러 / 토큰 88 BB / KANJI 61D0 / 가나다순 120,mapped from six runtime-analysis RAM/raw formulas
852,1,E059~E05A,패치 슬롯 0547 | 한글 문자 | 면,면,88 DC,89 B9,215,89 B9,81 42,0x02869 | 0x0286A,원본 분석표 854번 E05D~E05E=82 CD(は) → 패치 E059~E05A=88 DC(면); 번역 16-007/024 · 면 / 토큰 88 DC / KANJI A1E0 / 가나다순 154,mapped from six runtime-analysis RAM/raw formulas
853,1,E05B~E05C,패치 슬롯 0548 | 전각 공백 | ␠,␠,81 40,81 40,,81 40,82 C5,0x0286B | 0x0286C,원본 분석표 855번 E05F~E060=81 41(、) → 패치 E05B~E05C=81 40(␠); 번역 16-008/024 · ␠ / 토큰 81 40 / PC-88 전각 공백 토큰,mapped from six runtime-analysis RAM/raw formulas
854,1,E05D~E05E,패치 슬롯 0549 | 한글 문자 | 먼,먼,8A BC,89 B5,211,89 B5,82 CD,0x0286D | 0x0286E,원본 분석표 856번 E061~E062=82 DC(ま) → 패치 E05D~E05E=8A BC(먼); 번역 16-009/024 · 먼 / 토큰 8A BC / KANJI 69E0 / 가나다순 489,mapped from six runtime-analysis RAM/raw formulas
855,1,E05F~E060,패치 슬롯 0550 | 한글 문자 | 저,저,89 9B,8A B5,399,8A B5,81 41,0x0286F | 0x02870,원본 분석표 857번 E063~E064=82 B8(ず) → 패치 E05F~E060=89 9B(저); 번역 16-010/024 · 저 / 토큰 89 9B / KANJI E3B0 / 가나다순 285,mapped from six runtime-analysis RAM/raw formulas
856,1,E061~E062,패치 슬롯 0551 | 전각 공백 | ␠,␠,81 40,81 40,,81 40,82 DC,0x02871 | 0x02872,원본 분석표 858번 E065~E066=81 41(、) → 패치 E061~E062=81 40(␠); 번역 16-011/024 · ␠ / 토큰 81 40 / PC-88 전각 공백 토큰,mapped from six runtime-analysis RAM/raw formulas
857,1,E063~E064,패치 슬롯 0552 | 한글 문자 | 바,바,88 E9,89 CC,234,89 CC,82 B8,0x02873 | 0x02874,원본 분석표 859번 E067~E068=83 94(ヴ) → 패치 E063~E064=88 E9(바); 번역 16-012/024 · 바 / 토큰 88 E9 / KANJI E0B0 / 가나다순 168,mapped from six runtime-analysis RAM/raw formulas
858,1,E065~E066,패치 슬롯 0553 | 한글 문자 | 리,리,88 CC,89 A4,194,89 A4,81 41,0x02875 | 0x02876,원본 분석표 860번 E069~E06A=83 40(ァ) → 패치 E065~E066=88 CC(리); 번역 16-013/024 · 리 / 토큰 88 CC / KANJI A0E0 / 가나다순 137,mapped from six runtime-analysis RAM/raw formulas
859,1,E067~E068,패치 슬롯 0554 | 한글 문자 | 스,스,89 56,8A 4A,293,8A 4A,83 94,0x02877 | 0x02878,원본 분석표 861번 E06B~E06C=83 8A(リ) → 패치 E067~E068=89 56(스); 번역 16-014/024 · 스 / 토큰 89 56 / KANJI 6370 / 가나다순 211,mapped from six runtime-analysis RAM/raw formulas
860,1,E069~E06A,패치 슬롯 0555 | 한글 문자 | 의,의,89 8C,8A A1,379,8A A1,83 40,0x02879 | 0x0287A,원본 분석표 862번 E06D~E06E=83 58(ス) → 패치 E069~E06A=89 8C(의); 번역 16-015/024 · 의 / 토큰 89 8C / KANJI E2C0 / 가나다순 267,mapped from six runtime-analysis RAM/raw formulas
861,1,E06B~E06C,패치 슬롯 0556 | 전각 공백 | ␠,␠,81 40,81 40,,81 40,83 8A,0x0287B | 0x0287C,원본 분석표 863번 E06F~E070=82 CC(の) → 패치 E06B~E06C=81 40(␠); 번역 16-016/024 · ␠ / 토큰 81 40 / PC-88 전각 공백 토큰,mapped from six runtime-analysis RAM/raw formulas
862,1,E06D~E06E,패치 슬롯 0557 | 한글 문자 | 검,검,8A B7,88 AE,16,88 AE,83 58,0x0287D | 0x0287E,원본 분석표 864번 E071~E072=8C 95(剣) → 패치 E06D~E06E=8A B7(검); 번역 16-017/024 · 검 / 토큰 8A B7 / KANJI 6990 / 가나다순 484,mapped from six runtime-analysis RAM/raw formulas
863,1,E06F~E070,패치 슬롯 0558 | 한글 문자 | 부,부,88 FA,89 E1,255,89 E1,82 CC,0x0287F | 0x02880,원본 분석표 865번 E073~E074=82 F0(を) → 패치 E06F~E070=88 FA(부); 번역 16-018/024 · 부 / 토큰 88 FA / KANJI E1C0 / 가나다순 185,mapped from six runtime-analysis RAM/raw formulas
864,1,E071~E072,패치 슬롯 0559 | 한글 문자 | 터,터,89 D1,8B 4F,486,8B 4F,8C 95,0x02881 | 0x02882,원본 분석표 866번 E075~E076=8E CC(捨) → 패치 E071~E072=89 D1(터); 번역 16-019/024 · 터 / 토큰 89 D1 / KANJI A530 / 가나다순 343,mapped from six runtime-analysis RAM/raw formulas
865,1,E073~E074,패치 슬롯 0560 | 전각 공백 | ␠,␠,81 40,81 40,,81 40,82 F0,0x02883 | 0x02884,원본 분석표 867번 E077~E078=82 C4(て) → 패치 E073~E074=81 40(␠); 번역 16-020/024 · ␠ / 토큰 81 40 / PC-88 전각 공백 토큰,mapped from six runtime-analysis RAM/raw formulas
866,1,E075~E076,패치 슬롯 0561 | 한글 문자 | 버,버,88 F0,89 D4,242,89 D4,8E CC,0x02885 | 0x02886,원본 분석표 868번 E079~E07A=82 C4(て) → 패치 E075~E076=88 F0(버); 번역 16-021/024 · 버 / 토큰 88 F0 / KANJI E120 / 가나다순 175,mapped from six runtime-analysis RAM/raw formulas
867,1,E077~E078,패치 슬롯 0562 | 한글 문자 | 려,려,88 C1,89 94,178,89 94,82 C4,0x02887 | 0x02888,원본 분석표 869번 E07B~E07C=82 E0(も) → 패치 E077~E078=88 C1(려); 번역 16-022/024 · 려 / 토큰 88 C1 / KANJI A030 / 가나다순 126,mapped from six runtime-analysis RAM/raw formulas
868,1,E079~E07A,패치 슬롯 0563 | 한글 문자 | 라,라,88 B6,89 81,159,89 81,82 C4,0x02889 | 0x0288A,원본 분석표 870번 E07D~E07E=82 E7(ら) → 패치 E079~E07A=88 B6(라); 번역 16-023/024 · 라 / 토큰 88 B6 / KANJI 6180 / 가나다순 114,mapped from six runtime-analysis RAM/raw formulas
869,1,E07B~E07C,패치 슬롯 0564 | 문장부호 | 。,。,81 42,81 42,,81 42,82 E0,0x0288B | 0x0288C,원본 분석표 871번 E07F~E080=82 A8(お) → 패치 E07B~E07C=81 42(。); 번역 16-024/024 · 。 / 토큰 81 42 / PC-88 전각 마침표 토큰,mapped from six runtime-analysis RAM/raw formulas
870,1,E07D,기존 확인 61~70h 계열 / CAA8[1] 작업슬롯 비활성화,,62,62,,,82,0x0288D,원본 분석표 875번 E087 → 현재 E07D; 비활성화 토큰 62; 다음 본류 E088,mapped from six runtime-analysis RAM/raw formulas
871,1,E07E~E080,기존 확인 16h 계열 / 서브스트림 호출·전환 → E48B,,16 8B E4,16 8B E4,,,E7 82 A8,0x0288E | 0x0288F | 0x02890,원본 분석표 876번 E088~E08A → 현재 E07E~E080; 16h 호출 → E48B; 복귀 주소 E08B,mapped from six runtime-analysis RAM/raw formulas
872,1,E48B~E48F,서브스트림 실행 / 기존 확인 0Fh 계열 제어토큰,,0F 05 13 05 06,0F 05 13 05 06,,,,,인자 05 13 05 06; 다음 주소 E490,outside six documented raw segments
873,1,E490~E492,서브스트림 실행 / 기존 확인 16h 계열 / 서브스트림 호출·전환 → E630,,16 30 E6,16 30 E6,,,,,16h 호출 → E630; 복귀 주소 E493,outside six documented raw segments
874,1,E630~E632,서브스트림 실행 / 기존 확인 1Eh 계열 / 간접 CALL,,1E 3C 08,1E 3C 08,,,,,호출 대상 083C; 처리 후 다음 주소 E633,outside six documented raw segments
875,1,E633~E638,서브스트림 실행 / 기존 확인 05h 계열 / 영역·좌표 상태 설정·전개,,05 16 86 3A 9E 00,05 16 86 3A 9E 00,,,,,처리 후 다음 주소 E639; 내부 16 86 3A는 인자,outside six documented raw segments
876,1,E639~E63D,서브스트림 실행 / 기존 확인 0Eh 계열 / 화면·버퍼 초기화·전개,,0E 16 20 24 80,0E 16 20 24 80,,,,,처리 후 다음 주소 E63E; 내부 16 20 24는 인자,outside six documented raw segments
877,1,E63E,서브스트림 실행 / 기존 확인 17h 계열 / 서브스트림 복귀,,17,17,,,,,17h 복귀 → E493,outside six documented raw segments
878,1,E493~E495,서브스트림 실행 / 기존 확인 13h 계열 제어토큰,,13 8F E6,13 8F E6,,,,,인자 8F E6; 다음 주소 E496,outside six documented raw segments
879,1,E496~E499,서브스트림 실행 / 기존 확인 14h 계열 / 버퍼·영역 처리,,14 00 16 22,14 00 16 22,,,,,인자 00 16 22; 다음 주소 E49A,outside six documented raw segments
880,1,E49A~E49D,서브스트림 실행 / 기존 확인 14h 계열 / 버퍼·영역 처리,,14 01 3B 00,14 01 3B 00,,,,,인자 01 3B 00; 다음 주소 E49E,outside six documented raw segments
881,1,E49E~E4A1,서브스트림 실행 / 기존 확인 04h 계열 / CAA8 슬롯 포인터 설정,,04 5B E8 41,04 5B E8 41,,,,,E85B 포인터를 41h 슬롯에 설정; 다음 주소 E4A2,outside six documented raw segments
882,1,E4A2~E4A3,서브스트림 실행 / 기존 확인 25h 계열 / CA1D 입 움직임 효과음 인덱스 설정,,25 2E,25 2E,,,,,CA1D=2E; 다음 주소 E4A4,outside six documented raw segments
883,1,E4A4,서브스트림 실행 / 기존 확인 17h 계열 / 서브스트림 복귀,,17,17,,,,,17h 복귀 → E08B,outside six documented raw segments
884,1,E081,기존 확인 41~50h 계열 / CAA8[0] 슬롯 실행,,41,41,,,82,0x02891,원본 분석표 889번 E08B → 현재 E081; 슬롯 토큰 41; 다음 본류 E08C,mapped from six runtime-analysis RAM/raw formulas
885,1,E082~E083,패치 슬롯 0565 | 한글 문자 | 유,유,89 86,8A 99,371,8A 99,A4 82,0x02892 | 0x02893,원본 분석표 890번 E08C~E08D=97 44(優) → 패치 E082~E083=89 86(유); 번역 17-001/011 · 유 / 토큰 89 86 / KANJI E260 / 가나다순 261,mapped from six runtime-analysis RAM/raw formulas
886,1,E084~E085,패치 슬롯 0566 | 한글 문자 | 코,코,89 C5,8A FC,470,8A FC,A9 81,0x02894 | 0x02895,원본 분석표 891번 E08E~E08F=8E 71(子) → 패치 E084~E085=89 C5(코); 번역 17-002/011 · 코 / 토큰 89 C5 / KANJI A470 / 가나다순 331,mapped from six runtime-analysis RAM/raw formulas
887,1,E086~E087,패치 슬롯 0567 | 문장부호 | ー,ー,81 5B,81 5B,,81 5B,42 62,0x02896 | 0x02897,원본 분석표 892번 E090~E091=82 C1(っ) → 패치 E086~E087=81 5B(ー); 번역 17-003/011 · ー / 토큰 81 5B / PC-88 장음 부호 토큰,mapped from six runtime-analysis RAM/raw formulas
888,1,E088~E089,패치 슬롯 0568 | 문장부호 | ！,！,81 49,81 49,,81 49,16 8B,0x02898 | 0x02899,원본 분석표 893번 E092~E093=81 5B(ー) → 패치 E088~E089=81 49(！); 번역 17-004/011 · ！ / 토큰 81 49 / PC-88 전각 느낌표 토큰,mapped from six runtime-analysis RAM/raw formulas
889,1,E08A~E08B,패치 슬롯 0569 | 전각 공백 | ␠,␠,81 40,81 40,,81 40,E4 41,0x0289A | 0x0289B,원본 분석표 894번 E094~E095=81 49(！) → 패치 E08A~E08B=81 40(␠); 번역 17-005/011 · ␠ / 토큰 81 40 / PC-88 전각 공백 토큰,mapped from six runtime-analysis RAM/raw formulas
890,1,E08C~E08D,패치 슬롯 0570 | 한글 문자 | 안,안,89 62,8A 5C,311,8A 5C,97 44,0x0289C | 0x0289D,원본 분석표 895번 E096~E097=81 40(␠) → 패치 E08C~E08D=89 62(안); 번역 17-006/011 · 안 / 토큰 89 62 / KANJI A230 / 가나다순 225,mapped from six runtime-analysis RAM/raw formulas
891,1,E08E~E08F,패치 슬롯 0571 | 전각 공백 | ␠,␠,81 40,81 40,,81 40,8E 71,0x0289E | 0x0289F,원본 분석표 896번 E098~E099=82 BE(だ) → 패치 E08E~E08F=81 40(␠); 번역 17-007/011 · ␠ / 토큰 81 40 / PC-88 전각 공백 토큰,mapped from six runtime-analysis RAM/raw formulas
892,1,E090~E091,패치 슬롯 0572 | 한글 문자 | 돼,돼,8A BA,89 62,129,89 62,82 C1,0x028A0 | 0x028A1,원본 분석표 897번 E09A~E09B=82 DF(め) → 패치 E090~E091=8A BA(돼); 번역 17-008/011 · 돼 / 토큰 8A BA / KANJI 69C0 / 가나다순 487,mapped from six runtime-analysis RAM/raw formulas
893,1,E092~E093,패치 슬롯 0573 | 문장부호 | ー,ー,81 5B,81 5B,,81 5B,81 5B,0x028A2 | 0x028A3,원본 분석표 898번 E09C~E09D → 현재 E092~E093; 번역 17-009/011 · ー / 토큰 81 5B / PC-88 장음 부호 토큰,mapped from six runtime-analysis RAM/raw formulas
894,1,E094,기존 확인 61~70h 계열 / CAA8[0] 작업슬롯 비활성화,,61,61,,,81,0x028A4,원본 분석표 899번 E09E → 현재 E094; 비활성화 토큰 61; 다음 본류 E09F,mapped from six runtime-analysis RAM/raw formulas
895,1,E095~E096,패치 슬롯 0574 | 한글 문자 | 요,요,89 80,8A 8A,356,8A 8A,49 81,0x028A5 | 0x028A6,원본 분석표 900번 E09F~E0A0=82 C1(っ) → 패치 E095~E096=89 80(요); 번역 17-010/011 · 요 / 토큰 89 80 / KANJI E200 / 가나다순 255,mapped from six runtime-analysis RAM/raw formulas
896,1,E097~E098,패치 슬롯 0575 | 문장부호 | ！,！,81 49,81 49,,81 49,40 82,0x028A7 | 0x028A8,원본 분석표 901번 E0A1~E0A2 → 현재 E097~E098; 번역 17-011/011 · ！ / 토큰 81 49 / PC-88 전각 느낌표 토큰,mapped from six runtime-analysis RAM/raw formulas
897,1,E099~E09B,기존 확인 16h 계열 / 서브스트림 호출·전환 → E5BB,,16 BB E5,16 BB E5,,,BE 82 DF,0x028A9 | 0x028AA | 0x028AB,원본 분석표 902번 E0A3~E0A5 → 현재 E099~E09B; 16h 호출 → E5BB; 복귀 주소 E0A6,mapped from six runtime-analysis RAM/raw formulas
898,1,E5BB~E5BF,서브스트림 실행 / 기존 확인 0Fh 계열 제어토큰,,0F 01 15 05 08,0F 01 15 05 08,,,,,인자 01 15 05 08; 다음 주소 E5C0,outside six documented raw segments
899,1,E5C0~E5C2,서브스트림 실행 / 기존 확인 16h 계열 / 서브스트림 호출·전환 → E630,,16 30 E6,16 30 E6,,,,,16h 호출 → E630; 복귀 주소 E5C3,outside six documented raw segments
900,1,E630~E632,서브스트림 실행 / 기존 확인 1Eh 계열 / 간접 CALL,,1E 3C 08,1E 3C 08,,,,,호출 대상 083C; 처리 후 다음 주소 E633,outside six documented raw segments
901,1,E633~E638,서브스트림 실행 / 기존 확인 05h 계열 / 영역·좌표 상태 설정·전개,,05 16 86 3A 9E 00,05 16 86 3A 9E 00,,,,,처리 후 다음 주소 E639; 내부 16 86 3A는 인자,outside six documented raw segments
902,1,E639~E63D,서브스트림 실행 / 기존 확인 0Eh 계열 / 화면·버퍼 초기화·전개,,0E 16 20 24 80,0E 16 20 24 80,,,,,처리 후 다음 주소 E63E; 내부 16 20 24는 인자,outside six documented raw segments
903,1,E63E,서브스트림 실행 / 기존 확인 17h 계열 / 서브스트림 복귀,,17,17,,,,,17h 복귀 → E5C3,outside six documented raw segments
904,1,E5C3~E5C5,서브스트림 실행 / 기존 확인 13h 계열 제어토큰,,13 EF E6,13 EF E6,,,,,인자 EF E6; 다음 주소 E5C6,outside six documented raw segments
905,1,E5C6~E5C8,서브스트림 실행 / 런타임 확인 10h 계열 / 기능 미확인,,10 16 22,10 16 22,,,,,인자 16 22; 다음 주소 E5C9,outside six documented raw segments
906,1,E5C9~E5CA,서브스트림 실행 / 기존 확인 25h 계열 / CA1D 입 움직임 효과음 인덱스 설정,,25 2B,25 2B,,,,,CA1D=2B; 다음 주소 E5CB,outside six documented raw segments
907,1,E5CB,서브스트림 실행 / 기존 확인 17h 계열 / 서브스트림 복귀,,17,17,,,,,17h 복귀 → E0A6,outside six documented raw segments
908,1,E09C~E09F,기존 확인 04h 계열 / CAA8 슬롯 포인터 설정,,04 9D E7 41,04 9D E7 41,,,81 5B 61 82,0x028AC | 0x028AD | 0x028AE | 0x028AF,원본 분석표 913번 E0A6~E0A9 → 현재 E09C~E09F; E79D 포인터를 41h 슬롯에 설정; 다음 본류 E0AA,mapped from six runtime-analysis RAM/raw formulas
909,1,E0A0~E0A1,런타임 확인 22h 계열 / 기능 미확인,,22 0D,22 0D,,,C1 81,0x028B0 | 0x028B1,원본 분석표 914번 E0AA~E0AB → 현재 E0A0~E0A1; 인자 0D; 다음 본류 E0AC,mapped from six runtime-analysis RAM/raw formulas
910,1,E0A2~E0A3,패치 슬롯 0576 | 문장부호 | ・,・,81 45,81 45,,81 45,49 16,0x028B2 | 0x028B3,원본 분석표 915번 E0AC~E0AD → 현재 E0A2~E0A3; 번역 18-001/011 · ・ / 토큰 81 45 / PC-88 가운데점 토큰,mapped from six runtime-analysis RAM/raw formulas
911,1,E0A4~E0A5,패치 슬롯 0577 | 문장부호 | ・,・,81 45,81 45,,81 45,BB E5,0x028B4 | 0x028B5,원본 분석표 916번 E0AE~E0AF → 현재 E0A4~E0A5; 번역 18-002/011 · ・ / 토큰 81 45 / PC-88 가운데점 토큰,mapped from six runtime-analysis RAM/raw formulas
912,1,E0A6~E0A7,패치 슬롯 0578 | 문장부호 | ・,・,81 45,81 45,,81 45,04 9D,0x028B6 | 0x028B7,원본 분석표 917번 E0B0~E0B1 → 현재 E0A6~E0A7; 번역 18-003/011 · ・ / 토큰 81 45 / PC-88 가운데점 토큰,mapped from six runtime-analysis RAM/raw formulas
913,1,E0A8,기존 확인 41~50h 계열 / CAA8[0] 슬롯 실행,,41,41,,,E7,0x028B8,원본 분석표 918번 E0B2 → 현재 E0A8; 슬롯 토큰 41; 다음 본류 E0B3,mapped from six runtime-analysis RAM/raw formulas
914,1,E0A9~E0AA,패치 슬롯 0579 | 전각 공백 | ␠,␠,81 40,81 40,,81 40,41 22,0x028B9 | 0x028BA,원본 분석표 919번 E0B3~E0B4=8E CC(捨) → 패치 E0A9~E0AA=81 40(␠); 번역 18-004/011 · ␠ / 토큰 81 40 / PC-88 전각 공백 토큰,mapped from six runtime-analysis RAM/raw formulas
915,1,E0AB~E0AC,패치 슬롯 0580 | 한글 문자 | 버,버,88 F0,89 D4,242,89 D4,0D 81,0x028BB | 0x028BC,원본 분석표 920번 E0B5~E0B6=82 C4(て) → 패치 E0AB~E0AC=88 F0(버); 번역 18-005/011 · 버 / 토큰 88 F0 / KANJI E120 / 가나다순 175,mapped from six runtime-analysis RAM/raw formulas
916,1,E0AD~E0AE,패치 슬롯 0581 | 한글 문자 | 렸,렸,88 C2,89 96,180,89 96,45 81,0x028BD | 0x028BE,원본 분석표 921번 E0B7~E0B8=82 BD(た) → 패치 E0AD~E0AE=88 C2(렸); 번역 18-006/011 · 렸 / 토큰 88 C2 / KANJI A040 / 가나다순 127,mapped from six runtime-analysis RAM/raw formulas
917,1,E0AF~E0B0,패치 슬롯 0582 | 한글 문자 | 어,어,89 6C,8A 6A,325,8A 6A,45 81,0x028BF | 0x028C0,원본 분석표 922번 E0B9~E0BA=82 ED(わ) → 패치 E0AF~E0B0=89 6C(어); 번역 18-007/011 · 어 / 토큰 89 6C / KANJI A2D0 / 가나다순 235,mapped from six runtime-analysis RAM/raw formulas
918,1,E0B1~E0B2,패치 슬롯 0583 | 문장부호 | ・,・,81 45,81 45,,81 45,45 41,0x028C1 | 0x028C2,원본 분석표 923번 E0BB~E0BC → 현재 E0B1~E0B2; 번역 18-008/011 · ・ / 토큰 81 45 / PC-88 가운데점 토큰,mapped from six runtime-analysis RAM/raw formulas
919,1,E0B3~E0B4,패치 슬롯 0584 | 문장부호 | ・,・,81 45,81 45,,81 45,8E CC,0x028C3 | 0x028C4,원본 분석표 924번 E0BD~E0BE → 현재 E0B3~E0B4; 번역 18-009/011 · ・ / 토큰 81 45 / PC-88 가운데점 토큰,mapped from six runtime-analysis RAM/raw formulas
920,1,E0B5~E0B6,패치 슬롯 0585 | 문장부호 | ・,・,81 45,81 45,,81 45,82 C4,0x028C5 | 0x028C6,원본 분석표 925번 E0BF~E0C0 → 현재 E0B5~E0B6; 번역 18-010/011 · ・ / 토큰 81 45 / PC-88 가운데점 토큰,mapped from six runtime-analysis RAM/raw formulas
921,1,E0B7~E0B8,패치 슬롯 0586 | 문장부호 | 。,。,81 42,81 42,,81 42,82 BD,0x028C7 | 0x028C8,원본 분석표 926번 E0C1~E0C2 → 현재 E0B7~E0B8; 번역 18-011/011 · 。 / 토큰 81 42 / PC-88 전각 마침표 토큰,mapped from six runtime-analysis RAM/raw formulas
922,1,E0B9,기존 확인 61~70h 계열 / CAA8[0] 작업슬롯 비활성화,,61,61,,,82,0x028C9,원본 분석표 927번 E0C3 → 현재 E0B9; 비활성화 토큰 61; 다음 본류 E0C4,mapped from six runtime-analysis RAM/raw formulas
923,1,E0BA~E0BC,기존 확인 16h 계열 / 서브스트림 호출·전환 → E4F4,,16 F4 E4,16 F4 E4,,,ED 81 45,0x028CA | 0x028CB | 0x028CC,원본 분석표 928번 E0C4~E0C6 → 현재 E0BA~E0BC; 16h 호출 → E4F4; 복귀 주소 E0C7,mapped from six runtime-analysis RAM/raw formulas
924,1,E4F4~E4F8,서브스트림 실행 / 기존 확인 0Fh 계열 제어토큰,,0F 02 1A 04 0D,0F 02 1A 04 0D,,,,,인자 02 1A 04 0D; 다음 주소 E4F9,outside six documented raw segments
925,1,E4F9~E4FB,서브스트림 실행 / 기존 확인 16h 계열 / 서브스트림 호출·전환 → E630,,16 30 E6,16 30 E6,,,,,16h 호출 → E630; 복귀 주소 E4FC,outside six documented raw segments
926,1,E630~E632,서브스트림 실행 / 기존 확인 1Eh 계열 / 간접 CALL,,1E 3C 08,1E 3C 08,,,,,호출 대상 083C; 처리 후 다음 주소 E633,outside six documented raw segments
927,1,E633~E638,서브스트림 실행 / 기존 확인 05h 계열 / 영역·좌표 상태 설정·전개,,05 16 86 3A 9E 00,05 16 86 3A 9E 00,,,,,처리 후 다음 주소 E639; 내부 16 86 3A는 인자,outside six documented raw segments
928,1,E639~E63D,서브스트림 실행 / 기존 확인 0Eh 계열 / 화면·버퍼 초기화·전개,,0E 16 20 24 80,0E 16 20 24 80,,,,,처리 후 다음 주소 E63E; 내부 16 20 24는 인자,outside six documented raw segments
929,1,E63E,서브스트림 실행 / 기존 확인 17h 계열 / 서브스트림 복귀,,17,17,,,,,17h 복귀 → E4FC,outside six documented raw segments
930,1,E4FC~E4FE,서브스트림 실행 / 기존 확인 13h 계열 제어토큰,,13 1F E7,13 1F E7,,,,,인자 1F E7; 다음 주소 E4FF,outside six documented raw segments
931,1,E4FF~E502,서브스트림 실행 / 기존 확인 14h 계열 / 버퍼·영역 처리,,14 00 16 22,14 00 16 22,,,,,인자 00 16 22; 다음 주소 E503,outside six documented raw segments
932,1,E503~E506,서브스트림 실행 / 기존 확인 14h 계열 / 버퍼·영역 처리,,14 01 3B 00,14 01 3B 00,,,,,인자 01 3B 00; 다음 주소 E507,outside six documented raw segments
933,1,E507~E50A,서브스트림 실행 / 기존 확인 04h 계열 / CAA8 슬롯 포인터 설정,,04 E3 E7 41,04 E3 E7 41,,,,,E7E3 포인터를 41h 슬롯에 설정; 다음 주소 E50B,outside six documented raw segments
934,1,E50B~E50E,서브스트림 실행 / 기존 확인 04h 계열 / CAA8 슬롯 포인터 설정,,04 ED E7 42,04 ED E7 42,,,,,E7ED 포인터를 42h 슬롯에 설정; 다음 주소 E50F,outside six documented raw segments
935,1,E50F~E512,서브스트림 실행 / 기존 확인 04h 계열 / CAA8 슬롯 포인터 설정,,04 F7 E7 44,04 F7 E7 44,,,,,E7F7 포인터를 44h 슬롯에 설정; 다음 주소 E513,outside six documented raw segments
936,1,E513~E516,서브스트림 실행 / 기존 확인 04h 계열 / CAA8 슬롯 포인터 설정,,04 15 E8 43,04 15 E8 43,,,,,E815 포인터를 43h 슬롯에 설정; 다음 주소 E517,outside six documented raw segments
937,1,E517~E51A,서브스트림 실행 / 기존 확인 04h 계열 / CAA8 슬롯 포인터 설정,,04 01 E8 45,04 01 E8 45,,,,,E801 포인터를 45h 슬롯에 설정; 다음 주소 E51B,outside six documented raw segments
938,1,E51B~E51E,서브스트림 실행 / 기존 확인 04h 계열 / CAA8 슬롯 포인터 설정,,04 0B E8 46,04 0B E8 46,,,,,E80B 포인터를 46h 슬롯에 설정; 다음 주소 E51F,outside six documented raw segments
939,1,E51F~E520,서브스트림 실행 / 기존 확인 25h 계열 / CA1D 입 움직임 효과음 인덱스 설정,,25 2D,25 2D,,,,,CA1D=2D; 다음 주소 E521,outside six documented raw segments
940,1,E521,서브스트림 실행 / 기존 확인 17h 계열 / 서브스트림 복귀,,17,17,,,,,17h 복귀 → E0C7,outside six documented raw segments
941,1,E0BD,기존 확인 41~50h 계열 / CAA8[1] 슬롯 실행,,42,42,,,81,0x028CD,원본 분석표 946번 E0C7 → 현재 E0BD; 슬롯 토큰 42; 다음 본류 E0C8,mapped from six runtime-analysis RAM/raw formulas
942,1,E0BE~E0BF,패치 슬롯 0587 | 한글 문자 | 좋,좋,89 A7,8A C4,414,8A C4,45 81,0x028CE | 0x028CF,원본 분석표 947번 E0C8~E0C9=82 E6(よ) → 패치 E0BE~E0BF=89 A7(좋); 번역 19-001/028 · 좋 / 토큰 89 A7 / KANJI 6490 / 가나다순 297,mapped from six runtime-analysis RAM/raw formulas
943,1,E0C0~E0C1,패치 슬롯 0588 | 한글 문자 | 아,아,89 60,8A 5A,309,8A 5A,45 81,0x028D0 | 0x028D1,원본 분석표 948번 E0CA~E0CB=82 B5(し) → 패치 E0C0~E0C1=89 60(아); 번역 19-002/028 · 아 / 토큰 89 60 / KANJI A210 / 가나다순 223,mapped from six runtime-analysis RAM/raw formulas
944,1,E0C2~E0C3,패치 슬롯 0589 | 문장부호 | 、,、,81 41,81 41,,81 41,42 61,0x028D2 | 0x028D3,원본 분석표 949번 E0CC~E0CD → 현재 E0C2~E0C3; 번역 19-003/028 · 、 / 토큰 81 41 / PC-88 전각 쉼표 토큰,mapped from six runtime-analysis RAM/raw formulas
945,1,E0C4~E0C5,패치 슬롯 0590 | 한글 문자 | 말,말,88 D3,89 AD,203,89 AD,16 F4,0x028D4 | 0x028D5,원본 분석표 950번 E0CE~E0CF=82 A2(い) → 패치 E0C4~E0C5=88 D3(말); 번역 19-004/028 · 말 / 토큰 88 D3 / KANJI A150 / 가나다순 145,mapped from six runtime-analysis RAM/raw formulas
946,1,E0C6~E0C7,패치 슬롯 0591 | 한글 문자 | 을,을,89 8A,8A 9E,376,8A 9E,E4 42,0x028D6 | 0x028D7,원본 분석표 951번 E0D0~E0D1=82 A2(い) → 패치 E0C6~E0C7=89 8A(을); 번역 19-005/028 · 을 / 토큰 89 8A / KANJI E2A0 / 가나다순 265,mapped from six runtime-analysis RAM/raw formulas
947,1,E0C8~E0C9,패치 슬롯 0592 | 전각 공백 | ␠,␠,81 40,81 40,,81 40,82 E6,0x028D8 | 0x028D9,원본 분석표 952번 E0D2~E0D3=96 BA(娘) → 패치 E0C8~E0C9=81 40(␠); 번역 19-006/028 · ␠ / 토큰 81 40 / PC-88 전각 공백 토큰,mapped from six runtime-analysis RAM/raw formulas
948,1,E0CA~E0CB,패치 슬롯 0593 | 한글 문자 | 잘,잘,89 96,8A B0,394,8A B0,82 B5,0x028DA | 0x028DB,원본 분석표 953번 E0D4~E0D5=82 BE(だ) → 패치 E0CA~E0CB=89 96(잘); 번역 19-007/028 · 잘 / 토큰 89 96 / KANJI E360 / 가나다순 280,mapped from six runtime-analysis RAM/raw formulas
949,1,E0CC~E0CD,패치 슬롯 0594 | 전각 공백 | ␠,␠,81 40,81 40,,81 40,81 41,0x028DC | 0x028DD,편집기 추가 행; 번역 19-008/028 · ␠ / 토큰 81 40 / PC-88 전각 공백 토큰,mapped from six runtime-analysis RAM/raw formulas
950,1,E0CE~E0CF,패치 슬롯 0595 | 한글 문자 | 듣,듣,8A 67,89 70,143,89 70,82 A2,0x028DE | 0x028DF,편집기 추가 행; 번역 19-009/028 · 듣 / 토큰 8A 67 / KANJI A680 / 가나다순 405,mapped from six runtime-analysis RAM/raw formulas
951,1,E0D0~E0D1,패치 슬롯 0596 | 한글 문자 | 는,는,82 E3,89 4B,106,89 4B,82 A2,0x028E0 | 0x028E1,편집기 추가 행; 번역 19-010/028 · 는 / 토큰 82 E3 / KANJI 3850 / 가나다순 74,mapped from six runtime-analysis RAM/raw formulas
952,1,E0D2~E0D3,패치 슬롯 0597 | 한글 문자 | 구,구,82 B7,88 C7,41,88 C7,96 BA,0x028E2 | 0x028E3,편집기 추가 행; 번역 19-011/028 · 구 / 토큰 82 B7 / KANJI 1990 / 가나다순 28,mapped from six runtime-analysis RAM/raw formulas
953,1,E0D4~E0D5,패치 슬롯 0598 | 한글 문자 | 나,나,82 CE,88 E8,74,88 E8,82 BE,0x028E4 | 0x028E5,편집기 추가 행; 번역 19-012/028 · 나 / 토큰 82 CE / KANJI 2900 / 가나다순 52,mapped from six runtime-analysis RAM/raw formulas
954,1,E0D6~E0D7,패치 슬롯 0598 | 문장부호 | 。,。,81 42,81 42,,81 42,81 42,0x028E6 | 0x028E7,번역 19-013/028 · 。 / 토큰 81 42 / PC-88 전각 마침표 토큰,mapped from six runtime-analysis RAM/raw formulas
955,1,E0D8~E0D9,패치 슬롯 0600 | 한글 문자 | 다,다,82 E7,89 50,111,89 50,82 C5,0x028E8 | 0x028E9,원본 분석표 955번 E0D8~E0D9=82 C5(で) → 패치 E0D8~E0D9=82 E7(다); 번역 19-014/028 · 다 / 토큰 82 E7 / KANJI 3890 / 가나다순 78,mapped from six runtime-analysis RAM/raw formulas
956,1,E0DA~E0DB,패치 슬롯 0601 | 한글 문자 | 음,음,89 8B,8A 9F,377,8A 9F,82 CD,0x028EA | 0x028EB,원본 분석표 956번 E0DA~E0DB=82 CD(は) → 패치 E0DA~E0DB=89 8B(음); 번역 19-015/028 · 음 / 토큰 89 8B / KANJI E2B0 / 가나다순 266,mapped from six runtime-analysis RAM/raw formulas
957,1,E0DC~E0DD,패치 슬롯 0602 | 한글 문자 | 은,은,89 89,8A 9D,375,8A 9D,81 41,0x028EC | 0x028ED,편집기 추가 행; 번역 19-016/028 · 은 / 토큰 89 89 / KANJI E290 / 가나다순 264,mapped from six runtime-analysis RAM/raw formulas
958,1,E0DE~E0DF,패치 슬롯 0603 | 전각 공백 | ␠,␠,81 40,81 40,,81 40,44 83,0x028EE | 0x028EF,원본 분석표 957번 E0DC~E0DD=81 41(、) → 패치 E0DE~E0DF=81 40(␠); 번역 19-017/028 · ␠ / 토큰 81 40 / PC-88 전각 공백 토큰,mapped from six runtime-analysis RAM/raw formulas
959,1,E0E0,기존 확인 41~50h 계열 / CAA8[3] 슬롯 실행,,44,44,,,7B,0x028F0,원본 분석표 958번 E0DE → 현재 E0E0; 슬롯 토큰 44; 다음 본류 E0DF,mapped from six runtime-analysis RAM/raw formulas
960,1,E0E1~E0E2,패치 슬롯 0604 | 한글 문자 | 갑,갑,8A B5,88 A5,7,88 A5,83 66,0x028F1 | 0x028F2,원본 분석표 959번 E0DF~E0E0=83 7B(ボ) → 패치 E0E1~E0E2=8A B5(갑); 번역 19-018/028 · 갑 / 토큰 8A B5 / KANJI 6970 / 가나다순 482,mapped from six runtime-analysis RAM/raw formulas
961,1,E0E3~E0E4,패치 슬롯 0605 | 한글 문자 | 옷,옷,89 79,8A 82,348,8A 82,83 42,0x028F3 | 0x028F4,원본 분석표 960번 E0E1~E0E2=83 66(デ) → 패치 E0E3~E0E4=89 79(옷); 번역 19-019/028 · 옷 / 토큰 89 79 / KANJI A3A0 / 가나다순 249,mapped from six runtime-analysis RAM/raw formulas
962,1,E0E5~E0E6,패치 슬롯 0606 | 한글 문자 | 을,을,89 8A,8A 9E,376,8A 9E,81 45,0x028F5 | 0x028F6,원본 분석표 961번 E0E3~E0E4=83 42(ィ) → 패치 E0E5~E0E6=89 8A(을); 번역 19-020/028 · 을 / 토큰 89 8A / KANJI E2A0 / 가나다순 265,mapped from six runtime-analysis RAM/raw formulas
963,1,E0E7,기존 확인 41~50h 계열 / CAA8[5] 슬롯 실행,,46,46,,,83,0x028F7,원본 분석표 967번 E0EF → 현재 E0E7; 슬롯 토큰 46; 다음 본류 E0F0,mapped from six runtime-analysis RAM/raw formulas
964,1,E0E8~E0E9,패치 슬롯 0607 | 전각 공백 | ␠,␠,81 40,81 40,,81 40,58 81,0x028F8 | 0x028F9,원본 분석표 968번 E0F0~E0F1=8A 4F(外) → 패치 E0E8~E0E9=81 40(␠); 번역 19-021/028 · ␠ / 토큰 81 40 / PC-88 전각 공백 토큰,mapped from six runtime-analysis RAM/raw formulas
965,1,E0EA~E0EB,패치 슬롯 0608 | 한글 문자 | 벗,벗,8A BF,89 D8,246,89 D8,5B 83,0x028FA | 0x028FB,원본 분석표 969번 E0F2~E0F3=82 B5(し) → 패치 E0EA~E0EB=8A BF(벗); 번역 19-022/028 · 벗 / 토큰 8A BF / KANJI A810 / 가나다순 492,mapped from six runtime-analysis RAM/raw formulas
966,1,E0EC~E0ED,패치 슬롯 0609 | 한글 문자 | 도,도,82 F1,89 5E,125,89 5E,63 82,0x028FC | 0x028FD,원본 분석표 970번 E0F4~E0F5=82 C4(て) → 패치 E0EC~E0ED=82 F1(도); 번역 19-023/028 · 도 / 토큰 82 F1 / KANJI 3930 / 가나다순 89,mapped from six runtime-analysis RAM/raw formulas
967,1,E0EE~E0EF,패치 슬롯 0610 | 한글 문자 | 록,록,8A 92,89 9A,184,89 9A,F0 46,0x028FE | 0x028FF,원본 분석표 971번 E0F6~E0F7=82 E0(も) → 패치 E0EE~E0EF=8A 92(록); 번역 19-024/028 · 록 / 토큰 8A 92 / KANJI E720 / 가나다순 447,mapped from six runtime-analysis RAM/raw formulas
968,1,E0F0~E0F1,패치 슬롯 0611 | 전각 공백 | ␠,␠,81 40,81 40,,81 40,8A 4F,0x02900 | 0x02901,원본 분석표 972번 E0F8~E0F9=82 E7(ら) → 패치 E0F0~E0F1=81 40(␠); 번역 19-025/028 · ␠ / 토큰 81 40 / PC-88 전각 공백 토큰,mapped from six runtime-analysis RAM/raw formulas
969,1,E0F2~E0F3,패치 슬롯 0612 | 한글 문자 | 해,해,89 E8,8B 79,528,8B 79,82 B5,0x02902 | 0x02903,원본 분석표 973번 E0FA~E0FB=82 A8(お) → 패치 E0F2~E0F3=89 E8(해); 번역 19-026/028 · 해 / 토큰 89 E8 / KANJI E4A0 / 가나다순 369,mapped from six runtime-analysis RAM/raw formulas
970,1,E0F4~E0F5,패치 슬롯 0613 | 한글 문자 | 라,라,88 B6,89 81,159,89 81,82 C4,0x02904 | 0x02905,원본 분석표 974번 E0FC~E0FD=82 A4(う) → 패치 E0F4~E0F5=88 B6(라); 번역 19-027/028 · 라 / 토큰 88 B6 / KANJI 6180 / 가나다순 114,mapped from six runtime-analysis RAM/raw formulas
971,1,E0F6~E0F7,패치 슬롯 0614 | 문장부호 | 。,。,81 42,81 42,,81 42,82 E0,0x02906 | 0x02907,원본 분석표 975번 E0FE~E0FF → 현재 E0F6~E0F7; 번역 19-028/028 · 。 / 토큰 81 42 / PC-88 전각 마침표 토큰,mapped from six runtime-analysis RAM/raw formulas
972,1,E0F8,기존 확인 61~70h 계열 / CAA8[1] 작업슬롯 비활성화,,62,62,,,82,0x02908,원본 분석표 976번 E100 → 현재 E0F8; 비활성화 토큰 62; 다음 본류 E101,mapped from six runtime-analysis RAM/raw formulas
973,1,E0F9~E0FB,기존 확인 16h 계열 / 서브스트림 호출·전환 → E5BB,,16 BB E5,16 BB E5,,,E7 82 A8,0x02909 | 0x0290A | 0x0290B,원본 분석표 977번 E101~E103 → 현재 E0F9~E0FB; 16h 호출 → E5BB; 복귀 주소 E104,mapped from six runtime-analysis RAM/raw formulas
974,1,E5BB~E5BF,서브스트림 실행 / 기존 확인 0Fh 계열 제어토큰,,0F 01 15 05 08,0F 01 15 05 08,,,,,인자 01 15 05 08; 다음 주소 E5C0,outside six documented raw segments
975,1,E5C0~E5C2,서브스트림 실행 / 기존 확인 16h 계열 / 서브스트림 호출·전환 → E630,,16 30 E6,16 30 E6,,,,,16h 호출 → E630; 복귀 주소 E5C3,outside six documented raw segments
976,1,E630~E632,서브스트림 실행 / 기존 확인 1Eh 계열 / 간접 CALL,,1E 3C 08,1E 3C 08,,,,,호출 대상 083C; 처리 후 다음 주소 E633,outside six documented raw segments
977,1,E633~E638,서브스트림 실행 / 기존 확인 05h 계열 / 영역·좌표 상태 설정·전개,,05 16 86 3A 9E 00,05 16 86 3A 9E 00,,,,,처리 후 다음 주소 E639; 내부 16 86 3A는 인자,outside six documented raw segments
978,1,E639~E63D,서브스트림 실행 / 기존 확인 0Eh 계열 / 화면·버퍼 초기화·전개,,0E 16 20 24 80,0E 16 20 24 80,,,,,처리 후 다음 주소 E63E; 내부 16 20 24는 인자,outside six documented raw segments
979,1,E63E,서브스트림 실행 / 기존 확인 17h 계열 / 서브스트림 복귀,,17,17,,,,,17h 복귀 → E5C3,outside six documented raw segments
980,1,E5C3~E5C5,서브스트림 실행 / 기존 확인 13h 계열 제어토큰,,13 EF E6,13 EF E6,,,,,인자 EF E6; 다음 주소 E5C6,outside six documented raw segments
981,1,E5C6~E5C8,서브스트림 실행 / 런타임 확인 10h 계열 / 기능 미확인,,10 16 22,10 16 22,,,,,인자 16 22; 다음 주소 E5C9,outside six documented raw segments
982,1,E5C9~E5CA,서브스트림 실행 / 기존 확인 25h 계열 / CA1D 입 움직임 효과음 인덱스 설정,,25 2B,25 2B,,,,,CA1D=2B; 다음 주소 E5CB,outside six documented raw segments
983,1,E5CB,서브스트림 실행 / 기존 확인 17h 계열 / 서브스트림 복귀,,17,17,,,,,17h 복귀 → E104,outside six documented raw segments
984,1,E0FC~E0FF,기존 확인 04h 계열 / CAA8 슬롯 포인터 설정,,04 A7 E7 41,04 A7 E7 41,,,82 A4 81 42,0x0290C | 0x0290D | 0x0290E | 0x0290F,원본 분석표 988번 E104~E107 → 현재 E0FC~E0FF; E7A7 포인터를 41h 슬롯에 설정; 다음 본류 E108,mapped from six runtime-analysis RAM/raw formulas
985,1,E100~E103,기존 확인 04h 계열 / CAA8 슬롯 포인터 설정,,04 BB E7 42,04 BB E7 42,,,62 16 BB E5,0x02910 | 0x02911 | 0x02912 | 0x02913,원본 분석표 989번 E108~E10B → 현재 E100~E103; E7BB 포인터를 42h 슬롯에 설정; 다음 본류 E10C,mapped from six runtime-analysis RAM/raw formulas
986,1,E104,기존 확인 41~50h 계열 / CAA8[0] 슬롯 실행,,41,41,,,04,0x02914,원본 분석표 990번 E10C → 현재 E104; 슬롯 토큰 41; 다음 본류 E10D,mapped from six runtime-analysis RAM/raw formulas
987,1,E105~E106,패치 슬롯 0615 | 한글 문자 | 뭐,뭐,88 E6,89 C5,227,89 C5,A7 E7,0x02915 | 0x02916,원본 분석표 991번 E10D~E10E=82 A6(え) → 패치 E105~E106=88 E6(뭐); 번역 20-001/005 · 뭐 / 토큰 88 E6 / KANJI E080 / 가나다순 164,mapped from six runtime-analysis RAM/raw formulas
988,1,E107,기존 확인 41~50h 계열 / CAA8[1] 슬롯 실행,,42,42,,,41,0x02917,원본 분석표 993번 E111 → 현재 E107; 슬롯 토큰 42; 다음 본류 E112,mapped from six runtime-analysis RAM/raw formulas
989,1,E108~E109,패치 슬롯 0616 | 문장부호 | ・,・,81 45,81 45,,81 45,04 BB,0x02918 | 0x02919,원본 분석표 994번 E112~E113 → 현재 E108~E109; 번역 20-002/005 · ・ / 토큰 81 45 / PC-88 가운데점 토큰,mapped from six runtime-analysis RAM/raw formulas
990,1,E10A~E10B,패치 슬롯 0617 | 문장부호 | ・,・,81 45,81 45,,81 45,E7 42,0x0291A | 0x0291B,원본 분석표 995번 E114~E115 → 현재 E10A~E10B; 번역 20-003/005 · ・ / 토큰 81 45 / PC-88 가운데점 토큰,mapped from six runtime-analysis RAM/raw formulas
991,1,E10C~E10D,패치 슬롯 0618 | 문장부호 | ・,・,81 45,81 45,,81 45,41 82,0x0291C | 0x0291D,원본 분석표 996번 E116~E117 → 현재 E10C~E10D; 번역 20-004/005 · ・ / 토큰 81 45 / PC-88 가운데점 토큰,mapped from six runtime-analysis RAM/raw formulas
992,1,E10E~E10F,패치 슬롯 0619 | 문장부호 | ？,？,81 48,81 48,,81 48,A6 82,0x0291E | 0x0291F,원본 분석표 997번 E118~E119 → 현재 E10E~E10F; 번역 20-005/005 · ？ / 토큰 81 48 / PC-88 전각 물음표 토큰,mapped from six runtime-analysis RAM/raw formulas
993,1,E110,기존 확인 61~70h 계열 / CAA8[0] 작업슬롯 비활성화,,61,61,,,C1,0x02920,원본 분석표 998번 E11A → 현재 E110; 비활성화 토큰 61; 다음 본류 E11B,mapped from six runtime-analysis RAM/raw formulas
994,1,E111~E113,기존 확인 16h 계열 / 서브스트림 호출·전환 → E4F4,,16 F4 E4,16 F4 E4,,,42 81 45,0x02921 | 0x02922 | 0x02923,원본 분석표 999번 E11B~E11D → 현재 E111~E113; 16h 호출 → E4F4; 복귀 주소 E11E,mapped from six runtime-analysis RAM/raw formulas
995,1,E4F4~E4F8,서브스트림 실행 / 기존 확인 0Fh 계열 제어토큰,,0F 02 1A 04 0D,0F 02 1A 04 0D,,,,,인자 02 1A 04 0D; 다음 주소 E4F9,outside six documented raw segments
996,1,E4F9~E4FB,서브스트림 실행 / 기존 확인 16h 계열 / 서브스트림 호출·전환 → E630,,16 30 E6,16 30 E6,,,,,16h 호출 → E630; 복귀 주소 E4FC,outside six documented raw segments
997,1,E630~E632,서브스트림 실행 / 기존 확인 1Eh 계열 / 간접 CALL,,1E 3C 08,1E 3C 08,,,,,호출 대상 083C; 처리 후 다음 주소 E633,outside six documented raw segments
998,1,E633~E638,서브스트림 실행 / 기존 확인 05h 계열 / 영역·좌표 상태 설정·전개,,05 16 86 3A 9E 00,05 16 86 3A 9E 00,,,,,처리 후 다음 주소 E639; 내부 16 86 3A는 인자,outside six documented raw segments
999,1,E639~E63D,서브스트림 실행 / 기존 확인 0Eh 계열 / 화면·버퍼 초기화·전개,,0E 16 20 24 80,0E 16 20 24 80,,,,,처리 후 다음 주소 E63E; 내부 16 20 24는 인자,outside six documented raw segments
1000,1,E63E,서브스트림 실행 / 기존 확인 17h 계열 / 서브스트림 복귀,,17,17,,,,,17h 복귀 → E4FC,outside six documented raw segments
1001,1,E4FC~E4FE,서브스트림 실행 / 기존 확인 13h 계열 제어토큰,,13 1F E7,13 1F E7,,,,,인자 1F E7; 다음 주소 E4FF,outside six documented raw segments
1002,1,E4FF~E502,서브스트림 실행 / 기존 확인 14h 계열 / 버퍼·영역 처리,,14 00 16 22,14 00 16 22,,,,,인자 00 16 22; 다음 주소 E503,outside six documented raw segments
1003,1,E503~E506,서브스트림 실행 / 기존 확인 14h 계열 / 버퍼·영역 처리,,14 01 3B 00,14 01 3B 00,,,,,인자 01 3B 00; 다음 주소 E507,outside six documented raw segments
1004,1,E507~E50A,서브스트림 실행 / 기존 확인 04h 계열 / CAA8 슬롯 포인터 설정,,04 E3 E7 41,04 E3 E7 41,,,,,E7E3 포인터를 41h 슬롯에 설정; 다음 주소 E50B,outside six documented raw segments
1005,1,E50B~E50E,서브스트림 실행 / 기존 확인 04h 계열 / CAA8 슬롯 포인터 설정,,04 ED E7 42,04 ED E7 42,,,,,E7ED 포인터를 42h 슬롯에 설정; 다음 주소 E50F,outside six documented raw segments
1006,1,E50F~E512,서브스트림 실행 / 기존 확인 04h 계열 / CAA8 슬롯 포인터 설정,,04 F7 E7 44,04 F7 E7 44,,,,,E7F7 포인터를 44h 슬롯에 설정; 다음 주소 E513,outside six documented raw segments
1007,1,E513~E516,서브스트림 실행 / 기존 확인 04h 계열 / CAA8 슬롯 포인터 설정,,04 15 E8 43,04 15 E8 43,,,,,E815 포인터를 43h 슬롯에 설정; 다음 주소 E517,outside six documented raw segments
1008,1,E517~E51A,서브스트림 실행 / 기존 확인 04h 계열 / CAA8 슬롯 포인터 설정,,04 01 E8 45,04 01 E8 45,,,,,E801 포인터를 45h 슬롯에 설정; 다음 주소 E51B,outside six documented raw segments
1009,1,E51B~E51E,서브스트림 실행 / 기존 확인 04h 계열 / CAA8 슬롯 포인터 설정,,04 0B E8 46,04 0B E8 46,,,,,E80B 포인터를 46h 슬롯에 설정; 다음 주소 E51F,outside six documented raw segments
1010,1,E51F~E520,서브스트림 실행 / 기존 확인 25h 계열 / CA1D 입 움직임 효과음 인덱스 설정,,25 2D,25 2D,,,,,CA1D=2D; 다음 주소 E521,outside six documented raw segments
1011,1,E521,서브스트림 실행 / 기존 확인 17h 계열 / 서브스트림 복귀,,17,17,,,,,17h 복귀 → E11E,outside six documented raw segments
1012,1,E114,기존 확인 41~50h 계열 / CAA8[1] 슬롯 실행,,42,42,,,81,0x02924,원본 분석표 1017번 E11E → 현재 E114; 슬롯 토큰 42; 다음 본류 E11F,mapped from six runtime-analysis RAM/raw formulas
1013,1,E115~E116,패치 슬롯 0620 | 한글 문자 | 왜,왜,89 7D,8A 87,353,8A 87,45 81,0x02925 | 0x02926,원본 분석표 1018번 E11F~E120=82 C7(ど) → 패치 E115~E116=89 7D(왜); 번역 21-001/042 · 왜 / 토큰 89 7D / KANJI A3E0 / 가나다순 253,mapped from six runtime-analysis RAM/raw formulas
1014,1,E117~E118,패치 슬롯 0621 | 전각 공백 | ␠,␠,81 40,81 40,,81 40,45 81,0x02927 | 0x02928,원본 분석표 1019번 E121~E122=82 A4(う) → 패치 E117~E118=81 40(␠); 번역 21-002/042 · ␠ / 토큰 81 40 / PC-88 전각 공백 토큰,mapped from six runtime-analysis RAM/raw formulas
1015,1,E119~E11A,패치 슬롯 0622 | 한글 문자 | 그,그,82 BD,88 CF,49,88 CF,48 61,0x02929 | 0x0292A,원본 분석표 1020번 E123~E124=82 B5(し) → 패치 E119~E11A=82 BD(그); 번역 21-003/042 · 그 / 토큰 82 BD / KANJI 19F0 / 가나다순 34,mapped from six runtime-analysis RAM/raw formulas
1016,1,E11B~E11C,패치 슬롯 0623 | 한글 문자 | 러,러,88 BB,89 8C,170,89 8C,16 F4,0x0292B | 0x0292C,원본 분석표 1021번 E125~E126=82 BD(た) → 패치 E11B~E11C=88 BB(러); 번역 21-004/042 · 러 / 토큰 88 BB / KANJI 61D0 / 가나다순 120,mapped from six runtime-analysis RAM/raw formulas
1017,1,E11D~E11E,패치 슬롯 0624 | 한글 문자 | 지,지,89 B3,8A D4,430,8A D4,E4 42,0x0292D | 0x0292E,원본 분석표 1022번 E127~E128=81 48(？) → 패치 E11D~E11E=89 B3(지); 번역 21-005/042 · 지 / 토큰 89 B3 / KANJI 6550 / 가나다순 309,mapped from six runtime-analysis RAM/raw formulas
1018,1,E11F~E120,패치 슬롯 0625 | 문장부호 | ？,？,81 48,81 48,,81 48,82 C7,0x0292F | 0x02930,원본 분석표 1023번 E129~E12A=81 40(␠) → 패치 E11F~E120=81 48(？); 번역 21-006/042 · ？ / 토큰 81 48 / PC-88 전각 물음표 토큰,mapped from six runtime-analysis RAM/raw formulas
1019,1,E121~E122,패치 슬롯 0626 | 전각 공백 | ␠,␠,81 40,81 40,,81 40,82 A4,0x02931 | 0x02932,원본 분석표 1024번 E12B~E12C=82 CD(は) → 패치 E121~E122=81 40(␠); 번역 21-007/042 · ␠ / 토큰 81 40 / PC-88 전각 공백 토큰,mapped from six runtime-analysis RAM/raw formulas
1020,1,E123~E124,패치 슬롯 0627 | 한글 문자 | 부,부,88 FA,89 E1,255,89 E1,82 B5,0x02933 | 0x02934,원본 분석표 1025번 E12D~E12E=82 B6(じ) → 패치 E123~E124=88 FA(부); 번역 21-008/042 · 부 / 토큰 88 FA / KANJI E1C0 / 가나다순 185,mapped from six runtime-analysis RAM/raw formulas
1021,1,E125~E126,패치 슬롯 0628 | 한글 문자 | 끄,끄,8A B9,88 E4,70,88 E4,82 BD,0x02935 | 0x02936,원본 분석표 1026번 E12F~E130=82 E7(ら) → 패치 E125~E126=8A B9(끄); 번역 21-009/042 · 끄 / 토큰 8A B9 / KANJI 69B0 / 가나다순 486,mapped from six runtime-analysis RAM/raw formulas
1022,1,E127~E128,패치 슬롯 0629 | 한글 문자 | 러,러,88 BB,89 8C,170,89 8C,81 48,0x02937 | 0x02938,원본 분석표 1027번 E131~E132=82 C1(っ) → 패치 E127~E128=88 BB(러); 번역 21-010/042 · 러 / 토큰 88 BB / KANJI 61D0 / 가나다순 120,mapped from six runtime-analysis RAM/raw formulas
1023,1,E129~E12A,패치 슬롯 0630 | 한글 문자 | 운,운,8A 5F,8A 8F,361,8A 8F,81 40,0x02939 | 0x0293A,원본 분석표 1028번 E133~E134=82 C4(て) → 패치 E129~E12A=8A 5F(운); 번역 21-011/042 · 운 / 토큰 8A 5F / KANJI A600 / 가나다순 397,mapped from six runtime-analysis RAM/raw formulas
1024,1,E12B~E12C,패치 슬롯 0631 | 전각 공백 | ␠,␠,81 40,81 40,,81 40,82 CD,0x0293B | 0x0293C,원본 분석표 1029번 E135~E136=82 A8(お) → 패치 E12B~E12C=81 40(␠); 번역 21-012/042 · ␠ / 토큰 81 40 / PC-88 전각 공백 토큰,mapped from six runtime-analysis RAM/raw formulas
1025,1,E12D~E12E,패치 슬롯 0632 | 한글 문자 | 것,것,82 AA,88 B0,18,88 B0,82 B6,0x0293D | 0x0293E,원본 분석표 1030번 E137~E138=82 E9(る) → 패치 E12D~E12E=82 AA(것); 번역 21-013/042 · 것 / 토큰 82 AA / KANJI 18C0 / 가나다순 12,mapped from six runtime-analysis RAM/raw formulas
1026,1,E12F~E130,패치 슬롯 0633 | 한글 문자 | 이,이,89 8D,8A A2,380,8A A2,82 E7,0x0293F | 0x02940,원본 분석표 1031번 E139~E13A=82 CC(の) → 패치 E12F~E130=89 8D(이); 번역 21-014/042 · 이 / 토큰 89 8D / KANJI E2D0 / 가나다순 268,mapped from six runtime-analysis RAM/raw formulas
1027,1,E131~E132,패치 슬롯 0634 | 한글 문자 | 냐,냐,82 D5,88 F0,82,88 F0,82 C1,0x02941 | 0x02942,원본 분석표 1032번 E13B~E13C=82 A9(か) → 패치 E131~E132=82 D5(냐); 번역 21-015/042 · 냐 / 토큰 82 D5 / KANJI 2970 / 가나다순 59,mapped from six runtime-analysis RAM/raw formulas
1028,1,E133~E134,패치 슬롯 0635 | 문장부호 | ？,？,81 48,81 48,,81 48,82 C4,0x02943 | 0x02944,원본 분석표 1033번 E13D~E13E → 현재 E133~E134; 번역 21-016/042 · ？ / 토큰 81 48 / PC-88 전각 물음표 토큰,mapped from six runtime-analysis RAM/raw formulas
1029,1,E135~E136,패치 슬롯 0636 | 전각 공백 | ␠,␠,81 40,81 40,,81 40,82 A8,0x02945 | 0x02946,원본 분석표 1034번 E13F~E140 → 현재 E135~E136; 번역 21-017/042 · ␠ / 토큰 81 40 / PC-88 전각 공백 토큰,mapped from six runtime-analysis RAM/raw formulas
1030,1,E137~E138,패치 슬롯 0637 | 한글 문자 | 전,전,89 9D,8A B7,401,8A B7,82 E9,0x02947 | 0x02948,원본 분석표 1035번 E141~E142=90 ED(戦) → 패치 E137~E138=89 9D(전); 번역 21-018/042 · 전 / 토큰 89 9D / KANJI E3D0 / 가나다순 287,mapped from six runtime-analysis RAM/raw formulas
1031,1,E139~E13A,패치 슬롯 0638 | 한글 문자 | 사,사,89 43,89 EB,265,89 EB,82 CC,0x02949 | 0x0294A,원본 분석표 1036번 E143~E144=8E 6D(士) → 패치 E139~E13A=89 43(사); 번역 21-019/042 · 사 / 토큰 89 43 / KANJI 6240 / 가나다순 191,mapped from six runtime-analysis RAM/raw formulas
1032,1,E13B~E13C,패치 슬롯 0639 | 한글 문자 | 에,에,89 70,8A 72,333,8A 72,82 A9,0x0294B | 0x0294C,원본 분석표 1037번 E145~E146=82 C9(に) → 패치 E13B~E13C=89 70(에); 번역 21-020/042 · 에 / 토큰 89 70 / KANJI A310 / 가나다순 239,mapped from six runtime-analysis RAM/raw formulas
1033,1,E13D~E13E,패치 슬롯 0640 | 한글 문자 | 게,게,82 AB,88 B1,19,88 B1,81 48,0x0294D | 0x0294E,원본 분석표 1038번 E147~E148=81 41(、) → 패치 E13D~E13E=82 AB(게); 번역 21-021/042 · 게 / 토큰 82 AB / KANJI 18D0 / 가나다순 13,mapped from six runtime-analysis RAM/raw formulas
1034,1,E13F~E140,패치 슬롯 0641 | 전각 공백 | ␠,␠,81 40,81 40,,81 40,81 40,0x0294F | 0x02950,원본 분석표 1039번 E149~E14A=82 CD(は) → 패치 E13F~E140=81 40(␠); 번역 21-022/042 · ␠ / 토큰 81 40 / PC-88 전각 공백 토큰,mapped from six runtime-analysis RAM/raw formulas
1035,1,E141~E142,패치 슬롯 0642 | 한글 문자 | 그,그,82 BD,88 CF,49,88 CF,90 ED,0x02951 | 0x02952,원본 분석표 1040번 E14B~E14C=82 B6(じ) → 패치 E141~E142=82 BD(그); 번역 21-023/042 · 그 / 토큰 82 BD / KANJI 19F0 / 가나다순 34,mapped from six runtime-analysis RAM/raw formulas
1036,1,E143~E144,패치 슬롯 0643 | 한글 문자 | 따,따,8A 68,89 74,147,89 74,8E 6D,0x02953 | 0x02954,원본 분석표 1041번 E14D~E14E=82 E7(ら) → 패치 E143~E144=8A 68(따); 번역 21-024/042 · 따 / 토큰 8A 68 / KANJI A690 / 가나다순 406,mapped from six runtime-analysis RAM/raw formulas
1037,1,E145~E146,패치 슬롯 0644 | 한글 문자 | 위,위,89 85,8A 97,369,8A 97,82 C9,0x02955 | 0x02956,원본 분석표 1042번 E14F~E150=82 A2(い) → 패치 E145~E146=89 85(위); 번역 21-025/042 · 위 / 토큰 89 85 / KANJI E250 / 가나다순 260,mapped from six runtime-analysis RAM/raw formulas
1038,1,E147~E148,패치 슬롯 0645 | 전각 공백 | ␠,␠,81 40,81 40,,81 40,81 41,0x02957 | 0x02958,원본 분석표 1043번 E151~E152=82 C8(な) → 패치 E147~E148=81 40(␠); 번역 21-026/042 · ␠ / 토큰 81 40 / PC-88 전각 공백 토큰,mapped from six runtime-analysis RAM/raw formulas
1039,1,E149~E14A,패치 슬롯 0646 | 한글 문자 | 수,수,89 54,8A 45,288,8A 45,82 CD,0x02959 | 0x0295A,원본 분석표 1044번 E153~E154=82 C7(ど) → 패치 E149~E14A=89 54(수); 번역 21-027/042 · 수 / 토큰 89 54 / KANJI 6350 / 가나다순 208,mapped from six runtime-analysis RAM/raw formulas
1040,1,E14B~E14C,패치 슬롯 0647 | 한글 문자 | 치,치,89 BF,8A F4,462,8A F4,82 B6,0x0295B | 0x0295C,원본 분석표 1045번 E155~E156=96 B3(無) → 패치 E14B~E14C=89 BF(치); 번역 21-028/042 · 치 / 토큰 89 BF / KANJI A410 / 가나다순 325,mapped from six runtime-analysis RAM/raw formulas
1041,1,E14D~E14E,패치 슬롯 0648 | 한글 문자 | 심,심,8A 47,8A 52,301,8A 52,82 E7,0x0295D | 0x0295E,원본 분석표 1046번 E157~E158=97 70(用) → 패치 E14D~E14E=8A 47(심); 번역 21-029/042 · 심 / 토큰 8A 47 / KANJI 6680 / 가나다순 218,mapped from six runtime-analysis RAM/raw formulas
1042,1,E14F~E150,패치 슬롯 0649 | 한글 문자 | 은,은,89 89,8A 9D,375,8A 9D,82 A2,0x0295F | 0x02960,원본 분석표 1047번 E159~E15A=81 42(。) → 패치 E14F~E150=89 89(은); 번역 21-030/042 · 은 / 토큰 89 89 / KANJI E290 / 가나다순 264,mapped from six runtime-analysis RAM/raw formulas
1043,1,E151~E152,패치 슬롯 0650 | 전각 공백 | ␠,␠,81 40,81 40,,81 40,82 C8,0x02961 | 0x02962,원본 분석표 1048번 E15B~E15C=8A 4F(外) → 패치 E151~E152=81 40(␠); 번역 21-031/042 · ␠ / 토큰 81 40 / PC-88 전각 공백 토큰,mapped from six runtime-analysis RAM/raw formulas
1044,1,E153~E154,패치 슬롯 0651 | 한글 문자 | 사,사,89 43,89 EB,265,89 EB,82 C7,0x02963 | 0x02964,원본 분석표 1049번 E15D~E15E=82 B5(し) → 패치 E153~E154=89 43(사); 번역 21-032/042 · 사 / 토큰 89 43 / KANJI 6240 / 가나다순 191,mapped from six runtime-analysis RAM/raw formulas
1045,1,E155~E156,패치 슬롯 0652 | 한글 문자 | 치,치,89 BF,8A F4,462,8A F4,96 B3,0x02965 | 0x02966,원본 분석표 1050번 E15F~E160=82 C4(て) → 패치 E155~E156=89 BF(치); 번역 21-033/042 · 치 / 토큰 89 BF / KANJI A410 / 가나다순 325,mapped from six runtime-analysis RAM/raw formulas
1046,1,E157~E158,패치 슬롯 0653 | 한글 문자 | 다,다,82 E7,89 50,111,89 50,97 70,0x02967 | 0x02968,원본 분석표 1051번 E161~E162=82 E0(も) → 패치 E157~E158=82 E7(다); 번역 21-034/042 · 다 / 토큰 82 E7 / KANJI 3890 / 가나다순 78,mapped from six runtime-analysis RAM/raw formulas
1047,1,E159~E15A,패치 슬롯 0654 | 문장부호 | 。,。,81 42,81 42,,81 42,81 42,0x02969 | 0x0296A,원본 분석표 1052번 E163~E164=82 E7(ら) → 패치 E159~E15A=81 42(。); 번역 21-035/042 · 。 / 토큰 81 42 / PC-88 전각 마침표 토큰,mapped from six runtime-analysis RAM/raw formulas
1048,1,E15B~E15C,패치 슬롯 0655 | 한글 문자 | 어,어,89 6C,8A 6A,325,8A 6A,8A 4F,0x0296B | 0x0296C,원본 분석표 1053번 E165~E166=82 A8(お) → 패치 E15B~E15C=89 6C(어); 번역 21-036/042 · 어 / 토큰 89 6C / KANJI A2D0 / 가나다순 235,mapped from six runtime-analysis RAM/raw formulas
1049,1,E15D~E15E,패치 슬롯 0656 | 한글 문자 | 서,서,89 49,89 F2,272,89 F2,82 B5,0x0296D | 0x0296E,원본 분석표 1054번 E167~E168=82 A4(う) → 패치 E15D~E15E=89 49(서); 번역 21-037/042 · 서 / 토큰 89 49 / KANJI 62A0 / 가나다순 197,mapped from six runtime-analysis RAM/raw formulas
1050,1,E15F~E160,패치 슬롯 0657 | 전각 공백 | ␠,␠,81 40,81 40,,81 40,82 C4,0x0296F | 0x02970,원본 분석표 1055번 E169~E16A=82 A9(か) → 패치 E15F~E160=81 40(␠); 번역 21-038/042 · ␠ / 토큰 81 40 / PC-88 전각 공백 토큰,mapped from six runtime-analysis RAM/raw formulas
1051,1,E161~E162,패치 슬롯 0658 | 한글 문자 | 벗,벗,8A BF,89 D8,246,89 D8,82 E0,0x02971 | 0x02972,원본 분석표 1056번 E16B~E16C=81 42(。) → 패치 E161~E162=8A BF(벗); 번역 21-039/042 · 벗 / 토큰 8A BF / KANJI A810 / 가나다순 492,mapped from six runtime-analysis RAM/raw formulas
1052,1,E163~E164,패치 슬롯 0659 | 한글 문자 | 어,어,89 6C,8A 6A,325,8A 6A,82 E7,0x02973 | 0x02974,편집기 추가 행; 번역 21-040/042 · 어 / 토큰 89 6C / KANJI A2D0 / 가나다순 235,mapped from six runtime-analysis RAM/raw formulas
1053,1,E165~E166,패치 슬롯 0660 | 한글 문자 | 라,라,88 B6,89 81,159,89 81,82 A8,0x02975 | 0x02976,편집기 추가 행; 번역 21-041/042 · 라 / 토큰 88 B6 / KANJI 6180 / 가나다순 114,mapped from six runtime-analysis RAM/raw formulas
1054,1,E167~E168,패치 슬롯 0661 | 문장부호 | 。,。,81 42,81 42,,81 42,82 A4,0x02977 | 0x02978,편집기 추가 행; 번역 21-042/042 · 。 / 토큰 81 42 / PC-88 전각 마침표 토큰,mapped from six runtime-analysis RAM/raw formulas
1055,1,E169,기존 확인 61~70h 계열 / CAA8[1] 작업슬롯 비활성화,,62,62,,,82,0x02979,원본 분석표 1057번 E16D → 현재 E169; 비활성화 토큰 62; 다음 본류 E16E,mapped from six runtime-analysis RAM/raw formulas
1056,1,E16A~E16C,기존 확인 16h 계열 / 서브스트림 호출·전환 → E5CC,,16 CC E5,16 CC E5,,,A9 81 42,0x0297A | 0x0297B | 0x0297C,원본 분석표 1058번 E16E~E170 → 현재 E16A~E16C; 16h 호출 → E5CC; 복귀 주소 E171,mapped from six runtime-analysis RAM/raw formulas
1057,1,E5CC~E5D0,서브스트림 실행 / 기존 확인 0Fh 계열 제어토큰,,0F 01 15 05 08,0F 01 15 05 08,,,,,인자 01 15 05 08; 다음 주소 E5D1,outside six documented raw segments
1058,1,E5D1~E5D3,서브스트림 실행 / 기존 확인 16h 계열 / 서브스트림 호출·전환 → E630,,16 30 E6,16 30 E6,,,,,16h 호출 → E630; 복귀 주소 E5D4,outside six documented raw segments
1059,1,E630~E632,서브스트림 실행 / 기존 확인 1Eh 계열 / 간접 CALL,,1E 3C 08,1E 3C 08,,,,,호출 대상 083C; 처리 후 다음 주소 E633,outside six documented raw segments
1060,1,E633~E638,서브스트림 실행 / 기존 확인 05h 계열 / 영역·좌표 상태 설정·전개,,05 16 86 3A 9E 00,05 16 86 3A 9E 00,,,,,처리 후 다음 주소 E639; 내부 16 86 3A는 인자,outside six documented raw segments
1061,1,E639~E63D,서브스트림 실행 / 기존 확인 0Eh 계열 / 화면·버퍼 초기화·전개,,0E 16 20 24 80,0E 16 20 24 80,,,,,처리 후 다음 주소 E63E; 내부 16 20 24는 인자,outside six documented raw segments
1062,1,E63E,서브스트림 실행 / 기존 확인 17h 계열 / 서브스트림 복귀,,17,17,,,,,17h 복귀 → E5D4,outside six documented raw segments
1063,1,E5D4~E5D6,서브스트림 실행 / 런타임 확인 10h 계열 / 기능 미확인,,10 16 22,10 16 22,,,,,인자 16 22; 다음 주소 E5D7,outside six documented raw segments
1064,1,E5D7~E5DA,서브스트림 실행 / 기존 확인 04h 계열 / CAA8 슬롯 포인터 설정,,04 A7 E7 41,04 A7 E7 41,,,,,E7A7 포인터를 41h 슬롯에 설정; 다음 주소 E5DB,outside six documented raw segments
1065,1,E5DB~E5DE,서브스트림 실행 / 기존 확인 04h 계열 / CAA8 슬롯 포인터 설정,,04 C5 E7 42,04 C5 E7 42,,,,,E7C5 포인터를 42h 슬롯에 설정; 다음 주소 E5DF,outside six documented raw segments
1066,1,E5DF,서브스트림 실행 / 기존 확인 41~50h 계열 / CAA8[1] 슬롯 실행,,42,42,,,,,슬롯 토큰 42; 다음 주소 E5E0,outside six documented raw segments
1067,1,E5E0~E5E2,서브스트림 실행 / 기존 확인 13h 계열 제어토큰,,13 EF E6,13 EF E6,,,,,인자 EF E6; 다음 주소 E5E3,outside six documented raw segments
1068,1,E5E3~E5E4,서브스트림 실행 / 기존 확인 25h 계열 / CA1D 입 움직임 효과음 인덱스 설정,,25 2B,25 2B,,,,,CA1D=2B; 다음 주소 E5E5,outside six documented raw segments
1069,1,E5E5,서브스트림 실행 / 기존 확인 17h 계열 / 서브스트림 복귀,,17,17,,,,,17h 복귀 → E171,outside six documented raw segments
1070,1,E16D,기존 확인 41~50h 계열 / CAA8[0] 슬롯 실행,,41,41,,,62,0x0297D,원본 분석표 1072번 E171 → 현재 E16D; 슬롯 토큰 41; 다음 본류 E172,mapped from six runtime-analysis RAM/raw formulas
1071,1,E16E~E16F,패치 슬롯 0662 | 한글 문자 | 알,알,89 65,8A 5F,314,8A 5F,16 CC,0x0297E | 0x0297F,원본 분석표 1073번 E172~E173=95 AA(分) → 패치 E16E~E16F=89 65(알); 번역 22-001/004 · 알 / 토큰 89 65 / KANJI A260 / 가나다순 228,mapped from six runtime-analysis RAM/raw formulas
1072,1,E170~E171,패치 슬롯 0663 | 한글 문자 | 았,았,89 68,8A 62,317,8A 62,E5 41,0x02980 | 0x02981,원본 분석표 1074번 E174~E175=82 C1(っ) → 패치 E170~E171=89 68(았); 번역 22-002/004 · 았 / 토큰 89 68 / KANJI A290 / 가나다순 231,mapped from six runtime-analysis RAM/raw formulas
1073,1,E172~E173,패치 슬롯 0664 | 한글 문자 | 어,어,89 6C,8A 6A,325,8A 6A,95 AA,0x02982 | 0x02983,원본 분석표 1075번 E176~E177=82 BD(た) → 패치 E172~E173=89 6C(어); 번역 22-003/004 · 어 / 토큰 89 6C / KANJI A2D0 / 가나다순 235,mapped from six runtime-analysis RAM/raw formulas
1074,1,E174~E175,패치 슬롯 0665 | 문장부호 | 。,。,81 42,81 42,,81 42,82 C1,0x02984 | 0x02985,원본 분석표 1077번 E17A~E17B → 현재 E174~E175; 번역 22-004/004 · 。 / 토큰 81 42 / PC-88 전각 마침표 토큰,mapped from six runtime-analysis RAM/raw formulas
1075,1,E176,기존 확인 61~70h 계열 / CAA8[0] 작업슬롯 비활성화,,61,61,,,82,0x02986,원본 분석표 1078번 E17C → 현재 E176; 비활성화 토큰 61; 다음 본류 E17D,mapped from six runtime-analysis RAM/raw formulas
1076,1,E177~E179,기존 확인 16h 계열 / 서브스트림 호출·전환 → E4B9,,16 B9 E4,16 B9 E4,,,BD 82 ED,0x02987 | 0x02988 | 0x02989,원본 분석표 1079번 E17D~E17F → 현재 E177~E179; 16h 호출 → E4B9; 복귀 주소 E180,mapped from six runtime-analysis RAM/raw formulas
1077,1,E4B9~E4BD,서브스트림 실행 / 기존 확인 0Fh 계열 제어토큰,,0F 05 0F 05 08,0F 05 0F 05 08,,,,,인자 05 0F 05 08; 다음 주소 E4BE,outside six documented raw segments
1078,1,E4BE~E4C0,서브스트림 실행 / 기존 확인 16h 계열 / 서브스트림 호출·전환 → E630,,16 30 E6,16 30 E6,,,,,16h 호출 → E630; 복귀 주소 E4C1,outside six documented raw segments
1079,1,E630~E632,서브스트림 실행 / 기존 확인 1Eh 계열 / 간접 CALL,,1E 3C 08,1E 3C 08,,,,,호출 대상 083C; 처리 후 다음 주소 E633,outside six documented raw segments
1080,1,E633~E638,서브스트림 실행 / 기존 확인 05h 계열 / 영역·좌표 상태 설정·전개,,05 16 86 3A 9E 00,05 16 86 3A 9E 00,,,,,처리 후 다음 주소 E639; 내부 16 86 3A는 인자,outside six documented raw segments
1081,1,E639~E63D,서브스트림 실행 / 기존 확인 0Eh 계열 / 화면·버퍼 초기화·전개,,0E 16 20 24 80,0E 16 20 24 80,,,,,처리 후 다음 주소 E63E; 내부 16 20 24는 인자,outside six documented raw segments
1082,1,E63E,서브스트림 실행 / 기존 확인 17h 계열 / 서브스트림 복귀,,17,17,,,,,17h 복귀 → E4C1,outside six documented raw segments
1083,1,E4C1~E4C3,서브스트림 실행 / 기존 확인 13h 계열 제어토큰,,13 BF E6,13 BF E6,,,,,인자 BF E6; 다음 주소 E4C4,outside six documented raw segments
1084,1,E4C4~E4C7,서브스트림 실행 / 기존 확인 14h 계열 / 버퍼·영역 처리,,14 00 16 22,14 00 16 22,,,,,인자 00 16 22; 다음 주소 E4C8,outside six documented raw segments
1085,1,E4C8~E4CB,서브스트림 실행 / 기존 확인 14h 계열 / 버퍼·영역 처리,,14 01 3B 00,14 01 3B 00,,,,,인자 01 3B 00; 다음 주소 E4CC,outside six documented raw segments
1086,1,E4CC~E4CF,서브스트림 실행 / 기존 확인 04h 계열 / CAA8 슬롯 포인터 설정,,04 3D E8 41,04 3D E8 41,,,,,E83D 포인터를 41h 슬롯에 설정; 다음 주소 E4D0,outside six documented raw segments
1087,1,E4D0~E4D3,서브스트림 실행 / 기존 확인 04h 계열 / CAA8 슬롯 포인터 설정,,04 51 E8 42,04 51 E8 42,,,,,E851 포인터를 42h 슬롯에 설정; 다음 주소 E4D4,outside six documented raw segments
1088,1,E4D4~E4D5,서브스트림 실행 / 기존 확인 25h 계열 / CA1D 입 움직임 효과음 인덱스 설정,,25 2E,25 2E,,,,,CA1D=2E; 다음 주소 E4D6,outside six documented raw segments
1089,1,E4D6,서브스트림 실행 / 기존 확인 17h 계열 / 서브스트림 복귀,,17,17,,,,,17h 복귀 → E180,outside six documented raw segments
1090,1,E17A,기존 확인 41~50h 계열 / CAA8[0] 슬롯 실행,,41,41,,,81,0x0298A,원본 분석표 1093번 E180 → 현재 E17A; 슬롯 토큰 41; 다음 본류 E181,mapped from six runtime-analysis RAM/raw formulas
1091,1,E17B~E17C,패치 슬롯 0666 | 한글 문자 | 유,유,89 86,8A 99,371,8A 99,42 61,0x0298B | 0x0298C,원본 분석표 1094번 E181~E182=97 44(優) → 패치 E17B~E17C=89 86(유); 번역 23-001/008 · 유 / 토큰 89 86 / KANJI E260 / 가나다순 261,mapped from six runtime-analysis RAM/raw formulas
1092,1,E17D~E17E,패치 슬롯 0667 | 한글 문자 | 코,코,89 C5,8A FC,470,8A FC,16 B9,0x0298D | 0x0298E,원본 분석표 1095번 E183~E184=8E 71(子) → 패치 E17D~E17E=89 C5(코); 번역 23-002/008 · 코 / 토큰 89 C5 / KANJI A470 / 가나다순 331,mapped from six runtime-analysis RAM/raw formulas
1093,1,E17F~E180,패치 슬롯 0668 | 문장부호 | ！,！,81 49,81 49,,81 49,E4 41,0x0298F | 0x02990,원본 분석표 1096번 E185~E186 → 현재 E17F~E180; 번역 23-003/008 · ！ / 토큰 81 49 / PC-88 전각 느낌표 토큰,mapped from six runtime-analysis RAM/raw formulas
1094,1,E181~E182,패치 슬롯 0669 | 전각 공백 | ␠,␠,81 40,81 40,,81 40,97 44,0x02991 | 0x02992,편집기 추가 행; 번역 23-004/008 · ␠ / 토큰 81 40 / PC-88 전각 공백 토큰,mapped from six runtime-analysis RAM/raw formulas
1095,1,E183~E184,패치 슬롯 0670 | 문장부호 | ・,・,81 45,81 45,,81 45,8E 71,0x02993 | 0x02994,원본 분석표 1097번 E187~E188 → 현재 E183~E184; 번역 23-005/008 · ・ / 토큰 81 45 / PC-88 가운데점 토큰,mapped from six runtime-analysis RAM/raw formulas
1096,1,E185~E186,패치 슬롯 0671 | 문장부호 | ・,・,81 45,81 45,,81 45,81 49,0x02995 | 0x02996,원본 분석표 1098번 E189~E18A → 현재 E185~E186; 번역 23-006/008 · ・ / 토큰 81 45 / PC-88 가운데점 토큰,mapped from six runtime-analysis RAM/raw formulas
1097,1,E187~E188,패치 슬롯 0672 | 문장부호 | ・,・,81 45,81 45,,81 45,81 45,0x02997 | 0x02998,원본 분석표 1099번 E18B~E18C → 현재 E187~E188; 번역 23-007/008 · ・ / 토큰 81 45 / PC-88 가운데점 토큰,mapped from six runtime-analysis RAM/raw formulas
1098,1,E189~E18A,패치 슬롯 0673 | 문장부호 | 。,。,81 42,81 42,,81 42,81 45,0x02999 | 0x0299A,원본 분석표 1100번 E18D~E18E → 현재 E189~E18A; 번역 23-008/008 · 。 / 토큰 81 42 / PC-88 전각 마침표 토큰,mapped from six runtime-analysis RAM/raw formulas
1099,1,E18B,기존 확인 61~70h 계열 / CAA8[0] 작업슬롯 비활성화,,61,61,,,81,0x0299B,원본 분석표 1101번 E18F → 현재 E18B; 비활성화 토큰 61; 다음 본류 E190,mapped from six runtime-analysis RAM/raw formulas
1100,1,E18C~E18E,기존 확인 16h 계열 / 서브스트림 호출·전환 → E4A5,,16 A5 E4,16 A5 E4,,,45 81 42,0x0299C | 0x0299D | 0x0299E,원본 분석표 1102번 E190~E192 → 현재 E18C~E18E; 16h 호출 → E4A5; 복귀 주소 E193,mapped from six runtime-analysis RAM/raw formulas
1101,1,E4A5~E4A9,서브스트림 실행 / 기존 확인 0Fh 계열 제어토큰,,0F 04 16 05 08,0F 04 16 05 08,,,,,인자 04 16 05 08; 다음 주소 E4AA,outside six documented raw segments
1102,1,E4AA~E4AC,서브스트림 실행 / 기존 확인 16h 계열 / 서브스트림 호출·전환 → E630,,16 30 E6,16 30 E6,,,,,16h 호출 → E630; 복귀 주소 E4AD,outside six documented raw segments
1103,1,E630~E632,서브스트림 실행 / 기존 확인 1Eh 계열 / 간접 CALL,,1E 3C 08,1E 3C 08,,,,,호출 대상 083C; 처리 후 다음 주소 E633,outside six documented raw segments
1104,1,E633~E638,서브스트림 실행 / 기존 확인 05h 계열 / 영역·좌표 상태 설정·전개,,05 16 86 3A 9E 00,05 16 86 3A 9E 00,,,,,처리 후 다음 주소 E639; 내부 16 86 3A는 인자,outside six documented raw segments
1105,1,E639~E63D,서브스트림 실행 / 기존 확인 0Eh 계열 / 화면·버퍼 초기화·전개,,0E 16 20 24 80,0E 16 20 24 80,,,,,처리 후 다음 주소 E63E; 내부 16 20 24는 인자,outside six documented raw segments
1106,1,E63E,서브스트림 실행 / 기존 확인 17h 계열 / 서브스트림 복귀,,17,17,,,,,17h 복귀 → E4AD,outside six documented raw segments
1107,1,E4AD~E4AF,서브스트림 실행 / 기존 확인 13h 계열 제어토큰,,13 9F E6,13 9F E6,,,,,인자 9F E6; 다음 주소 E4B0,outside six documented raw segments
1108,1,E4B0~E4B2,서브스트림 실행 / 런타임 확인 10h 계열 / 기능 미확인,,10 3B 00,10 3B 00,,,,,인자 3B 00; 다음 주소 E4B3,outside six documented raw segments
1109,1,E4B3~E4B5,서브스트림 실행 / 런타임 확인 1Eh 계열 / 기능 미확인,,1E 97 CC,1E 97 CC,,,,,인자 97 CC; 다음 주소 E4B6,outside six documented raw segments
1110,1,E4B6~E4B7,서브스트림 실행 / 기존 확인 25h 계열 / CA1D 입 움직임 효과음 인덱스 설정,,25 2B,25 2B,,,,,CA1D=2B; 다음 주소 E4B8,outside six documented raw segments
1111,1,E4B8,서브스트림 실행 / 기존 확인 17h 계열 / 서브스트림 복귀,,17,17,,,,,17h 복귀 → E193,outside six documented raw segments
1112,1,E18F~E190,패치 슬롯 0674 | 문장부호 | ・,・,81 45,81 45,,81 45,61 16,0x0299F | 0x029A0,원본 분석표 1114번 E193~E194 → 현재 E18F~E190; 번역 24-001/011 · ・ / 토큰 81 45 / PC-88 가운데점 토큰,mapped from six runtime-analysis RAM/raw formulas
1113,1,E191~E192,패치 슬롯 0675 | 문장부호 | ・,・,81 45,81 45,,81 45,A5 E4,0x029A1 | 0x029A2,원본 분석표 1115번 E195~E196 → 현재 E191~E192; 번역 24-002/011 · ・ / 토큰 81 45 / PC-88 가운데점 토큰,mapped from six runtime-analysis RAM/raw formulas
1114,1,E193~E194,패치 슬롯 0676 | 문장부호 | ・,・,81 45,81 45,,81 45,81 45,0x029A3 | 0x029A4,원본 분석표 1116번 E197~E198 → 현재 E193~E194; 번역 24-003/011 · ・ / 토큰 81 45 / PC-88 가운데점 토큰,mapped from six runtime-analysis RAM/raw formulas
1115,1,E195~E196,기존 확인 06h 계열 / 상태 설정,,06 06,06 06,,,81 45,0x029A5 | 0x029A6,원본 분석표 1117번 E199~E19A → 현재 E195~E196; 파라미터 06; 다음 본류 E19B,mapped from six runtime-analysis RAM/raw formulas
1116,1,E197~E198,런타임 확인 01h 계열 제어토큰,,01 0E,01 0E,,,81 45,0x029A7 | 0x029A8,원본 분석표 1118번 E19B~E19C → 현재 E197~E198; 인자 0E; 다음 본류 E19D,mapped from six runtime-analysis RAM/raw formulas
1117,1,E199~E19A,패치 슬롯 0677 | 전각 공백 | ␠,␠,81 40,81 40,,81 40,06 06,0x029A9 | 0x029AA,원본 분석표 1119번 E19D~E19E=8A 4F(外) → 패치 E199~E19A=81 40(␠); 번역 24-004/011 · ␠ / 토큰 81 40 / PC-88 전각 공백 토큰,mapped from six runtime-analysis RAM/raw formulas
1118,1,E19B~E19C,패치 슬롯 0678 | 한글 문자 | 벗,벗,8A BF,89 D8,246,89 D8,01 0E,0x029AB | 0x029AC,원본 분석표 1120번 E19F~E1A0=82 B5(し) → 패치 E19B~E19C=8A BF(벗); 번역 24-005/011 · 벗 / 토큰 8A BF / KANJI A810 / 가나다순 492,mapped from six runtime-analysis RAM/raw formulas
1119,1,E19D~E19E,패치 슬롯 0679 | 한글 문자 | 었,었,89 6F,8A 71,332,8A 71,8A 4F,0x029AD | 0x029AE,원본 분석표 1121번 E1A1~E1A2=82 BD(た) → 패치 E19D~E19E=89 6F(었); 번역 24-006/011 · 었 / 토큰 89 6F / KANJI A300 / 가나다순 238,mapped from six runtime-analysis RAM/raw formulas
1120,1,E19F~E1A0,패치 슬롯 0680 | 한글 문자 | 어,어,89 6C,8A 6A,325,8A 6A,82 B5,0x029AF | 0x029B0,원본 분석표 1122번 E1A3~E1A4=82 ED(わ) → 패치 E19F~E1A0=89 6C(어); 번역 24-007/011 · 어 / 토큰 89 6C / KANJI A2D0 / 가나다순 235,mapped from six runtime-analysis RAM/raw formulas
1121,1,E1A1~E1A2,패치 슬롯 0681 | 문장부호 | ・,・,81 45,81 45,,81 45,82 BD,0x029B1 | 0x029B2,원본 분석표 1123번 E1A5~E1A6 → 현재 E1A1~E1A2; 번역 24-008/011 · ・ / 토큰 81 45 / PC-88 가운데점 토큰,mapped from six runtime-analysis RAM/raw formulas
1122,1,E1A3~E1A4,패치 슬롯 0682 | 문장부호 | ・,・,81 45,81 45,,81 45,82 ED,0x029B3 | 0x029B4,원본 분석표 1124번 E1A7~E1A8 → 현재 E1A3~E1A4; 번역 24-009/011 · ・ / 토큰 81 45 / PC-88 가운데점 토큰,mapped from six runtime-analysis RAM/raw formulas
1123,1,E1A5~E1A6,패치 슬롯 0683 | 문장부호 | ・,・,81 45,81 45,,81 45,81 45,0x029B5 | 0x029B6,원본 분석표 1125번 E1A9~E1AA → 현재 E1A5~E1A6; 번역 24-010/011 · ・ / 토큰 81 45 / PC-88 가운데점 토큰,mapped from six runtime-analysis RAM/raw formulas
1124,1,E1A7~E1A8,패치 슬롯 0684 | 문장부호 | 。,。,81 42,81 42,,81 42,81 45,0x029B7 | 0x029B8,원본 분석표 1126번 E1AB~E1AC → 현재 E1A7~E1A8; 번역 24-011/011 · 。 / 토큰 81 42 / PC-88 전각 마침표 토큰,mapped from six runtime-analysis RAM/raw formulas
1125,1,E1A9,런타임 확인 11h 계열 제어토큰,,11,11,,,81,0x029B9,원본 분석표 1127번 E1AD → 현재 E1A9; 1바이트 독립 토큰; C0A2 E1AD→E1AE 확인; 다음 본류 E1AE,mapped from six runtime-analysis RAM/raw formulas
1126,1,E1AA~E1AB,런타임 확인 06h 계열 / 상태 설정,,06 0E,06 0E,,,45 81,0x029BA | 0x029BB,원본 분석표 1128번 E1AE~E1AF → 현재 E1AA~E1AB; 파라미터 0E; C0A2 E1AE→E1B0 확인; 다음 본류 E1B0,mapped from six runtime-analysis RAM/raw formulas
1127,1,E1AC~E1AE,기존 확인 16h 계열 / 서브스트림 호출·전환 → E4F4,,16 F4 E4,16 F4 E4,,,42 11 06,0x029BC | 0x029BD | 0x029BE,원본 분석표 1129번 E1B0~E1B2 → 현재 E1AC~E1AE; 16h 호출 → E4F4; 복귀 주소 E1B3,mapped from six runtime-analysis RAM/raw formulas
1128,1,E4F4~E4F8,서브스트림 실행 / 기존 확인 0Fh 계열 제어토큰,,0F 02 1A 04 0D,0F 02 1A 04 0D,,,,,인자 02 1A 04 0D; 다음 주소 E4F9,outside six documented raw segments
1129,1,E4F9~E4FB,서브스트림 실행 / 기존 확인 16h 계열 / 서브스트림 호출·전환 → E630,,16 30 E6,16 30 E6,,,,,16h 호출 → E630; 복귀 주소 E4FC,outside six documented raw segments
1130,1,E630~E632,서브스트림 실행 / 기존 확인 1Eh 계열 / 간접 CALL,,1E 3C 08,1E 3C 08,,,,,호출 대상 083C; 처리 후 다음 주소 E633,outside six documented raw segments
1131,1,E633~E638,서브스트림 실행 / 기존 확인 05h 계열 / 영역·좌표 상태 설정·전개,,05 16 86 3A 9E 00,05 16 86 3A 9E 00,,,,,처리 후 다음 주소 E639; 내부 16 86 3A는 인자,outside six documented raw segments
1132,1,E639~E63D,서브스트림 실행 / 기존 확인 0Eh 계열 / 화면·버퍼 초기화·전개,,0E 16 20 24 80,0E 16 20 24 80,,,,,처리 후 다음 주소 E63E; 내부 16 20 24는 인자,outside six documented raw segments
1133,1,E63E,서브스트림 실행 / 기존 확인 17h 계열 / 서브스트림 복귀,,17,17,,,,,17h 복귀 → E4FC,outside six documented raw segments
1134,1,E4FC~E4FE,서브스트림 실행 / 기존 확인 13h 계열 제어토큰,,13 1F E7,13 1F E7,,,,,인자 1F E7; 다음 주소 E4FF,outside six documented raw segments
1135,1,E4FF~E502,서브스트림 실행 / 기존 확인 14h 계열 / 버퍼·영역 처리,,14 00 16 22,14 00 16 22,,,,,인자 00 16 22; 다음 주소 E503,outside six documented raw segments
1136,1,E503~E506,서브스트림 실행 / 기존 확인 14h 계열 / 버퍼·영역 처리,,14 01 3B 00,14 01 3B 00,,,,,인자 01 3B 00; 다음 주소 E507,outside six documented raw segments
1137,1,E507~E50A,서브스트림 실행 / 기존 확인 04h 계열 / CAA8 슬롯 포인터 설정,,04 E3 E7 41,04 E3 E7 41,,,,,E7E3 포인터를 41h 슬롯에 설정; 다음 주소 E50B,outside six documented raw segments
1138,1,E50B~E50E,서브스트림 실행 / 기존 확인 04h 계열 / CAA8 슬롯 포인터 설정,,04 ED E7 42,04 ED E7 42,,,,,E7ED 포인터를 42h 슬롯에 설정; 다음 주소 E50F,outside six documented raw segments
1139,1,E50F~E512,서브스트림 실행 / 기존 확인 04h 계열 / CAA8 슬롯 포인터 설정,,04 F7 E7 44,04 F7 E7 44,,,,,E7F7 포인터를 44h 슬롯에 설정; 다음 주소 E513,outside six documented raw segments
1140,1,E513~E516,서브스트림 실행 / 기존 확인 04h 계열 / CAA8 슬롯 포인터 설정,,04 15 E8 43,04 15 E8 43,,,,,E815 포인터를 43h 슬롯에 설정; 다음 주소 E517,outside six documented raw segments
1141,1,E517~E51A,서브스트림 실행 / 기존 확인 04h 계열 / CAA8 슬롯 포인터 설정,,04 01 E8 45,04 01 E8 45,,,,,E801 포인터를 45h 슬롯에 설정; 다음 주소 E51B,outside six documented raw segments
1142,1,E51B~E51E,서브스트림 실행 / 기존 확인 04h 계열 / CAA8 슬롯 포인터 설정,,04 0B E8 46,04 0B E8 46,,,,,E80B 포인터를 46h 슬롯에 설정; 다음 주소 E51F,outside six documented raw segments
1143,1,E51F~E520,서브스트림 실행 / 기존 확인 25h 계열 / CA1D 입 움직임 효과음 인덱스 설정,,25 2D,25 2D,,,,,CA1D=2D; 다음 주소 E521,outside six documented raw segments
1144,1,E521,서브스트림 실행 / 기존 확인 17h 계열 / 서브스트림 복귀,,17,17,,,,,17h 복귀 → E1B3,outside six documented raw segments
1145,1,E1AF,기존 확인 41~50h 계열 / CAA8[1] 슬롯 실행,,42,42,,,0E,0x029BF,원본 분석표 1147번 E1B3 → 현재 E1AF; 슬롯 토큰 42; 다음 본류 E1B4,mapped from six runtime-analysis RAM/raw formulas
1146,1,E1B0,기존 확인 41~50h 계열 / CAA8[3] 슬롯 실행,,44,44,,,16,0x029C0,원본 분석표 1148번 E1B4 → 현재 E1B0; 슬롯 토큰 44; 다음 본류 E1B5,mapped from six runtime-analysis RAM/raw formulas
1147,1,E1B1~E1B2,패치 슬롯 0685 | 한글 문자 | 제,제,89 A1,8A BB,405,8A BB,F4 E4,0x029C1 | 0x029C2,원본 분석표 1149번 E1B5~E1B6=82 C8(な) → 패치 E1B1~E1B2=89 A1(제); 번역 25-001/035 · 제 / 토큰 89 A1 / KANJI 6430 / 가나다순 291,mapped from six runtime-analysis RAM/raw formulas
1148,1,E1B3~E1B4,패치 슬롯 0686 | 한글 문자 | 법,법,8A 98,89 D7,245,89 D7,42 44,0x029C3 | 0x029C4,원본 분석표 1150번 E1B7~E1B8=82 A9(か) → 패치 E1B3~E1B4=8A 98(법); 번역 25-002/035 · 법 / 토큰 8A 98 / KANJI E780 / 가나다순 453,mapped from six runtime-analysis RAM/raw formulas
1149,1,E1B5,기존 확인 41~50h 계열 / CAA8[5] 슬롯 실행,,46,46,,,82,0x029C5,원본 분석표 1153번 E1BD → 현재 E1B5; 슬롯 토큰 46; 다음 본류 E1BE,mapped from six runtime-analysis RAM/raw formulas
1150,1,E1B6~E1B7,패치 슬롯 0687 | 전각 공백 | ␠,␠,81 40,81 40,,81 40,C8 82,0x029C6 | 0x029C7,원본 분석표 1154번 E1BE~E1BF=94 FC(美) → 패치 E1B6~E1B7=81 40(␠); 번역 25-003/035 · ␠ / 토큰 81 40 / PC-88 전각 공백 토큰,mapped from six runtime-analysis RAM/raw formulas
1151,1,E1B8~E1B9,패치 슬롯 0688 | 한글 문자 | 보,보,88 F4,89 DB,249,89 DB,A9 82,0x029C8 | 0x029C9,원본 분석표 1155번 E1C0~E1C1=82 B5(し) → 패치 E1B8~E1B9=88 F4(보); 번역 25-004/035 · 보 / 토큰 88 F4 / KANJI E160 / 가나다순 179,mapped from six runtime-analysis RAM/raw formulas
1152,1,E1BA~E1BB,패치 슬롯 0689 | 한글 문자 | 기,기,82 C1,88 D5,55,88 D5,C8 82,0x029CA | 0x029CB,원본 분석표 1156번 E1C2~E1C3=82 A2(い) → 패치 E1BA~E1BB=82 C1(기); 번역 25-005/035 · 기 / 토큰 82 C1 / KANJI 2830 / 가나다순 39,mapped from six runtime-analysis RAM/raw formulas
1153,1,E1BC~E1BD,패치 슬롯 0690 | 전각 공백 | ␠,␠,81 40,81 40,,81 40,A9 46,0x029CC | 0x029CD,원본 분석표 1157번 E1C4~E1C5=92 AD(眺) → 패치 E1BC~E1BD=81 40(␠); 번역 25-006/035 · ␠ / 토큰 81 40 / PC-88 전각 공백 토큰,mapped from six runtime-analysis RAM/raw formulas
1154,1,E1BE~E1BF,패치 슬롯 0691 | 한글 문자 | 좋,좋,89 A7,8A C4,414,8A C4,94 FC,0x029CE | 0x029CF,원본 분석표 1158번 E1C6~E1C7=82 DF(め) → 패치 E1BE~E1BF=89 A7(좋); 번역 25-007/035 · 좋 / 토큰 89 A7 / KANJI 6490 / 가나다순 297,mapped from six runtime-analysis RAM/raw formulas
1155,1,E1C0~E1C1,패치 슬롯 0692 | 한글 문자 | 구,구,82 B7,88 C7,41,88 C7,82 B5,0x029D0 | 0x029D1,원본 분석표 1159번 E1C8~E1C9=82 BE(だ) → 패치 E1C0~E1C1=82 B7(구); 번역 25-008/035 · 구 / 토큰 82 B7 / KANJI 1990 / 가나다순 28,mapped from six runtime-analysis RAM/raw formulas
1156,1,E1C2~E1C3,패치 슬롯 0693 | 한글 문자 | 나,나,82 CE,88 E8,74,88 E8,82 A2,0x029D2 | 0x029D3,편집기 추가 행; 번역 25-009/035 · 나 / 토큰 82 CE / KANJI 2900 / 가나다순 52,mapped from six runtime-analysis RAM/raw formulas
1157,1,E1C4,기존 확인 41~50h 계열 / CAA8[3] 슬롯 실행,,44,44,,,92,0x029D4,원본 분석표 1160번 E1CA → 현재 E1C4; 슬롯 토큰 44; 다음 본류 E1CB,mapped from six runtime-analysis RAM/raw formulas
1158,1,E1C5~E1C6,패치 슬롯 0694 | 문장부호 | 。,。,81 42,81 42,,81 42,AD 82,0x029D5 | 0x029D6,원본 분석표 1161번 E1CB~E1CC → 현재 E1C5~E1C6; 번역 25-010/035 · 。 / 토큰 81 42 / PC-88 전각 마침표 토큰,mapped from six runtime-analysis RAM/raw formulas
1159,1,E1C7~E1C8,패치 슬롯 0695 | 한글 문자 | 이,이,89 8D,8A A2,380,8A A2,DF 82,0x029D7 | 0x029D8,원본 분석표 1162번 E1CD~E1CE=82 B1(こ) → 패치 E1C7~E1C8=89 8D(이); 번역 25-011/035 · 이 / 토큰 89 8D / KANJI E2D0 / 가나다순 268,mapped from six runtime-analysis RAM/raw formulas
1160,1,E1C9~E1CA,패치 슬롯 0696 | 한글 문자 | 것,것,82 AA,88 B0,18,88 B0,BE 44,0x029D9 | 0x029DA,원본 분석표 1163번 E1CF~E1D0=82 EA(れ) → 패치 E1C9~E1CA=82 AA(것); 번역 25-012/035 · 것 / 토큰 82 AA / KANJI 18C0 / 가나다순 12,mapped from six runtime-analysis RAM/raw formulas
1161,1,E1CB~E1CC,패치 슬롯 0697 | 한글 문자 | 으,으,89 88,8A 9B,373,8A 9B,81 42,0x029DB | 0x029DC,원본 분석표 1164번 E1D1~E1D2=82 C5(で) → 패치 E1CB~E1CC=89 88(으); 번역 25-013/035 · 으 / 토큰 89 88 / KANJI E280 / 가나다순 263,mapped from six runtime-analysis RAM/raw formulas
1162,1,E1CD~E1CE,패치 슬롯 0698 | 한글 문자 | 로,로,88 C5,89 99,183,89 99,82 B1,0x029DD | 0x029DE,편집기 추가 행; 번역 25-014/035 · 로 / 토큰 88 C5 / KANJI A070 / 가나다순 130,mapped from six runtime-analysis RAM/raw formulas
1163,1,E1CF,기존 확인 41~50h 계열 / CAA8[5] 슬롯 실행,,46,46,,,82,0x029DF,원본 분석표 1165번 E1D3 → 현재 E1CF; 슬롯 토큰 46; 다음 본류 E1D4,mapped from six runtime-analysis RAM/raw formulas
1164,1,E1D0~E1D1,패치 슬롯 0699 | 전각 공백 | ␠,␠,81 40,81 40,,81 40,EA 82,0x029E0 | 0x029E1,원본 분석표 1170번 E1DC~E1DD=81 41(、) → 패치 E1D0~E1D1=81 40(␠); 번역 25-015/035 · ␠ / 토큰 81 40 / PC-88 전각 공백 토큰,mapped from six runtime-analysis RAM/raw formulas
1165,1,E1D2~E1D3,패치 슬롯 0700 | 한글 문자 | 네,네,82 D9,88 F8,90,88 F8,C5 46,0x029E2 | 0x029E3,원본 분석표 1171번 E1DE~E1DF=82 BD(た) → 패치 E1D2~E1D3=82 D9(네); 번역 25-016/035 · 네 / 토큰 82 D9 / KANJI 29B0 / 가나다순 64,mapped from six runtime-analysis RAM/raw formulas
1166,1,E1D4~E1D5,패치 슬롯 0701 | 한글 문자 | 년,년,82 DB,88 FB,93,88 FB,82 A8,0x029E4 | 0x029E5,원본 분석표 1172번 E1E0~E1E1=82 BE(だ) → 패치 E1D4~E1D5=82 DB(년); 번역 25-017/035 · 년 / 토큰 82 DB / KANJI 29D0 / 가나다순 66,mapped from six runtime-analysis RAM/raw formulas
1167,1,E1D6~E1D7,패치 슬롯 0702 | 한글 문자 | 은,은,89 89,8A 9D,375,8A 9D,82 DC,0x029E6 | 0x029E7,원본 분석표 1173번 E1E2~E1E3=82 CC(の) → 패치 E1D6~E1D7=89 89(은); 번역 25-018/035 · 은 / 토큰 89 89 / KANJI E290 / 가나다순 264,mapped from six runtime-analysis RAM/raw formulas
1168,1,E1D8~E1D9,패치 슬롯 0703 | 한글 문자 | 그,그,82 BD,88 CF,49,88 CF,82 A6,0x029E8 | 0x029E9,원본 분석표 1175번 E1E6~E1E7=96 BA(娘) → 패치 E1D8~E1D9=82 BD(그); 번역 25-019/035 · 그 / 토큰 82 BD / KANJI 19F0 / 가나다순 34,mapped from six runtime-analysis RAM/raw formulas
1169,1,E1DA~E1DB,패치 슬롯 0704 | 한글 문자 | 저,저,89 9B,8A B5,399,8A B5,82 CD,0x029EA | 0x029EB,원본 분석표 1176번 E1E8~E1E9=93 AF(同) → 패치 E1DA~E1DB=89 9B(저); 번역 25-020/035 · 저 / 토큰 89 9B / KANJI E3B0 / 가나다순 285,mapped from six runtime-analysis RAM/raw formulas
1170,1,E1DC~E1DD,패치 슬롯 0705 | 전각 공백 | ␠,␠,81 40,81 40,,81 40,81 41,0x029EC | 0x029ED,원본 분석표 1177번 E1EA~E1EB=91 52(然) → 패치 E1DC~E1DD=81 40(␠); 번역 25-021/035 · ␠ / 토큰 81 40 / PC-88 전각 공백 토큰,mapped from six runtime-analysis RAM/raw formulas
1171,1,E1DE~E1DF,패치 슬롯 0706 | 한글 문자 | 하,하,89 E2,8B 72,521,8B 72,82 BD,0x029EE | 0x029EF,편집기 추가 행; 번역 25-022/035 · 하 / 토큰 89 E2 / KANJI E440 / 가나다순 362,mapped from six runtime-analysis RAM/raw formulas
1172,1,E1E0~E1E1,패치 슬롯 0707 | 한글 문자 | 찮,찮,8A AC,8A E2,444,8A E2,82 BE,0x029F0 | 0x029F1,편집기 추가 행; 번역 25-023/035 · 찮 / 토큰 8A AC / KANJI 68E0 / 가나다순 473,mapped from six runtime-analysis RAM/raw formulas
1173,1,E1E2~E1E3,패치 슬롯 0708 | 한글 문자 | 은,은,89 89,8A 9D,375,8A 9D,82 CC,0x029F2 | 0x029F3,편집기 추가 행; 번역 25-024/035 · 은 / 토큰 89 89 / KANJI E290 / 가나다순 264,mapped from six runtime-analysis RAM/raw formulas
1174,1,E1E4~E1E5,패치 슬롯 0709 | 전각 공백 | ␠,␠,81 40,81 40,,81 40,8F AC,0x029F4 | 0x029F5,편집기 추가 행; 번역 25-025/035 · ␠ / 토큰 81 40 / PC-88 전각 공백 토큰,mapped from six runtime-analysis RAM/raw formulas
1175,1,E1E6~E1E7,패치 슬롯 0710 | 한글 문자 | 계,계,82 B0,88 BA,28,88 BA,96 BA,0x029F6 | 0x029F7,편집기 추가 행; 번역 25-026/035 · 계 / 토큰 82 B0 / KANJI 1920 / 가나다순 20,mapped from six runtime-analysis RAM/raw formulas
1176,1,E1E8~E1E9,패치 슬롯 0711 | 한글 문자 | 집,집,89 B5,8A D9,435,8A D9,93 AF,0x029F8 | 0x029F9,편집기 추가 행; 번역 25-027/035 · 집 / 토큰 89 B5 / KANJI 6570 / 가나다순 313,mapped from six runtime-analysis RAM/raw formulas
1177,1,E1EA~E1EB,패치 슬롯 0712 | 한글 문자 | 애,애,8A 9C,8A 65,320,8A 65,91 52,0x029FA | 0x029FB,편집기 추가 행; 번역 25-028/035 · 애 / 토큰 8A 9C / KANJI E7C0 / 가나다순 457,mapped from six runtime-analysis RAM/raw formulas
1178,1,E1EC~E1ED,패치 슬롯 0713 | 한글 문자 | 에,에,89 70,8A 72,333,8A 72,81 42,0x029FC | 0x029FD,편집기 추가 행; 번역 25-029/035 · 에 / 토큰 89 70 / KANJI A310 / 가나다순 239,mapped from six runtime-analysis RAM/raw formulas
1179,1,E1EE~E1EF,패치 슬롯 0714 | 전각 공백 | ␠,␠,81 40,81 40,,81 40,62 16,0x029FE | 0x029FF,편집기 추가 행; 번역 25-030/035 · ␠ / 토큰 81 40 / PC-88 전각 공백 토큰,mapped from six runtime-analysis RAM/raw formulas
1180,1,E1F0~E1F1,패치 슬롯 0715 | 한글 문자 | 불,불,88 FC,89 E3,257,89 E3,FF E5,0x02A00 | 0x02A01,편집기 추가 행; 번역 25-031/035 · 불 / 토큰 88 FC / KANJI E1E0 / 가나다순 187,mapped from six runtime-analysis RAM/raw formulas
1181,1,E1F2~E1F3,패치 슬롯 0716 | 한글 문자 | 과,과,82 B4,88 C2,36,88 C2,25 2D,0x02A02 | 0x02A03,편집기 추가 행; 번역 25-032/035 · 과 / 토큰 82 B4 / KANJI 1960 / 가나다순 25,mapped from six runtime-analysis RAM/raw formulas
1182,1,E1F4~E1F5,패치 슬롯 0717 | 한글 문자 | 하,하,89 E2,8B 72,521,8B 72,42 82,0x02A04 | 0x02A05,편집기 추가 행; 번역 25-033/035 · 하 / 토큰 89 E2 / KANJI E440 / 가나다순 362,mapped from six runtime-analysis RAM/raw formulas
1183,1,E1F6~E1F7,패치 슬롯 0718 | 한글 문자 | 다,다,82 E7,89 50,111,89 50,C5 82,0x02A06 | 0x02A07,편집기 추가 행; 번역 25-034/035 · 다 / 토큰 82 E7 / KANJI 3890 / 가나다순 78,mapped from six runtime-analysis RAM/raw formulas
1184,1,E1F8~E1F9,패치 슬롯 0719 | 문장부호 | 。,。,81 42,81 42,,81 42,CD 81,0x02A08 | 0x02A09,원본 분석표 1178번 E1EC~E1ED → 현재 E1F8~E1F9; 번역 25-035/035 · 。 / 토큰 81 42 / PC-88 전각 마침표 토큰,mapped from six runtime-analysis RAM/raw formulas
1185,1,E1FA,기존 확인 61~70h 계열 / CAA8[1] 작업슬롯 비활성화,,62,62,,,41,0x02A0A,원본 분석표 1179번 E1EE → 현재 E1FA; 비활성화 토큰 62; 다음 본류 E1EF,mapped from six runtime-analysis RAM/raw formulas
1186,1,E1FB~E1FD,기존 확인 16h 계열 / 서브스트림 호출·전환 → E5FF,,16 FF E5,16 FF E5,,,96 F1 91,0x02A0B | 0x02A0C | 0x02A0D,원본 분석표 1180번 E1EF~E1F1 → 현재 E1FB~E1FD; 16h 호출 → E5FF; 복귀 주소 E1F2,mapped from six runtime-analysis RAM/raw formulas
1187,1,E5FF~E603,서브스트림 실행 / 기존 확인 0Fh 계열 제어토큰,,0F 04 0D 05 0B,0F 04 0D 05 0B,,,,,인자 04 0D 05 0B; 다음 주소 E604,outside six documented raw segments
1188,1,E604~E606,서브스트림 실행 / 기존 확인 16h 계열 / 서브스트림 호출·전환 → E630,,16 30 E6,16 30 E6,,,,,16h 호출 → E630; 복귀 주소 E607,outside six documented raw segments
1189,1,E630~E632,서브스트림 실행 / 기존 확인 1Eh 계열 / 간접 CALL,,1E 3C 08,1E 3C 08,,,,,호출 대상 083C; 처리 후 다음 주소 E633,outside six documented raw segments
1190,1,E633~E638,서브스트림 실행 / 기존 확인 05h 계열 / 영역·좌표 상태 설정·전개,,05 16 86 3A 9E 00,05 16 86 3A 9E 00,,,,,처리 후 다음 주소 E639; 내부 16 86 3A는 인자,outside six documented raw segments
1191,1,E639~E63D,서브스트림 실행 / 기존 확인 0Eh 계열 / 화면·버퍼 초기화·전개,,0E 16 20 24 80,0E 16 20 24 80,,,,,처리 후 다음 주소 E63E; 내부 16 20 24는 인자,outside six documented raw segments
1192,1,E63E,서브스트림 실행 / 기존 확인 17h 계열 / 서브스트림 복귀,,17,17,,,,,17h 복귀 → E607,outside six documented raw segments
1193,1,E607~E609,서브스트림 실행 / 기존 확인 13h 계열 제어토큰,,13 CF E6,13 CF E6,,,,,인자 CF E6; 다음 주소 E60A,outside six documented raw segments
1194,1,E60A~E60D,서브스트림 실행 / 기존 확인 14h 계열 / 버퍼·영역 처리,,14 00 16 22,14 00 16 22,,,,,인자 00 16 22; 다음 주소 E60E,outside six documented raw segments
1195,1,E60E~E611,서브스트림 실행 / 기존 확인 14h 계열 / 버퍼·영역 처리,,14 01 3B 00,14 01 3B 00,,,,,인자 01 3B 00; 다음 주소 E612,outside six documented raw segments
1196,1,E612~E615,서브스트림 실행 / 기존 확인 04h 계열 / CAA8 슬롯 포인터 설정,,04 33 E8 41,04 33 E8 41,,,,,E833 포인터를 41h 슬롯에 설정; 다음 주소 E616,outside six documented raw segments
1197,1,E616~E619,서브스트림 실행 / 기존 확인 04h 계열 / CAA8 슬롯 포인터 설정,,04 29 E8 42,04 29 E8 42,,,,,E829 포인터를 42h 슬롯에 설정; 다음 주소 E61A,outside six documented raw segments
1198,1,E61A~E61B,서브스트림 실행 / 기존 확인 25h 계열 / CA1D 입 움직임 효과음 인덱스 설정,,25 2E,25 2E,,,,,CA1D=2E; 다음 주소 E61C,outside six documented raw segments
1199,1,E61C,서브스트림 실행 / 기존 확인 17h 계열 / 서브스트림 복귀,,17,17,,,,,17h 복귀 → E1F2,outside six documented raw segments
1200,1,E1FE~E1FF,기존 확인 25h 계열 / CA1D 입 움직임 효과음 인덱스 설정,,25 2D,25 2D,,,A9 82,0x02A0E | 0x02A0F,원본 분석표 1194번 E1F2~E1F3 → 현재 E1FE~E1FF; CA1D=2D; 다음 본류 E1F4,mapped from six runtime-analysis RAM/raw formulas
1201,1,E200,기존 확인 41~50h 계열 / CAA8[1] 슬롯 실행,,42,42,,,C7,0x02A10,원본 분석표 1195번 E1F4 → 현재 E200; 슬롯 토큰 42; 다음 본류 E1F5,mapped from six runtime-analysis RAM/raw formulas
1202,1,E201~E202,패치 슬롯 0720 | 한글 문자 | 그,그,82 BD,88 CF,49,88 CF,82 A8,0x02A11 | 0x02A12,원본 분석표 1197번 E1F7~E1F8=82 CD(は) → 패치 E201~E202=82 BD(그); 번역 26-001/018 · 그 / 토큰 82 BD / KANJI 19F0 / 가나다순 34,mapped from six runtime-analysis RAM/raw formulas
1203,1,E203~E204,패치 슬롯 0721 | 한글 문자 | 럼,럼,88 BE,89 8F,173,89 8F,82 E8,0x02A13 | 0x02A14,원본 분석표 1198번 E1F9~E1FA=81 41(、) → 패치 E203~E204=88 BE(럼); 번역 26-002/018 · 럼 / 토큰 88 BE / KANJI A000 / 가나다순 123,mapped from six runtime-analysis RAM/raw formulas
1204,1,E205~E206,패치 슬롯 0722 | 문장부호 | 、,、,81 41,81 41,,81 41,81 41,0x02A15 | 0x02A16,원본 분석표 1199번 E1FB~E1FC=96 F1(約) → 패치 E205~E206=81 41(、); 번역 26-003/018 · 、 / 토큰 81 41 / PC-88 전각 쉼표 토큰,mapped from six runtime-analysis RAM/raw formulas
1205,1,E207~E208,패치 슬롯 0723 | 한글 문자 | 약,약,8A 72,8A 67,322,8A 67,82 B1,0x02A17 | 0x02A18,원본 분석표 1200번 E1FD~E1FE=91 A9(束) → 패치 E207~E208=8A 72(약); 번역 26-004/018 · 약 / 토큰 8A 72 / KANJI A730 / 가나다순 416,mapped from six runtime-analysis RAM/raw formulas
1206,1,E209~E20A,패치 슬롯 0724 | 한글 문자 | 속,속,89 51,8A 41,284,8A 41,82 A2,0x02A19 | 0x02A1A,원본 분석표 1201번 E1FF~E200=82 C7(ど) → 패치 E209~E20A=89 51(속); 번역 26-005/018 · 속 / 토큰 89 51 / KANJI 6320 / 가나다순 205,mapped from six runtime-analysis RAM/raw formulas
1207,1,E20B~E20C,패치 슬롯 0725 | 한글 문자 | 대,대,82 EC,89 57,118,89 57,82 C2,0x02A1B | 0x02A1C,원본 분석표 1202번 E201~E202=82 A8(お) → 패치 E20B~E20C=82 EC(대); 번역 26-006/018 · 대 / 토큰 82 EC / KANJI 38E0 / 가나다순 84,mapped from six runtime-analysis RAM/raw formulas
1208,1,E20D~E20E,패치 슬롯 0726 | 한글 문자 | 로,로,88 C5,89 99,183,89 99,82 F0,0x02A1D | 0x02A1E,원본 분석표 1203번 E203~E204=82 E8(り) → 패치 E20D~E20E=88 C5(로); 번역 26-007/018 · 로 / 토큰 88 C5 / KANJI A070 / 가나다순 130,mapped from six runtime-analysis RAM/raw formulas
1209,1,E20F~E210,패치 슬롯 0727 | 전각 공백 | ␠,␠,81 40,81 40,,81 40,97 BF,0x02A1F | 0x02A20,원본 분석표 1204번 E205~E206=81 41(、) → 패치 E20F~E210=81 40(␠); 번역 26-008/018 · ␠ / 토큰 81 40 / PC-88 전각 공백 토큰,mapped from six runtime-analysis RAM/raw formulas
1210,1,E211~E212,패치 슬롯 0728 | 한글 문자 | 이,이,89 8D,8A A2,380,8A A2,97 9D,0x02A21 | 0x02A22,원본 분석표 1205번 E207~E208=82 B1(こ) → 패치 E211~E212=89 8D(이); 번역 26-009/018 · 이 / 토큰 89 8D / KANJI E2D0 / 가나다순 268,mapped from six runtime-analysis RAM/raw formulas
1211,1,E213~E214,패치 슬롯 0729 | 한글 문자 | 년,년,82 DB,88 FB,93,88 FB,82 B5,0x02A23 | 0x02A24,원본 분석표 1206번 E209~E20A=82 A2(い) → 패치 E213~E214=82 DB(년); 번역 26-010/018 · 년 / 토큰 82 DB / KANJI 29D0 / 가나다순 66,mapped from six runtime-analysis RAM/raw formulas
1212,1,E215~E216,패치 슬롯 0730 | 한글 문자 | 을,을,89 8A,8A 9E,376,8A 9E,82 C4,0x02A25 | 0x02A26,원본 분석표 1207번 E20B~E20C=82 C2(つ) → 패치 E215~E216=89 8A(을); 번역 26-011/018 · 을 / 토큰 89 8A / KANJI E2A0 / 가나다순 265,mapped from six runtime-analysis RAM/raw formulas
1213,1,E217~E218,패치 슬롯 0731 | 전각 공백 | ␠,␠,81 40,81 40,,81 40,82 AD,0x02A27 | 0x02A28,원본 분석표 1208번 E20D~E20E=82 F0(を) → 패치 E217~E218=81 40(␠); 번역 26-012/018 · ␠ / 토큰 81 40 / PC-88 전각 공백 토큰,mapped from six runtime-analysis RAM/raw formulas
1214,1,E219~E21A,패치 슬롯 0732 | 한글 문자 | 처,처,89 BA,8A E7,449,8A E7,82 EA,0x02A29 | 0x02A2A,원본 분석표 1209번 E20F~E210=97 BF(料) → 패치 E219~E21A=89 BA(처); 번역 26-013/018 · 처 / 토큰 89 BA / KANJI 65C0 / 가나다순 319,mapped from six runtime-analysis RAM/raw formulas
1215,1,E21B~E21C,패치 슬롯 0733 | 한글 문자 | 리,리,88 CC,89 A4,194,89 A4,82 E9,0x02A2B | 0x02A2C,원본 분석표 1210번 E211~E212=97 9D(理) → 패치 E21B~E21C=88 CC(리); 번역 26-014/018 · 리 / 토큰 88 CC / KANJI A0E0 / 가나다순 137,mapped from six runtime-analysis RAM/raw formulas
1216,1,E21D~E21E,패치 슬롯 0734 | 한글 문자 | 해,해,89 E8,8B 79,528,8B 79,81 49,0x02A2D | 0x02A2E,원본 분석표 1211번 E213~E214=82 B5(し) → 패치 E21D~E21E=89 E8(해); 번역 26-015/018 · 해 / 토큰 89 E8 / KANJI E4A0 / 가나다순 369,mapped from six runtime-analysis RAM/raw formulas
1217,1,E21F~E220,패치 슬롯 0735 | 한글 문자 | 주,주,89 AA,8A C8,418,8A C8,62 16,0x02A2F | 0x02A30,원본 분석표 1212번 E215~E216=82 C4(て) → 패치 E21F~E220=89 AA(주); 번역 26-016/018 · 주 / 토큰 89 AA / KANJI 64C0 / 가나다순 300,mapped from six runtime-analysis RAM/raw formulas
1218,1,E221~E222,패치 슬롯 0736 | 한글 문자 | 마,마,88 D1,89 AA,200,89 AA,E6 E5,0x02A31 | 0x02A32,원본 분석표 1213번 E217~E218=82 AD(く) → 패치 E221~E222=88 D1(마); 번역 26-017/018 · 마 / 토큰 88 D1 / KANJI A130 / 가나다순 142,mapped from six runtime-analysis RAM/raw formulas
1219,1,E223~E224,패치 슬롯 0737 | 문장부호 | ！,！,81 49,81 49,,81 49,41 42,0x02A33 | 0x02A34,원본 분석표 1216번 E21D~E21E → 현재 E223~E224; 번역 26-018/018 · ！ / 토큰 81 49 / PC-88 전각 느낌표 토큰,mapped from six runtime-analysis RAM/raw formulas
1220,1,E225,기존 확인 61~70h 계열 / CAA8[1] 작업슬롯 비활성화,,62,62,,,83,0x02A35,원본 분석표 1217번 E21F → 현재 E225; 비활성화 토큰 62; 다음 본류 E220,mapped from six runtime-analysis RAM/raw formulas
1221,1,E226~E228,기존 확인 16h 계열 / 서브스트림 호출·전환 → E5E6,,16 E6 E5,16 E6 E5,,,81 83 4B,0x02A36 | 0x02A37 | 0x02A38,원본 분석표 1218번 E220~E222 → 현재 E226~E228; 16h 호출 → E5E6; 복귀 주소 E223,mapped from six runtime-analysis RAM/raw formulas
1222,1,E5E6~E5EA,서브스트림 실행 / 기존 확인 0Fh 계열 제어토큰,,0F 02 18 05 09,0F 02 18 05 09,,,,,인자 02 18 05 09; 다음 주소 E5EB,outside six documented raw segments
1223,1,E5EB~E5ED,서브스트림 실행 / 기존 확인 16h 계열 / 서브스트림 호출·전환 → E630,,16 30 E6,16 30 E6,,,,,16h 호출 → E630; 복귀 주소 E5EE,outside six documented raw segments
1224,1,E630~E632,서브스트림 실행 / 기존 확인 1Eh 계열 / 간접 CALL,,1E 3C 08,1E 3C 08,,,,,호출 대상 083C; 처리 후 다음 주소 E633,outside six documented raw segments
1225,1,E633~E638,서브스트림 실행 / 기존 확인 05h 계열 / 영역·좌표 상태 설정·전개,,05 16 86 3A 9E 00,05 16 86 3A 9E 00,,,,,처리 후 다음 주소 E639; 내부 16 86 3A는 인자,outside six documented raw segments
1226,1,E639~E63D,서브스트림 실행 / 기존 확인 0Eh 계열 / 화면·버퍼 초기화·전개,,0E 16 20 24 80,0E 16 20 24 80,,,,,처리 후 다음 주소 E63E; 내부 16 20 24는 인자,outside six documented raw segments
1227,1,E63E,서브스트림 실행 / 기존 확인 17h 계열 / 서브스트림 복귀,,17,17,,,,,17h 복귀 → E5EE,outside six documented raw segments
1228,1,E5EE~E5F0,서브스트림 실행 / 기존 확인 13h 계열 제어토큰,,13 EF E6,13 EF E6,,,,,인자 EF E6; 다음 주소 E5F1,outside six documented raw segments
1229,1,E5F1~E5F3,서브스트림 실행 / 기존 확인 10h 계열 제어토큰,,10 16 22,10 16 22,,,,,인자 16 22; 다음 주소 E5F4,outside six documented raw segments
1230,1,E5F4~E5F7,서브스트림 실행 / 기존 확인 04h 계열 / CAA8 슬롯 포인터 설정,,04 CF E7 41,04 CF E7 41,,,,,E7CF 포인터를 41h 슬롯에 설정; 다음 주소 E5F8,outside six documented raw segments
1231,1,E5F8~E5FB,서브스트림 실행 / 기존 확인 04h 계열 / CAA8 슬롯 포인터 설정,,04 D9 E7 42,04 D9 E7 42,,,,,E7D9 포인터를 42h 슬롯에 설정; 다음 주소 E5FC,outside six documented raw segments
1232,1,E5FC~E5FD,서브스트림 실행 / 기존 확인 25h 계열 / CA1D 입 움직임 효과음 인덱스 설정,,25 2B,25 2B,,,,,CA1D=2B; 다음 주소 E5FE,outside six documented raw segments
1233,1,E5FE,서브스트림 실행 / 기존 확인 17h 계열 / 서브스트림 복귀,,17,17,,,,,17h 복귀 → E223,outside six documented raw segments
1234,1,E229,기존 확인 41~50h 계열 / CAA8[0] 슬롯 실행,,41,41,,,83,0x02A39,원본 분석표 1231번 E223 → 현재 E229; 슬롯 토큰 41; 다음 본류 E224,mapped from six runtime-analysis RAM/raw formulas
1235,1,E22A,기존 확인 41~50h 계열 / CAA8[1] 슬롯 실행,,42,42,,,58,0x02A3A,원본 분석표 1232번 E224 → 현재 E22A; 슬롯 토큰 42; 다음 본류 E225,mapped from six runtime-analysis RAM/raw formulas
1236,1,E22B~E22C,패치 슬롯 0738 | 한글 문자 | 메,메,88 DA,89 B7,213,89 B7,81 49,0x02A3B | 0x02A3C,원본 분석표 1233번 E225~E226=83 81(メ) → 패치 E22B~E22C=88 DA(메); 번역 27-001/015 · 메 / 토큰 88 DA / KANJI A1C0 / 가나다순 152,mapped from six runtime-analysis RAM/raw formulas
1237,1,E22D~E22E,패치 슬롯 0739 | 한글 문자 | 가,가,82 9F,88 9F,1,88 9F,81 40,0x02A3D | 0x02A3E,원본 분석표 1234번 E227~E228=83 4B(ガ) → 패치 E22D~E22E=82 9F(가); 번역 27-002/015 · 가 / 토큰 82 9F / KANJI 1810 / 가나다순 1,mapped from six runtime-analysis RAM/raw formulas
1238,1,E22F~E230,패치 슬롯 0740 | 한글 문자 | 스,스,89 56,8A 4A,293,8A 4A,82 C7,0x02A3F | 0x02A40,원본 분석표 1235번 E229~E22A=83 58(ス) → 패치 E22F~E230=89 56(스); 번역 27-003/015 · 스 / 토큰 89 56 / KANJI 6370 / 가나다순 211,mapped from six runtime-analysis RAM/raw formulas
1239,1,E231~E232,패치 슬롯 0741 | 문장부호 | ！,！,81 49,81 49,,81 49,82 A4,0x02A41 | 0x02A42,원본 분석표 1236번 E22B~E22C → 현재 E231~E232; 번역 27-004/015 · ！ / 토큰 81 49 / PC-88 전각 느낌표 토큰,mapped from six runtime-analysis RAM/raw formulas
1240,1,E233~E234,패치 슬롯 0742 | 전각 공백 | ␠,␠,81 40,81 40,,81 40,82 A2,0x02A43 | 0x02A44,원본 분석표 1237번 E22D~E22E → 현재 E233~E234; 번역 27-005/015 · ␠ / 토큰 81 40 / PC-88 전각 공백 토큰,mapped from six runtime-analysis RAM/raw formulas
1241,1,E235~E236,패치 슬롯 0743 | 한글 문자 | 그,그,82 BD,88 CF,49,88 CF,82 A4,0x02A45 | 0x02A46,원본 분석표 1238번 E22F~E230=82 C7(ど) → 패치 E235~E236=82 BD(그); 번역 27-006/015 · 그 / 토큰 82 BD / KANJI 19F0 / 가나다순 34,mapped from six runtime-analysis RAM/raw formulas
1242,1,E237~E238,패치 슬롯 0744 | 한글 문자 | 게,게,82 AB,88 B1,19,88 B1,1E 40,0x02A47 | 0x02A48,원본 분석표 1239번 E231~E232=82 A4(う) → 패치 E237~E238=82 AB(게); 번역 27-007/015 · 게 / 토큰 82 AB / KANJI 18D0 / 가나다순 13,mapped from six runtime-analysis RAM/raw formulas
1243,1,E239~E23A,패치 슬롯 0745 | 전각 공백 | ␠,␠,81 40,81 40,,81 40,A4 82,0x02A49 | 0x02A4A,원본 분석표 1240번 E233~E234=82 A2(い) → 패치 E239~E23A=81 40(␠); 번역 27-008/015 · ␠ / 토큰 81 40 / PC-88 전각 공백 토큰,mapped from six runtime-analysis RAM/raw formulas
1244,1,E23B~E23C,패치 슬롯 0746 | 한글 문자 | 무,무,88 E3,89 C2,224,89 C2,B1 82,0x02A4B | 0x02A4C,원본 분석표 1241번 E235~E236=82 A4(う) → 패치 E23B~E23C=88 E3(무); 번역 27-009/015 · 무 / 토큰 88 E3 / KANJI E050 / 가나다순 161,mapped from six runtime-analysis RAM/raw formulas
1245,1,E23D~E23E,패치 슬롯 0747 | 한글 문자 | 슨,슨,89 57,8A 4B,294,8A 4B,C6 81,0x02A4D | 0x02A4E,편집기 추가 행; 번역 27-010/015 · 슨 / 토큰 89 57 / KANJI 6380 / 가나다순 212,mapped from six runtime-analysis RAM/raw formulas
1246,1,E23F~E241,런타임 확인 1Eh 계열 제어토큰,,1E 40 A4,1E 40 A4,,,49 61 62,0x02A4F | 0x02A50 | 0x02A51,원본 분석표 1242번 E237~E239 → 현재 E23F~E241; 인자 40 A4; 다음 본류 E23A,mapped from six runtime-analysis RAM/raw formulas
1247,1,E242~E243,패치 슬롯 0748 | 전각 공백 | ␠,␠,81 40,81 40,,81 40,0F 01,0x02A52 | 0x02A53,원본 분석표 1243번 E23A~E23B=82 B1(こ) → 패치 E242~E243=81 40(␠); 번역 27-011/015 · ␠ / 토큰 81 40 / PC-88 전각 공백 토큰,mapped from six runtime-analysis RAM/raw formulas
1248,1,E244~E245,패치 슬롯 0749 | 한글 문자 | 뜻,뜻,88 B5,89 80,158,89 80,1A 05,0x02A54 | 0x02A55,원본 분석표 1244번 E23C~E23D=82 C6(と) → 패치 E244~E245=88 B5(뜻); 번역 27-012/015 · 뜻 / 토큰 88 B5 / KANJI 6170 / 가나다순 113,mapped from six runtime-analysis RAM/raw formulas
1249,1,E246~E247,패치 슬롯 0750 | 한글 문자 | 이,이,89 8D,8A A2,380,8A A2,06 16,0x02A56 | 0x02A57,편집기 추가 행; 번역 27-013/015 · 이 / 토큰 89 8D / KANJI E2D0 / 가나다순 268,mapped from six runtime-analysis RAM/raw formulas
1250,1,E248~E249,패치 슬롯 0751 | 한글 문자 | 야,야,89 6B,8A 66,321,8A 66,30 E6,0x02A58 | 0x02A59,편집기 추가 행; 번역 27-014/015 · 야 / 토큰 89 6B / KANJI A2C0 / 가나다순 234,mapped from six runtime-analysis RAM/raw formulas
1251,1,E24A~E24B,패치 슬롯 0752 | 문장부호 | ！,！,81 49,81 49,,81 49,13 AF,0x02A5A | 0x02A5B,원본 분석표 1245번 E23E~E23F → 현재 E24A~E24B; 번역 27-015/015 · ！ / 토큰 81 49 / PC-88 전각 느낌표 토큰,mapped from six runtime-analysis RAM/raw formulas
1252,1,E24C,기존 확인 61~70h 계열 / CAA8[0] 작업슬롯 비활성화,,61,61,,,E6,0x02A5C,원본 분석표 1246번 E240 → 현재 E24C; 비활성화 토큰 61; 다음 본류 E241,mapped from six runtime-analysis RAM/raw formulas
1253,1,E24D,기존 확인 61~70h 계열 / CAA8[1] 작업슬롯 비활성화,,62,62,,,10,0x02A5D,원본 분석표 1247번 E241 → 현재 E24D; 비활성화 토큰 62; 다음 본류 E242,mapped from six runtime-analysis RAM/raw formulas
1254,1,E24E~E252,본류 실행 / 기존 확인 0Fh 계열 제어토큰,,0F 01 1A 05 06,0F 01 1A 05 06,,,3B 00 1E 2A A4,0x02A5E | 0x02A5F | 0x02A60 | 0x02A61 | 0x02A62,원본 분석표 1248번 E242~E246 → 현재 E24E~E252; 인자 01 1A 05 06; 다음 본류 E247,mapped from six runtime-analysis RAM/raw formulas
1255,1,E253~E255,본류 실행 / 기존 확인 16h 계열 / 서브스트림 호출·전환 → E630,,16 30 E6,16 30 E6,,,01 0D 06,0x02A63 | 0x02A64 | 0x02A65,원본 분석표 1249번 E247~E249 → 현재 E253~E255; 16h 호출 → E630; 복귀 주소 E24A,mapped from six runtime-analysis RAM/raw formulas
1256,1,E630~E632,서브스트림 실행 / 기존 확인 1Eh 계열 / 간접 CALL,,1E 3C 08,1E 3C 08,,,,,호출 대상 083C; 처리 후 다음 주소 E633,outside six documented raw segments
1257,1,E633~E638,서브스트림 실행 / 기존 확인 05h 계열 / 영역·좌표 상태 설정·전개,,05 16 86 3A 9E 00,05 16 86 3A 9E 00,,,,,처리 후 다음 주소 E639; 내부 16 86 3A는 인자,outside six documented raw segments
1258,1,E639~E63D,서브스트림 실행 / 기존 확인 0Eh 계열 / 화면·버퍼 초기화·전개,,0E 16 20 24 80,0E 16 20 24 80,,,,,처리 후 다음 주소 E63E; 내부 16 20 24는 인자,outside six documented raw segments
1259,1,E63E,서브스트림 실행 / 기존 확인 17h 계열 / 서브스트림 복귀,,17,17,,,,,17h 복귀 → E24A,outside six documented raw segments
1260,1,E256~E258,본류 실행 / 기존 확인 13h 계열 제어토큰,,13 AF E6,13 AF E6,,,01 22 1D,0x02A66 | 0x02A67 | 0x02A68,원본 분석표 1254번 E24A~E24C → 현재 E256~E258; 인자 AF E6; 다음 본류 E24D,mapped from six runtime-analysis RAM/raw formulas
1261,1,E259~E25B,본류 실행 / 기존 확인 10h 계열 제어토큰,,10 3B 00,10 3B 00,,,83 8F 83,0x02A69 | 0x02A6A | 0x02A6B,원본 분석표 1255번 E24D~E24F → 현재 E259~E25B; 인자 3B 00; 다음 본류 E250,mapped from six runtime-analysis RAM/raw formulas
1262,1,E25C~E25E,본류 실행 / 기존 확인 1Eh 계열 제어토큰,,1E 2A A4,1E 2A A4,,,6E 83 6E,0x02A6C | 0x02A6D | 0x02A6E,원본 분석표 1256번 E250~E252 → 현재 E25C~E25E; 인자 2A A4; 다음 본류 E253,mapped from six runtime-analysis RAM/raw formulas
1263,1,E25F~E260,본류 실행 / 기존 확인 01h 계열 제어토큰,,01 0D,01 0D,,,83 6E,0x02A6F | 0x02A70,원본 분석표 1257번 E253~E254 → 현재 E25F~E260; 인자 0D; 다음 본류 E255,mapped from six runtime-analysis RAM/raw formulas
1264,1,E261~E262,본류 실행 / 기존 확인 06h 계열 / 상태 설정,,06 01,06 01,,,83 6E,0x02A71 | 0x02A72,원본 분석표 1258번 E255~E256 → 현재 E261~E262; 인자 01; 다음 본류 E257,mapped from six runtime-analysis RAM/raw formulas
1265,1,E263~E264,본류 실행 / 기존 확인 22h 계열 제어토큰,,22 1D,22 1D,,,83 6E,0x02A73 | 0x02A74,원본 분석표 1259번 E257~E258 → 현재 E263~E264; 인자 1D; 다음 본류 E259,mapped from six runtime-analysis RAM/raw formulas
1266,1,E265~E266,패치 슬롯 0753 | 한글 문자 | 으,으,89 88,8A 9B,373,8A 9B,83 6E,0x02A75 | 0x02A76,원본 분석표 1260번 E259~E25A=83 8F(ワ) → 패치 E265~E266=89 88(으); 번역 28-001/019 · 으 / 토큰 89 88 / KANJI E280 / 가나다순 263,mapped from six runtime-analysis RAM/raw formulas
1267,1,E267~E268,패치 슬롯 0754 | 한글 문자 | 하,하,89 E2,8B 72,521,8B 72,81 49,0x02A77 | 0x02A78,원본 분석표 1261번 E25B~E25C=83 6E(ハ) → 패치 E267~E268=89 E2(하); 번역 28-002/019 · 하 / 토큰 89 E2 / KANJI E440 / 가나다순 362,mapped from six runtime-analysis RAM/raw formulas
1268,1,E269~E26A,패치 슬롯 0755 | 한글 문자 | 하,하,89 E2,8B 72,521,8B 72,81 40,0x02A79 | 0x02A7A,원본 분석표 1262번 E25D~E25E=83 6E(ハ) → 패치 E269~E26A=89 E2(하); 번역 28-003/019 · 하 / 토큰 89 E2 / KANJI E440 / 가나다순 362,mapped from six runtime-analysis RAM/raw formulas
1269,1,E26B~E26C,패치 슬롯 0756 | 한글 문자 | 하,하,89 E2,8B 72,521,8B 72,82 B1,0x02A7B | 0x02A7C,원본 분석표 1263번 E25F~E260=83 6E(ハ) → 패치 E26B~E26C=89 E2(하); 번역 28-004/019 · 하 / 토큰 89 E2 / KANJI E440 / 가나다순 362,mapped from six runtime-analysis RAM/raw formulas
1270,1,E26D~E26E,패치 슬롯 0757 | 한글 문자 | 하,하,89 E2,8B 72,521,8B 72,82 A4,0x02A7D | 0x02A7E,원본 분석표 1264번 E261~E262=83 6E(ハ) → 패치 E26D~E26E=89 E2(하); 번역 28-005/019 · 하 / 토큰 89 E2 / KANJI E440 / 가나다순 362,mapped from six runtime-analysis RAM/raw formulas
1271,1,E26F~E270,패치 슬롯 0758 | 문장부호 | ！,！,81 49,81 49,,81 49,82 A2,0x02A7F | 0x02A80,원본 분석표 1267번 E267~E268 → 현재 E26F~E270; 번역 28-006/019 · ！ / 토큰 81 49 / PC-88 전각 느낌표 토큰,mapped from six runtime-analysis RAM/raw formulas
1272,1,E271~E272,패치 슬롯 0759 | 전각 공백 | ␠,␠,81 40,81 40,,81 40,82 A4,0x02A81 | 0x02A82,원본 분석표 1268번 E269~E26A → 현재 E271~E272; 번역 28-007/019 · ␠ / 토큰 81 40 / PC-88 전각 공백 토큰,mapped from six runtime-analysis RAM/raw formulas
1273,1,E273~E274,패치 슬롯 0760 | 한글 문자 | 바,바,88 E9,89 CC,234,89 CC,82 B1,0x02A83 | 0x02A84,원본 분석표 1269번 E26B~E26C=82 B1(こ) → 패치 E273~E274=88 E9(바); 번역 28-008/019 · 바 / 토큰 88 E9 / KANJI E0B0 / 가나다순 168,mapped from six runtime-analysis RAM/raw formulas
1274,1,E275~E276,패치 슬롯 0761 | 한글 문자 | 로,로,88 C5,89 99,183,89 99,82 C6,0x02A85 | 0x02A86,원본 분석표 1270번 E26D~E26E=82 A4(う) → 패치 E275~E276=88 C5(로); 번역 28-009/019 · 로 / 토큰 88 C5 / KANJI A070 / 가나다순 130,mapped from six runtime-analysis RAM/raw formulas
1275,1,E277~E278,패치 슬롯 0762 | 전각 공백 | ␠,␠,81 40,81 40,,81 40,82 BE,0x02A87 | 0x02A88,원본 분석표 1271번 E26F~E270=82 A2(い) → 패치 E277~E278=81 40(␠); 번역 28-010/019 · ␠ / 토큰 81 40 / PC-88 전각 공백 토큰,mapped from six runtime-analysis RAM/raw formulas
1276,1,E279~E27A,패치 슬롯 0763 | 한글 문자 | 이,이,89 8D,8A A2,380,8A A2,81 5B,0x02A89 | 0x02A8A,원본 분석표 1272번 E271~E272=82 A4(う) → 패치 E279~E27A=89 8D(이); 번역 28-011/019 · 이 / 토큰 89 8D / KANJI E2D0 / 가나다순 268,mapped from six runtime-analysis RAM/raw formulas
1277,1,E27B~E27C,패치 슬롯 0764 | 한글 문자 | 런,런,88 BC,89 8D,171,89 8D,81 49,0x02A8B | 0x02A8C,원본 분석표 1273번 E273~E274=82 B1(こ) → 패치 E27B~E27C=88 BC(런); 번역 28-012/019 · 런 / 토큰 88 BC / KANJI 61E0 / 가나다순 121,mapped from six runtime-analysis RAM/raw formulas
1278,1,E27D~E27E,패치 슬롯 0765 | 전각 공백 | ␠,␠,81 40,81 40,,81 40,81 49,0x02A8D | 0x02A8E,원본 분석표 1274번 E275~E276=82 C6(と) → 패치 E27D~E27E=81 40(␠); 번역 28-013/019 · ␠ / 토큰 81 40 / PC-88 전각 공백 토큰,mapped from six runtime-analysis RAM/raw formulas
1279,1,E27F~E280,패치 슬롯 0766 | 한글 문자 | 뜻,뜻,88 B5,89 80,158,89 80,11 06,0x02A8F | 0x02A90,원본 분석표 1275번 E277~E278=82 BE(だ) → 패치 E27F~E280=88 B5(뜻); 번역 28-014/019 · 뜻 / 토큰 88 B5 / KANJI 6170 / 가나다순 113,mapped from six runtime-analysis RAM/raw formulas
1280,1,E281~E282,패치 슬롯 0767 | 한글 문자 | 이,이,89 8D,8A A2,380,8A A2,0A 15,0x02A91 | 0x02A92,원본 분석표 1276번 E279~E27A=81 5B(ー) → 패치 E281~E282=89 8D(이); 번역 28-015/019 · 이 / 토큰 89 8D / KANJI E2D0 / 가나다순 268,mapped from six runtime-analysis RAM/raw formulas
1281,1,E283~E284,패치 슬롯 0768 | 한글 문자 | 다,다,82 E7,89 50,111,89 50,14 16,0x02A93 | 0x02A94,편집기 추가 행; 번역 28-016/019 · 다 / 토큰 82 E7 / KANJI 3890 / 가나다순 78,mapped from six runtime-analysis RAM/raw formulas
1282,1,E285~E286,패치 슬롯 0769 | 문장부호 | ！,！,81 49,81 49,,81 49,30 E6,0x02A95 | 0x02A96,원본 분석표 1277번 E27B~E27C → 현재 E285~E286; 번역 28-017/019 · ！ / 토큰 81 49 / PC-88 전각 느낌표 토큰,mapped from six runtime-analysis RAM/raw formulas
1283,1,E287~E288,패치 슬롯 0770 | 문장부호 | ！,！,81 49,81 49,,81 49,01 00,0x02A97 | 0x02A98,원본 분석표 1278번 E27D~E27E → 현재 E287~E288; 번역 28-018/019 · ！ / 토큰 81 49 / PC-88 전각 느낌표 토큰,mapped from six runtime-analysis RAM/raw formulas
1284,1,E289~E28A,패치 슬롯 0771 | 전각 공백 | ␠,␠,81 40,81 40,,81 40,11 16,0x02A99 | 0x02A9A,편집기 추가 행; 번역 28-019/019 · ␠ / 토큰 81 40 / PC-88 전각 공백 토큰,mapped from six runtime-analysis RAM/raw formulas
1285,1,E28B,기존 확인 11h 계열 제어토큰,,11,11,,,7B,0x02A9B,원본 분석표 1279번 E27F → 현재 E28B; 1바이트 독립 토큰; 다음 본류 E280,mapped from six runtime-analysis RAM/raw formulas
1286,1,E28C~E28D,기존 확인 06h 계열 / 상태 설정,,06 0A,06 0A,,,E4 01,0x02A9C | 0x02A9D,원본 분석표 1280번 E280~E281 → 현재 E28C~E28D; 파라미터 0A; 다음 본류 E282,mapped from six runtime-analysis RAM/raw formulas
1287,1,E28E~E28F,기존 확인 15h 계열 제어토큰,,15 14,15 14,,,0F 83,0x02A9E | 0x02A9F,원본 분석표 1281번 E282~E283 → 현재 E28E~E28F; 인자 14; 다음 본류 E284,mapped from six runtime-analysis RAM/raw formulas
1288,1,E290~E292,기존 확인 16h 계열 / 서브스트림 호출·전환 → E630,,16 30 E6,16 30 E6,,,41 83 41,0x02AA0 | 0x02AA1 | 0x02AA2,원본 분석표 1282번 E284~E286 → 현재 E290~E292; 16h 호출 → E630; 복귀 주소 E287,mapped from six runtime-analysis RAM/raw formulas
1289,1,E630~E632,서브스트림 실행 / 기존 확인 1Eh 계열 / 간접 CALL,,1E 3C 08,1E 3C 08,,,,,호출 대상 083C; 처리 후 다음 주소 E633,outside six documented raw segments
1290,1,E633~E638,서브스트림 실행 / 기존 확인 05h 계열 / 영역·좌표 상태 설정·전개,,05 16 86 3A 9E 00,05 16 86 3A 9E 00,,,,,처리 후 다음 주소 E639; 내부 16 86 3A는 인자,outside six documented raw segments
1291,1,E639~E63D,서브스트림 실행 / 기존 확인 0Eh 계열 / 화면·버퍼 초기화·전개,,0E 16 20 24 80,0E 16 20 24 80,,,,,처리 후 다음 주소 E63E; 내부 16 20 24는 인자,outside six documented raw segments
1292,1,E63E,서브스트림 실행 / 기존 확인 17h 계열 / 서브스트림 복귀,,17,17,,,,,17h 복귀 → E287,outside six documented raw segments
1293,1,E293~E294,기존 확인 01h 계열 제어토큰,,01 00,01 00,,,83 41,0x02AA3 | 0x02AA4,원본 분석표 1287번 E287~E288 → 현재 E293~E294; 인자 00; 다음 본류 E289,mapped from six runtime-analysis RAM/raw formulas
1294,1,E295,기존 확인 11h 계열 제어토큰,,11,11,,,83,0x02AA5,원본 분석표 1288번 E289 → 현재 E295; 다음 본류 E28A,mapped from six runtime-analysis RAM/raw formulas
1295,1,E296~E298,기존 확인 16h 계열 / 서브스트림 호출·전환 → E47B,,16 7B E4,16 7B E4,,,41 83 41,0x02AA6 | 0x02AA7 | 0x02AA8,원본 분석표 1289번 E28A~E28C → 현재 E296~E298; 16h 호출 → E47B; 복귀 주소 E28D,mapped from six runtime-analysis RAM/raw formulas
1296,1,E47B~E47F,서브스트림 실행 / 기존 확인 0Fh 계열 제어토큰,,0F 05 1E 05 08,0F 05 1E 05 08,,,,,인자 05 1E 05 08; 다음 주소 E480,outside six documented raw segments
1297,1,E480~E482,서브스트림 실행 / 기존 확인 16h 계열 / 서브스트림 호출·전환 → E630,,16 30 E6,16 30 E6,,,,,16h 호출 → E630; 복귀 주소 E483,outside six documented raw segments
1298,1,E630~E632,서브스트림 실행 / 기존 확인 1Eh 계열 / 간접 CALL,,1E 3C 08,1E 3C 08,,,,,호출 대상 083C; 처리 후 다음 주소 E633,outside six documented raw segments
1299,1,E633~E638,서브스트림 실행 / 기존 확인 05h 계열 / 영역·좌표 상태 설정·전개,,05 16 86 3A 9E 00,05 16 86 3A 9E 00,,,,,처리 후 다음 주소 E639; 내부 16 86 3A는 인자,outside six documented raw segments
1300,1,E639~E63D,서브스트림 실행 / 기존 확인 0Eh 계열 / 화면·버퍼 초기화·전개,,0E 16 20 24 80,0E 16 20 24 80,,,,,처리 후 다음 주소 E63E; 내부 16 20 24는 인자,outside six documented raw segments
1301,1,E63E,서브스트림 실행 / 기존 확인 17h 계열 / 서브스트림 복귀,,17,17,,,,,17h 복귀 → E483,outside six documented raw segments
1302,1,E483~E485,서브스트림 실행 / 기존 확인 13h 계열 제어토큰,,13 8F E6,13 8F E6,,,,,인자 8F E6; 다음 주소 E486,outside six documented raw segments
1303,1,E486~E489,서브스트림 실행 / 기존 확인 14h 계열 / 버퍼·영역 처리,,14 00 16 22,14 00 16 22,,,,,인자 00 16 22; 다음 주소 E48A,outside six documented raw segments
1304,1,E48A,서브스트림 실행 / 기존 확인 17h 계열 / 서브스트림 복귀,,17,17,,,,,17h 복귀 → E28D,outside six documented raw segments
1305,1,E299~E29A,기존 확인 01h 계열 제어토큰,,01 0F,01 0F,,,83 41,0x02AA9 | 0x02AAA,원본 분석표 1299번 E28D~E28E → 현재 E299~E29A; 인자 0F; 다음 본류 E28F,mapped from six runtime-analysis RAM/raw formulas
1306,1,E29B~E29C,패치 슬롯 0772 | 한글 문자 | 아,아,89 60,8A 5A,309,8A 5A,83 41,0x02AAB | 0x02AAC,원본 분석표 1300번 E28F~E290=83 41(ア) → 패치 E29B~E29C=89 60(아); 번역 29-001/008 · 아 / 토큰 89 60 / KANJI A210 / 가나다순 223,mapped from six runtime-analysis RAM/raw formulas
1307,1,E29D~E29E,패치 슬롯 0773 | 한글 문자 | 아,아,89 60,8A 5A,309,8A 5A,83 41,0x02AAD | 0x02AAE,원본 분석표 1301번 E291~E292=83 41(ア) → 패치 E29D~E29E=89 60(아); 번역 29-002/008 · 아 / 토큰 89 60 / KANJI A210 / 가나다순 223,mapped from six runtime-analysis RAM/raw formulas
1308,1,E29F~E2A0,패치 슬롯 0774 | 한글 문자 | 아,아,89 60,8A 5A,309,8A 5A,81 49,0x02AAF | 0x02AB0,원본 분석표 1302번 E293~E294=83 41(ア) → 패치 E29F~E2A0=89 60(아); 번역 29-003/008 · 아 / 토큰 89 60 / KANJI A210 / 가나다순 223,mapped from six runtime-analysis RAM/raw formulas
1309,1,E2A1~E2A2,패치 슬롯 0775 | 한글 문자 | 아,아,89 60,8A 5A,309,8A 5A,81 49,0x02AB1 | 0x02AB2,원본 분석표 1303번 E295~E296=83 41(ア) → 패치 E2A1~E2A2=89 60(아); 번역 29-004/008 · 아 / 토큰 89 60 / KANJI A210 / 가나다순 223,mapped from six runtime-analysis RAM/raw formulas
1310,1,E2A3~E2A4,패치 슬롯 0776 | 한글 문자 | 아,아,89 60,8A 5A,309,8A 5A,01 FF,0x02AB3 | 0x02AB4,원본 분석표 1304번 E297~E298=83 41(ア) → 패치 E2A3~E2A4=89 60(아); 번역 29-005/008 · 아 / 토큰 89 60 / KANJI A210 / 가나다순 223,mapped from six runtime-analysis RAM/raw formulas
1311,1,E2A5~E2A6,패치 슬롯 0777 | 한글 문자 | 앗,앗,89 67,8A 61,316,8A 61,16 6C,0x02AB5 | 0x02AB6,원본 분석표 1305번 E299~E29A=83 41(ア) → 패치 E2A5~E2A6=89 67(앗); 번역 29-006/008 · 앗 / 토큰 89 67 / KANJI A280 / 가나다순 230,mapped from six runtime-analysis RAM/raw formulas
1312,1,E2A7~E2A8,패치 슬롯 0778 | 문장부호 | ！,！,81 49,81 49,,81 49,E4 83,0x02AB7 | 0x02AB8,원본 분석표 1308번 E29F~E2A0 → 현재 E2A7~E2A8; 번역 29-007/008 · ！ / 토큰 81 49 / PC-88 전각 느낌표 토큰,mapped from six runtime-analysis RAM/raw formulas
1313,1,E2A9~E2AA,패치 슬롯 0779 | 문장부호 | ！,！,81 49,81 49,,81 49,94 83,0x02AB9 | 0x02ABA,원본 분석표 1309번 E2A1~E2A2 → 현재 E2A9~E2AA; 번역 29-008/008 · ！ / 토큰 81 49 / PC-88 전각 느낌표 토큰,mapped from six runtime-analysis RAM/raw formulas
1314,1,E2AB~E2AC,기존 확인 01h 계열 제어토큰,,01 FF,01 FF,,,40 83,0x02ABB | 0x02ABC,원본 분석표 1310번 E2A3~E2A4 → 현재 E2AB~E2AC; 인자 FF; 다음 본류 E2A5,mapped from six runtime-analysis RAM/raw formulas
1315,1,E2AD~E2AF,기존 확인 16h 계열 / 서브스트림 호출·전환 → E46C,,16 6C E4,16 6C E4,,,8A 83 41,0x02ABD | 0x02ABE | 0x02ABF,원본 분석표 1311번 E2A5~E2A7 → 현재 E2AD~E2AF; 16h 호출 → E46C; 복귀 주소 E2A8,mapped from six runtime-analysis RAM/raw formulas
1316,1,E46C~E470,서브스트림 실행 / 기존 확인 0Fh 계열 제어토큰,,0F 03 20 05 06,0F 03 20 05 06,,,,,인자 03 20 05 06; 다음 주소 E471,outside six documented raw segments
1317,1,E471~E473,서브스트림 실행 / 기존 확인 16h 계열 / 서브스트림 호출·전환 → E630,,16 30 E6,16 30 E6,,,,,16h 호출 → E630; 복귀 주소 E474,outside six documented raw segments
1318,1,E630~E632,서브스트림 실행 / 기존 확인 1Eh 계열 / 간접 CALL,,1E 3C 08,1E 3C 08,,,,,호출 대상 083C; 처리 후 다음 주소 E633,outside six documented raw segments
1319,1,E633~E638,서브스트림 실행 / 기존 확인 05h 계열 / 영역·좌표 상태 설정·전개,,05 16 86 3A 9E 00,05 16 86 3A 9E 00,,,,,처리 후 다음 주소 E639; 내부 16 86 3A는 인자,outside six documented raw segments
1320,1,E639~E63D,서브스트림 실행 / 기존 확인 0Eh 계열 / 화면·버퍼 초기화·전개,,0E 16 20 24 80,0E 16 20 24 80,,,,,처리 후 다음 주소 E63E; 내부 16 20 24는 인자,outside six documented raw segments
1321,1,E63E,서브스트림 실행 / 기존 확인 17h 계열 / 서브스트림 복귀,,17,17,,,,,17h 복귀 → E474,outside six documented raw segments
1322,1,E474~E476,서브스트림 실행 / 기존 확인 13h 계열 제어토큰,,13 7F E6,13 7F E6,,,,,인자 7F E6; 다음 주소 E477,outside six documented raw segments
1323,1,E477~E479,서브스트림 실행 / 기존 확인 10h 계열 제어토큰,,10 16 22,10 16 22,,,,,인자 16 22; 다음 주소 E47A,outside six documented raw segments
1324,1,E47A,서브스트림 실행 / 기존 확인 17h 계열 / 서브스트림 복귀,,17,17,,,,,17h 복귀 → E2A8,outside six documented raw segments
1325,1,E2B0~E2B1,패치 슬롯 0780 | 한글 문자 | 바,바,88 E9,89 CC,234,89 CC,97 6C,0x02AC0 | 0x02AC1,원본 분석표 1321번 E2A8~E2A9=83 94(ヴ) → 패치 E2B0~E2B1=88 E9(바); 번역 30-001/006 · 바 / 토큰 88 E9 / KANJI E0B0 / 가나다순 168,mapped from six runtime-analysis RAM/raw formulas
1326,1,E2B2~E2B3,패치 슬롯 0781 | 한글 문자 | 리,리,88 CC,89 A4,194,89 A4,81 49,0x02AC2 | 0x02AC3,원본 분석표 1322번 E2AA~E2AB=83 40(ァ) → 패치 E2B2~E2B3=88 CC(리); 번역 30-002/006 · 리 / 토큰 88 CC / KANJI A0E0 / 가나다순 137,mapped from six runtime-analysis RAM/raw formulas
1327,1,E2B4~E2B5,패치 슬롯 0782 | 한글 문자 | 아,아,89 60,8A 5A,309,8A 5A,81 49,0x02AC4 | 0x02AC5,원본 분석표 1323번 E2AC~E2AD=83 8A(リ) → 패치 E2B4~E2B5=89 60(아); 번역 30-003/006 · 아 / 토큰 89 60 / KANJI A210 / 가나다순 223,mapped from six runtime-analysis RAM/raw formulas
1328,1,E2B6~E2B7,패치 슬롯 0783 | 한글 문자 | 님,님,82 E6,89 4F,110,89 4F,16 4C,0x02AC6 | 0x02AC7,원본 분석표 1324번 E2AE~E2AF=83 41(ア) → 패치 E2B6~E2B7=82 E6(님); 번역 30-004/006 · 님 / 토큰 82 E6 / KANJI 3880 / 가나다순 77,mapped from six runtime-analysis RAM/raw formulas
1329,1,E2B8~E2B9,패치 슬롯 0784 | 문장부호 | ！,！,81 49,81 49,,81 49,E4 06,0x02AC8 | 0x02AC9,원본 분석표 1326번 E2B2~E2B3 → 현재 E2B8~E2B9; 번역 30-005/006 · ！ / 토큰 81 49 / PC-88 전각 느낌표 토큰,mapped from six runtime-analysis RAM/raw formulas
1330,1,E2BA~E2BB,패치 슬롯 0785 | 문장부호 | ！,！,81 49,81 49,,81 49,14 41,0x02ACA | 0x02ACB,원본 분석표 1327번 E2B4~E2B5 → 현재 E2BA~E2BB; 번역 30-006/006 · ！ / 토큰 81 49 / PC-88 전각 느낌표 토큰,mapped from six runtime-analysis RAM/raw formulas
1331,1,E2BC~E2BE,기존 확인 16h 계열 / 서브스트림 호출·전환 → E44C,,16 4C E4,16 4C E4,,,81 40 81,0x02ACC | 0x02ACD | 0x02ACE,원본 분석표 1328번 E2B6~E2B8 → 현재 E2BC~E2BE; 16h 호출 → E44C; 복귀 주소 E2B9,mapped from six runtime-analysis RAM/raw formulas
1332,1,E44C~E450,서브스트림 실행 / 기존 확인 0Fh 계열 제어토큰,,0F 04 21 05 0F,0F 04 21 05 0F,,,,,인자 04 21 05 0F; 다음 주소 E451,outside six documented raw segments
1333,1,E451~E456,서브스트림 실행 / 기존 확인 05h 계열 / 영역·좌표 상태 설정·전개,,05 0E 9F 42 B7 00,05 0E 9F 42 B7 00,,,,,처리 후 다음 주소 E457,outside six documented raw segments
1334,1,E457~E45B,서브스트림 실행 / 기존 확인 0Eh 계열 / 화면·버퍼 초기화·전개,,0E 0E 08 35 B0,0E 0E 08 35 B0,,,,,처리 후 다음 주소 E45C,outside six documented raw segments
1335,1,E45C~E45E,서브스트림 실행 / 기존 확인 13h 계열 제어토큰,,13 6F E6,13 6F E6,,,,,인자 6F E6; 다음 주소 E45F,outside six documented raw segments
1336,1,E45F~E462,서브스트림 실행 / 기존 확인 14h 계열 / 버퍼·영역 처리,,14 00 0E 09,14 00 0E 09,,,,,인자 00 0E 09; 다음 주소 E463,outside six documented raw segments
1337,1,E463~E466,서브스트림 실행 / 기존 확인 14h 계열 / 버퍼·영역 처리,,14 01 43 00,14 01 43 00,,,,,인자 01 43 00; 다음 주소 E467,outside six documented raw segments
1338,1,E467~E46A,서브스트림 실행 / 기존 확인 04h 계열 / CAA8 슬롯 포인터 설정,,04 65 E8 41,04 65 E8 41,,,,,E865 포인터를 41h 슬롯에 설정; 다음 주소 E46B,outside six documented raw segments
1339,1,E46B,서브스트림 실행 / 기존 확인 17h 계열 / 서브스트림 복귀,,17,17,,,,,17h 복귀 → E2B9,outside six documented raw segments
1340,1,E2BF~E2C0,기존 확인 06h 계열 / 상태 설정,,06 14,06 14,,,40 81,0x02ACF | 0x02AD0,원본 분석표 1337번 E2B9~E2BA → 현재 E2BF~E2C0; 인자 14; 다음 본류 E2BB,mapped from six runtime-analysis RAM/raw formulas
1341,1,E2C1,기존 확인 41~50h 계열 / CAA8[0] 슬롯 실행,,41,41,,,40,0x02AD1,원본 분석표 1338번 E2BB → 현재 E2C1; 슬롯 토큰 41; 다음 본류 E2BC,mapped from six runtime-analysis RAM/raw formulas
1342,1,E2C2~E2C3,패치 슬롯 0786 | 전각 공백 | ␠,␠,81 40,81 40,,81 40,81 40,0x02AD2 | 0x02AD3,원본 분석표 1339번 E2BC~E2BD → 현재 E2C2~E2C3; 번역 31-001/007 · ␠ / 토큰 81 40 / PC-88 전각 공백 토큰,mapped from six runtime-analysis RAM/raw formulas
1343,1,E2C4~E2C5,패치 슬롯 0787 | 전각 공백 | ␠,␠,81 40,81 40,,81 40,81 40,0x02AD4 | 0x02AD5,원본 분석표 1340번 E2BE~E2BF → 현재 E2C4~E2C5; 번역 31-002/007 · ␠ / 토큰 81 40 / PC-88 전각 공백 토큰,mapped from six runtime-analysis RAM/raw formulas
1344,1,E2C6~E2C7,패치 슬롯 0788 | 전각 공백 | ␠,␠,81 40,81 40,,81 40,81 40,0x02AD6 | 0x02AD7,원본 분석표 1341번 E2C0~E2C1 → 현재 E2C6~E2C7; 번역 31-003/007 · ␠ / 토큰 81 40 / PC-88 전각 공백 토큰,mapped from six runtime-analysis RAM/raw formulas
1345,1,E2C8~E2C9,패치 슬롯 0789 | 전각 공백 | ␠,␠,81 40,81 40,,81 40,81 40,0x02AD8 | 0x02AD9,원본 분석표 1342번 E2C2~E2C3 → 현재 E2C8~E2C9; 번역 31-004/007 · ␠ / 토큰 81 40 / PC-88 전각 공백 토큰,mapped from six runtime-analysis RAM/raw formulas
1346,1,E2CA~E2CB,패치 슬롯 0790 | 전각 공백 | ␠,␠,81 40,81 40,,81 40,61 06,0x02ADA | 0x02ADB,원본 분석표 1343번 E2C4~E2C5 → 현재 E2CA~E2CB; 번역 31-005/007 · ␠ / 토큰 81 40 / PC-88 전각 공백 토큰,mapped from six runtime-analysis RAM/raw formulas
1347,1,E2CC~E2CD,패치 슬롯 0791 | 전각 공백 | ␠,␠,81 40,81 40,,81 40,0A 16,0x02ADC | 0x02ADD,원본 분석표 1344번 E2C6~E2C7 → 현재 E2CC~E2CD; 번역 31-006/007 · ␠ / 토큰 81 40 / PC-88 전각 공백 토큰,mapped from six runtime-analysis RAM/raw formulas
1348,1,E2CE~E2CF,패치 슬롯 0792 | 전각 공백 | ␠,␠,81 40,81 40,,81 40,2A E4,0x02ADE | 0x02ADF,원본 분석표 1345번 E2C8~E2C9 → 현재 E2CE~E2CF; 번역 31-007/007 · ␠ / 토큰 81 40 / PC-88 전각 공백 토큰,mapped from six runtime-analysis RAM/raw formulas
1349,1,E2D0,기존 확인 61~70h 계열 / CAA8[0] 작업슬롯 비활성화,,61,61,,,01,0x02AE0,원본 분석표 1346번 E2CA → 현재 E2D0; 비활성화 토큰 61; 다음 본류 E2CB,mapped from six runtime-analysis RAM/raw formulas
1350,1,E2D1~E2D2,기존 확인 06h 계열 / 상태 설정,,06 0A,06 0A,,,10 41,0x02AE1 | 0x02AE2,원본 분석표 1347번 E2CB~E2CC → 현재 E2D1~E2D2; 인자 0A; 다음 본류 E2CD,mapped from six runtime-analysis RAM/raw formulas
1351,1,E2D3~E2D5,기존 확인 16h 계열 / 서브스트림 호출·전환 → E42A,,16 2A E4,16 2A E4,,,83 4E 83,0x02AE3 | 0x02AE4 | 0x02AE5,원본 분석표 1348번 E2CD~E2CF → 현재 E2D3~E2D5; 16h 호출 → E42A; 복귀 주소 E2D0,mapped from six runtime-analysis RAM/raw formulas
1352,1,E42A~E42E,서브스트림 실행 / 기존 확인 0Fh 계열 제어토큰,,0F 04 24 05 09,0F 04 24 05 09,,,,,인자 04 24 05 09; 다음 주소 E42F,outside six documented raw segments
1353,1,E42F~E434,서브스트림 실행 / 기존 확인 05h 계열 / 영역·좌표 상태 설정·전개,,05 16 78 3A 90 00,05 16 78 3A 90 00,,,,,처리 후 다음 주소 E435,outside six documented raw segments
1354,1,E435~E439,서브스트림 실행 / 기존 확인 0Eh 계열 / 화면·버퍼 초기화·전개,,0E 16 30 24 60,0E 16 30 24 60,,,,,처리 후 다음 주소 E43A,outside six documented raw segments
1355,1,E43A~E43C,서브스트림 실행 / 기존 확인 13h 계열 제어토큰,,13 1F E7,13 1F E7,,,,,인자 1F E7; 다음 주소 E43D,outside six documented raw segments
1356,1,E43D~E440,서브스트림 실행 / 기존 확인 14h 계열 / 버퍼·영역 처리,,14 00 16 30,14 00 16 30,,,,,인자 00 16 30; 다음 주소 E441,outside six documented raw segments
1357,1,E441~E444,서브스트림 실행 / 기존 확인 14h 계열 / 버퍼·영역 처리,,14 01 3B 00,14 01 3B 00,,,,,인자 01 3B 00; 다음 주소 E445,outside six documented raw segments
1358,1,E445~E448,서브스트림 실행 / 기존 확인 04h 계열 / CAA8 슬롯 포인터 설정,,04 6F E8 41,04 6F E8 41,,,,,E86F 포인터를 41h 슬롯에 설정; 다음 주소 E449,outside six documented raw segments
1359,1,E449~E44A,서브스트림 실행 / 기존 확인 25h 계열 / CA1D 입 움직임 효과음 인덱스 설정,,25 2D,25 2D,,,,,CA1D=2D; 다음 주소 E44B,outside six documented raw segments
1360,1,E44B,서브스트림 실행 / 기존 확인 17h 계열 / 서브스트림 복귀,,17,17,,,,,17h 복귀 → E2D0,outside six documented raw segments
1361,1,E2D6~E2D7,기존 확인 01h 계열 제어토큰,,01 10,01 10,,,4E 83,0x02AE6 | 0x02AE7,원본 분석표 1358번 E2D0~E2D1 → 현재 E2D6~E2D7; 인자 10; 다음 본류 E2D2,mapped from six runtime-analysis RAM/raw formulas
1362,1,E2D8,기존 확인 41~50h 계열 / CAA8[0] 슬롯 실행,,41,41,,,4E,0x02AE8,원본 분석표 1359번 E2D2 → 현재 E2D8; 슬롯 토큰 41; 다음 본류 E2D3,mapped from six runtime-analysis RAM/raw formulas
1363,1,E2D9~E2DA,패치 슬롯 0793 | 한글 문자 | 크,크,89 C7,8B 42,473,8B 42,83 4E,0x02AE9 | 0x02AEA,원본 분석표 1360번 E2D3~E2D4=83 4E(ク) → 패치 E2D9~E2DA=89 C7(크); 번역 32-001/018 · 크 / 토큰 89 C7 / KANJI A490 / 가나다순 333,mapped from six runtime-analysis RAM/raw formulas
1364,1,E2DB~E2DC,패치 슬롯 0794 | 한글 문자 | 크,크,89 C7,8B 42,473,8B 42,83 4E,0x02AEB | 0x02AEC,원본 분석표 1361번 E2D5~E2D6=83 4E(ク) → 패치 E2DB~E2DC=89 C7(크); 번역 32-002/018 · 크 / 토큰 89 C7 / KANJI A490 / 가나다순 333,mapped from six runtime-analysis RAM/raw formulas
1365,1,E2DD~E2DE,패치 슬롯 0795 | 한글 문자 | 크,크,89 C7,8B 42,473,8B 42,81 42,0x02AED | 0x02AEE,원본 분석표 1362번 E2D7~E2D8=83 4E(ク) → 패치 E2DD~E2DE=89 C7(크); 번역 32-003/018 · 크 / 토큰 89 C7 / KANJI A490 / 가나다순 333,mapped from six runtime-analysis RAM/raw formulas
1366,1,E2DF~E2E0,패치 슬롯 0796 | 한글 문자 | 크,크,89 C7,8B 42,473,8B 42,82 C2,0x02AEF | 0x02AF0,원본 분석표 1363번 E2D9~E2DA=83 4E(ク) → 패치 E2DF~E2E0=89 C7(크); 번역 32-004/018 · 크 / 토큰 89 C7 / KANJI A490 / 가나다순 333,mapped from six runtime-analysis RAM/raw formulas
1367,1,E2E1~E2E2,패치 슬롯 0797 | 문장부호 | 。,。,81 42,81 42,,81 42,82 AC,0x02AF1 | 0x02AF2,원본 분석표 1364번 E2DB~E2DC=83 4E(ク) → 패치 E2E1~E2E2=81 42(。); 번역 32-005/018 · 。 / 토큰 81 42 / PC-88 전각 마침표 토큰,mapped from six runtime-analysis RAM/raw formulas
1368,1,E2E3~E2E4,패치 슬롯 0798 | 한글 문자 | 다,다,82 E7,89 50,111,89 50,82 CD,0x02AF3 | 0x02AF4,원본 분석표 1365번 E2DD~E2DE=81 42(。) → 패치 E2E3~E2E4=82 E7(다); 번역 32-006/018 · 다 / 토큰 82 E7 / KANJI 3890 / 가나다순 78,mapped from six runtime-analysis RAM/raw formulas
1369,1,E2E5~E2E6,패치 슬롯 0799 | 한글 문자 | 음,음,89 8B,8A 9F,377,8A 9F,82 A8,0x02AF5 | 0x02AF6,원본 분석표 1366번 E2DF~E2E0=82 C2(つ) → 패치 E2E5~E2E6=89 8B(음); 번역 32-007/018 · 음 / 토큰 89 8B / KANJI E2B0 / 가나다순 266,mapped from six runtime-analysis RAM/raw formulas
1370,1,E2E7~E2E8,패치 슬롯 0800 | 한글 문자 | 은,은,89 89,8A 9D,375,8A 9D,82 DC,0x02AF7 | 0x02AF8,원본 분석표 1367번 E2E1~E2E2=82 AC(ぎ) → 패치 E2E7~E2E8=89 89(은); 번역 32-008/018 · 은 / 토큰 89 89 / KANJI E290 / 가나다순 264,mapped from six runtime-analysis RAM/raw formulas
1371,1,E2E9~E2EA,패치 슬롯 0801 | 전각 공백 | ␠,␠,81 40,81 40,,81 40,82 A6,0x02AF9 | 0x02AFA,원본 분석표 1368번 E2E3~E2E4=82 CD(は) → 패치 E2E9~E2EA=81 40(␠); 번역 32-009/018 · ␠ / 토큰 81 40 / PC-88 전각 공백 토큰,mapped from six runtime-analysis RAM/raw formulas
1372,1,E2EB~E2EC,패치 슬롯 0802 | 한글 문자 | 네,네,82 D9,88 F8,90,88 F8,82 CC,0x02AFB | 0x02AFC,원본 분석표 1369번 E2E5~E2E6=82 A8(お) → 패치 E2EB~E2EC=82 D9(네); 번역 32-010/018 · 네 / 토큰 82 D9 / KANJI 29B0 / 가나다순 64,mapped from six runtime-analysis RAM/raw formulas
1373,1,E2ED~E2EE,패치 슬롯 0803 | 전각 공백 | ␠,␠,81 40,81 40,,81 40,94 D4,0x02AFD | 0x02AFE,원본 분석표 1370번 E2E7~E2E8=82 DC(ま) → 패치 E2ED~E2EE=81 40(␠); 번역 32-011/018 · ␠ / 토큰 81 40 / PC-88 전각 공백 토큰,mapped from six runtime-analysis RAM/raw formulas
1374,1,E2EF~E2F0,패치 슬롯 0804 | 한글 문자 | 차,차,89 B7,8A DF,441,8A DF,82 BE,0x02AFF | 0x02B00,원본 분석표 1371번 E2E9~E2EA=82 A6(え) → 패치 E2EF~E2F0=89 B7(차); 번역 32-012/018 · 차 / 토큰 89 B7 / KANJI 6590 / 가나다순 316,mapped from six runtime-analysis RAM/raw formulas
1375,1,E2F1~E2F2,패치 슬롯 0805 | 한글 문자 | 례,례,88 C4,89 98,182,89 98,81 42,0x02B01 | 0x02B02,원본 분석표 1372번 E2EB~E2EC=82 CC(の) → 패치 E2F1~E2F2=88 C4(례); 번역 32-013/018 · 례 / 토큰 88 C4 / KANJI A060 / 가나다순 129,mapped from six runtime-analysis RAM/raw formulas
1376,1,E2F3~E2F4,패치 슬롯 0806 | 한글 문자 | 다,다,82 E7,89 50,111,89 50,97 44,0x02B03 | 0x02B04,원본 분석표 1373번 E2ED~E2EE=94 D4(番) → 패치 E2F3~E2F4=82 E7(다); 번역 32-014/018 · 다 / 토큰 82 E7 / KANJI 3890 / 가나다순 78,mapped from six runtime-analysis RAM/raw formulas
1377,1,E2F5~E2F6,패치 슬롯 0807 | 문장부호 | 、,、,81 41,81 41,,81 41,8E 71,0x02B05 | 0x02B06,원본 분석표 1374번 E2EF~E2F0=82 BE(だ) → 패치 E2F5~E2F6=81 41(、); 번역 32-015/018 · 、 / 토큰 81 41 / PC-88 전각 쉼표 토큰,mapped from six runtime-analysis RAM/raw formulas
1378,1,E2F7~E2F8,패치 슬롯 0808 | 한글 문자 | 유,유,89 86,8A 99,371,8A 99,81 42,0x02B07 | 0x02B08,원본 분석표 1375번 E2F1~E2F2=81 42(。) → 패치 E2F7~E2F8=89 86(유); 번역 32-016/018 · 유 / 토큰 89 86 / KANJI E260 / 가나다순 261,mapped from six runtime-analysis RAM/raw formulas
1379,1,E2F9~E2FA,패치 슬롯 0809 | 한글 문자 | 코,코,89 C5,8A FC,470,8A FC,61 01,0x02B09 | 0x02B0A,원본 분석표 1376번 E2F3~E2F4=97 44(優) → 패치 E2F9~E2FA=89 C5(코); 번역 32-017/018 · 코 / 토큰 89 C5 / KANJI A470 / 가나다순 331,mapped from six runtime-analysis RAM/raw formulas
1380,1,E2FB~E2FC,패치 슬롯 0810 | 문장부호 | 。,。,81 42,81 42,,81 42,FF 16,0x02B0B | 0x02B0C,원본 분석표 1377번 E2F5~E2F6=8E 71(子) → 패치 E2FB~E2FC=81 42(。); 번역 32-018/018 · 。 / 토큰 81 42 / PC-88 전각 마침표 토큰,mapped from six runtime-analysis RAM/raw formulas
1381,1,E2FD,기존 확인 61~70h 계열 / CAA8[0] 작업슬롯 비활성화,,61,61,,,E6,0x02B0D,원본 분석표 1379번 E2F9 → 현재 E2FD; 비활성화 토큰 61; 다음 본류 E2FA,mapped from six runtime-analysis RAM/raw formulas
1382,1,E2FE~E2FF,기존 확인 01h 계열 제어토큰,,01 FF,01 FF,,,E5 42,0x02B0E | 0x02B0F,원본 분석표 1380번 E2FA~E2FB → 현재 E2FE~E2FF; 인자 FF; 다음 본류 E2FC,mapped from six runtime-analysis RAM/raw formulas
1383,1,E300~E302,기존 확인 16h 계열 / 서브스트림 호출·전환 → E5E6,,16 E6 E5,16 E6 E5,,,81 45 81,0x02B10 | 0x02B11 | 0x02B12,원본 분석표 1381번 E2FC~E2FE → 현재 E300~E302; 16h 호출 → E5E6; 복귀 주소 E2FF,mapped from six runtime-analysis RAM/raw formulas
1384,1,E5E6~E5EA,서브스트림 실행 / 기존 확인 0Fh 계열 제어토큰,,0F 02 18 05 09,0F 02 18 05 09,,,,,인자 02 18 05 09; 다음 주소 E5EB,outside six documented raw segments
1385,1,E5EB~E5ED,서브스트림 실행 / 기존 확인 16h 계열 / 서브스트림 호출·전환 → E630,,16 30 E6,16 30 E6,,,,,16h 호출 → E630; 복귀 주소 E5EE,outside six documented raw segments
1386,1,E630~E632,서브스트림 실행 / 기존 확인 1Eh 계열 / 간접 CALL,,1E 3C 08,1E 3C 08,,,,,호출 대상 083C; 처리 후 다음 주소 E633,outside six documented raw segments
1387,1,E633~E638,서브스트림 실행 / 기존 확인 05h 계열 / 영역·좌표 상태 설정·전개,,05 16 86 3A 9E 00,05 16 86 3A 9E 00,,,,,처리 후 다음 주소 E639; 내부 16 86 3A는 인자,outside six documented raw segments
1388,1,E639~E63D,서브스트림 실행 / 기존 확인 0Eh 계열 / 화면·버퍼 초기화·전개,,0E 16 20 24 80,0E 16 20 24 80,,,,,처리 후 다음 주소 E63E; 내부 16 20 24는 인자,outside six documented raw segments
1389,1,E63E,서브스트림 실행 / 기존 확인 17h 계열 / 서브스트림 복귀,,17,17,,,,,17h 복귀 → E5EE,outside six documented raw segments
1390,1,E5EE~E5F0,서브스트림 실행 / 기존 확인 13h 계열 제어토큰,,13 EF E6,13 EF E6,,,,,인자 EF E6; 다음 주소 E5F1,outside six documented raw segments
1391,1,E5F1~E5F3,서브스트림 실행 / 기존 확인 10h 계열 제어토큰,,10 16 22,10 16 22,,,,,인자 16 22; 다음 주소 E5F4,outside six documented raw segments
1392,1,E5F4~E5F7,서브스트림 실행 / 기존 확인 04h 계열 / CAA8 슬롯 포인터 설정,,04 CF E7 41,04 CF E7 41,,,,,E7CF 포인터를 41h 슬롯에 설정; 다음 주소 E5F8,outside six documented raw segments
1393,1,E5F8~E5FB,서브스트림 실행 / 기존 확인 04h 계열 / CAA8 슬롯 포인터 설정,,04 D9 E7 42,04 D9 E7 42,,,,,E7D9 포인터를 42h 슬롯에 설정; 다음 주소 E5FC,outside six documented raw segments
1394,1,E5FC~E5FD,서브스트림 실행 / 기존 확인 25h 계열 / CA1D 입 움직임 효과음 인덱스 설정,,25 2B,25 2B,,,,,CA1D=2B; 다음 주소 E5FE,outside six documented raw segments
1395,1,E5FE,서브스트림 실행 / 기존 확인 17h 계열 / 서브스트림 복귀,,17,17,,,,,17h 복귀 → E2FF,outside six documented raw segments
1396,1,E303,기존 확인 41~50h 계열 / CAA8[1] 슬롯 실행,,42,42,,,45,0x02B13,원본 분석표 1394번 E2FF → 현재 E303; 슬롯 토큰 42; 다음 본류 E300,mapped from six runtime-analysis RAM/raw formulas
1397,1,E304~E305,패치 슬롯 0811 | 문장부호 | ・,・,81 45,81 45,,81 45,81 45,0x02B14 | 0x02B15,원본 분석표 1395번 E300~E301 → 현재 E304~E305; 번역 33-001/006 · ・ / 토큰 81 45 / PC-88 가운데점 토큰,mapped from six runtime-analysis RAM/raw formulas
1398,1,E306~E307,패치 슬롯 0812 | 문장부호 | ・,・,81 45,81 45,,81 45,81 45,0x02B16 | 0x02B17,원본 분석표 1396번 E302~E303 → 현재 E306~E307; 번역 33-002/006 · ・ / 토큰 81 45 / PC-88 가운데점 토큰,mapped from six runtime-analysis RAM/raw formulas
1399,1,E308~E309,패치 슬롯 0813 | 문장부호 | ・,・,81 45,81 45,,81 45,81 45,0x02B18 | 0x02B19,원본 분석표 1397번 E304~E305 → 현재 E308~E309; 번역 33-003/006 · ・ / 토큰 81 45 / PC-88 가운데점 토큰,mapped from six runtime-analysis RAM/raw formulas
1400,1,E30A~E30B,패치 슬롯 0814 | 문장부호 | ・,・,81 45,81 45,,81 45,81 49,0x02B1A | 0x02B1B,원본 분석표 1398번 E306~E307 → 현재 E30A~E30B; 번역 33-004/006 · ・ / 토큰 81 45 / PC-88 가운데점 토큰,mapped from six runtime-analysis RAM/raw formulas
1401,1,E30C~E30D,패치 슬롯 0815 | 문장부호 | ・,・,81 45,81 45,,81 45,62 01,0x02B1C | 0x02B1D,원본 분석표 1399번 E308~E309 → 현재 E30C~E30D; 번역 33-005/006 · ・ / 토큰 81 45 / PC-88 가운데점 토큰,mapped from six runtime-analysis RAM/raw formulas
1402,1,E30E~E30F,패치 슬롯 0816 | 문장부호 | ！,！,81 49,81 49,,81 49,02 06,0x02B1E | 0x02B1F,원본 분석표 1400번 E30A~E30B → 현재 E30E~E30F; 번역 33-006/006 · ！ / 토큰 81 49 / PC-88 전각 느낌표 토큰,mapped from six runtime-analysis RAM/raw formulas
1403,1,E310,기존 확인 61~70h 계열 / CAA8[1] 작업슬롯 비활성화,,62,62,,,04,0x02B20,원본 분석표 1401번 E30C → 현재 E310; 비활성화 토큰 62; 다음 본류 E30D,mapped from six runtime-analysis RAM/raw formulas
1404,1,E311~E312,기존 확인 01h 계열 제어토큰,,01 02,01 02,,,19 04,0x02B21 | 0x02B22,원본 분석표 1402번 E30D~E30E → 현재 E311~E312; 인자 02; 다음 본류 E30F,mapped from six runtime-analysis RAM/raw formulas
1405,1,E313~E314,기존 확인 06h 계열 / 상태 설정,,06 04,06 04,,,25 2D,0x02B23 | 0x02B24,원본 분석표 1403번 E30F~E310 → 현재 E313~E314; 인자 04; 다음 본류 E311,mapped from six runtime-analysis RAM/raw formulas
1406,1,E315~E316,기존 확인 19h 계열 제어토큰,,19 04,19 04,,,83 4B,0x02B25 | 0x02B26,원본 분석표 1404번 E311~E312 → 현재 E315~E316; 인자 04; 다음 본류 E313,mapped from six runtime-analysis RAM/raw formulas
1407,1,E317~E318,기존 확인 25h 계열 / CA1D 입 움직임 효과음 인덱스 설정,,25 2D,25 2D,,,83 6E,0x02B27 | 0x02B28,원본 분석표 1405번 E313~E314 → 현재 E317~E318; CA1D=2D; 다음 본류 E315,mapped from six runtime-analysis RAM/raw formulas
1408,1,E319~E31A,패치 슬롯 0817 | 한글 문자 | 크,크,89 C7,8B 42,473,8B 42,83 6E,0x02B29 | 0x02B2A,원본 분석표 1406번 E315~E316=83 4B(ガ) → 패치 E319~E31A=89 C7(크); 번역 34-001/007 · 크 / 토큰 89 C7 / KANJI A490 / 가나다순 333,mapped from six runtime-analysis RAM/raw formulas
1409,1,E31B~E31C,패치 슬롯 0818 | 한글 문자 | 아,아,89 60,8A 5A,309,8A 5A,83 6E,0x02B2B | 0x02B2C,원본 분석표 1407번 E317~E318=83 6E(ハ) → 패치 E31B~E31C=89 60(아); 번역 34-002/007 · 아 / 토큰 89 60 / KANJI A210 / 가나다순 223,mapped from six runtime-analysis RAM/raw formulas
1410,1,E31D~E31E,패치 슬롯 0819 | 한글 문자 | 아,아,89 60,8A 5A,309,8A 5A,83 6E,0x02B2D | 0x02B2E,원본 분석표 1408번 E319~E31A=83 6E(ハ) → 패치 E31D~E31E=89 60(아); 번역 34-003/007 · 아 / 토큰 89 60 / KANJI A210 / 가나다순 223,mapped from six runtime-analysis RAM/raw formulas
1411,1,E31F~E320,패치 슬롯 0820 | 한글 문자 | 아,아,89 60,8A 5A,309,8A 5A,83 6E,0x02B2F | 0x02B30,원본 분석표 1409번 E31B~E31C=83 6E(ハ) → 패치 E31F~E320=89 60(아); 번역 34-004/007 · 아 / 토큰 89 60 / KANJI A210 / 가나다순 223,mapped from six runtime-analysis RAM/raw formulas
1412,1,E321~E322,패치 슬롯 0821 | 한글 문자 | 아,아,89 60,8A 5A,309,8A 5A,83 6E,0x02B31 | 0x02B32,원본 분석표 1410번 E31D~E31E=83 6E(ハ) → 패치 E321~E322=89 60(아); 번역 34-005/007 · 아 / 토큰 89 60 / KANJI A210 / 가나다순 223,mapped from six runtime-analysis RAM/raw formulas
1413,1,E323~E324,패치 슬롯 0821 | 문장부호 | ！,！,81 49,81 49,,81 49,81 49,0x02B33 | 0x02B34,번역 34-006/007 · ！ / 토큰 81 49 / PC-88 전각 느낌표 토큰,mapped from six runtime-analysis RAM/raw formulas
1414,1,E325~E326,패치 슬롯 0822 | 문장부호 | ！,！,81 49,81 49,,81 49,81 49,0x02B35 | 0x02B36,번역 34-007/007 · ！ / 토큰 81 49 / PC-88 전각 느낌표 토큰,mapped from six runtime-analysis RAM/raw formulas
1415,1,E327,기존 확인 11h 계열 제어토큰,,11,11,,,11,0x02B37,1바이트 독립 토큰; 다음 본류 E328,mapped from six runtime-analysis RAM/raw formulas
1416,1,E328~E329,기존 확인 19h 계열 제어토큰,,19 07,19 07,,,19 07,0x02B38 | 0x02B39,인자 07; 다음 본류 E32A,mapped from six runtime-analysis RAM/raw formulas
1417,1,E32A,기존 확인 12h 계열 제어토큰,,12,12,,,12,0x02B3A,1바이트 독립 토큰; 다음 본류 E32B,mapped from six runtime-analysis RAM/raw formulas
1418,1,E32B~E32C,기존 확인 06h 계열 / 상태 설정,,06 05,06 05,,,06 05,0x02B3B | 0x02B3C,파라미터 05; 다음 본류 E32D,mapped from six runtime-analysis RAM/raw formulas
1419,1,E32D~E32E,기존 확인 01h 계열 제어토큰,,01 0B,01 0B,,,01 0B,0x02B3D | 0x02B3E,인자 0B; 다음 본류 E32F,mapped from six runtime-analysis RAM/raw formulas
1420,1,E32F~E330,기존 확인 25h 계열 / CA1D 입 움직임 효과음 인덱스 설정,,25 2B,25 2B,,,25 2B,0x02B3F | 0x02B40,CA1D=2B; 다음 본류 E331,mapped from six runtime-analysis RAM/raw formulas
1421,1,E331~E332,패치 슬롯 0824 | 한글 문자 | 바,바,88 E9,89 CC,234,89 CC,83 94,0x02B41 | 0x02B42,원본 분석표 1421번 E331~E332=83 94(ヴ) → 패치 E331~E332=88 E9(바); 번역 35-001/010 · 바 / 토큰 88 E9 / KANJI E0B0 / 가나다순 168,mapped from six runtime-analysis RAM/raw formulas
1422,1,E333~E334,패치 슬롯 0825 | 한글 문자 | 리,리,88 CC,89 A4,194,89 A4,83 40,0x02B43 | 0x02B44,원본 분석표 1422번 E333~E334=83 40(ァ) → 패치 E333~E334=88 CC(리); 번역 35-002/010 · 리 / 토큰 88 CC / KANJI A0E0 / 가나다순 137,mapped from six runtime-analysis RAM/raw formulas
1423,1,E335~E336,패치 슬롯 0826 | 한글 문자 | 아,아,89 60,8A 5A,309,8A 5A,83 8A,0x02B45 | 0x02B46,원본 분석표 1423번 E335~E336=83 8A(リ) → 패치 E335~E336=89 60(아); 번역 35-003/010 · 아 / 토큰 89 60 / KANJI A210 / 가나다순 223,mapped from six runtime-analysis RAM/raw formulas
1424,1,E337~E338,패치 슬롯 0827 | 한글 문자 | 니,니,82 E4,89 4D,108,89 4D,83 41,0x02B47 | 0x02B48,원본 분석표 1424번 E337~E338=83 41(ア) → 패치 E337~E338=82 E4(니); 번역 35-004/010 · 니 / 토큰 82 E4 / KANJI 3860 / 가나다순 75,mapped from six runtime-analysis RAM/raw formulas
1425,1,E339~E33A,패치 슬롯 0828 | 한글 문자 | 이,이,89 8D,8A A2,380,8A A2,82 B3,0x02B49 | 0x02B4A,원본 분석표 1425번 E339~E33A=82 B3(さ) → 패치 E339~E33A=89 8D(이); 번역 35-005/010 · 이 / 토큰 89 8D / KANJI E2D0 / 가나다순 268,mapped from six runtime-analysis RAM/raw formulas
1426,1,E33B~E33C,패치 슬롯 0829 | 한글 문자 | 이,이,89 8D,8A A2,380,8A A2,82 DC,0x02B4B | 0x02B4C,원본 분석표 1426번 E33B~E33C=82 DC(ま) → 패치 E33B~E33C=89 8D(이); 번역 35-006/010 · 이 / 토큰 89 8D / KANJI E2D0 / 가나다순 268,mapped from six runtime-analysis RAM/raw formulas
1427,1,E33D~E33E,패치 슬롯 0830 | 한글 문자 | 임,임,8A A5,8A A8,386,8A A8,82 A0,0x02B4D | 0x02B4E,원본 분석표 1427번 E33D~E33E=82 A0(あ) → 패치 E33D~E33E=8A A5(임); 번역 35-007/010 · 임 / 토큰 8A A5 / KANJI 6870 / 가나다순 466,mapped from six runtime-analysis RAM/raw formulas
1428,1,E33F~E340,패치 슬롯 0831 | 문장부호 | ー,ー,81 5B,81 5B,,81 5B,82 A0,0x02B4F | 0x02B50,원본 분석표 1428번 E33F~E340=82 A0(あ) → 패치 E33F~E340=81 5B(ー); 번역 35-008/010 · ー / 토큰 81 5B / PC-88 장음 부호 토큰,mapped from six runtime-analysis RAM/raw formulas
1429,1,E341~E342,패치 슬롯 0832 | 문장부호 | ！,！,81 49,81 49,,81 49,82 A0,0x02B51 | 0x02B52,원본 분석표 1432번 E347~E348 → 현재 E341~E342; 번역 35-009/010 · ！ / 토큰 81 49 / PC-88 전각 느낌표 토큰,mapped from six runtime-analysis RAM/raw formulas
1430,1,E343~E344,패치 슬롯 0833 | 문장부호 | ！,！,81 49,81 49,,81 49,81 5B,0x02B53 | 0x02B54,원본 분석표 1433번 E349~E34A → 현재 E343~E344; 번역 35-010/010 · ！ / 토큰 81 49 / PC-88 전각 느낌표 토큰,mapped from six runtime-analysis RAM/raw formulas
1431,1,E345,기존 확인 11h 계열 제어토큰,,11,11,,,82,0x02B55,원본 분석표 1434번 E34B → 현재 E345; 다음 본류 E34C,mapped from six runtime-analysis RAM/raw formulas
1432,1,E346~E348,기존 확인 16h 계열 / 서브스트림 호출·전환 → E40E,,16 0E E4,16 0E E4,,,C1 81 49,0x02B56 | 0x02B57 | 0x02B58,원본 분석표 1435번 E34C~E34E → 현재 E346~E348; 16h 호출 → E40E; 복귀 주소 E34F,mapped from six runtime-analysis RAM/raw formulas
1433,1,E40E~E412,서브스트림 실행 / 기존 확인 0Fh 계열 제어토큰,,0F 03 2C 05 06,0F 03 2C 05 06,,,,,인자 03 2C 05 06; 다음 주소 E413,outside six documented raw segments
1434,1,E413~E415,서브스트림 실행 / 기존 확인 1Eh 계열 제어토큰,,1E 20 E4,1E 20 E4,,,,,인자 20 E4; 다음 주소 E416,outside six documented raw segments
1435,1,E416~E418,서브스트림 실행 / 기존 확인 16h 계열 / 서브스트림 호출·전환 → E630,,16 30 E6,16 30 E6,,,,,16h 호출 → E630; 복귀 주소 E419,outside six documented raw segments
1436,1,E630~E632,서브스트림 실행 / 기존 확인 1Eh 계열 / 간접 CALL,,1E 3C 08,1E 3C 08,,,,,호출 대상 083C; 처리 후 다음 주소 E633,outside six documented raw segments
1437,1,E633~E638,서브스트림 실행 / 기존 확인 05h 계열 / 영역·좌표 상태 설정·전개,,05 16 86 3A 9E 00,05 16 86 3A 9E 00,,,,,처리 후 다음 주소 E639; 내부 16 86 3A는 인자,outside six documented raw segments
1438,1,E639~E63D,서브스트림 실행 / 기존 확인 0Eh 계열 / 화면·버퍼 초기화·전개,,0E 16 20 24 80,0E 16 20 24 80,,,,,처리 후 다음 주소 E63E; 내부 16 20 24는 인자,outside six documented raw segments
1439,1,E63E,서브스트림 실행 / 기존 확인 17h 계열 / 서브스트림 복귀,,17,17,,,,,17h 복귀 → E419,outside six documented raw segments
1440,1,E419~E41B,서브스트림 실행 / 기존 확인 13h 계열 제어토큰,,13 5F E6,13 5F E6,,,,,인자 5F E6; 다음 주소 E41C,outside six documented raw segments
1441,1,E41C~E41E,서브스트림 실행 / 기존 확인 10h 계열 제어토큰,,10 3B 00,10 3B 00,,,,,인자 3B 00; 다음 주소 E41F,outside six documented raw segments
1442,1,E41F,서브스트림 실행 / 기존 확인 17h 계열 / 서브스트림 복귀,,17,17,,,,,17h 복귀 → E34F,outside six documented raw segments
1443,1,E349~E34A,기존 확인 01h 계열 제어토큰,,01 11,01 11,,,81 49,0x02B59 | 0x02B5A,원본 분석표 1446번 E34F~E350 → 현재 E349~E34A; 인자 11; 다음 본류 E351,mapped from six runtime-analysis RAM/raw formulas
1444,1,E34B~E34C,기존 확인 19h 계열 제어토큰,,19 04,19 04,,,11 16,0x02B5B | 0x02B5C,원본 분석표 1447번 E351~E352 → 현재 E34B~E34C; 인자 04; 다음 본류 E353,mapped from six runtime-analysis RAM/raw formulas
1445,1,E34D~E34E,기존 확인 25h 계열 / CA1D 입 움직임 효과음 인덱스 설정,,25 2D,25 2D,,,0E E4,0x02B5D | 0x02B5E,원본 분석표 1448번 E353~E354 → 현재 E34D~E34E; CA1D=2D; 다음 본류 E355,mapped from six runtime-analysis RAM/raw formulas
1446,1,E34F~E350,기존 확인 22h 계열 제어토큰,,22 44,22 44,,,01 11,0x02B5F | 0x02B60,원본 분석표 1449번 E355~E356 → 현재 E34F~E350; 인자 44; 다음 본류 E357,mapped from six runtime-analysis RAM/raw formulas
1447,1,E351~E352,패치 슬롯 0834 | 한글 문자 | 크,크,89 C7,8B 42,473,8B 42,19 04,0x02B61 | 0x02B62,원본 분석표 1450번 E357~E358=83 4F(グ) → 패치 E351~E352=89 C7(크); 번역 36-001/005 · 크 / 토큰 89 C7 / KANJI A490 / 가나다순 333,mapped from six runtime-analysis RAM/raw formulas
1448,1,E353~E354,패치 슬롯 0835 | 한글 문자 | 어,어,89 6C,8A 6A,325,8A 6A,25 2D,0x02B63 | 0x02B64,원본 분석표 1451번 E359~E35A=83 45(ウ) → 패치 E353~E354=89 6C(어); 번역 36-002/005 · 어 / 토큰 89 6C / KANJI A2D0 / 가나다순 235,mapped from six runtime-analysis RAM/raw formulas
1449,1,E355~E356,패치 슬롯 0836 | 한글 문자 | 어,어,89 6C,8A 6A,325,8A 6A,22 44,0x02B65 | 0x02B66,원본 분석표 1452번 E35B~E35C=83 48(ォ) → 패치 E355~E356=89 6C(어); 번역 36-003/005 · 어 / 토큰 89 6C / KANJI A2D0 / 가나다순 235,mapped from six runtime-analysis RAM/raw formulas
1450,1,E357~E358,패치 슬롯 0837 | 문장부호 | ！,！,81 49,81 49,,81 49,83 4F,0x02B67 | 0x02B68,원본 분석표 1453번 E35D~E35E → 현재 E357~E358; 번역 36-004/005 · ！ / 토큰 81 49 / PC-88 전각 느낌표 토큰,mapped from six runtime-analysis RAM/raw formulas
1451,1,E359~E35A,패치 슬롯 0838 | 문장부호 | ！,！,81 49,81 49,,81 49,83 45,0x02B69 | 0x02B6A,원본 분석표 1454번 E35F~E360 → 현재 E359~E35A; 번역 36-005/005 · ！ / 토큰 81 49 / PC-88 전각 느낌표 토큰,mapped from six runtime-analysis RAM/raw formulas
1452,1,E35B,기존 확인 11h 계열 제어토큰,,11,11,,,83,0x02B6B,원본 분석표 1455번 E361 → 현재 E35B; 1바이트 독립 토큰; 다음 본류 E362,mapped from six runtime-analysis RAM/raw formulas
1453,1,E35C~E35D,기존 확인 01h 계열 제어토큰,,01 01,01 01,,,48 81,0x02B6C | 0x02B6D,원본 분석표 1456번 E362~E363 → 현재 E35C~E35D; 인자 01; 다음 본류 E364,mapped from six runtime-analysis RAM/raw formulas
1454,1,E35E,기존 확인 11h 계열 제어토큰,,11,11,,,49,0x02B6E,원본 분석표 1457번 E364 → 현재 E35E; 1바이트 독립 토큰; 다음 본류 E365,mapped from six runtime-analysis RAM/raw formulas
1455,1,E35F~E360,기존 확인 01h 계열 제어토큰,,01 04,01 04,,,81 49,0x02B6F | 0x02B70,원본 분석표 1458번 E365~E366 → 현재 E35F~E360; 인자 04; 다음 본류 E367,mapped from six runtime-analysis RAM/raw formulas
1456,1,E361,기존 확인 11h 계열 제어토큰,,11,11,,,11,0x02B71,원본 분석표 1459번 E367 → 현재 E361; 1바이트 독립 토큰; 다음 본류 E368,mapped from six runtime-analysis RAM/raw formulas
1457,1,E362~E363,기존 확인 01h 계열 제어토큰,,01 08,01 08,,,01 01,0x02B72 | 0x02B73,원본 분석표 1460번 E368~E369 → 현재 E362~E363; 인자 08; 다음 본류 E36A,mapped from six runtime-analysis RAM/raw formulas
1458,1,E364~E365,기존 확인 19h 계열 제어토큰,,19 01,19 01,,,11 01,0x02B74 | 0x02B75,원본 분석표 1461번 E36A~E36B → 현재 E364~E365; 인자 01; 다음 본류 E36C,mapped from six runtime-analysis RAM/raw formulas
1459,1,E366~E368,런타임 확인 1Eh 계열 제어토큰,,1E 40 A4,1E 40 A4,,,04 11 01,0x02B76 | 0x02B77 | 0x02B78,원본 분석표 1462번 E36C~E36E → 현재 E366~E368; 인자 40 A4; 다음 본류 E36F,mapped from six runtime-analysis RAM/raw formulas
1460,1,E369~E36A,패치 슬롯 0839 | 한글 문자 | 으,으,89 88,8A 9B,373,8A 9B,08 19,0x02B79 | 0x02B7A,원본 분석표 1463번 E36F~E370=83 4F(グ) → 패치 E369~E36A=89 88(으); 번역 37-001/007 · 으 / 토큰 89 88 / KANJI E280 / 가나다순 263,mapped from six runtime-analysis RAM/raw formulas
1461,1,E36B~E36C,패치 슬롯 0840 | 한글 문자 | 으,으,89 88,8A 9B,373,8A 9B,01 1E,0x02B7B | 0x02B7C,원본 분석표 1464번 E371~E372=83 4F(グ) → 패치 E36B~E36C=89 88(으); 번역 37-002/007 · 으 / 토큰 89 88 / KANJI E280 / 가나다순 263,mapped from six runtime-analysis RAM/raw formulas
1462,1,E36D~E36E,패치 슬롯 0841 | 한글 문자 | 으,으,89 88,8A 9B,373,8A 9B,40 A4,0x02B7D | 0x02B7E,원본 분석표 1465번 E373~E374=83 4F(グ) → 패치 E36D~E36E=89 88(으); 번역 37-003/007 · 으 / 토큰 89 88 / KANJI E280 / 가나다순 263,mapped from six runtime-analysis RAM/raw formulas
1463,1,E36F~E370,패치 슬롯 0842 | 문장부호 | ・,・,81 45,81 45,,81 45,83 4F,0x02B7F | 0x02B80,원본 분석표 1466번 E375~E376 → 현재 E36F~E370; 번역 37-004/007 · ・ / 토큰 81 45 / PC-88 가운데점 토큰,mapped from six runtime-analysis RAM/raw formulas
1464,1,E371~E372,패치 슬롯 0843 | 문장부호 | ・,・,81 45,81 45,,81 45,83 4F,0x02B81 | 0x02B82,원본 분석표 1467번 E377~E378 → 현재 E371~E372; 번역 37-005/007 · ・ / 토큰 81 45 / PC-88 가운데점 토큰,mapped from six runtime-analysis RAM/raw formulas
1465,1,E373~E374,패치 슬롯 0844 | 문장부호 | ・,・,81 45,81 45,,81 45,83 4F,0x02B83 | 0x02B84,원본 분석표 1468번 E379~E37A → 현재 E373~E374; 번역 37-006/007 · ・ / 토큰 81 45 / PC-88 가운데점 토큰,mapped from six runtime-analysis RAM/raw formulas
1466,1,E375~E376,패치 슬롯 0845 | 문장부호 | 。,。,81 42,81 42,,81 42,81 45,0x02B85 | 0x02B86,원본 분석표 1469번 E37B~E37C → 현재 E375~E376; 번역 37-007/007 · 。 / 토큰 81 42 / PC-88 전각 마침표 토큰,mapped from six runtime-analysis RAM/raw formulas
1467,1,E377,기존 확인 11h 계열 제어토큰,,11,11,,,81,0x02B87,원본 분석표 1470번 E37D → 현재 E377; 1바이트 독립 토큰; 다음 본류 E37E,mapped from six runtime-analysis RAM/raw formulas
1468,1,E378~E379,기존 확인 19h 계열 제어토큰,,19 07,19 07,,,45 81,0x02B88 | 0x02B89,원본 분석표 1471번 E37E~E37F → 현재 E378~E379; 인자 07; 다음 본류 E380,mapped from six runtime-analysis RAM/raw formulas
1469,1,E37A~E384,런타임 확인 1Fh 계열 제어토큰,,1F 03 4B 05 04 02 4C 05 04 00 88,1F 03 4B 05 04 02 4C 05 04 00 88,,,45 81 42 11 19 07 1F 03 4B 05 04,0x02B8A | 0x02B8B | 0x02B8C | 0x02B8D | 0x02B8E | 0x02B8F | 0x02B90 | 0x02B91 | 0x02B92 | 0x02B93 | 0x02B94,원본 분석표 1472번 E380~E38A → 현재 E37A~E384; 11바이트 실행 단위; 내부 인자를 독립 문자·토큰으로 분리하지 않음; 다음 본류 E38B,mapped from six runtime-analysis RAM/raw formulas
1470,1,E385~E387,기존 확인 16h 계열 / 서브스트림 호출·전환 → E3FB,,16 FB E3,16 FB E3,,,02 4C 05,0x02B95 | 0x02B96 | 0x02B97,원본 분석표 1473번 E38B~E38D → 현재 E385~E387; 16h 호출 → E3FB; 복귀 주소 E38E,mapped from six runtime-analysis RAM/raw formulas
1471,1,E3FB~E401,서브스트림 실행 / 기존 확인 0Bh 계열 제어토큰,,0B 3B 00 02 39 05 07,0B 3B 00 02 39 05 07,,,,,7바이트 실행 단위; 다음 주소 E402,outside six documented raw segments
1472,1,E402~E406,서브스트림 실행 / 기존 확인 0Fh 계열 제어토큰,,0F 04 3A 05 12,0F 04 3A 05 12,,,,,인자 04 3A 05 12; 다음 주소 E407,outside six documented raw segments
1473,1,E407~E409,서브스트림 실행 / 기존 확인 16h 계열 / 서브스트림 호출·전환 → E630,,16 30 E6,16 30 E6,,,,,16h 호출 → E630; 복귀 주소 E40A,outside six documented raw segments
1474,1,E630~E632,서브스트림 실행 / 기존 확인 1Eh 계열 / 간접 CALL,,1E 3C 08,1E 3C 08,,,,,호출 대상 083C; 처리 후 다음 주소 E633,outside six documented raw segments
1475,1,E633~E638,서브스트림 실행 / 기존 확인 05h 계열 / 영역·좌표 상태 설정·전개,,05 16 86 3A 9E 00,05 16 86 3A 9E 00,,,,,처리 후 다음 주소 E639; 내부 16 86 3A는 인자,outside six documented raw segments
1476,1,E639~E63D,서브스트림 실행 / 기존 확인 0Eh 계열 / 화면·버퍼 초기화·전개,,0E 16 20 24 80,0E 16 20 24 80,,,,,처리 후 다음 주소 E63E; 내부 16 20 24는 인자,outside six documented raw segments
1477,1,E63E,서브스트림 실행 / 기존 확인 17h 계열 / 서브스트림 복귀,,17,17,,,,,17h 복귀 → E40A,outside six documented raw segments
1478,1,E40A~E40C,서브스트림 실행 / 기존 확인 13h 계열 제어토큰,,13 4F E6,13 4F E6,,,,,인자 4F E6; 다음 주소 E40D,outside six documented raw segments
1479,1,E40D,서브스트림 실행 / 기존 확인 17h 계열 / 서브스트림 복귀,,17,17,,,,,17h 복귀 → E38E,outside six documented raw segments
1480,1,E388~E38A,런타임 확인 1Eh 계열 제어토큰,,1E 16 A4,1E 16 A4,,,04 00 88,0x02B98 | 0x02B99 | 0x02B9A,원본 분석표 1483번 E38E~E390 → 현재 E388~E38A; 인자 16 A4; 다음 본류 E391,mapped from six runtime-analysis RAM/raw formulas
1481,1,E38B~E38C,기존 확인 01h 계열 제어토큰,,01 12,01 12,,,16 FB,0x02B9B | 0x02B9C,원본 분석표 1484번 E391~E392 → 현재 E38B~E38C; 인자 12; 다음 본류 E393,mapped from six runtime-analysis RAM/raw formulas
1482,1,E38D,기존 확인 11h 계열 제어토큰,,11,11,,,E3,0x02B9D,원본 분석표 1485번 E393 → 현재 E38D; 1바이트 독립 토큰; 다음 본류 E394,mapped from six runtime-analysis RAM/raw formulas
1483,1,E38E~E38F,기존 확인 01h 계열 제어토큰,,01 06,01 06,,,1E 16,0x02B9E | 0x02B9F,원본 분석표 1486번 E394~E395 → 현재 E38E~E38F; 인자 06; 다음 본류 E396,mapped from six runtime-analysis RAM/raw formulas
1484,1,E390,기존 확인 11h 계열 제어토큰,,11,11,,,A4,0x02BA0,원본 분석표 1487번 E396 → 현재 E390; 1바이트 독립 토큰; 다음 본류 E397,mapped from six runtime-analysis RAM/raw formulas
1485,1,E391~E392,기존 확인 01h 계열 제어토큰,,01 07,01 07,,,01 12,0x02BA1 | 0x02BA2,원본 분석표 1488번 E397~E398 → 현재 E391~E392; 인자 07; 다음 본류 E399,mapped from six runtime-analysis RAM/raw formulas
1486,1,E393,기존 확인 11h 계열 제어토큰,,11,11,,,11,0x02BA3,원본 분석표 1489번 E399 → 현재 E393; 1바이트 독립 토큰; 다음 본류 E39A,mapped from six runtime-analysis RAM/raw formulas
1487,1,E394~E395,기존 확인 19h 계열 제어토큰,,19 06,19 06,,,01 06,0x02BA4 | 0x02BA5,원본 분석표 1490번 E39A~E39B → 현재 E394~E395; 인자 06; 다음 본류 E39C,mapped from six runtime-analysis RAM/raw formulas
1488,1,E396~E398,기존 확인 16h 계열 / 서브스트림 호출·전환 → E3E0,,16 E0 E3,16 E0 E3,,,11 01 07,0x02BA6 | 0x02BA7 | 0x02BA8,원본 분석표 1491번 E39C~E39E → 현재 E396~E398; 16h 호출 → E3E0; 복귀 주소 E39F,mapped from six runtime-analysis RAM/raw formulas
1489,1,E3E0~E3E2,서브스트림 실행 / 기존 확인 1Eh 계열 / 간접 CALL,,1E 3C 08,1E 3C 08,,,,,호출 대상 083C; 처리 후 다음 주소 E3E3,outside six documented raw segments
1490,1,E3E3~E3E8,서브스트림 실행 / 기존 확인 05h 계열 / 영역·좌표 상태 설정·전개,,05 16 86 3A 9E 06,05 16 86 3A 9E 06,,,,,처리 후 다음 주소 E3E9,outside six documented raw segments
1491,1,E3E9~E3ED,서브스트림 실행 / 기존 확인 0Eh 계열 / 화면·버퍼 초기화·전개,,0E 16 20 24 80,0E 16 20 24 80,,,,,처리 후 다음 주소 E3EE,outside six documented raw segments
1492,1,E3EE~E3F2,서브스트림 실행 / 기존 확인 0Fh 계열 제어토큰,,0F 01 42 05 0E,0F 01 42 05 0E,,,,,인자 01 42 05 0E; 다음 주소 E3F3,outside six documented raw segments
1493,1,E3F3~E3F6,서브스트림 실행 / 기존 확인 14h 계열 / 버퍼·영역 처리,,14 00 3B 64,14 00 3B 64,,,,,인자 00 3B 64; 다음 주소 E3F7,outside six documented raw segments
1494,1,E3F7~E3F9,서브스트림 실행 / 기존 확인 13h 계열 제어토큰,,13 3F E6,13 3F E6,,,,,인자 3F E6; 다음 주소 E3FA,outside six documented raw segments
1495,1,E3FA,서브스트림 실행 / 기존 확인 17h 계열 / 서브스트림 복귀,,17,17,,,,,17h 복귀 → E39F,outside six documented raw segments
1496,1,E399~E39A,기존 확인 01h 계열 제어토큰,,01 13,01 13,,,11 19,0x02BA9 | 0x02BAA,원본 분석표 1499번 E39F~E3A0 → 현재 E399~E39A; 인자 13; 다음 본류 E3A1,mapped from six runtime-analysis RAM/raw formulas
1497,1,E39B,기존 확인 11h 계열 제어토큰,,11,11,,,06,0x02BAB,원본 분석표 1500번 E3A1 → 현재 E39B; 다음 본류 E3A2,mapped from six runtime-analysis RAM/raw formulas
1498,1,E39C~E39E,런타임 확인 1Eh 계열 제어토큰,,1E 40 A4,1E 40 A4,,,16 E0 E3,0x02BAC | 0x02BAD | 0x02BAE,원본 분석표 1501번 E3A2~E3A4 → 현재 E39C~E39E; 인자 40 A4; 다음 본류 E3A5,mapped from six runtime-analysis RAM/raw formulas
1499,1,E39F~E3A0,기존 확인 19h 계열 제어토큰,,19 07,19 07,,,01 13,0x02BAF | 0x02BB0,원본 분석표 1502번 E3A5~E3A6 → 현재 E39F~E3A0; 인자 07; 다음 본류 E3A7,mapped from six runtime-analysis RAM/raw formulas
1500,1,E3A1~E3A5,런타임 확인 00h 계열 / 5바이트 블록 전환·적재 명령,,00 04 02 05 08,00 04 02 05 08,,,11 1E 40 A4 19,0x02BB1 | 0x02BB2 | 0x02BB3 | 0x02BB4 | 0x02BB5,원본 분석표 1503번 E3A7~E3AB → 현재 E3A1~E3A5; C4FB가 인자 04 02 05 08을 소비; 제1 payload 종료 E3AB; 다음 활성 이벤트 포인터 D762,mapped from six runtime-analysis RAM/raw formulas
1501,2,D762~D763,기존 확인 0Ch 계열 / C008 파라미터 저장,,0C 01,0C 01,,,0C 01,0x03FC2 | 0x03FC3,파라미터 01; 다음 본류 D764,mapped from six runtime-analysis RAM/raw formulas
1502,2,D764~D766,기존 확인 1Eh 계열 / 간접 CALL,,1E 3C 08,1E 3C 08,,,1E 3C 08,0x03FC4 | 0x03FC5 | 0x03FC6,호출 대상 083C; 처리 후 다음 본류 D767,mapped from six runtime-analysis RAM/raw formulas
1503,2,D767~D769,기존 확인 1Eh 계열 / 간접 CALL,,1E 58 D7,1E 58 D7,,,1E 58 D7,0x03FC7 | 0x03FC8 | 0x03FC9,호출 대상 D758; 처리 후 다음 본류 D76A,mapped from six runtime-analysis RAM/raw formulas
1504,2,D76A~D76E,기존 확인 0Eh 계열 / 화면·버퍼 초기화·전개,,0E 16 20 24 88,0E 16 20 24 88,,,0E 16 20 24 88,0x03FCA | 0x03FCB | 0x03FCC | 0x03FCD | 0x03FCE,인자 16 20 24 88; 다음 본류 D76F,mapped from six runtime-analysis RAM/raw formulas
1505,2,D76F~D774,기존 확인 05h 계열 / 영역·좌표 상태 설정·전개,,05 16 86 3A 9E 00,05 16 86 3A 9E 00,,,05 16 86 3A 9E 00,0x03FCF | 0x03FD0 | 0x03FD1 | 0x03FD2 | 0x03FD3 | 0x03FD4,인자 16 86 3A 9E 00; 다음 본류 D775,mapped from six runtime-analysis RAM/raw formulas
1506,2,D775~D77F,런타임 확인 1Fh 계열 제어토큰,,1F 01 4D 05 03 04 4D 05 03 00 88,1F 01 4D 05 03 04 4D 05 03 00 88,,,1F 01 4D 05 03 04 4D 05 03 00 88,0x03FD5 | 0x03FD6 | 0x03FD7 | 0x03FD8 | 0x03FD9 | 0x03FDA | 0x03FDB | 0x03FDC | 0x03FDD | 0x03FDE | 0x03FDF,11바이트 실행 단위; 내부 인자를 독립 문자·토큰으로 분리하지 않음; 다음 본류 D780,mapped from six runtime-analysis RAM/raw formulas
1507,2,D780~D781,기존 확인 06h 계열 / 상태 설정,,06 0E,06 0E,,,06 0E,0x03FE0 | 0x03FE1,파라미터 0E; 다음 본류 D782,mapped from six runtime-analysis RAM/raw formulas
1508,2,D782~D784,기존 확인 16h 계열 / 서브스트림 호출·전환 → DF22,,16 22 DF,16 22 DF,,,16 22 DF,0x03FE2 | 0x03FE3 | 0x03FE4,16h 호출 → DF22; 복귀 주소 D785,mapped from six runtime-analysis RAM/raw formulas
1509,2,DF22~DF26,서브스트림 실행 / 기존 확인 0Fh 계열 제어토큰,,0F 05 44 05 06,0F 05 44 05 06,,,,,인자 05 44 05 06; 다음 주소 DF27,outside six documented raw segments
1510,2,DF27~DF29,서브스트림 실행 / 기존 확인 16h 계열 / 서브스트림 호출·전환 → DF4D,,16 4D DF,16 4D DF,,,,,16h 호출 → DF4D; 복귀 주소 DF2A,outside six documented raw segments
1511,2,DF4D~DF4F,서브스트림 실행 / 기존 확인 1Eh 계열 / 간접 CALL,,1E 3C 08,1E 3C 08,,,,,호출 대상 083C; 처리 후 다음 주소 DF50,outside six documented raw segments
1512,2,DF50~DF55,서브스트림 실행 / 기존 확인 05h 계열 / 영역·좌표 상태 설정·전개,,05 16 86 3A 9E 00,05 16 86 3A 9E 00,,,,,처리 후 다음 주소 DF56,outside six documented raw segments
1513,2,DF56~DF5A,서브스트림 실행 / 기존 확인 0Eh 계열 / 화면·버퍼 초기화·전개,,0E 16 20 24 80,0E 16 20 24 80,,,,,처리 후 다음 주소 DF5B,outside six documented raw segments
1514,2,DF5B,서브스트림 실행 / 기존 확인 17h 계열 / 서브스트림 복귀,,17,17,,,,,17h 복귀 → DF2A,outside six documented raw segments
1515,2,DF2A~DF2C,서브스트림 실행 / 기존 확인 13h 계열 제어토큰,,13 0C E0,13 0C E0,,,,,인자 0C E0; 다음 주소 DF2D,outside six documented raw segments
1516,2,DF2D~DF30,서브스트림 실행 / 기존 확인 14h 계열 / 버퍼·영역 처리,,14 00 3B 00,14 00 3B 00,,,,,인자 00 3B 00; 다음 주소 DF31,outside six documented raw segments
1517,2,DF31~DF34,서브스트림 실행 / 기존 확인 04h 계열 / CAA8 슬롯 포인터 설정,,04 68 E0 41,04 68 E0 41,,,,,E068 포인터를 41h 슬롯에 설정; 다음 주소 DF35,outside six documented raw segments
1518,2,DF35~DF38,서브스트림 실행 / 기존 확인 04h 계열 / CAA8 슬롯 포인터 설정,,04 72 E0 42,04 72 E0 42,,,,,E072 포인터를 42h 슬롯에 설정; 다음 주소 DF39,outside six documented raw segments
1519,2,DF39,서브스트림 실행 / 기존 확인 17h 계열 / 서브스트림 복귀,,17,17,,,,,17h 복귀 → 본류 D785,outside six documented raw segments
1520,2,D785~D787,기존 확인 1Eh 계열 / 간접 CALL,,1E 16 A4,1E 16 A4,,,1E 16 A4,0x03FE5 | 0x03FE6 | 0x03FE7,호출 대상 A416; 처리 후 다음 본류 D788,mapped from six runtime-analysis RAM/raw formulas
1521,2,D788~D78A,기존 확인 1Eh 계열 / 간접 CALL,,1E 39 D5,1E 39 D5,,,1E 39 D5,0x03FE8 | 0x03FE9 | 0x03FEA,호출 대상 D539; 처리 후 다음 본류 D78B,mapped from six runtime-analysis RAM/raw formulas
1522,2,D78B~D78C,기존 확인 25h 계열 / CA1D 입 움직임 효과음 인덱스 설정,,25 2B,25 2B,,,25 2B,0x03FEB | 0x03FEC,CA1D=2B; 다음 본류 D78D,mapped from six runtime-analysis RAM/raw formulas
1523,2,D78D,기존 확인 41~50h 계열 / CAA8[1] 슬롯 실행,,42,42,,,42,0x03FED,슬롯 토큰 42; 다음 본류 D78E,mapped from six runtime-analysis RAM/raw formulas
1524,2,D78E~D78F,패치 슬롯 0846 | 문장부호 | ・,・,81 45,81 45,,81 45,81 45,0x03FEE | 0x03FEF,번역 38-001/012 · ・ / 토큰 81 45 / PC-88 가운데점 토큰,mapped from six runtime-analysis RAM/raw formulas
1525,2,D790~D791,패치 슬롯 0847 | 문장부호 | ・,・,81 45,81 45,,81 45,81 45,0x03FF0 | 0x03FF1,번역 38-002/012 · ・ / 토큰 81 45 / PC-88 가운데점 토큰,mapped from six runtime-analysis RAM/raw formulas
1526,2,D792~D793,패치 슬롯 0848 | 문장부호 | ・,・,81 45,81 45,,81 45,81 45,0x03FF2 | 0x03FF3,번역 38-003/012 · ・ / 토큰 81 45 / PC-88 가운데점 토큰,mapped from six runtime-analysis RAM/raw formulas
1527,2,D794~D795,패치 슬롯 0849 | 전각 공백 | ␠,␠,81 40,81 40,,81 40,83 94,0x03FF4 | 0x03FF5,편집기 추가 행; 번역 38-004/012 · ␠ / 토큰 81 40 / PC-88 전각 공백 토큰,mapped from six runtime-analysis RAM/raw formulas
1528,2,D796~D797,패치 슬롯 0850 | 한글 문자 | 바,바,88 E9,89 CC,234,89 CC,83 40,0x03FF6 | 0x03FF7,원본 분석표 1530번 D794~D795=83 94(ヴ) → 패치 D796~D797=88 E9(바); 번역 38-005/012 · 바 / 토큰 88 E9 / KANJI E0B0 / 가나다순 168,mapped from six runtime-analysis RAM/raw formulas
1529,2,D798~D799,패치 슬롯 0851 | 한글 문자 | 리,리,88 CC,89 A4,194,89 A4,83 8A,0x03FF8 | 0x03FF9,원본 분석표 1531번 D796~D797=83 40(ァ) → 패치 D798~D799=88 CC(리); 번역 38-006/012 · 리 / 토큰 88 CC / KANJI A0E0 / 가나다순 137,mapped from six runtime-analysis RAM/raw formulas
1530,2,D79A~D79B,패치 슬롯 0852 | 한글 문자 | 아,아,89 60,8A 5A,309,8A 5A,83 41,0x03FFA | 0x03FFB,원본 분석표 1532번 D798~D799=83 8A(リ) → 패치 D79A~D79B=89 60(아); 번역 38-007/012 · 아 / 토큰 89 60 / KANJI A210 / 가나다순 223,mapped from six runtime-analysis RAM/raw formulas
1531,2,D79C~D79D,패치 슬롯 0853 | 한글 문자 | 님,님,82 E6,89 4F,110,89 4F,97 6C,0x03FFC | 0x03FFD,원본 분석표 1533번 D79A~D79B=83 41(ア) → 패치 D79C~D79D=82 E6(님); 번역 38-008/012 · 님 / 토큰 82 E6 / KANJI 3880 / 가나다순 77,mapped from six runtime-analysis RAM/raw formulas
1532,2,D79E~D79F,패치 슬롯 0854 | 문장부호 | ・,・,81 45,81 45,,81 45,81 45,0x03FFE | 0x03FFF,번역 38-009/012 · ・ / 토큰 81 45 / PC-88 가운데점 토큰,mapped from six runtime-analysis RAM/raw formulas
1533,2,D7A0~D7A1,패치 슬롯 0855 | 문장부호 | ・,・,81 45,81 45,,81 45,81 45,0x04000 | 0x04001,번역 38-010/012 · ・ / 토큰 81 45 / PC-88 가운데점 토큰,mapped from six runtime-analysis RAM/raw formulas
1534,2,D7A2~D7A3,패치 슬롯 0856 | 문장부호 | ・,・,81 45,81 45,,81 45,81 45,0x04002 | 0x04003,번역 38-011/012 · ・ / 토큰 81 45 / PC-88 가운데점 토큰,mapped from six runtime-analysis RAM/raw formulas
1535,2,D7A4~D7A5,패치 슬롯 0857 | 문장부호 | 。,。,81 42,81 42,,81 42,81 42,0x04004 | 0x04005,번역 38-012/012 · 。 / 토큰 81 42 / PC-88 전각 마침표 토큰,mapped from six runtime-analysis RAM/raw formulas
1536,2,D7A6,기존 확인 61~70h 계열 / CAA8[1] 작업슬롯 비활성화,,62,62,,,62,0x04006,비활성화 토큰 62; 다음 본류 D7A7,mapped from six runtime-analysis RAM/raw formulas
1537,2,D7A7~D7A8,기존 확인 01h 계열 제어토큰,,01 01,01 01,,,01 01,0x04007 | 0x04008,인자 01; 다음 본류 D7A9,mapped from six runtime-analysis RAM/raw formulas
1538,2,D7A9,기존 확인 11h 계열 제어토큰,,11,11,,,11,0x04009,1바이트 독립 토큰; 다음 본류 D7AA,mapped from six runtime-analysis RAM/raw formulas
1539,2,D7AA~D7AF,기존 확인 05h 계열 / 영역·좌표 상태 설정·전개,,05 16 86 3A 9E 00,05 16 86 3A 9E 00,,,05 16 86 3A 9E 00,0x0400A | 0x0400B | 0x0400C | 0x0400D | 0x0400E | 0x0400F,인자 16 86 3A 9E 00; 다음 본류 D7B0,mapped from six runtime-analysis RAM/raw formulas
1540,2,D7B0~D7B1,기존 확인 25h 계열 / CA1D 입 움직임 효과음 인덱스 설정,,25 2C,25 2C,,,25 2C,0x04010 | 0x04011,CA1D=2C; 다음 본류 D7B2,mapped from six runtime-analysis RAM/raw formulas
1541,2,D7B2,기존 확인 41~50h 계열 / CAA8[0] 슬롯 실행,,41,41,,,41,0x04012,슬롯 토큰 41; 다음 본류 D7B3,mapped from six runtime-analysis RAM/raw formulas
1542,2,D7B3~D7B4,패치 슬롯 0858 | 한글 문자 | 유,유,89 86,8A 99,371,8A 99,83 86,0x04013 | 0x04014,원본 분석표 1545번 D7B3~D7B4=83 86(ユ) → 패치 D7B3~D7B4=89 86(유); 번역 39-001/093 · 유 / 토큰 89 86 / KANJI E260 / 가나다순 261,mapped from six runtime-analysis RAM/raw formulas
1543,2,D7B5~D7B6,패치 슬롯 0859 | 한글 문자 | 코,코,89 C5,8A FC,470,8A FC,81 5B,0x04015 | 0x04016,원본 분석표 1546번 D7B5~D7B6=81 5B(ー) → 패치 D7B5~D7B6=89 C5(코); 번역 39-002/093 · 코 / 토큰 89 C5 / KANJI A470 / 가나다순 331,mapped from six runtime-analysis RAM/raw formulas
1544,2,D7B7~D7B8,패치 슬롯 0860 | 문장부호 | 、,、,81 41,81 41,,81 41,83 52,0x04017 | 0x04018,원본 분석표 1547번 D7B7~D7B8=83 52(コ) → 패치 D7B7~D7B8=81 41(、); 번역 39-003/093 · 、 / 토큰 81 41 / PC-88 전각 쉼표 토큰,mapped from six runtime-analysis RAM/raw formulas
1545,2,D7B9~D7BA,패치 슬롯 0861 | 한글 문자 | 유,유,89 86,8A 99,371,8A 99,81 41,0x04019 | 0x0401A,원본 분석표 1548번 D7B9~D7BA=81 41(、) → 패치 D7B9~D7BA=89 86(유); 번역 39-004/093 · 유 / 토큰 89 86 / KANJI E260 / 가나다순 261,mapped from six runtime-analysis RAM/raw formulas
1546,2,D7BB~D7BC,패치 슬롯 0862 | 한글 문자 | 코,코,89 C5,8A FC,470,8A FC,83 86,0x0401B | 0x0401C,원본 분석표 1549번 D7BB~D7BC=83 86(ユ) → 패치 D7BB~D7BC=89 C5(코); 번역 39-005/093 · 코 / 토큰 89 C5 / KANJI A470 / 가나다순 331,mapped from six runtime-analysis RAM/raw formulas
1547,2,D7BD~D7BE,패치 슬롯 0863 | 문장부호 | 、,、,81 41,81 41,,81 41,81 5B,0x0401D | 0x0401E,원본 분석표 1550번 D7BD~D7BE=81 5B(ー) → 패치 D7BD~D7BE=81 41(、); 번역 39-006/093 · 、 / 토큰 81 41 / PC-88 전각 쉼표 토큰,mapped from six runtime-analysis RAM/raw formulas
1548,2,D7BF~D7C0,패치 슬롯 0864 | 한글 문자 | 정,정,89 A0,8A BA,404,8A BA,83 52,0x0401F | 0x04020,원본 분석표 1551번 D7BF~D7C0=83 52(コ) → 패치 D7BF~D7C0=89 A0(정); 번역 39-007/093 · 정 / 토큰 89 A0 / KANJI 6420 / 가나다순 290,mapped from six runtime-analysis RAM/raw formulas
1549,2,D7C1~D7C2,패치 슬롯 0865 | 한글 문자 | 신,신,89 5B,8A 50,299,8A 50,81 41,0x04021 | 0x04022,원본 분석표 1552번 D7C1~D7C2=81 41(、) → 패치 D7C1~D7C2=89 5B(신); 번역 39-008/093 · 신 / 토큰 89 5B / KANJI 63C0 / 가나다순 216,mapped from six runtime-analysis RAM/raw formulas
1550,2,D7C3~D7C4,패치 슬롯 0866 | 한글 문자 | 차,차,89 B7,8A DF,441,8A DF,82 B5,0x04023 | 0x04024,원본 분석표 1553번 D7C3~D7C4=82 B5(し) → 패치 D7C3~D7C4=89 B7(차); 번역 39-009/093 · 차 / 토큰 89 B7 / KANJI 6590 / 가나다순 316,mapped from six runtime-analysis RAM/raw formulas
1551,2,D7C5~D7C6,패치 슬롯 0867 | 한글 문자 | 려,려,88 C1,89 94,178,89 94,82 C1,0x04025 | 0x04026,원본 분석표 1554번 D7C5~D7C6=82 C1(っ) → 패치 D7C5~D7C6=88 C1(려); 번역 39-010/093 · 려 / 토큰 88 C1 / KANJI A030 / 가나다순 126,mapped from six runtime-analysis RAM/raw formulas
1552,2,D7C7~D7C8,패치 슬롯 0868 | 문장부호 | ！,！,81 49,81 49,,81 49,82 A9,0x04027 | 0x04028,원본 분석표 1555번 D7C7~D7C8=82 A9(か) → 패치 D7C7~D7C8=81 49(！); 번역 39-011/093 · ！ / 토큰 81 49 / PC-88 전각 느낌표 토큰,mapped from six runtime-analysis RAM/raw formulas
1553,2,D7C9~D7CA,패치 슬롯 0869 | 전각 공백 | ␠,␠,81 40,81 40,,81 40,82 E8,0x04029 | 0x0402A,원본 분석표 1556번 D7C9~D7CA=82 E8(り) → 패치 D7C9~D7CA=81 40(␠); 번역 39-012/093 · ␠ / 토큰 81 40 / PC-88 전각 공백 토큰,mapped from six runtime-analysis RAM/raw formulas
1554,2,D7CB~D7CC,패치 슬롯 0870 | 한글 문자 | 너,너,82 D6,88 F3,85,88 F3,82 B7,0x0402B | 0x0402C,원본 분석표 1557번 D7CB~D7CC=82 B7(す) → 패치 D7CB~D7CC=82 D6(너); 번역 39-013/093 · 너 / 토큰 82 D6 / KANJI 2980 / 가나다순 60,mapped from six runtime-analysis RAM/raw formulas
1555,2,D7CD~D7CE,패치 슬롯 0871 | 한글 문자 | 는,는,82 E3,89 4B,106,89 4B,82 E9,0x0402D | 0x0402E,편집기 추가 행; 번역 39-014/093 · 는 / 토큰 82 E3 / KANJI 3850 / 가나다순 74,mapped from six runtime-analysis RAM/raw formulas
1556,2,D7CF~D7D0,패치 슬롯 0872 | 전각 공백 | ␠,␠,81 40,81 40,,81 40,82 CC,0x0402F | 0x04030,원본 분석표 1558번 D7CD~D7CE=82 E9(る) → 패치 D7CF~D7D0=81 40(␠); 번역 39-015/093 · ␠ / 토큰 81 40 / PC-88 전각 공백 토큰,mapped from six runtime-analysis RAM/raw formulas
1557,2,D7D1~D7D2,패치 슬롯 0873 | 한글 문자 | 바,바,88 E9,89 CC,234,89 CC,82 E6,0x04031 | 0x04032,원본 분석표 1559번 D7CF~D7D0=82 CC(の) → 패치 D7D1~D7D2=88 E9(바); 번역 39-016/093 · 바 / 토큰 88 E9 / KANJI E0B0 / 가나다순 168,mapped from six runtime-analysis RAM/raw formulas
1558,2,D7D3~D7D4,패치 슬롯 0874 | 한글 문자 | 리,리,88 CC,89 A4,194,89 A4,81 49,0x04033 | 0x04034,원본 분석표 1560번 D7D1~D7D2=82 E6(よ) → 패치 D7D3~D7D4=88 CC(리); 번역 39-017/093 · 리 / 토큰 88 CC / KANJI A0E0 / 가나다순 137,mapped from six runtime-analysis RAM/raw formulas
1559,2,D7D5~D7D6,패치 슬롯 0875 | 한글 문자 | 아,아,89 60,8A 5A,309,8A 5A,81 40,0x04035 | 0x04036,원본 분석표 1561번 D7D3~D7D4=81 49(！) → 패치 D7D5~D7D6=89 60(아); 번역 39-018/093 · 아 / 토큰 89 60 / KANJI A210 / 가나다순 223,mapped from six runtime-analysis RAM/raw formulas
1560,2,D7D7~D7D8,패치 슬롯 0876 | 한글 문자 | 님,님,82 E6,89 4F,110,89 4F,82 A0,0x04037 | 0x04038,원본 분석표 1562번 D7D5~D7D6=81 40 → 패치 D7D7~D7D8=82 E6(님); 번역 39-019/093 · 님 / 토큰 82 E6 / KANJI 3880 / 가나다순 77,mapped from six runtime-analysis RAM/raw formulas
1561,2,D7D9~D7DA,패치 슬롯 0877 | 한글 문자 | 이,이,89 8D,8A A2,380,8A A2,82 C8,0x04039 | 0x0403A,원본 분석표 1563번 D7D7~D7D8=82 A0(あ) → 패치 D7D9~D7DA=89 8D(이); 번역 39-020/093 · 이 / 토큰 89 8D / KANJI E2D0 / 가나다순 268,mapped from six runtime-analysis RAM/raw formulas
1562,2,D7DB~D7DC,패치 슬롯 0878 | 전각 공백 | ␠,␠,81 40,81 40,,81 40,82 BD,0x0403B | 0x0403C,원본 분석표 1564번 D7D9~D7DA=82 C8(な) → 패치 D7DB~D7DC=81 40(␠); 번역 39-021/093 · ␠ / 토큰 81 40 / PC-88 전각 공백 토큰,mapped from six runtime-analysis RAM/raw formulas
1563,2,D7DD~D7DE,패치 슬롯 0879 | 한글 문자 | 선,선,89 4B,89 F4,274,89 F4,82 CD,0x0403D | 0x0403E,원본 분석표 1565번 D7DB~D7DC=82 BD(た) → 패치 D7DD~D7DE=89 4B(선); 번역 39-022/093 · 선 / 토큰 89 4B / KANJI 62C0 / 가나다순 199,mapped from six runtime-analysis RAM/raw formulas
1564,2,D7DF~D7E0,패치 슬롯 0880 | 한글 문자 | 택,택,89 D0,8B 4E,485,8B 4E,83 94,0x0403F | 0x04040,원본 분석표 1566번 D7DD~D7DE=82 CD(は) → 패치 D7DF~D7E0=89 D0(택); 번역 39-023/093 · 택 / 토큰 89 D0 / KANJI A520 / 가나다순 342,mapped from six runtime-analysis RAM/raw formulas
1565,2,D7E1~D7E2,패치 슬롯 0881 | 한글 문자 | 한,한,89 E4,8B 74,523,8B 74,83 40,0x04041 | 0x04042,원본 분석표 1567번 D7DF~D7E0=83 94(ヴ) → 패치 D7E1~D7E2=89 E4(한); 번역 39-024/093 · 한 / 토큰 89 E4 / KANJI E460 / 가나다순 364,mapped from six runtime-analysis RAM/raw formulas
1566,2,D7E3~D7E4,패치 슬롯 0882 | 전각 공백 | ␠,␠,81 40,81 40,,81 40,83 8A,0x04043 | 0x04044,원본 분석표 1568번 D7E1~D7E2=83 40(ァ) → 패치 D7E3~D7E4=81 40(␠); 번역 39-025/093 · ␠ / 토큰 81 40 / PC-88 전각 공백 토큰,mapped from six runtime-analysis RAM/raw formulas
1567,2,D7E5~D7E6,패치 슬롯 0883 | 한글 문자 | 바,바,88 E9,89 CC,234,89 CC,83 41,0x04045 | 0x04046,원본 분석표 1569번 D7E3~D7E4=83 8A(リ) → 패치 D7E5~D7E6=88 E9(바); 번역 39-026/093 · 바 / 토큰 88 E9 / KANJI E0B0 / 가나다순 168,mapped from six runtime-analysis RAM/raw formulas
1568,2,D7E7~D7E8,패치 슬롯 0884 | 한글 문자 | 리,리,88 CC,89 A4,194,89 A4,97 6C,0x04047 | 0x04048,원본 분석표 1570번 D7E5~D7E6=83 41(ア) → 패치 D7E7~D7E8=88 CC(리); 번역 39-027/093 · 리 / 토큰 88 CC / KANJI A0E0 / 가나다순 137,mapped from six runtime-analysis RAM/raw formulas
1569,2,D7E9~D7EA,패치 슬롯 0885 | 한글 문자 | 스,스,89 56,8A 4A,293,8A 4A,82 C9,0x04049 | 0x0404A,원본 분석표 1571번 D7E7~D7E8=97 6C(様) → 패치 D7E9~D7EA=89 56(스); 번역 39-028/093 · 스 / 토큰 89 56 / KANJI 6370 / 가나다순 211,mapped from six runtime-analysis RAM/raw formulas
1570,2,D7EB~D7EC,패치 슬롯 0886 | 한글 문자 | 의,의,89 8C,8A A1,379,8A A1,91 49,0x0404B | 0x0404C,원본 분석표 1572번 D7E9~D7EA=82 C9(に) → 패치 D7EB~D7EC=89 8C(의); 번역 39-029/093 · 의 / 토큰 89 8C / KANJI E2C0 / 가나다순 267,mapped from six runtime-analysis RAM/raw formulas
1571,2,D7ED~D7EE,패치 슬롯 0887 | 전각 공백 | ␠,␠,81 40,81 40,,81 40,82 CE,0x0404D | 0x0404E,원본 분석표 1573번 D7EB~D7EC=91 49(選) → 패치 D7ED~D7EE=81 40(␠); 번역 39-030/093 · ␠ / 토큰 81 40 / PC-88 전각 공백 토큰,mapped from six runtime-analysis RAM/raw formulas
1572,2,D7EF~D7F0,패치 슬롯 0888 | 한글 문자 | 전,전,89 9D,8A B7,401,8A B7,82 EA,0x0404F | 0x04050,원본 분석표 1574번 D7ED~D7EE=82 CE(ば) → 패치 D7EF~D7F0=89 9D(전); 번역 39-031/093 · 전 / 토큰 89 9D / KANJI E3D0 / 가나다순 287,mapped from six runtime-analysis RAM/raw formulas
1573,2,D7F1~D7F2,패치 슬롯 0889 | 한글 문자 | 사,사,89 43,89 EB,265,89 EB,82 BD,0x04051 | 0x04052,원본 분석표 1575번 D7EF~D7F0=82 EA(れ) → 패치 D7F1~D7F2=89 43(사); 번역 39-032/093 · 사 / 토큰 89 43 / KANJI 6240 / 가나다순 191,mapped from six runtime-analysis RAM/raw formulas
1574,2,D7F3~D7F4,패치 슬롯 0890 | 한글 문자 | 야,야,89 6B,8A 66,321,8A 66,83 94,0x04053 | 0x04054,원본 분석표 1576번 D7F1~D7F2=82 BD(た) → 패치 D7F3~D7F4=89 6B(야); 번역 39-033/093 · 야 / 토큰 89 6B / KANJI A2C0 / 가나다순 234,mapped from six runtime-analysis RAM/raw formulas
1575,2,D7F5~D7F6,패치 슬롯 0891 | 문장부호 | 。,。,81 42,81 42,,81 42,83 40,0x04055 | 0x04056,원본 분석표 1577번 D7F3~D7F4=83 94(ヴ) → 패치 D7F5~D7F6=81 42(。); 번역 39-034/093 · 。 / 토큰 81 42 / PC-88 전각 마침표 토큰,mapped from six runtime-analysis RAM/raw formulas
1576,2,D7F7~D7F8,패치 슬롯 0892 | 한글 문자 | 너,너,82 D6,88 F3,85,88 F3,83 8A,0x04057 | 0x04058,원본 분석표 1578번 D7F5~D7F6=83 40(ァ) → 패치 D7F7~D7F8=82 D6(너); 번역 39-035/093 · 너 / 토큰 82 D6 / KANJI 2980 / 가나다순 60,mapped from six runtime-analysis RAM/raw formulas
1577,2,D7F9~D7FA,패치 슬롯 0893 | 한글 문자 | 에,에,89 70,8A 72,333,8A 72,83 58,0x04059 | 0x0405A,원본 분석표 1579번 D7F7~D7F8=83 8A(リ) → 패치 D7F9~D7FA=89 70(에); 번역 39-036/093 · 에 / 토큰 89 70 / KANJI A310 / 가나다순 239,mapped from six runtime-analysis RAM/raw formulas
1578,2,D7FB~D7FC,패치 슬롯 0894 | 한글 문자 | 게,게,82 AB,88 B1,19,88 B1,82 CC,0x0405B | 0x0405C,원본 분석표 1580번 D7F9~D7FA=83 58(ス) → 패치 D7FB~D7FC=82 AB(게); 번역 39-037/093 · 게 / 토큰 82 AB / KANJI 18D0 / 가나다순 13,mapped from six runtime-analysis RAM/raw formulas
1579,2,D7FD~D7FE,패치 슬롯 0895 | 한글 문자 | 는,는,82 E3,89 4B,106,89 4B,90 ED,0x0405D | 0x0405E,원본 분석표 1581번 D7FB~D7FC=82 CC(の) → 패치 D7FD~D7FE=82 E3(는); 번역 39-038/093 · 는 / 토큰 82 E3 / KANJI 3850 / 가나다순 74,mapped from six runtime-analysis RAM/raw formulas
1580,2,D7FF~D800,패치 슬롯 0896 | 전각 공백 | ␠,␠,81 40,81 40,,81 40,8E 6D,0x0405F | 0x04070,원본 분석표 1582번 D7FD~D7FE=90 ED(戦) → 패치 D7FF~D800=81 40(␠); 번역 39-039/093 · ␠ / 토큰 81 40 / PC-88 전각 공백 토큰,mapped from six runtime-analysis RAM/raw formulas
1581,2,D801~D802,패치 슬롯 0897 | 한글 문자 | 메,메,88 DA,89 B7,213,89 B7,82 C8,0x04071 | 0x04072,원본 분석표 1583번 D7FF~D800=8E 6D(士) → 패치 D801~D802=88 DA(메); 번역 39-040/093 · 메 / 토큰 88 DA / KANJI A1C0 / 가나다순 152,mapped from six runtime-analysis RAM/raw formulas
1582,2,D803~D804,패치 슬롯 0898 | 한글 문자 | 가,가,82 9F,88 9F,1,88 9F,82 CC,0x04073 | 0x04074,원본 분석표 1584번 D801~D802=82 C8(な) → 패치 D803~D804=82 9F(가); 번역 39-041/093 · 가 / 토큰 82 9F / KANJI 1810 / 가나다순 1,mapped from six runtime-analysis RAM/raw formulas
1583,2,D805~D806,패치 슬롯 0899 | 한글 문자 | 스,스,89 56,8A 4A,293,8A 4A,81 42,0x04075 | 0x04076,원본 분석표 1585번 D803~D804=82 CC(の) → 패치 D805~D806=89 56(스); 번역 39-042/093 · 스 / 토큰 89 56 / KANJI 6370 / 가나다순 211,mapped from six runtime-analysis RAM/raw formulas
1584,2,D807~D808,패치 슬롯 0900 | 한글 문자 | 를,를,88 CA,89 A2,192,89 A2,82 A0,0x04077 | 0x04078,원본 분석표 1586번 D805~D806=81 42(。) → 패치 D807~D808=88 CA(를); 번역 39-043/093 · 를 / 토큰 88 CA / KANJI A0C0 / 가나다순 135,mapped from six runtime-analysis RAM/raw formulas
1585,2,D809~D80A,패치 슬롯 0901 | 전각 공백 | ␠,␠,81 40,81 40,,81 40,82 C8,0x04079 | 0x0407A,원본 분석표 1587번 D807~D808=82 A0(あ) → 패치 D809~D80A=81 40(␠); 번역 39-044/093 · ␠ / 토큰 81 40 / PC-88 전각 공백 토큰,mapped from six runtime-analysis RAM/raw formulas
1586,2,D80B~D80C,패치 슬롯 0902 | 한글 문자 | 쓰,쓰,89 5F,8A 58,307,8A 58,82 BD,0x0407B | 0x0407C,원본 분석표 1588번 D809~D80A=82 C8(な) → 패치 D80B~D80C=89 5F(쓰); 번역 39-045/093 · 쓰 / 토큰 89 5F / KANJI A200 / 가나다순 222,mapped from six runtime-analysis RAM/raw formulas
1587,2,D80D~D80E,패치 슬롯 0903 | 한글 문자 | 러,러,88 BB,89 8C,170,89 8C,82 C9,0x0407D | 0x0407E,원본 분석표 1589번 D80B~D80C=82 BD(た) → 패치 D80D~D80E=88 BB(러); 번역 39-046/093 · 러 / 토큰 88 BB / KANJI 61D0 / 가나다순 120,mapped from six runtime-analysis RAM/raw formulas
1588,2,D80F~D810,패치 슬롯 0904 | 한글 문자 | 뜨,뜨,88 B3,89 7D,156,89 7D,82 CD,0x0407F | 0x04080,원본 분석표 1590번 D80D~D80E=82 C9(に) → 패치 D80F~D810=88 B3(뜨); 번역 39-047/093 · 뜨 / 토큰 88 B3 / KANJI 6150 / 가나다순 111,mapped from six runtime-analysis RAM/raw formulas
1589,2,D811~D812,패치 슬롯 0905 | 한글 문자 | 릴,릴,88 CE,89 A7,197,89 A7,83 81,0x04081 | 0x04082,원본 분석표 1591번 D80F~D810=82 CD(は) → 패치 D811~D812=88 CE(릴); 번역 39-048/093 · 릴 / 토큰 88 CE / KANJI A100 / 가나다순 139,mapped from six runtime-analysis RAM/raw formulas
1590,2,D813~D814,패치 슬롯 0906 | 전각 공백 | ␠,␠,81 40,81 40,,81 40,83 4B,0x04083 | 0x04084,원본 분석표 1592번 D811~D812=83 81(メ) → 패치 D813~D814=81 40(␠); 번역 39-049/093 · ␠ / 토큰 81 40 / PC-88 전각 공백 토큰,mapped from six runtime-analysis RAM/raw formulas
1591,2,D815~D816,패치 슬롯 0907 | 한글 문자 | 사,사,89 43,89 EB,265,89 EB,83 58,0x04085 | 0x04086,원본 분석표 1593번 D813~D814=83 4B(ガ) → 패치 D815~D816=89 43(사); 번역 39-050/093 · 사 / 토큰 89 43 / KANJI 6240 / 가나다순 191,mapped from six runtime-analysis RAM/raw formulas
1592,2,D817~D818,패치 슬롯 0908 | 한글 문자 | 명,명,88 DE,89 BB,217,89 BB,82 F0,0x04087 | 0x04088,원본 분석표 1594번 D815~D816=83 58(ス) → 패치 D817~D818=88 DE(명); 번역 39-051/093 · 명 / 토큰 88 DE / KANJI E000 / 가나다순 156,mapped from six runtime-analysis RAM/raw formulas
1593,2,D819~D81A,패치 슬롯 0909 | 한글 문자 | 이,이,89 8D,8A A2,380,8A A2,93 7C,0x04089 | 0x0408A,원본 분석표 1595번 D817~D818=82 F0(を) → 패치 D819~D81A=89 8D(이); 번역 39-052/093 · 이 / 토큰 89 8D / KANJI E2D0 / 가나다순 268,mapped from six runtime-analysis RAM/raw formulas
1594,2,D81B~D81C,패치 슬롯 0910 | 전각 공백 | ␠,␠,81 40,81 40,,81 40,82 B7,0x0408B | 0x0408C,원본 분석표 1596번 D819~D81A=93 7C(倒) → 패치 D81B~D81C=81 40(␠); 번역 39-053/093 · ␠ / 토큰 81 40 / PC-88 전각 공백 토큰,mapped from six runtime-analysis RAM/raw formulas
1595,2,D81D~D81E,패치 슬롯 0911 | 한글 문자 | 있,있,89 92,8A AB,389,8A AB,8E 67,0x0408D | 0x0408E,원본 분석표 1597번 D81B~D81C=82 B7(す) → 패치 D81D~D81E=89 92(있); 번역 39-054/093 · 있 / 토큰 89 92 / KANJI E320 / 가나다순 276,mapped from six runtime-analysis RAM/raw formulas
1596,2,D81F~D820,패치 슬롯 0912 | 한글 문자 | 어,어,89 6C,8A 6A,325,8A 6A,96 BD,0x0408F | 0x04090,원본 분석표 1598번 D81D~D81E=8E 67(使) → 패치 D81F~D820=89 6C(어); 번역 39-055/093 · 어 / 토큰 89 6C / KANJI A2D0 / 가나다순 235,mapped from six runtime-analysis RAM/raw formulas
1597,2,D821~D822,패치 슬롯 0913 | 문장부호 | 、,、,81 41,81 41,,81 41,82 AA,0x04091 | 0x04092,원본 분석표 1599번 D81F~D820=96 BD(命) → 패치 D821~D822=81 41(、); 번역 39-056/093 · 、 / 토큰 81 41 / PC-88 전각 쉼표 토큰,mapped from six runtime-analysis RAM/raw formulas
1598,2,D823~D824,패치 슬롯 0914 | 한글 문자 | 유,유,89 86,8A 99,371,8A 99,82 A0,0x04093 | 0x04094,원본 분석표 1600번 D821~D822=82 AA(が) → 패치 D823~D824=89 86(유); 번역 39-057/093 · 유 / 토큰 89 86 / KANJI E260 / 가나다순 261,mapped from six runtime-analysis RAM/raw formulas
1599,2,D825~D826,패치 슬롯 0915 | 한글 문자 | 코,코,89 C5,8A FC,470,8A FC,82 E9,0x04095 | 0x04096,원본 분석표 1601번 D823~D824=82 A0(あ) → 패치 D825~D826=89 C5(코); 번역 39-058/093 · 코 / 토큰 89 C5 / KANJI A470 / 가나다순 331,mapped from six runtime-analysis RAM/raw formulas
1600,2,D827~D828,패치 슬롯 0916 | 문장부호 | ！,！,81 49,81 49,,81 49,82 CC,0x04097 | 0x04098,원본 분석표 1602번 D825~D826=82 E9(る) → 패치 D827~D828=81 49(！); 번역 39-059/093 · ！ / 토큰 81 49 / PC-88 전각 느낌표 토큰,mapped from six runtime-analysis RAM/raw formulas
1601,2,D829,기존 확인 61~70h 계열 / CAA8[0] 작업슬롯 비활성화,,61,61,,,82,0x04099,원본 분석표 1610번 D835 → 현재 D829; 비활성화 토큰 61; 다음 본류 D836,mapped from six runtime-analysis RAM/raw formulas
1602,2,D82A~D82B,기존 확인 01h 계열 제어토큰,,01 02,01 02,,,E6 81,0x0409A | 0x0409B,원본 분석표 1611번 D836~D837 → 현재 D82A~D82B; 인자 02; 다음 본류 D838,mapped from six runtime-analysis RAM/raw formulas
1603,2,D82C,기존 확인 11h 계열 제어토큰,,11,11,,,42,0x0409C,원본 분석표 1612번 D838 → 현재 D82C; 1바이트 독립 토큰; 다음 본류 D839,mapped from six runtime-analysis RAM/raw formulas
1604,2,D82D~D82E,기존 확인 25h 계열 / CA1D 입 움직임 효과음 인덱스 설정,,25 2B,25 2B,,,83 86,0x0409D | 0x0409E,원본 분석표 1613번 D839~D83A → 현재 D82D~D82E; CA1D=2B; 다음 본류 D83B,mapped from six runtime-analysis RAM/raw formulas
1605,2,D82F,기존 확인 41~50h 계열 / CAA8[1] 슬롯 실행,,42,42,,,81,0x0409F,원본 분석표 1614번 D83B → 현재 D82F; 슬롯 토큰 42; 다음 본류 D83C,mapped from six runtime-analysis RAM/raw formulas
1606,2,D830~D831,패치 슬롯 0917 | 전각 공백 | ␠,␠,81 40,81 40,,81 40,5B 83,0x040A0 | 0x040A1,편집기 추가 행; 번역 39-060/093 · ␠ / 토큰 81 40 / PC-88 전각 공백 토큰,mapped from six runtime-analysis RAM/raw formulas
1607,2,D832~D833,패치 슬롯 0918 | 한글 문자 | 바,바,88 E9,89 CC,234,89 CC,52 81,0x040A2 | 0x040A3,원본 분석표 1615번 D83C~D83D=83 94(ヴ) → 패치 D832~D833=88 E9(바); 번역 39-061/093 · 바 / 토큰 88 E9 / KANJI E0B0 / 가나다순 168,mapped from six runtime-analysis RAM/raw formulas
1608,2,D834~D835,패치 슬롯 0919 | 한글 문자 | 리,리,88 CC,89 A4,194,89 A4,49 61,0x040A4 | 0x040A5,원본 분석표 1616번 D83E~D83F=83 40(ァ) → 패치 D834~D835=88 CC(리); 번역 39-062/093 · 리 / 토큰 88 CC / KANJI A0E0 / 가나다순 137,mapped from six runtime-analysis RAM/raw formulas
1609,2,D836~D837,패치 슬롯 0920 | 한글 문자 | 아,아,89 60,8A 5A,309,8A 5A,01 02,0x040A6 | 0x040A7,원본 분석표 1617번 D840~D841=83 8A(リ) → 패치 D836~D837=89 60(아); 번역 39-063/093 · 아 / 토큰 89 60 / KANJI A210 / 가나다순 223,mapped from six runtime-analysis RAM/raw formulas
1610,2,D838~D839,패치 슬롯 0921 | 한글 문자 | 님,님,82 E6,89 4F,110,89 4F,11 25,0x040A8 | 0x040A9,원본 분석표 1618번 D842~D843=83 41(ア) → 패치 D838~D839=82 E6(님); 번역 39-064/093 · 님 / 토큰 82 E6 / KANJI 3880 / 가나다순 77,mapped from six runtime-analysis RAM/raw formulas
1611,2,D83A~D83B,패치 슬롯 0922 | 한글 문자 | 이,이,89 8D,8A A2,380,8A A2,2B 42,0x040AA | 0x040AB,원본 분석표 1619번 D844~D845=97 6C(様) → 패치 D83A~D83B=89 8D(이); 번역 39-065/093 · 이 / 토큰 89 8D / KANJI E2D0 / 가나다순 268,mapped from six runtime-analysis RAM/raw formulas
1612,2,D83C~D83D,패치 슬롯 0923 | 문장부호 | ・,・,81 45,81 45,,81 45,83 94,0x040AC | 0x040AD,원본 분석표 1621번 D848~D849 → 현재 D83C~D83D; 번역 39-066/093 · ・ / 토큰 81 45 / PC-88 가운데점 토큰,mapped from six runtime-analysis RAM/raw formulas
1613,2,D83E~D83F,패치 슬롯 0924 | 문장부호 | ・,・,81 45,81 45,,81 45,83 40,0x040AE | 0x040AF,원본 분석표 1622번 D84A~D84B → 현재 D83E~D83F; 번역 39-067/093 · ・ / 토큰 81 45 / PC-88 가운데점 토큰,mapped from six runtime-analysis RAM/raw formulas
1614,2,D840~D841,패치 슬롯 0925 | 문장부호 | ・,・,81 45,81 45,,81 45,83 8A,0x040B0 | 0x040B1,원본 분석표 1623번 D84C~D84D → 현재 D840~D841; 번역 39-068/093 · ・ / 토큰 81 45 / PC-88 가운데점 토큰,mapped from six runtime-analysis RAM/raw formulas
1615,2,D842~D843,패치 슬롯 0926 | 전각 공백 | ␠,␠,81 40,81 40,,81 40,83 41,0x040B2 | 0x040B3,편집기 추가 행; 번역 39-069/093 · ␠ / 토큰 81 40 / PC-88 전각 공백 토큰,mapped from six runtime-analysis RAM/raw formulas
1616,2,D844~D845,패치 슬롯 0927 | 한글 문자 | 바,바,88 E9,89 CC,234,89 CC,97 6C,0x040B4 | 0x040B5,원본 분석표 1625번 D850~D851=83 40(ァ) → 패치 D844~D845=88 E9(바); 번역 39-070/093 · 바 / 토큰 88 E9 / KANJI E0B0 / 가나다순 168,mapped from six runtime-analysis RAM/raw formulas
1617,2,D846~D847,패치 슬롯 0928 | 한글 문자 | 리,리,88 CC,89 A4,194,89 A4,82 AA,0x040B6 | 0x040B7,원본 분석표 1626번 D852~D853=83 8A(リ) → 패치 D846~D847=88 CC(리); 번역 39-071/093 · 리 / 토큰 88 CC / KANJI A0E0 / 가나다순 137,mapped from six runtime-analysis RAM/raw formulas
1618,2,D848~D849,패치 슬롯 0929 | 한글 문자 | 아,아,89 60,8A 5A,309,8A 5A,81 45,0x040B8 | 0x040B9,원본 분석표 1627번 D854~D855=83 41(ア) → 패치 D848~D849=89 60(아); 번역 39-072/093 · 아 / 토큰 89 60 / KANJI A210 / 가나다순 223,mapped from six runtime-analysis RAM/raw formulas
1619,2,D84A~D84B,패치 슬롯 0930 | 한글 문자 | 님,님,82 E6,89 4F,110,89 4F,81 45,0x040BA | 0x040BB,원본 분석표 1628번 D856~D857=97 6C(様) → 패치 D84A~D84B=82 E6(님); 번역 39-073/093 · 님 / 토큰 82 E6 / KANJI 3880 / 가나다순 77,mapped from six runtime-analysis RAM/raw formulas
1620,2,D84C~D84D,패치 슬롯 0931 | 한글 문자 | 이,이,89 8D,8A A2,380,8A A2,81 45,0x040BC | 0x040BD,원본 분석표 1629번 D858~D859=82 AA(が) → 패치 D84C~D84D=89 8D(이); 번역 39-074/093 · 이 / 토큰 89 8D / KANJI E2D0 / 가나다순 268,mapped from six runtime-analysis RAM/raw formulas
1621,2,D84E~D84F,패치 슬롯 0932 | 전각 공백 | ␠,␠,81 40,81 40,,81 40,83 94,0x040BE | 0x040BF,편집기 추가 행; 번역 39-075/093 · ␠ / 토큰 81 40 / PC-88 전각 공백 토큰,mapped from six runtime-analysis RAM/raw formulas
1622,2,D850~D851,패치 슬롯 0933 | 한글 문자 | 돌,돌,88 9F,89 5F,126,89 5F,83 40,0x040C0 | 0x040C1,원본 분석표 1631번 D85C~D85D=82 F1(ん) → 패치 D850~D851=88 9F(돌); 번역 39-076/093 · 돌 / 토큰 88 9F / KANJI 6010 / 가나다순 90,mapped from six runtime-analysis RAM/raw formulas
1623,2,D852~D853,패치 슬롯 0934 | 한글 문자 | 아,아,89 60,8A 5A,309,8A 5A,83 8A,0x040C2 | 0x040C3,원본 분석표 1632번 D85E~D85F=82 B6(じ) → 패치 D852~D853=89 60(아); 번역 39-077/093 · 아 / 토큰 89 60 / KANJI A210 / 가나다순 223,mapped from six runtime-analysis RAM/raw formulas
1624,2,D854~D855,패치 슬롯 0935 | 한글 문자 | 가,가,82 9F,88 9F,1,88 9F,83 41,0x040C4 | 0x040C5,원본 분석표 1633번 D860~D861=82 E1(ゃ) → 패치 D854~D855=82 9F(가); 번역 39-078/093 · 가 / 토큰 82 9F / KANJI 1810 / 가나다순 1,mapped from six runtime-analysis RAM/raw formulas
1625,2,D856~D857,패치 슬롯 0936 | 한글 문자 | 셨,셨,89 4F,89 FC,282,89 FC,97 6C,0x040C6 | 0x040C7,원본 분석표 1634번 D862~D863=82 C1(っ) → 패치 D856~D857=89 4F(셨); 번역 39-079/093 · 셨 / 토큰 89 4F / KANJI 6300 / 가나다순 203,mapped from six runtime-analysis RAM/raw formulas
1626,2,D858~D859,패치 슬롯 0937 | 한글 문자 | 어,어,89 6C,8A 6A,325,8A 6A,82 AA,0x040C8 | 0x040C9,원본 분석표 1635번 D864~D865=82 BD(た) → 패치 D858~D859=89 6C(어); 번역 39-080/093 · 어 / 토큰 89 6C / KANJI A2D0 / 가나다순 235,mapped from six runtime-analysis RAM/raw formulas
1627,2,D85A~D85B,패치 슬롯 0938 | 문장부호 | ・,・,81 45,81 45,,81 45,8E 80,0x040CA | 0x040CB,원본 분석표 1637번 D868~D869 → 현재 D85A~D85B; 번역 39-081/093 · ・ / 토큰 81 45 / PC-88 가운데점 토큰,mapped from six runtime-analysis RAM/raw formulas
1628,2,D85C~D85D,패치 슬롯 0939 | 문장부호 | ・,・,81 45,81 45,,81 45,82 F1,0x040CC | 0x040CD,편집기 추가 행; 번역 39-082/093 · ・ / 토큰 81 45 / PC-88 가운데점 토큰,mapped from six runtime-analysis RAM/raw formulas
1629,2,D85E~D85F,패치 슬롯 0940 | 문장부호 | ・,・,81 45,81 45,,81 45,82 B6,0x040CE | 0x040CF,원본 분석표 1638번 D86A~D86B → 현재 D85E~D85F; 번역 39-083/093 · ・ / 토큰 81 45 / PC-88 가운데점 토큰,mapped from six runtime-analysis RAM/raw formulas
1630,2,D860~D861,패치 슬롯 0941 | 전각 공백 | ␠,␠,81 40,81 40,,81 40,82 E1,0x040D0 | 0x040D1,편집기 추가 행; 번역 39-084/093 · ␠ / 토큰 81 40 / PC-88 전각 공백 토큰,mapped from six runtime-analysis RAM/raw formulas
1631,2,D862~D863,패치 슬롯 0942 | 한글 문자 | 바,바,88 E9,89 CC,234,89 CC,82 C1,0x040D2 | 0x040D3,원본 분석표 1639번 D86C~D86D=83 94(ヴ) → 패치 D862~D863=88 E9(바); 번역 39-085/093 · 바 / 토큰 88 E9 / KANJI E0B0 / 가나다순 168,mapped from six runtime-analysis RAM/raw formulas
1632,2,D864~D865,패치 슬롯 0943 | 한글 문자 | 리,리,88 CC,89 A4,194,89 A4,82 BD,0x040D4 | 0x040D5,원본 분석표 1640번 D86E~D86F=83 40(ァ) → 패치 D864~D865=88 CC(리); 번역 39-086/093 · 리 / 토큰 88 CC / KANJI A0E0 / 가나다순 137,mapped from six runtime-analysis RAM/raw formulas
1633,2,D866~D867,패치 슬롯 0944 | 한글 문자 | 아,아,89 60,8A 5A,309,8A 5A,81 45,0x040D6 | 0x040D7,원본 분석표 1641번 D870~D871=83 8A(リ) → 패치 D866~D867=89 60(아); 번역 39-087/093 · 아 / 토큰 89 60 / KANJI A210 / 가나다순 223,mapped from six runtime-analysis RAM/raw formulas
1634,2,D868~D869,패치 슬롯 0945 | 한글 문자 | 님,님,82 E6,89 4F,110,89 4F,81 45,0x040D8 | 0x040D9,원본 분석표 1642번 D872~D873=83 41(ア) → 패치 D868~D869=82 E6(님); 번역 39-088/093 · 님 / 토큰 82 E6 / KANJI 3880 / 가나다순 77,mapped from six runtime-analysis RAM/raw formulas
1635,2,D86A~D86B,패치 슬롯 0946 | 한글 문자 | 이,이,89 8D,8A A2,380,8A A2,81 45,0x040DA | 0x040DB,원본 분석표 1643번 D874~D875=97 6C(様) → 패치 D86A~D86B=89 8D(이); 번역 39-089/093 · 이 / 토큰 89 8D / KANJI E2D0 / 가나다순 268,mapped from six runtime-analysis RAM/raw formulas
1636,2,D86C~D86D,패치 슬롯 0947 | 문장부호 | ・,・,81 45,81 45,,81 45,83 94,0x040DC | 0x040DD,원본 분석표 1645번 D878~D879 → 현재 D86C~D86D; 번역 39-090/093 · ・ / 토큰 81 45 / PC-88 가운데점 토큰,mapped from six runtime-analysis RAM/raw formulas
1637,2,D86E~D86F,패치 슬롯 0948 | 문장부호 | ・,・,81 45,81 45,,81 45,83 40,0x040DE | 0x040DF,원본 분석표 1646번 D87A~D87B → 현재 D86E~D86F; 번역 39-091/093 · ・ / 토큰 81 45 / PC-88 가운데점 토큰,mapped from six runtime-analysis RAM/raw formulas
1638,2,D870~D871,패치 슬롯 0949 | 문장부호 | ・,・,81 45,81 45,,81 45,83 8A,0x040E0 | 0x040E1,원본 분석표 1647번 D87C~D87D → 현재 D870~D871; 번역 39-092/093 · ・ / 토큰 81 45 / PC-88 가운데점 토큰,mapped from six runtime-analysis RAM/raw formulas
1639,2,D872~D873,패치 슬롯 0950 | 전각 공백 | ␠,␠,81 40,81 40,,81 40,83 41,0x040E2 | 0x040E3,편집기 추가 행; 번역 39-093/093 · ␠ / 토큰 81 40 / PC-88 전각 공백 토큰,mapped from six runtime-analysis RAM/raw formulas
1640,2,D874,기존 확인 61~70h 계열 / CAA8[1] 작업슬롯 비활성화,,62,62,,,97,0x040E4,원본 분석표 1648번 D87E → 현재 D874; 비활성화 토큰 62; 다음 본류 D87F,mapped from six runtime-analysis RAM/raw formulas
1641,2,D875~D877,기존 확인 16h 계열 / 서브스트림 호출·전환 → DF16,,16 16 DF,16 16 DF,,,6C 82 AA,0x040E5 | 0x040E6 | 0x040E7,원본 분석표 1649번 D87F~D881 → 현재 D875~D877; 16h 호출 → DF16; 복귀 주소 D882,mapped from six runtime-analysis RAM/raw formulas
1642,2,DF16~DF1A,서브스트림 실행 / 기존 확인 0Fh 계열 제어토큰,,0F 01 46 05 15,0F 01 46 05 15,,,,,인자 01 46 05 15; 다음 주소 DF1B,outside six documented raw segments
1643,2,DF1B~DF1D,서브스트림 실행 / 기존 확인 16h 계열 / 서브스트림 호출·전환 → DF4D,,16 4D DF,16 4D DF,,,,,16h 호출 → DF4D; 복귀 주소 DF1E,outside six documented raw segments
1644,2,DF4D~DF4F,서브스트림 실행 / 기존 확인 1Eh 계열 / 간접 CALL,,1E 3C 08,1E 3C 08,,,,,호출 대상 083C; 처리 후 다음 주소 DF50,outside six documented raw segments
1645,2,DF50~DF55,서브스트림 실행 / 기존 확인 05h 계열 / 영역·좌표 상태 설정·전개,,05 16 86 3A 9E 00,05 16 86 3A 9E 00,,,,,처리 후 다음 주소 DF56,outside six documented raw segments
1646,2,DF56~DF5A,서브스트림 실행 / 기존 확인 0Eh 계열 / 화면·버퍼 초기화·전개,,0E 16 20 24 80,0E 16 20 24 80,,,,,처리 후 다음 주소 DF5B,outside six documented raw segments
1647,2,DF5B,서브스트림 실행 / 기존 확인 17h 계열 / 서브스트림 복귀,,17,17,,,,,17h 복귀 → DF1E,outside six documented raw segments
1648,2,DF1E~DF20,서브스트림 실행 / 기존 확인 13h 계열 제어토큰,,13 74 D6,13 74 D6,,,,,인자 74 D6; 다음 주소 DF21,outside six documented raw segments
1649,2,DF21,서브스트림 실행 / 기존 확인 17h 계열 / 서브스트림 복귀,,17,17,,,,,17h 복귀 → 본류 D882,outside six documented raw segments
1650,2,D878~D879,기존 확인 01h 계열 제어토큰,,01 00,01 00,,,81 45,0x040E8 | 0x040E9,원본 분석표 1658번 D882~D883 → 현재 D878~D879; 인자 00; 다음 본류 D884,mapped from six runtime-analysis RAM/raw formulas
1651,2,D87A,기존 확인 11h 계열 제어토큰,,11,11,,,81,0x040EA,원본 분석표 1659번 D884 → 현재 D87A; 1바이트 독립 토큰; 다음 본류 D885,mapped from six runtime-analysis RAM/raw formulas
1652,2,D87B~D87D,기존 확인 16h 계열 / 서브스트림 호출·전환 → DF4D,,16 4D DF,16 4D DF,,,45 81 45,0x040EB | 0x040EC | 0x040ED,원본 분석표 1660번 D885~D887 → 현재 D87B~D87D; 16h 호출 → DF4D; 복귀 주소 D888,mapped from six runtime-analysis RAM/raw formulas
1653,2,DF4D~DF4F,서브스트림 실행 / 기존 확인 1Eh 계열 / 간접 CALL,,1E 3C 08,1E 3C 08,,,,,호출 대상 083C; 처리 후 다음 주소 DF50,outside six documented raw segments
1654,2,DF50~DF55,서브스트림 실행 / 기존 확인 05h 계열 / 영역·좌표 상태 설정·전개,,05 16 86 3A 9E 00,05 16 86 3A 9E 00,,,,,처리 후 다음 주소 DF56,outside six documented raw segments
1655,2,DF56~DF5A,서브스트림 실행 / 기존 확인 0Eh 계열 / 화면·버퍼 초기화·전개,,0E 16 20 24 80,0E 16 20 24 80,,,,,처리 후 다음 주소 DF5B,outside six documented raw segments
1656,2,DF5B,서브스트림 실행 / 기존 확인 17h 계열 / 서브스트림 복귀,,17,17,,,,,17h 복귀 → 본류 D888,outside six documented raw segments
1657,2,D87E~D880,기존 확인 16h 계열 / 서브스트림 호출·전환 → DECE,,16 CE DE,16 CE DE,,,62 16 16,0x040EE | 0x040EF | 0x040F0,원본 분석표 1665번 D888~D88A → 현재 D87E~D880; 16h 호출 → DECE; 복귀 주소 D88B,mapped from six runtime-analysis RAM/raw formulas
1658,2,DECE~DED2,서브스트림 실행 / 기존 확인 0Fh 계열 제어토큰,,0F 02 28 04 0E,0F 02 28 04 0E,,,,,인자 02 28 04 0E; 다음 주소 DED3,outside six documented raw segments
1659,2,DED3~DED5,서브스트림 실행 / 기존 확인 16h 계열 / 서브스트림 호출·전환 → DF4D,,16 4D DF,16 4D DF,,,,,16h 호출 → DF4D; 복귀 주소 DED6,outside six documented raw segments
1660,2,DF4D~DF4F,서브스트림 실행 / 기존 확인 1Eh 계열 / 간접 CALL,,1E 3C 08,1E 3C 08,,,,,호출 대상 083C; 처리 후 다음 주소 DF50,outside six documented raw segments
1661,2,DF50~DF55,서브스트림 실행 / 기존 확인 05h 계열 / 영역·좌표 상태 설정·전개,,05 16 86 3A 9E 00,05 16 86 3A 9E 00,,,,,처리 후 다음 주소 DF56,outside six documented raw segments
1662,2,DF56~DF5A,서브스트림 실행 / 기존 확인 0Eh 계열 / 화면·버퍼 초기화·전개,,0E 16 20 24 80,0E 16 20 24 80,,,,,처리 후 다음 주소 DF5B,outside six documented raw segments
1663,2,DF5B,서브스트림 실행 / 기존 확인 17h 계열 / 서브스트림 복귀,,17,17,,,,,17h 복귀 → DED6,outside six documented raw segments
1664,2,DED6~DED9,서브스트림 실행 / 기존 확인 14h 계열 / 버퍼·영역 처리,,14 00 16 22,14 00 16 22,,,,,인자 00 16 22; 다음 주소 DEDA,outside six documented raw segments
1665,2,DEDA~DEDD,서브스트림 실행 / 기존 확인 14h 계열 / 버퍼·영역 처리,,14 02 16 60,14 02 16 60,,,,,인자 02 16 60; 다음 주소 DEDE,outside six documented raw segments
1666,2,DEDE~DEE0,서브스트림 실행 / 기존 확인 13h 계열 제어토큰,,13 FC DF,13 FC DF,,,,,인자 FC DF; 다음 주소 DEE1,outside six documented raw segments
1667,2,DEE1~DEE4,서브스트림 실행 / 기존 확인 14h 계열 / 버퍼·영역 처리,,14 01 3B 00,14 01 3B 00,,,,,인자 01 3B 00; 다음 주소 DEE5,outside six documented raw segments
1668,2,DEE5~DEE8,서브스트림 실행 / 기존 확인 04h 계열 / CAA8 슬롯 포인터 설정,,04 2C E0 41,04 2C E0 41,,,,,E02C 포인터를 41h 슬롯에 설정; 다음 주소 DEE9,outside six documented raw segments
1669,2,DEE9~DEEC,서브스트림 실행 / 기존 확인 04h 계열 / CAA8 슬롯 포인터 설정,,04 36 E0 42,04 36 E0 42,,,,,E036 포인터를 42h 슬롯에 설정; 다음 주소 DEED,outside six documented raw segments
1670,2,DEED~DEF0,서브스트림 실행 / 기존 확인 04h 계열 / CAA8 슬롯 포인터 설정,,04 40 E0 43,04 40 E0 43,,,,,E040 포인터를 43h 슬롯에 설정; 다음 주소 DEF1,outside six documented raw segments
1671,2,DEF1~DEF2,서브스트림 실행 / 기존 확인 25h 계열 / CA1D 입 움직임 효과음 인덱스 설정,,25 2C,25 2C,,,,,CA1D=2C; 다음 주소 DEF3,outside six documented raw segments
1672,2,DEF3,서브스트림 실행 / 기존 확인 17h 계열 / 서브스트림 복귀,,17,17,,,,,17h 복귀 → 본류 D88B,outside six documented raw segments
1673,2,D881~D883,기존 확인 1Eh 계열 / 간접 CALL,,1E 1D A4,1E 1D A4,,,DF 01 00,0x040F1 | 0x040F2 | 0x040F3,원본 분석표 1681번 D88B~D88D → 현재 D881~D883; 호출 대상 A41D; 처리 후 다음 본류 D88E,mapped from six runtime-analysis RAM/raw formulas
1674,2,D884,기존 확인 41~50h 계열 / CAA8[0] 슬롯 실행,,41,41,,,11,0x040F4,원본 분석표 1682번 D88E → 현재 D884; 슬롯 토큰 41; 다음 본류 D88F,mapped from six runtime-analysis RAM/raw formulas
1675,2,D885~D886,패치 슬롯 0951 | 한글 문자 | 정,정,89 A0,8A BA,404,8A BA,16 4D,0x040F5 | 0x040F6,원본 분석표 1683번 D88F~D890=82 B5(し) → 패치 D885~D886=89 A0(정); 번역 40-001/010 · 정 / 토큰 89 A0 / KANJI 6420 / 가나다순 290,mapped from six runtime-analysis RAM/raw formulas
1676,2,D887~D888,패치 슬롯 0952 | 한글 문자 | 신,신,89 5B,8A 50,299,8A 50,DF 16,0x040F7 | 0x040F8,원본 분석표 1684번 D891~D892=82 C1(っ) → 패치 D887~D888=89 5B(신); 번역 40-002/010 · 신 / 토큰 89 5B / KANJI 63C0 / 가나다순 216,mapped from six runtime-analysis RAM/raw formulas
1677,2,D889~D88A,패치 슬롯 0953 | 한글 문자 | 차,차,89 B7,8A DF,441,8A DF,CE DE,0x040F9 | 0x040FA,원본 분석표 1685번 D893~D894=82 A9(か) → 패치 D889~D88A=89 B7(차); 번역 40-003/010 · 차 / 토큰 89 B7 / KANJI 6590 / 가나다순 316,mapped from six runtime-analysis RAM/raw formulas
1678,2,D88B~D88C,패치 슬롯 0954 | 한글 문자 | 려,려,88 C1,89 94,178,89 94,1E 1D,0x040FB | 0x040FC,원본 분석표 1686번 D895~D896=82 E8(り) → 패치 D88B~D88C=88 C1(려); 번역 40-004/010 · 려 / 토큰 88 C1 / KANJI A030 / 가나다순 126,mapped from six runtime-analysis RAM/raw formulas
1679,2,D88D~D88E,패치 슬롯 0955 | 문장부호 | ！,！,81 49,81 49,,81 49,A4 41,0x040FD | 0x040FE,원본 분석표 1689번 D89B~D89C → 현재 D88D~D88E; 번역 40-005/010 · ！ / 토큰 81 49 / PC-88 전각 느낌표 토큰,mapped from six runtime-analysis RAM/raw formulas
1680,2,D88F~D890,패치 슬롯 0956 | 전각 공백 | ␠,␠,81 40,81 40,,81 40,82 B5,0x040FF | 0x04100,원본 분석표 1690번 D89D~D89E → 현재 D88F~D890; 번역 40-006/010 · ␠ / 토큰 81 40 / PC-88 전각 공백 토큰,mapped from six runtime-analysis RAM/raw formulas
1681,2,D891,기존 확인 41~50h 계열 / CAA8[1] 슬롯 실행,,42,42,,,82,0x04101,원본 분석표 1691번 D89F → 현재 D891; 슬롯 토큰 42; 다음 본류 D8A0,mapped from six runtime-analysis RAM/raw formulas
1682,2,D892~D893,패치 슬롯 0957 | 한글 문자 | 유,유,89 86,8A 99,371,8A 99,C1 82,0x04102 | 0x04103,원본 분석표 1692번 D8A0~D8A1=83 86(ユ) → 패치 D892~D893=89 86(유); 번역 40-007/010 · 유 / 토큰 89 86 / KANJI E260 / 가나다순 261,mapped from six runtime-analysis RAM/raw formulas
1683,2,D894~D895,패치 슬롯 0958 | 한글 문자 | 코,코,89 C5,8A FC,470,8A FC,A9 82,0x04104 | 0x04105,원본 분석표 1693번 D8A2~D8A3=81 5B(ー) → 패치 D894~D895=89 C5(코); 번역 40-008/010 · 코 / 토큰 89 C5 / KANJI A470 / 가나다순 331,mapped from six runtime-analysis RAM/raw formulas
1684,2,D896~D897,패치 슬롯 0959 | 문장부호 | ！,！,81 49,81 49,,81 49,E8 82,0x04106 | 0x04107,원본 분석표 1695번 D8A6~D8A7 → 현재 D896~D897; 번역 40-009/010 · ！ / 토큰 81 49 / PC-88 전각 느낌표 토큰,mapped from six runtime-analysis RAM/raw formulas
1685,2,D898~D899,패치 슬롯 0960 | 전각 공백 | ␠,␠,81 40,81 40,,81 40,B5 82,0x04108 | 0x04109,편집기 추가 행; 번역 40-010/010 · ␠ / 토큰 81 40 / PC-88 전각 공백 토큰,mapped from six runtime-analysis RAM/raw formulas
1686,2,D89A,기존 확인 61~70h 계열 / CAA8[0] 작업슬롯 비활성화,,61,61,,,C4,0x0410A,원본 분석표 1696번 D8A8 → 현재 D89A; 비활성화 토큰 61; 다음 본류 D8A9,mapped from six runtime-analysis RAM/raw formulas
1687,2,D89B~D89D,기존 확인 16h 계열 / 서브스트림 호출·전환 → DE6B,,16 6B DE,16 6B DE,,,81 49 81,0x0410B | 0x0410C | 0x0410D,원본 분석표 1697번 D8A9~D8AB → 현재 D89B~D89D; 16h 호출 → DE6B; 복귀 주소 D8AC,mapped from six runtime-analysis RAM/raw formulas
1688,2,DE6B~DE6F,서브스트림 실행 / 기존 확인 0Fh 계열 제어토큰,,0F 01 2B 04 09,0F 01 2B 04 09,,,,,인자 01 2B 04 09; 다음 주소 DE70,outside six documented raw segments
1689,2,DE70~DE72,서브스트림 실행 / 기존 확인 16h 계열 / 서브스트림 호출·전환 → DF4D,,16 4D DF,16 4D DF,,,,,16h 호출 → DF4D; 복귀 주소 DE73,outside six documented raw segments
1690,2,DF4D~DF4F,서브스트림 실행 / 기존 확인 1Eh 계열 / 간접 CALL,,1E 3C 08,1E 3C 08,,,,,호출 대상 083C; 처리 후 다음 주소 DF50,outside six documented raw segments
1691,2,DF50~DF55,서브스트림 실행 / 기존 확인 05h 계열 / 영역·좌표 상태 설정·전개,,05 16 86 3A 9E 00,05 16 86 3A 9E 00,,,,,처리 후 다음 주소 DF56,outside six documented raw segments
1692,2,DF56~DF5A,서브스트림 실행 / 기존 확인 0Eh 계열 / 화면·버퍼 초기화·전개,,0E 16 20 24 80,0E 16 20 24 80,,,,,처리 후 다음 주소 DF5B,outside six documented raw segments
1693,2,DF5B,서브스트림 실행 / 기존 확인 17h 계열 / 서브스트림 복귀,,17,17,,,,,17h 복귀 → DE73,outside six documented raw segments
1694,2,DE73~DE75,서브스트림 실행 / 기존 확인 13h 계열 제어토큰,,13 EC DF,13 EC DF,,,,,인자 EC DF; 다음 주소 DE76,outside six documented raw segments
1695,2,DE76~DE79,서브스트림 실행 / 기존 확인 14h 계열 / 버퍼·영역 처리,,14 01 3B 00,14 01 3B 00,,,,,인자 01 3B 00; 다음 주소 DE7A,outside six documented raw segments
1696,2,DE7A~DE7D,서브스트림 실행 / 기존 확인 14h 계열 / 버퍼·영역 처리,,14 02 3B 64,14 02 3B 64,,,,,인자 02 3B 64; 다음 주소 DE7E,outside six documented raw segments
1697,2,DE7E~DE7F,서브스트림 실행 / 기존 확인 25h 계열 / CA1D 입 움직임 효과음 인덱스 설정,,25 2C,25 2C,,,,,CA1D=2C; 다음 주소 DE80,outside six documented raw segments
1698,2,DE80,서브스트림 실행 / 기존 확인 17h 계열 / 서브스트림 복귀,,17,17,,,,,17h 복귀 → 본류 D8AC,outside six documented raw segments
1699,2,D89E~D89F,기존 확인 01h 계열 제어토큰,,01 03,01 03,,,40 42,0x0410E | 0x0410F,원본 분석표 1709번 D8AC~D8AD → 현재 D89E~D89F; 인자 03; 다음 본류 D8AE,mapped from six runtime-analysis RAM/raw formulas
1700,2,D8A0~D8A1,패치 슬롯 0961 | 한글 문자 | 유,유,89 86,8A 99,371,8A 99,83 86,0x04110 | 0x04111,원본 분석표 1710번 D8AE~D8AF=83 86(ユ) → 패치 D8A0~D8A1=89 86(유); 번역 41-001/056 · 유 / 토큰 89 86 / KANJI E260 / 가나다순 261,mapped from six runtime-analysis RAM/raw formulas
1701,2,D8A2~D8A3,패치 슬롯 0962 | 한글 문자 | 코,코,89 C5,8A FC,470,8A FC,81 5B,0x04112 | 0x04113,원본 분석표 1711번 D8B0~D8B1=81 5B(ー) → 패치 D8A2~D8A3=89 C5(코); 번역 41-002/056 · 코 / 토큰 89 C5 / KANJI A470 / 가나다순 331,mapped from six runtime-analysis RAM/raw formulas
1702,2,D8A4~D8A5,패치 슬롯 0963 | 문장부호 | 、,、,81 41,81 41,,81 41,83 52,0x04114 | 0x04115,원본 분석표 1712번 D8B2~D8B3=83 52(コ) → 패치 D8A4~D8A5=81 41(、); 번역 41-003/056 · 、 / 토큰 81 41 / PC-88 전각 쉼표 토큰,mapped from six runtime-analysis RAM/raw formulas
1703,2,D8A6~D8A7,패치 슬롯 0964 | 한글 문자 | 이,이,89 8D,8A A2,380,8A A2,81 49,0x04116 | 0x04117,원본 분석표 1713번 D8B4~D8B5=81 49(！) → 패치 D8A6~D8A7=89 8D(이); 번역 41-004/056 · 이 / 토큰 89 8D / KANJI E2D0 / 가나다순 268,mapped from six runtime-analysis RAM/raw formulas
1704,2,D8A8~D8A9,패치 슬롯 0965 | 한글 문자 | 것,것,82 AA,88 B0,18,88 B0,61 16,0x04118 | 0x04119,원본 분석표 1714번 D8B6~D8B7=81 40 → 패치 D8A8~D8A9=82 AA(것); 번역 41-005/056 · 것 / 토큰 82 AA / KANJI 18C0 / 가나다순 12,mapped from six runtime-analysis RAM/raw formulas
1705,2,D8AA~D8AB,패치 슬롯 0966 | 한글 문자 | 을,을,89 8A,8A 9E,376,8A 9E,6B DE,0x0411A | 0x0411B,편집기 추가 행; 번역 41-006/056 · 을 / 토큰 89 8A / KANJI E2A0 / 가나다순 265,mapped from six runtime-analysis RAM/raw formulas
1706,2,D8AC~D8AD,패치 슬롯 0967 | 전각 공백 | ␠,␠,81 40,81 40,,81 40,01 03,0x0411C | 0x0411D,원본 분석표 1715번 D8B8~D8B9=82 B1(こ) → 패치 D8AC~D8AD=81 40(␠); 번역 41-007/056 · ␠ / 토큰 81 40 / PC-88 전각 공백 토큰,mapped from six runtime-analysis RAM/raw formulas
1707,2,D8AE~D8AF,패치 슬롯 0968 | 한글 문자 | 봐,봐,88 F9,89 E0,254,89 E0,83 86,0x0411E | 0x0411F,원본 분석표 1716번 D8BA~D8BB=82 EA(れ) → 패치 D8AE~D8AF=88 F9(봐); 번역 41-008/056 · 봐 / 토큰 88 F9 / KANJI E1B0 / 가나다순 184,mapped from six runtime-analysis RAM/raw formulas
1708,2,D8B0~D8B1,패치 슬롯 0969 | 문장부호 | 。,。,81 42,81 42,,81 42,81 5B,0x04120 | 0x04121,원본 분석표 1720번 D8C2~D8C3 → 현재 D8B0~D8B1; 번역 41-009/056 · 。 / 토큰 81 42 / PC-88 전각 마침표 토큰,mapped from six runtime-analysis RAM/raw formulas
1709,2,D8B2~D8B3,패치 슬롯 0970 | 한글 문자 | 이,이,89 8D,8A A2,380,8A A2,83 52,0x04122 | 0x04123,원본 분석표 1721번 D8C4~D8C5=82 B1(こ) → 패치 D8B2~D8B3=89 8D(이); 번역 41-010/056 · 이 / 토큰 89 8D / KANJI E2D0 / 가나다순 268,mapped from six runtime-analysis RAM/raw formulas
1710,2,D8B4~D8B5,패치 슬롯 0971 | 한글 문자 | 게,게,82 AB,88 B1,19,88 B1,81 49,0x04124 | 0x04125,원본 분석표 1722번 D8C6~D8C7=82 EA(れ) → 패치 D8B4~D8B5=82 AB(게); 번역 41-011/056 · 게 / 토큰 82 AB / KANJI 18D0 / 가나다순 13,mapped from six runtime-analysis RAM/raw formulas
1711,2,D8B6~D8B7,패치 슬롯 0972 | 전각 공백 | ␠,␠,81 40,81 40,,81 40,81 40,0x04126 | 0x04127,원본 분석표 1723번 D8C8~D8C9=82 AA(が) → 패치 D8B6~D8B7=81 40(␠); 번역 41-012/056 · ␠ / 토큰 81 40 / PC-88 전각 공백 토큰,mapped from six runtime-analysis RAM/raw formulas
1712,2,D8B8~D8B9,패치 슬롯 0973 | 한글 문자 | 뭔,뭔,8A BD,89 C6,228,89 C6,82 B1,0x04128 | 0x04129,원본 분석표 1724번 D8CA~D8CB=82 C8(な) → 패치 D8B8~D8B9=8A BD(뭔); 번역 41-013/056 · 뭔 / 토큰 8A BD / KANJI 69F0 / 가나다순 490,mapped from six runtime-analysis RAM/raw formulas
1713,2,D8BA~D8BB,패치 슬롯 0974 | 한글 문자 | 지,지,89 B3,8A D4,430,8A D4,82 EA,0x0412A | 0x0412B,원본 분석표 1725번 D8CC~D8CD=82 F1(ん) → 패치 D8BA~D8BB=89 B3(지); 번역 41-014/056 · 지 / 토큰 89 B3 / KANJI 6550 / 가나다순 309,mapped from six runtime-analysis RAM/raw formulas
1714,2,D8BC~D8BD,패치 슬롯 0975 | 전각 공백 | ␠,␠,81 40,81 40,,81 40,82 F0,0x0412C | 0x0412D,원본 분석표 1726번 D8CE~D8CF=82 BE(だ) → 패치 D8BC~D8BD=81 40(␠); 번역 41-015/056 · ␠ / 토큰 81 40 / PC-88 전각 공백 토큰,mapped from six runtime-analysis RAM/raw formulas
1715,2,D8BE~D8BF,패치 슬롯 0976 | 한글 문자 | 알,알,89 65,8A 5F,314,8A 5F,8C A9,0x0412E | 0x0412F,원본 분석표 1727번 D8D0~D8D1=82 A9(か) → 패치 D8BE~D8BF=89 65(알); 번역 41-016/056 · 알 / 토큰 89 65 / KANJI A260 / 가나다순 228,mapped from six runtime-analysis RAM/raw formulas
1716,2,D8C0~D8C1,패치 슬롯 0977 | 한글 문자 | 겠,겠,82 AC,88 B2,20,88 B2,82 C4,0x04130 | 0x04131,원본 분석표 1728번 D8D2~D8D3=95 AA(分) → 패치 D8C0~D8C1=82 AC(겠); 번역 41-017/056 · 겠 / 토큰 82 AC / KANJI 18E0 / 가나다순 14,mapped from six runtime-analysis RAM/raw formulas
1717,2,D8C2~D8C3,패치 슬롯 0978 | 한글 문자 | 어,어,89 6C,8A 6A,325,8A 6A,81 42,0x04132 | 0x04133,원본 분석표 1729번 D8D4~D8D5=82 E9(る) → 패치 D8C2~D8C3=89 6C(어); 번역 41-018/056 · 어 / 토큰 89 6C / KANJI A2D0 / 가나다순 235,mapped from six runtime-analysis RAM/raw formulas
1718,2,D8C4~D8C5,패치 슬롯 0979 | 문장부호 | ？,？,81 48,81 48,,81 48,82 B1,0x04134 | 0x04135,원본 분석표 1730번 D8D6~D8D7 → 현재 D8C4~D8C5; 번역 41-019/056 · ？ / 토큰 81 48 / PC-88 전각 물음표 토큰,mapped from six runtime-analysis RAM/raw formulas
1719,2,D8C6~D8C7,패치 슬롯 0980 | 전각 공백 | ␠,␠,81 40,81 40,,81 40,82 EA,0x04136 | 0x04137,편집기 추가 행; 번역 41-020/056 · ␠ / 토큰 81 40 / PC-88 전각 공백 토큰,mapped from six runtime-analysis RAM/raw formulas
1720,2,D8C8~D8C9,패치 슬롯 0981 | 한글 문자 | 이,이,89 8D,8A A2,380,8A A2,82 AA,0x04138 | 0x04139,원본 분석표 1732번 D8DA~D8DB=82 B1(こ) → 패치 D8C8~D8C9=89 8D(이); 번역 41-021/056 · 이 / 토큰 89 8D / KANJI E2D0 / 가나다순 268,mapped from six runtime-analysis RAM/raw formulas
1721,2,D8CA~D8CB,패치 슬롯 0982 | 한글 문자 | 건,건,82 A7,88 AC,14,88 AC,82 C8,0x0413A | 0x0413B,원본 분석표 1733번 D8DC~D8DD=82 EA(れ) → 패치 D8CA~D8CB=82 A7(건); 번역 41-022/056 · 건 / 토큰 82 A7 / KANJI 1890 / 가나다순 9,mapped from six runtime-analysis RAM/raw formulas
1722,2,D8CC~D8CD,패치 슬롯 0983 | 전각 공백 | ␠,␠,81 40,81 40,,81 40,82 F1,0x0413C | 0x0413D,원본 분석표 1734번 D8DE~D8DF=82 CD(は) → 패치 D8CC~D8CD=81 40(␠); 번역 41-023/056 · ␠ / 토큰 81 40 / PC-88 전각 공백 토큰,mapped from six runtime-analysis RAM/raw formulas
1723,2,D8CE~D8CF,패치 슬롯 0984 | 한글 문자 | 널,널,82 D7,88 F5,87,88 F5,82 BE,0x0413E | 0x0413F,원본 분석표 1735번 D8E0~D8E1=81 41(、) → 패치 D8CE~D8CF=82 D7(널); 번역 41-024/056 · 널 / 토큰 82 D7 / KANJI 2990 / 가나다순 61,mapped from six runtime-analysis RAM/raw formulas
1724,2,D8D0~D8D1,패치 슬롯 0985 | 전각 공백 | ␠,␠,81 40,81 40,,81 40,82 A9,0x04140 | 0x04141,원본 분석표 1736번 D8E2~D8E3=82 A0(あ) → 패치 D8D0~D8D1=81 40(␠); 번역 41-025/056 · ␠ / 토큰 81 40 / PC-88 전각 공백 토큰,mapped from six runtime-analysis RAM/raw formulas
1725,2,D8D2~D8D3,패치 슬롯 0986 | 한글 문자 | 위,위,89 85,8A 97,369,8A 97,95 AA,0x04142 | 0x04143,원본 분석표 1737번 D8E4~D8E5=82 C8(な) → 패치 D8D2~D8D3=89 85(위); 번역 41-026/056 · 위 / 토큰 89 85 / KANJI E250 / 가나다순 260,mapped from six runtime-analysis RAM/raw formulas
1726,2,D8D4~D8D5,패치 슬롯 0987 | 한글 문자 | 해,해,89 E8,8B 79,528,8B 79,82 E9,0x04144 | 0x04145,원본 분석표 1738번 D8E6~D8E7=82 BD(た) → 패치 D8D4~D8D5=89 E8(해); 번역 41-027/056 · 해 / 토큰 89 E8 / KANJI E4A0 / 가나다순 369,mapped from six runtime-analysis RAM/raw formulas
1727,2,D8D6~D8D7,패치 슬롯 0988 | 한글 문자 | 서,서,89 49,89 F2,272,89 F2,81 48,0x04146 | 0x04147,원본 분석표 1739번 D8E8~D8E9=82 CC(の) → 패치 D8D6~D8D7=89 49(서); 번역 41-028/056 · 서 / 토큰 89 49 / KANJI 62A0 / 가나다순 197,mapped from six runtime-analysis RAM/raw formulas
1728,2,D8D8~D8D9,패치 슬롯 0989 | 전각 공백 | ␠,␠,81 40,81 40,,81 40,81 40,0x04148 | 0x04149,원본 분석표 1740번 D8EA~D8EB=82 BD(た) → 패치 D8D8~D8D9=81 40(␠); 번역 41-029/056 · ␠ / 토큰 81 40 / PC-88 전각 공백 토큰,mapped from six runtime-analysis RAM/raw formulas
1729,2,D8DA~D8DB,패치 슬롯 0990 | 한글 문자 | 바,바,88 E9,89 CC,234,89 CC,82 B1,0x0414A | 0x0414B,원본 분석표 1741번 D8EC~D8ED=82 DF(め) → 패치 D8DA~D8DB=88 E9(바); 번역 41-030/056 · 바 / 토큰 88 E9 / KANJI E0B0 / 가나다순 168,mapped from six runtime-analysis RAM/raw formulas
1730,2,D8DC~D8DD,패치 슬롯 0991 | 한글 문자 | 리,리,88 CC,89 A4,194,89 A4,82 EA,0x0414C | 0x0414D,원본 분석표 1742번 D8EE~D8EF=82 C9(に) → 패치 D8DC~D8DD=88 CC(리); 번역 41-031/056 · 리 / 토큰 88 CC / KANJI A0E0 / 가나다순 137,mapped from six runtime-analysis RAM/raw formulas
1731,2,D8DE~D8DF,패치 슬롯 0992 | 한글 문자 | 아,아,89 60,8A 5A,309,8A 5A,82 CD,0x0414E | 0x0414F,원본 분석표 1743번 D8F0~D8F1=83 94(ヴ) → 패치 D8DE~D8DF=89 60(아); 번역 41-032/056 · 아 / 토큰 89 60 / KANJI A210 / 가나다순 223,mapped from six runtime-analysis RAM/raw formulas
1732,2,D8E0~D8E1,패치 슬롯 0993 | 한글 문자 | 님,님,82 E6,89 4F,110,89 4F,81 41,0x04150 | 0x04151,원본 분석표 1744번 D8F2~D8F3=83 40(ァ) → 패치 D8E0~D8E1=82 E6(님); 번역 41-033/056 · 님 / 토큰 82 E6 / KANJI 3880 / 가나다순 77,mapped from six runtime-analysis RAM/raw formulas
1733,2,D8E2~D8E3,패치 슬롯 0994 | 한글 문자 | 이,이,89 8D,8A A2,380,8A A2,82 A0,0x04152 | 0x04153,원본 분석표 1745번 D8F4~D8F5=83 8A(リ) → 패치 D8E2~D8E3=89 8D(이); 번역 41-034/056 · 이 / 토큰 89 8D / KANJI E2D0 / 가나다순 268,mapped from six runtime-analysis RAM/raw formulas
1734,2,D8E4~D8E5,패치 슬롯 0995 | 전각 공백 | ␠,␠,81 40,81 40,,81 40,82 C8,0x04154 | 0x04155,원본 분석표 1746번 D8F6~D8F7=83 41(ア) → 패치 D8E4~D8E5=81 40(␠); 번역 41-035/056 · ␠ / 토큰 81 40 / PC-88 전각 공백 토큰,mapped from six runtime-analysis RAM/raw formulas
1735,2,D8E6~D8E7,패치 슬롯 0996 | 한글 문자 | 목,목,88 E0,89 BD,219,89 BD,82 BD,0x04156 | 0x04157,원본 분석표 1747번 D8F8~D8F9=97 6C(様) → 패치 D8E6~D8E7=88 E0(목); 번역 41-036/056 · 목 / 토큰 88 E0 / KANJI E020 / 가나다순 158,mapped from six runtime-analysis RAM/raw formulas
1736,2,D8E8~D8E9,패치 슬롯 0997 | 한글 문자 | 숨,숨,89 55,8A 47,290,8A 47,82 CC,0x04158 | 0x04159,원본 분석표 1748번 D8FA~D8FB=82 AA(が) → 패치 D8E8~D8E9=89 55(숨); 번역 41-037/056 · 숨 / 토큰 89 55 / KANJI 6360 / 가나다순 210,mapped from six runtime-analysis RAM/raw formulas
1737,2,D8EA~D8EB,패치 슬롯 0998 | 한글 문자 | 을,을,89 8A,8A 9E,376,8A 9E,82 BD,0x0415A | 0x0415B,원본 분석표 1749번 D8FC~D8FD=96 BD(命) → 패치 D8EA~D8EB=89 8A(을); 번역 41-038/056 · 을 / 토큰 89 8A / KANJI E2A0 / 가나다순 265,mapped from six runtime-analysis RAM/raw formulas
1738,2,D8EC~D8ED,패치 슬롯 0999 | 전각 공백 | ␠,␠,81 40,81 40,,81 40,82 DF,0x0415C | 0x0415D,편집기 추가 행; 번역 41-039/056 · ␠ / 토큰 81 40 / PC-88 전각 공백 토큰,mapped from six runtime-analysis RAM/raw formulas
1739,2,D8EE~D8EF,패치 슬롯 1000 | 한글 문자 | 걸,걸,82 A8,88 AD,15,88 AD,82 C9,0x0415E | 0x0415F,원본 분석표 1751번 D900~D901=82 AF(け) → 패치 D8EE~D8EF=82 A8(걸); 번역 41-040/056 · 걸 / 토큰 82 A8 / KANJI 18A0 / 가나다순 10,mapped from six runtime-analysis RAM/raw formulas
1740,2,D8F0~D8F1,패치 슬롯 1001 | 한글 문자 | 고,고,82 B1,88 BB,29,88 BB,83 94,0x04160 | 0x04161,원본 분석표 1752번 D902~D903=82 C5(で) → 패치 D8F0~D8F1=82 B1(고); 번역 41-041/056 · 고 / 토큰 82 B1 / KANJI 1930 / 가나다순 21,mapped from six runtime-analysis RAM/raw formulas
1741,2,D8F2~D8F3,패치 슬롯 1002 | 전각 공백 | ␠,␠,81 40,81 40,,81 40,83 40,0x04162 | 0x04163,원본 분석표 1753번 D904~D905=8E E6(取) → 패치 D8F2~D8F3=81 40(␠); 번역 41-042/056 · ␠ / 토큰 81 40 / PC-88 전각 공백 토큰,mapped from six runtime-analysis RAM/raw formulas
1742,2,D8F4~D8F5,패치 슬롯 1003 | 한글 문자 | 되,되,88 A2,89 64,131,89 64,83 8A,0x04164 | 0x04165,원본 분석표 1754번 D906~D907=82 E8(り) → 패치 D8F4~D8F5=88 A2(되); 번역 41-043/056 · 되 / 토큰 88 A2 / KANJI 6040 / 가나다순 93,mapped from six runtime-analysis RAM/raw formulas
1743,2,D8F6~D8F7,패치 슬롯 1004 | 한글 문자 | 찾,찾,8A 58,8A E4,446,8A E4,83 41,0x04166 | 0x04167,원본 분석표 1755번 D908~D909=95 D4(返) → 패치 D8F6~D8F7=8A 58(찾); 번역 41-044/056 · 찾 / 토큰 8A 58 / KANJI 6790 / 가나다순 390,mapped from six runtime-analysis RAM/raw formulas
1744,2,D8F8~D8F9,패치 슬롯 1005 | 한글 문자 | 은,은,89 89,8A 9D,375,8A 9D,97 6C,0x04168 | 0x04169,원본 분석표 1756번 D90A~D90B=82 B5(し) → 패치 D8F8~D8F9=89 89(은); 번역 41-045/056 · 은 / 토큰 89 89 / KANJI E290 / 가나다순 264,mapped from six runtime-analysis RAM/raw formulas
1745,2,D8FA~D8FB,패치 슬롯 1006 | 전각 공백 | ␠,␠,81 40,81 40,,81 40,82 AA,0x0416A | 0x0416B,원본 분석표 1758번 D90E~D90F=83 74(フ) → 패치 D8FA~D8FB=81 40(␠); 번역 41-046/056 · ␠ / 토큰 81 40 / PC-88 전각 공백 토큰,mapped from six runtime-analysis RAM/raw formulas
1746,2,D8FC~D8FD,패치 슬롯 1007 | 한글 문자 | 판,판,89 D9,8B 5E,501,8B 5E,96 BD,0x0416C | 0x0416D,원본 분석표 1759번 D910~D911=83 40(ァ) → 패치 D8FC~D8FD=89 D9(판); 번역 41-047/056 · 판 / 토큰 89 D9 / KANJI A5B0 / 가나다순 353,mapped from six runtime-analysis RAM/raw formulas
1747,2,D8FE~D8FF,패치 슬롯 1008 | 한글 문자 | 타,타,89 CA,8B 48,479,8B 48,82 AA,0x0416E | 0x0416F,원본 분석표 1760번 D912~D913=83 93(ン) → 패치 D8FE~D8FF=89 CA(타); 번역 41-048/056 · 타 / 토큰 89 CA / KANJI A4C0 / 가나다순 336,mapped from six runtime-analysis RAM/raw formulas
1748,2,D900~D901,패치 슬롯 1009 | 한글 문자 | 즘,즘,89 B1,8A D2,428,8A D2,82 AF,0x04170 | 0x04171,원본 분석표 1761번 D914~D915=83 5E(タ) → 패치 D900~D901=89 B1(즘); 번역 41-049/056 · 즘 / 토큰 89 B1 / KANJI 6530 / 가나다순 307,mapped from six runtime-analysis RAM/raw formulas
1749,2,D902~D903,패치 슬롯 1010 | 전각 공백 | ␠,␠,81 40,81 40,,81 40,82 C5,0x04172 | 0x04173,원본 분석표 1762번 D916~D917=83 59(ズ) → 패치 D902~D903=81 40(␠); 번역 41-050/056 · ␠ / 토큰 81 40 / PC-88 전각 공백 토큰,mapped from six runtime-analysis RAM/raw formulas
1750,2,D904~D905,패치 슬롯 1011 | 한글 문자 | 주,주,89 AA,8A C8,418,8A C8,8E E6,0x04174 | 0x04175,원본 분석표 1763번 D918~D919=83 80(ム) → 패치 D904~D905=89 AA(주); 번역 41-051/056 · 주 / 토큰 89 AA / KANJI 64C0 / 가나다순 300,mapped from six runtime-analysis RAM/raw formulas
1751,2,D906~D907,패치 슬롯 1012 | 한글 문자 | 얼,얼,89 6D,8A 6D,328,8A 6D,82 E8,0x04176 | 0x04177,원본 분석표 1764번 D91A~D91B=81 45(・) → 패치 D906~D907=89 6D(얼); 번역 41-052/056 · 얼 / 토큰 89 6D / KANJI A2E0 / 가나다순 236,mapped from six runtime-analysis RAM/raw formulas
1752,2,D908~D909,패치 슬롯 1013 | 한글 문자 | 리,리,88 CC,89 A4,194,89 A4,95 D4,0x04178 | 0x04179,원본 분석표 1765번 D91C~D91D=83 57(ジ) → 패치 D908~D909=88 CC(리); 번역 41-053/056 · 리 / 토큰 88 CC / KANJI A0E0 / 가나다순 137,mapped from six runtime-analysis RAM/raw formulas
1753,2,D90A~D90B,패치 슬롯 1014 | 한글 문자 | 야,야,89 6B,8A 66,321,8A 66,82 B5,0x0417A | 0x0417B,원본 분석표 1766번 D91E~D91F=83 85(ュ) → 패치 D90A~D90B=89 6B(야); 번역 41-054/056 · 야 / 토큰 89 6B / KANJI A2C0 / 가나다순 234,mapped from six runtime-analysis RAM/raw formulas
1754,2,D90C~D90D,패치 슬롯 1015 | 문장부호 | ！,！,81 49,81 49,,81 49,82 BD,0x0417C | 0x0417D,원본 분석표 1767번 D920~D921=83 47(エ) → 패치 D90C~D90D=81 49(！); 번역 41-055/056 · ！ / 토큰 81 49 / PC-88 전각 느낌표 토큰,mapped from six runtime-analysis RAM/raw formulas
1755,2,D90E~D90F,패치 슬롯 1016 | 전각 공백 | ␠,␠,81 40,81 40,,81 40,83 74,0x0417E | 0x0417F,편집기 추가 행; 번역 41-056/056 · ␠ / 토큰 81 40 / PC-88 전각 공백 토큰,mapped from six runtime-analysis RAM/raw formulas
1756,2,D910~D912,기존 확인 16h 계열 / 서브스트림 호출·전환 → DEF4,,16 F4 DE,16 F4 DE,,,83 40 83,0x04180 | 0x04181 | 0x04182,원본 분석표 1772번 D92A~D92C → 현재 D910~D912; 16h 호출 → DEF4; 복귀 주소 D92D,mapped from six runtime-analysis RAM/raw formulas
1757,2,DEF4~DEF8,서브스트림 실행 / 기존 확인 0Fh 계열 제어토큰,,0F 02 28 04 0E,0F 02 28 04 0E,,,,,인자 02 28 04 0E; 다음 주소 DEF9,outside six documented raw segments
1758,2,DEF9~DEFB,서브스트림 실행 / 기존 확인 16h 계열 / 서브스트림 호출·전환 → DF4D,,16 4D DF,16 4D DF,,,,,16h 호출 → DF4D; 복귀 주소 DEFC,outside six documented raw segments
1759,2,DF4D~DF4F,서브스트림 실행 / 기존 확인 1Eh 계열 / 간접 CALL,,1E 3C 08,1E 3C 08,,,,,호출 대상 083C; 처리 후 다음 주소 DF50,outside six documented raw segments
1760,2,DF50~DF55,서브스트림 실행 / 기존 확인 05h 계열 / 영역·좌표 상태 설정·전개,,05 16 86 3A 9E 00,05 16 86 3A 9E 00,,,,,처리 후 다음 주소 DF56,outside six documented raw segments
1761,2,DF56~DF5A,서브스트림 실행 / 기존 확인 0Eh 계열 / 화면·버퍼 초기화·전개,,0E 16 20 24 80,0E 16 20 24 80,,,,,처리 후 다음 주소 DF5B,outside six documented raw segments
1762,2,DF5B,서브스트림 실행 / 기존 확인 17h 계열 / 서브스트림 복귀,,17,17,,,,,17h 복귀 → DEFC,outside six documented raw segments
1763,2,DEFC~DEFE,서브스트림 실행 / 기존 확인 13h 계열 제어토큰,,13 FC DF,13 FC DF,,,,,인자 FC DF; 다음 주소 DEFF,outside six documented raw segments
1764,2,DEFF~DF02,서브스트림 실행 / 기존 확인 14h 계열 / 버퍼·영역 처리,,14 00 16 22,14 00 16 22,,,,,인자 00 16 22; 다음 주소 DF03,outside six documented raw segments
1765,2,DF03~DF06,서브스트림 실행 / 기존 확인 14h 계열 / 버퍼·영역 처리,,14 01 3B 00,14 01 3B 00,,,,,인자 01 3B 00; 다음 주소 DF07,outside six documented raw segments
1766,2,DF07~DF0A,서브스트림 실행 / 기존 확인 04h 계열 / CAA8 슬롯 포인터 설정,,04 2C E0 41,04 2C E0 41,,,,,E02C 포인터를 41h 슬롯에 설정; 다음 주소 DF0B,outside six documented raw segments
1767,2,DF0B~DF0E,서브스트림 실행 / 기존 확인 04h 계열 / CAA8 슬롯 포인터 설정,,04 36 E0 42,04 36 E0 42,,,,,E036 포인터를 42h 슬롯에 설정; 다음 주소 DF0F,outside six documented raw segments
1768,2,DF0F~DF12,서브스트림 실행 / 기존 확인 04h 계열 / CAA8 슬롯 포인터 설정,,04 40 E0 43,04 40 E0 43,,,,,E040 포인터를 43h 슬롯에 설정; 다음 주소 DF13,outside six documented raw segments
1769,2,DF13~DF14,서브스트림 실행 / 기존 확인 25h 계열 / CA1D 입 움직임 효과음 인덱스 설정,,25 2C,25 2C,,,,,CA1D=2C; 다음 주소 DF15,outside six documented raw segments
1770,2,DF15,서브스트림 실행 / 기존 확인 17h 계열 / 서브스트림 복귀,,17,17,,,,,17h 복귀 → 본류 D92D,outside six documented raw segments
1771,2,D913,기존 확인 41~50h 계열 / CAA8[0] 슬롯 실행,,41,41,,,93,0x04183,원본 분석표 1787번 D92D → 현재 D913; 슬롯 토큰 41; 다음 본류 D92E,mapped from six runtime-analysis RAM/raw formulas
1772,2,D914~D915,패치 슬롯 1017 | 한글 문자 | 유,유,89 86,8A 99,371,8A 99,83 5E,0x04184 | 0x04185,원본 분석표 1788번 D92E~D92F=83 86(ユ) → 패치 D914~D915=89 86(유); 번역 42-001/139 · 유 / 토큰 89 86 / KANJI E260 / 가나다순 261,mapped from six runtime-analysis RAM/raw formulas
1773,2,D916~D917,패치 슬롯 1018 | 한글 문자 | 코,코,89 C5,8A FC,470,8A FC,83 59,0x04186 | 0x04187,원본 분석표 1789번 D930~D931=81 5B(ー) → 패치 D916~D917=89 C5(코); 번역 42-002/139 · 코 / 토큰 89 C5 / KANJI A470 / 가나다순 331,mapped from six runtime-analysis RAM/raw formulas
1774,2,D918~D919,패치 슬롯 1019 | 문장부호 | 、,、,81 41,81 41,,81 41,83 80,0x04188 | 0x04189,원본 분석표 1790번 D932~D933=83 52(コ) → 패치 D918~D919=81 41(、); 번역 42-003/139 · 、 / 토큰 81 41 / PC-88 전각 쉼표 토큰,mapped from six runtime-analysis RAM/raw formulas
1775,2,D91A~D91B,패치 슬롯 1020 | 한글 문자 | 잘,잘,89 96,8A B0,394,8A B0,81 45,0x0418A | 0x0418B,원본 분석표 1791번 D934~D935=81 41(、) → 패치 D91A~D91B=89 96(잘); 번역 42-004/139 · 잘 / 토큰 89 96 / KANJI E360 / 가나다순 280,mapped from six runtime-analysis RAM/raw formulas
1776,2,D91C~D91D,패치 슬롯 1021 | 전각 공백 | ␠,␠,81 40,81 40,,81 40,83 57,0x0418C | 0x0418D,원본 분석표 1792번 D936~D937=95 B7(聞) → 패치 D91C~D91D=81 40(␠); 번역 42-005/139 · ␠ / 토큰 81 40 / PC-88 전각 공백 토큰,mapped from six runtime-analysis RAM/raw formulas
1777,2,D91E~D91F,패치 슬롯 1022 | 한글 문자 | 들,들,88 AA,89 71,144,89 71,83 85,0x0418E | 0x0418F,원본 분석표 1793번 D938~D939=82 A2(い) → 패치 D91E~D91F=88 AA(들); 번역 42-006/139 · 들 / 토큰 88 AA / KANJI 60C0 / 가나다순 102,mapped from six runtime-analysis RAM/raw formulas
1778,2,D920~D921,패치 슬롯 1023 | 한글 문자 | 어,어,89 6C,8A 6A,325,8A 6A,83 47,0x04190 | 0x04191,원본 분석표 1794번 D93A~D93B=82 C4(て) → 패치 D920~D921=89 6C(어); 번역 42-007/139 · 어 / 토큰 89 6C / KANJI A2D0 / 가나다순 235,mapped from six runtime-analysis RAM/raw formulas
1779,2,D922~D923,패치 슬롯 1024 | 문장부호 | 。,。,81 42,81 42,,81 42,83 8A,0x04192 | 0x04193,원본 분석표 1795번 D93C~D93D → 현재 D922~D923; 번역 42-008/139 · 。 / 토큰 81 42 / PC-88 전각 마침표 토큰,mapped from six runtime-analysis RAM/raw formulas
1780,2,D924~D925,패치 슬롯 1025 | 한글 문자 | 나,나,82 CE,88 E8,74,88 E8,81 5B,0x04194 | 0x04195,원본 분석표 1796번 D93E~D93F=8E 84(私) → 패치 D924~D925=82 CE(나); 번역 42-009/139 · 나 / 토큰 82 CE / KANJI 2900 / 가나다순 52,mapped from six runtime-analysis RAM/raw formulas
1781,2,D926~D927,패치 슬롯 1026 | 한글 문자 | 는,는,82 E3,89 4B,106,89 4B,82 E6,0x04196 | 0x04197,원본 분석표 1797번 D940~D941=82 CD(は) → 패치 D926~D927=82 E3(는); 번역 42-010/139 · 는 / 토큰 82 E3 / KANJI 3850 / 가나다순 74,mapped from six runtime-analysis RAM/raw formulas
1782,2,D928~D929,패치 슬롯 1027 | 전각 공백 | ␠,␠,81 40,81 40,,81 40,81 49,0x04198 | 0x04199,원본 분석표 1798번 D942~D943=88 C8(以) → 패치 D928~D929=81 40(␠); 번역 42-011/139 · ␠ / 토큰 81 40 / PC-88 전각 공백 토큰,mapped from six runtime-analysis RAM/raw formulas
1783,2,D92A~D92B,패치 슬롯 1028 | 한글 문자 | 예,예,8A 49,8A 7C,343,8A 7C,16 F4,0x0419A | 0x0419B,원본 분석표 1799번 D944~D945=91 4F(前) → 패치 D92A~D92B=8A 49(예); 번역 42-012/139 · 예 / 토큰 8A 49 / KANJI 66A0 / 가나다순 245,mapped from six runtime-analysis RAM/raw formulas
1784,2,D92C~D92D,패치 슬롯 1029 | 한글 문자 | 전,전,89 9D,8A B7,401,8A B7,DE 41,0x0419C | 0x0419D,편집기 추가 행; 번역 42-013/139 · 전 / 토큰 89 9D / KANJI E3D0 / 가나다순 287,mapped from six runtime-analysis RAM/raw formulas
1785,2,D92E~D92F,패치 슬롯 1030 | 한글 문자 | 에,에,89 70,8A 72,333,8A 72,83 86,0x0419E | 0x0419F,편집기 추가 행; 번역 42-014/139 · 에 / 토큰 89 70 / KANJI A310 / 가나다순 239,mapped from six runtime-analysis RAM/raw formulas
1786,2,D930,기존 확인 41~50h 계열 / CAA8[1] 슬롯 실행,,42,42,,,81,0x041A0,원본 분석표 1800번 D946 → 현재 D930; 슬롯 토큰 42; 다음 본류 D947,mapped from six runtime-analysis RAM/raw formulas
1787,2,D931~D932,패치 슬롯 1031 | 전각 공백 | ␠,␠,81 40,81 40,,81 40,5B 83,0x041A1 | 0x041A2,편집기 추가 행; 번역 42-015/139 · ␠ / 토큰 81 40 / PC-88 전각 공백 토큰,mapped from six runtime-analysis RAM/raw formulas
1788,2,D933~D934,패치 슬롯 1032 | 한글 문자 | 로,로,88 C5,89 99,183,89 99,52 81,0x041A3 | 0x041A4,원본 분석표 1801번 D947~D948=83 8D(ロ) → 패치 D933~D934=88 C5(로); 번역 42-016/139 · 로 / 토큰 88 C5 / KANJI A070 / 가나다순 130,mapped from six runtime-analysis RAM/raw formulas
1789,2,D935~D936,패치 슬롯 1033 | 한글 문자 | 그,그,82 BD,88 CF,49,88 CF,41 95,0x041A5 | 0x041A6,원본 분석표 1802번 D949~D94A=83 4F(グ) → 패치 D935~D936=82 BD(그); 번역 42-017/139 · 그 / 토큰 82 BD / KANJI 19F0 / 가나다순 34,mapped from six runtime-analysis RAM/raw formulas
1790,2,D937~D938,패치 슬롯 1034 | 한글 문자 | 레,레,88 C0,89 93,177,89 93,B7 82,0x041A7 | 0x041A8,원본 분석표 1803번 D94B~D94C=83 8C(レ) → 패치 D937~D938=88 C0(레); 번역 42-018/139 · 레 / 토큰 88 C0 / KANJI A020 / 가나다순 125,mapped from six runtime-analysis RAM/raw formulas
1791,2,D939~D93A,패치 슬롯 1035 | 한글 문자 | 스,스,89 56,8A 4A,293,8A 4A,A2 82,0x041A9 | 0x041AA,원본 분석표 1804번 D94D~D94E=83 58(ス) → 패치 D939~D93A=89 56(스); 번역 42-019/139 · 스 / 토큰 89 56 / KANJI 6370 / 가나다순 211,mapped from six runtime-analysis RAM/raw formulas
1792,2,D93B~D93C,패치 슬롯 1036 | 한글 문자 | 의,의,89 8C,8A A1,379,8A A1,C4 81,0x041AB | 0x041AC,원본 분석표 1805번 D94F~D950=82 CC(の) → 패치 D93B~D93C=89 8C(의); 번역 42-020/139 · 의 / 토큰 89 8C / KANJI E2C0 / 가나다순 267,mapped from six runtime-analysis RAM/raw formulas
1793,2,D93D~D93E,패치 슬롯 1037 | 전각 공백 | ␠,␠,81 40,81 40,,81 40,42 8E,0x041AD | 0x041AE,원본 분석표 1806번 D951~D952=8E E8(手) → 패치 D93D~D93E=81 40(␠); 번역 42-021/139 · ␠ / 토큰 81 40 / PC-88 전각 공백 토큰,mapped from six runtime-analysis RAM/raw formulas
1794,2,D93F~D940,패치 슬롯 1038 | 한글 문자 | 부,부,88 FA,89 E1,255,89 E1,84 82,0x041AF | 0x041B0,원본 분석표 1807번 D953~D954=89 BA(下) → 패치 D93F~D940=88 FA(부); 번역 42-022/139 · 부 / 토큰 88 FA / KANJI E1C0 / 가나다순 185,mapped from six runtime-analysis RAM/raw formulas
1795,2,D941~D942,패치 슬롯 1039 | 한글 문자 | 하,하,89 E2,8B 72,521,8B 72,CD 88,0x041B1 | 0x041B2,원본 분석표 1808번 D955~D956=82 C6(と) → 패치 D941~D942=89 E2(하); 번역 42-023/139 · 하 / 토큰 89 E2 / KANJI E440 / 가나다순 362,mapped from six runtime-analysis RAM/raw formulas
1796,2,D943~D944,패치 슬롯 1040 | 한글 문자 | 로,로,88 C5,89 99,183,89 99,C8 91,0x041B3 | 0x041B4,원본 분석표 1809번 D957~D958=82 B5(し) → 패치 D943~D944=88 C5(로); 번역 42-024/139 · 로 / 토큰 88 C5 / KANJI A070 / 가나다순 130,mapped from six runtime-analysis RAM/raw formulas
1797,2,D945~D946,패치 슬롯 1041 | 한글 문자 | 서,서,89 49,89 F2,272,89 F2,4F 42,0x041B5 | 0x041B6,원본 분석표 1810번 D959~D95A=82 C4(て) → 패치 D945~D946=89 49(서); 번역 42-025/139 · 서 / 토큰 89 49 / KANJI 62A0 / 가나다순 197,mapped from six runtime-analysis RAM/raw formulas
1798,2,D947~D948,패치 슬롯 1042 | 전각 공백 | ␠,␠,81 40,81 40,,81 40,83 8D,0x041B7 | 0x041B8,원본 분석표 1811번 D95B~D95C=82 A0(あ) → 패치 D947~D948=81 40(␠); 번역 42-026/139 · ␠ / 토큰 81 40 / PC-88 전각 공백 토큰,mapped from six runtime-analysis RAM/raw formulas
1799,2,D949~D94A,패치 슬롯 1043 | 한글 문자 | 너,너,82 D6,88 F3,85,88 F3,83 4F,0x041B9 | 0x041BA,원본 분석표 1812번 D95D~D95E=82 C8(な) → 패치 D949~D94A=82 D6(너); 번역 42-027/139 · 너 / 토큰 82 D6 / KANJI 2980 / 가나다순 60,mapped from six runtime-analysis RAM/raw formulas
1800,2,D94B~D94C,패치 슬롯 1044 | 한글 문자 | 와,와,89 7A,8A 83,349,8A 83,83 8C,0x041BB | 0x041BC,원본 분석표 1813번 D95F~D960=82 BD(た) → 패치 D94B~D94C=89 7A(와); 번역 42-028/139 · 와 / 토큰 89 7A / KANJI A3B0 / 가나다순 250,mapped from six runtime-analysis RAM/raw formulas
1801,2,D94D~D94E,패치 슬롯 1045 | 전각 공백 | ␠,␠,81 40,81 40,,81 40,83 58,0x041BD | 0x041BE,원본 분석표 1814번 D961~D962=82 C6(と) → 패치 D94D~D94E=81 40(␠); 번역 42-029/139 · ␠ / 토큰 81 40 / PC-88 전각 공백 토큰,mapped from six runtime-analysis RAM/raw formulas
1802,2,D94F~D950,패치 슬롯 1046 | 한글 문자 | 싸,싸,89 5E,8A 55,304,8A 55,82 CC,0x041BF | 0x041C0,원본 분석표 1815번 D963~D964=90 ED(戦) → 패치 D94F~D950=89 5E(싸); 번역 42-030/139 · 싸 / 토큰 89 5E / KANJI 63F0 / 가나다순 221,mapped from six runtime-analysis RAM/raw formulas
1803,2,D951~D952,패치 슬롯 1047 | 한글 문자 | 웠,웠,8A C3,8A 96,368,8A 96,8E E8,0x041C1 | 0x041C2,원본 분석표 1816번 D965~D966=82 A2(い) → 패치 D951~D952=8A C3(웠); 번역 42-031/139 · 웠 / 토큰 8A C3 / KANJI A850 / 가나다순 496,mapped from six runtime-analysis RAM/raw formulas
1804,2,D953~D954,패치 슬롯 1048 | 한글 문자 | 고,고,82 B1,88 BB,29,88 BB,89 BA,0x041C3 | 0x041C4,편집기 추가 행; 번역 42-032/139 · 고 / 토큰 82 B1 / KANJI 1930 / 가나다순 21,mapped from six runtime-analysis RAM/raw formulas
1805,2,D955~D956,패치 슬롯 1049 | 문장부호 | 、,、,81 41,81 41,,81 41,82 C6,0x041C5 | 0x041C6,원본 분석표 1817번 D967~D968 → 현재 D955~D956; 번역 42-033/139 · 、 / 토큰 81 41 / PC-88 전각 쉼표 토큰,mapped from six runtime-analysis RAM/raw formulas
1806,2,D957,기존 확인 41~50h 계열 / CAA8[1] 슬롯 실행,,42,42,,,82,0x041C7,원본 분석표 1818번 D969 → 현재 D957; 슬롯 토큰 42; 다음 본류 D96A,mapped from six runtime-analysis RAM/raw formulas
1807,2,D958~D959,패치 슬롯 1050 | 한글 문자 | 졌,졌,89 A2,8A BE,408,8A BE,B5 82,0x041C8 | 0x041C9,원본 분석표 1819번 D96A~D96B=82 BB(そ) → 패치 D958~D959=89 A2(졌); 번역 42-034/139 · 졌 / 토큰 89 A2 / KANJI 6440 / 가나다순 292,mapped from six runtime-analysis RAM/raw formulas
1808,2,D95A~D95B,패치 슬롯 1051 | 한글 문자 | 어,어,89 6C,8A 6A,325,8A 6A,C4 82,0x041CA | 0x041CB,원본 분석표 1820번 D96C~D96D=82 B5(し) → 패치 D95A~D95B=89 6C(어); 번역 42-035/139 · 어 / 토큰 89 6C / KANJI A2D0 / 가나다순 235,mapped from six runtime-analysis RAM/raw formulas
1809,2,D95C~D95D,패치 슬롯 1052 | 문장부호 | 。,。,81 42,81 42,,81 42,A0 82,0x041CC | 0x041CD,원본 분석표 1825번 D976~D977 → 현재 D95C~D95D; 번역 42-036/139 · 。 / 토큰 81 42 / PC-88 전각 마침표 토큰,mapped from six runtime-analysis RAM/raw formulas
1810,2,D95E,기존 확인 41~50h 계열 / CAA8[1] 슬롯 실행,,42,42,,,C8,0x041CE,원본 분석표 1826번 D978 → 현재 D95E; 슬롯 토큰 42; 다음 본류 D979,mapped from six runtime-analysis RAM/raw formulas
1811,2,D95F~D960,패치 슬롯 1053 | 한글 문자 | 하,하,89 E2,8B 72,521,8B 72,82 BD,0x041CF | 0x041D0,원본 분석표 1827번 D979~D97A=82 C5(で) → 패치 D95F~D960=89 E2(하); 번역 42-037/139 · 하 / 토큰 89 E2 / KANJI E440 / 가나다순 362,mapped from six runtime-analysis RAM/raw formulas
1812,2,D961~D962,패치 슬롯 1054 | 한글 문자 | 지,지,89 B3,8A D4,430,8A D4,82 C6,0x041D1 | 0x041D2,원본 분석표 1828번 D97B~D97C=82 E0(も) → 패치 D961~D962=89 B3(지); 번역 42-038/139 · 지 / 토큰 89 B3 / KANJI 6550 / 가나다순 309,mapped from six runtime-analysis RAM/raw formulas
1813,2,D963~D964,패치 슬롯 1055 | 한글 문자 | 만,만,88 D2,89 AC,202,89 AC,90 ED,0x041D3 | 0x041D4,원본 분석표 1829번 D97D~D97E=81 41(、) → 패치 D963~D964=88 D2(만); 번역 42-039/139 · 만 / 토큰 88 D2 / KANJI A140 / 가나다순 144,mapped from six runtime-analysis RAM/raw formulas
1814,2,D965~D966,패치 슬롯 1056 | 전각 공백 | ␠,␠,81 40,81 40,,81 40,82 A2,0x041D5 | 0x041D6,원본 분석표 1830번 D97F~D980=82 A0(あ) → 패치 D965~D966=81 40(␠); 번역 42-040/139 · ␠ / 토큰 81 40 / PC-88 전각 공백 토큰,mapped from six runtime-analysis RAM/raw formulas
1815,2,D967~D968,패치 슬롯 1057 | 한글 문자 | 그,그,82 BD,88 CF,49,88 CF,81 41,0x041D7 | 0x041D8,원본 분석표 1831번 D981~D982=82 CC(の) → 패치 D967~D968=82 BD(그); 번역 42-041/139 · 그 / 토큰 82 BD / KANJI 19F0 / 가나다순 34,mapped from six runtime-analysis RAM/raw formulas
1816,2,D969~D96A,패치 슬롯 1058 | 한글 문자 | 때,때,88 AD,89 76,149,89 76,42 82,0x041D9 | 0x041DA,원본 분석표 1832번 D983~D984=8E 9E(時) → 패치 D969~D96A=88 AD(때); 번역 42-042/139 · 때 / 토큰 88 AD / KANJI 60F0 / 가나다순 105,mapped from six runtime-analysis RAM/raw formulas
1817,2,D96B~D96C,패치 슬롯 1059 | 전각 공백 | ␠,␠,81 40,81 40,,81 40,BB 82,0x041DB | 0x041DC,원본 분석표 1833번 D985~D986=81 41(、) → 패치 D96B~D96C=81 40(␠); 번역 42-043/139 · ␠ / 토큰 81 40 / PC-88 전각 공백 토큰,mapped from six runtime-analysis RAM/raw formulas
1818,2,D96D~D96E,패치 슬롯 1060 | 한글 문자 | 너,너,82 D6,88 F3,85,88 F3,B5 82,0x041DD | 0x041DE,원본 분석표 1834번 D987~D988=82 A0(あ) → 패치 D96D~D96E=82 D6(너); 번역 42-044/139 · 너 / 토큰 82 D6 / KANJI 2980 / 가나다순 60,mapped from six runtime-analysis RAM/raw formulas
1819,2,D96F~D970,패치 슬롯 1061 | 한글 문자 | 라,라,88 B6,89 81,159,89 81,C4 94,0x041DF | 0x041E0,원본 분석표 1835번 D989~D98A=82 C8(な) → 패치 D96F~D970=88 B6(라); 번역 42-045/139 · 라 / 토큰 88 B6 / KANJI 6180 / 가나다순 114,mapped from six runtime-analysis RAM/raw formulas
1820,2,D971~D972,패치 슬롯 1062 | 한글 문자 | 는,는,82 E3,89 4B,106,89 4B,73 82,0x041E1 | 0x041E2,원본 분석표 1836번 D98B~D98C=82 BD(た) → 패치 D971~D972=82 E3(는); 번역 42-046/139 · 는 / 토큰 82 E3 / KANJI 3850 / 가나다순 74,mapped from six runtime-analysis RAM/raw formulas
1821,2,D973~D974,패치 슬롯 1063 | 전각 공백 | ␠,␠,81 40,81 40,,81 40,EA 82,0x041E3 | 0x041E4,원본 분석표 1837번 D98D~D98E=82 C6(と) → 패치 D973~D974=81 40(␠); 번역 42-047/139 · ␠ / 토큰 81 40 / PC-88 전각 공백 토큰,mapped from six runtime-analysis RAM/raw formulas
1822,2,D975~D976,패치 슬롯 1064 | 한글 문자 | 둘,둘,88 A6,89 69,136,89 69,BD 81,0x041E5 | 0x041E6,원본 분석표 1838번 D98F~D990=82 A2(い) → 패치 D975~D976=88 A6(둘); 번역 42-048/139 · 둘 / 토큰 88 A6 / KANJI 6080 / 가나다순 98,mapped from six runtime-analysis RAM/raw formulas
1823,2,D977~D978,패치 슬롯 1065 | 한글 문자 | 도,도,82 F1,89 5E,125,89 5E,42 42,0x041E7 | 0x041E8,원본 분석표 1839번 D991~D992=82 A4(う) → 패치 D977~D978=82 F1(도); 번역 42-049/139 · 도 / 토큰 82 F1 / KANJI 3930 / 가나다순 89,mapped from six runtime-analysis RAM/raw formulas
1824,2,D979~D97A,패치 슬롯 1066 | 전각 공백 | ␠,␠,81 40,81 40,,81 40,82 C5,0x041E9 | 0x041EA,원본 분석표 1840번 D993~D994=82 A9(か) → 패치 D979~D97A=81 40(␠); 번역 42-050/139 · ␠ / 토큰 81 40 / PC-88 전각 공백 토큰,mapped from six runtime-analysis RAM/raw formulas
1825,2,D97B~D97C,패치 슬롯 1067 | 한글 문자 | 없,없,89 6E,8A 6F,330,8A 6F,82 E0,0x041EB | 0x041EC,원본 분석표 1841번 D995~D996=82 AF(け) → 패치 D97B~D97C=89 6E(없); 번역 42-051/139 · 없 / 토큰 89 6E / KANJI A2F0 / 가나다순 237,mapped from six runtime-analysis RAM/raw formulas
1826,2,D97D~D97E,패치 슬롯 1068 | 한글 문자 | 는,는,82 E3,89 4B,106,89 4B,81 41,0x041ED | 0x041EE,원본 분석표 1842번 D997~D998=82 AA(が) → 패치 D97D~D97E=82 E3(는); 번역 42-052/139 · 는 / 토큰 82 E3 / KANJI 3850 / 가나다순 74,mapped from six runtime-analysis RAM/raw formulas
1827,2,D97F~D980,패치 슬롯 1069 | 전각 공백 | ␠,␠,81 40,81 40,,81 40,82 A0,0x041EF | 0x041F0,원본 분석표 1843번 D999~D99A=82 A6(え) → 패치 D97F~D980=81 40(␠); 번역 42-053/139 · ␠ / 토큰 81 40 / PC-88 전각 공백 토큰,mapped from six runtime-analysis RAM/raw formulas
1828,2,D981~D982,패치 슬롯 1070 | 한글 문자 | 소,소,89 50,8A 40,283,8A 40,82 CC,0x041F1 | 0x041F2,원본 분석표 1844번 D99B~D99C=82 CC(の) → 패치 D981~D982=89 50(소); 번역 42-054/139 · 소 / 토큰 89 50 / KANJI 6310 / 가나다순 204,mapped from six runtime-analysis RAM/raw formulas
1829,2,D983~D984,패치 슬롯 1071 | 한글 문자 | 중,중,89 AE,8A CC,422,8A CC,8E 9E,0x041F3 | 0x041F4,원본 분석표 1845번 D99D~D99E=82 C8(な) → 패치 D983~D984=89 AE(중); 번역 42-055/139 · 중 / 토큰 89 AE / KANJI 6500 / 가나다순 304,mapped from six runtime-analysis RAM/raw formulas
1830,2,D985~D986,패치 슬롯 1072 | 한글 문자 | 한,한,89 E4,8B 74,523,8B 74,81 41,0x041F5 | 0x041F6,원본 분석표 1846번 D99F~D9A0=82 A2(い) → 패치 D985~D986=89 E4(한); 번역 42-056/139 · 한 / 토큰 89 E4 / KANJI E460 / 가나다순 364,mapped from six runtime-analysis RAM/raw formulas
1831,2,D987~D988,패치 슬롯 1073 | 전각 공백 | ␠,␠,81 40,81 40,,81 40,82 A0,0x041F7 | 0x041F8,원본 분석표 1847번 D9A1~D9A2=97 46(友) → 패치 D987~D988=81 40(␠); 번역 42-057/139 · ␠ / 토큰 81 40 / PC-88 전각 공백 토큰,mapped from six runtime-analysis RAM/raw formulas
1832,2,D989~D98A,패치 슬롯 1074 | 한글 문자 | 친,친,89 C0,8A F5,463,8A F5,82 C8,0x041F9 | 0x041FA,원본 분석표 1848번 D9A3~D9A4=90 6C(人) → 패치 D989~D98A=89 C0(친); 번역 42-058/139 · 친 / 토큰 89 C0 / KANJI A420 / 가나다순 326,mapped from six runtime-analysis RAM/raw formulas
1833,2,D98B~D98C,패치 슬롯 1075 | 한글 문자 | 구,구,82 B7,88 C7,41,88 C7,82 BD,0x041FB | 0x041FC,원본 분석표 1849번 D9A5~D9A6=82 AA(が) → 패치 D98B~D98C=82 B7(구); 번역 42-059/139 · 구 / 토큰 82 B7 / KANJI 1990 / 가나다순 28,mapped from six runtime-analysis RAM/raw formulas
1834,2,D98D~D98E,패치 슬롯 1076 | 한글 문자 | 를,를,88 CA,89 A2,192,89 A2,82 C6,0x041FD | 0x041FE,원본 분석표 1850번 D9A7~D9A8=82 C5(で) → 패치 D98D~D98E=88 CA(를); 번역 42-060/139 · 를 / 토큰 88 CA / KANJI A0C0 / 가나다순 135,mapped from six runtime-analysis RAM/raw formulas
1835,2,D98F~D990,패치 슬롯 1077 | 전각 공백 | ␠,␠,81 40,81 40,,81 40,82 A2,0x041FF | 0x04200,원본 분석표 1851번 D9A9~D9AA=82 AB(き) → 패치 D98F~D990=81 40(␠); 번역 42-061/139 · ␠ / 토큰 81 40 / PC-88 전각 공백 토큰,mapped from six runtime-analysis RAM/raw formulas
1836,2,D991~D992,패치 슬롯 1078 | 한글 문자 | 얻,얻,8A C1,8A 6C,327,8A 6C,82 A4,0x04201 | 0x04202,원본 분석표 1852번 D9AB~D9AC=82 BD(た) → 패치 D991~D992=8A C1(얻); 번역 42-062/139 · 얻 / 토큰 8A C1 / KANJI A830 / 가나다순 494,mapped from six runtime-analysis RAM/raw formulas
1837,2,D993~D994,패치 슬롯 1079 | 한글 문자 | 게,게,82 AB,88 B1,19,88 B1,82 A9,0x04203 | 0x04204,원본 분석표 1853번 D9AD~D9AE=82 CC(の) → 패치 D993~D994=82 AB(게); 번역 42-063/139 · 게 / 토큰 82 AB / KANJI 18D0 / 가나다순 13,mapped from six runtime-analysis RAM/raw formulas
1838,2,D995~D996,패치 슬롯 1080 | 전각 공백 | ␠,␠,81 40,81 40,,81 40,82 AF,0x04205 | 0x04206,원본 분석표 1854번 D9AF~D9B0=81 42(。) → 패치 D995~D996=81 40(␠); 번역 42-064/139 · ␠ / 토큰 81 40 / PC-88 전각 공백 토큰,mapped from six runtime-analysis RAM/raw formulas
1839,2,D997~D998,패치 슬롯 1081 | 한글 문자 | 되,되,88 A2,89 64,131,89 64,82 AA,0x04207 | 0x04208,원본 분석표 1855번 D9B1~D9B2=82 BB(そ) → 패치 D997~D998=88 A2(되); 번역 42-065/139 · 되 / 토큰 88 A2 / KANJI 6040 / 가나다순 93,mapped from six runtime-analysis RAM/raw formulas
1840,2,D999~D99A,패치 슬롯 1082 | 한글 문자 | 었,었,89 6F,8A 71,332,8A 71,82 A6,0x04209 | 0x0420A,원본 분석표 1856번 D9B3~D9B4=82 B5(し) → 패치 D999~D99A=89 6F(었); 번역 42-066/139 · 었 / 토큰 89 6F / KANJI A300 / 가나다순 238,mapped from six runtime-analysis RAM/raw formulas
1841,2,D99B~D99C,패치 슬롯 1083 | 한글 문자 | 어,어,89 6C,8A 6A,325,8A 6A,82 CC,0x0420B | 0x0420C,원본 분석표 1857번 D9B5~D9B6=82 C4(て) → 패치 D99B~D99C=89 6C(어); 번역 42-067/139 · 어 / 토큰 89 6C / KANJI A2D0 / 가나다순 235,mapped from six runtime-analysis RAM/raw formulas
1842,2,D99D~D99E,패치 슬롯 1084 | 문장부호 | 。,。,81 42,81 42,,81 42,82 C8,0x0420D | 0x0420E,원본 분석표 1858번 D9B7~D9B8=8E 76(思) → 패치 D99D~D99E=81 42(。); 번역 42-068/139 · 。 / 토큰 81 42 / PC-88 전각 마침표 토큰,mapped from six runtime-analysis RAM/raw formulas
1843,2,D99F~D9A0,패치 슬롯 1085 | 한글 문자 | 그,그,82 BD,88 CF,49,88 CF,82 A2,0x0420F | 0x04210,원본 분석표 1859번 D9B9~D9BA=82 C1(っ) → 패치 D99F~D9A0=82 BD(그); 번역 42-069/139 · 그 / 토큰 82 BD / KANJI 19F0 / 가나다순 34,mapped from six runtime-analysis RAM/raw formulas
1844,2,D9A1~D9A2,패치 슬롯 1086 | 한글 문자 | 리,리,88 CC,89 A4,194,89 A4,97 46,0x04211 | 0x04212,원본 분석표 1860번 D9BB~D9BC=82 BD(た) → 패치 D9A1~D9A2=88 CC(리); 번역 42-070/139 · 리 / 토큰 88 CC / KANJI A0E0 / 가나다순 137,mapped from six runtime-analysis RAM/raw formulas
1845,2,D9A3~D9A4,패치 슬롯 1087 | 한글 문자 | 고,고,82 B1,88 BB,29,88 BB,90 6C,0x04213 | 0x04214,편집기 추가 행; 번역 42-071/139 · 고 / 토큰 82 B1 / KANJI 1930 / 가나다순 21,mapped from six runtime-analysis RAM/raw formulas
1846,2,D9A5~D9A6,패치 슬롯 1088 | 전각 공백 | ␠,␠,81 40,81 40,,81 40,82 AA,0x04215 | 0x04216,편집기 추가 행; 번역 42-072/139 · ␠ / 토큰 81 40 / PC-88 전각 공백 토큰,mapped from six runtime-analysis RAM/raw formulas
1847,2,D9A7~D9A8,패치 슬롯 1089 | 한글 문자 | 다,다,82 E7,89 50,111,89 50,82 C5,0x04217 | 0x04218,편집기 추가 행; 번역 42-073/139 · 다 / 토큰 82 E7 / KANJI 3890 / 가나다순 78,mapped from six runtime-analysis RAM/raw formulas
1848,2,D9A9~D9AA,패치 슬롯 1090 | 한글 문자 | 짐,짐,8A C5,8A D8,434,8A D8,82 AB,0x04219 | 0x0421A,편집기 추가 행; 번역 42-074/139 · 짐 / 토큰 8A C5 / KANJI A870 / 가나다순 498,mapped from six runtime-analysis RAM/raw formulas
1849,2,D9AB~D9AC,패치 슬롯 1091 | 한글 문자 | 했,했,89 E9,8B 7A,529,8B 7A,82 BD,0x0421B | 0x0421C,편집기 추가 행; 번역 42-075/139 · 했 / 토큰 89 E9 / KANJI E4B0 / 가나다순 370,mapped from six runtime-analysis RAM/raw formulas
1850,2,D9AD~D9AE,패치 슬롯 1092 | 한글 문자 | 어,어,89 6C,8A 6A,325,8A 6A,82 CC,0x0421D | 0x0421E,편집기 추가 행; 번역 42-076/139 · 어 / 토큰 89 6C / KANJI A2D0 / 가나다순 235,mapped from six runtime-analysis RAM/raw formulas
1851,2,D9AF~D9B0,패치 슬롯 1093 | 문장부호 | 。,。,81 42,81 42,,81 42,81 42,0x0421F | 0x04220,원본 분석표 1862번 D9BF~D9C0 → 현재 D9AF~D9B0; 번역 42-077/139 · 。 / 토큰 81 42 / PC-88 전각 마침표 토큰,mapped from six runtime-analysis RAM/raw formulas
1852,2,D9B1,기존 확인 41~50h 계열 / CAA8[1] 슬롯 실행,,42,42,,,82,0x04221,원본 분석표 1863번 D9C1 → 현재 D9B1; 슬롯 토큰 42; 다음 본류 D9C2,mapped from six runtime-analysis RAM/raw formulas
1853,2,D9B2~D9B3,패치 슬롯 1094 | 한글 문자 | 만,만,88 D2,89 AC,202,89 AC,BB 82,0x04222 | 0x04223,원본 분석표 1864번 D9C2~D9C3=8D A1(今) → 패치 D9B2~D9B3=88 D2(만); 번역 42-078/139 · 만 / 토큰 88 D2 / KANJI A140 / 가나다순 144,mapped from six runtime-analysis RAM/raw formulas
1854,2,D9B4~D9B5,패치 슬롯 1095 | 한글 문자 | 약,약,8A 72,8A 67,322,8A 67,B5 82,0x04224 | 0x04225,원본 분석표 1865번 D9C4~D9C5=93 78(度) → 패치 D9B4~D9B5=8A 72(약); 번역 42-079/139 · 약 / 토큰 8A 72 / KANJI A730 / 가나다순 416,mapped from six runtime-analysis RAM/raw formulas
1855,2,D9B6~D9B7,패치 슬롯 1096 | 전각 공백 | ␠,␠,81 40,81 40,,81 40,C4 8E,0x04226 | 0x04227,원본 분석표 1866번 D9C6~D9C7=82 E0(も) → 패치 D9B6~D9B7=81 40(␠); 번역 42-080/139 · ␠ / 토큰 81 40 / PC-88 전각 공백 토큰,mapped from six runtime-analysis RAM/raw formulas
1856,2,D9B8~D9B9,패치 슬롯 1097 | 한글 문자 | 다,다,82 E7,89 50,111,89 50,76 82,0x04228 | 0x04229,원본 분석표 1867번 D9C8~D9C9=82 B5(し) → 패치 D9B8~D9B9=82 E7(다); 번역 42-081/139 · 다 / 토큰 82 E7 / KANJI 3890 / 가나다순 78,mapped from six runtime-analysis RAM/raw formulas
1857,2,D9BA~D9BB,패치 슬롯 1098 | 한글 문자 | 시,시,89 5A,8A 4F,298,8A 4F,C1 82,0x0422A | 0x0422B,원본 분석표 1868번 D9CA~D9CB=90 B6(生) → 패치 D9BA~D9BB=89 5A(시); 번역 42-082/139 · 시 / 토큰 89 5A / KANJI 63B0 / 가나다순 215,mapped from six runtime-analysis RAM/raw formulas
1858,2,D9BC~D9BD,패치 슬롯 1099 | 전각 공백 | ␠,␠,81 40,81 40,,81 40,BD 82,0x0422C | 0x0422D,원본 분석표 1869번 D9CC~D9CD=82 DC(ま) → 패치 D9BC~D9BD=81 40(␠); 번역 42-083/139 · ␠ / 토큰 81 40 / PC-88 전각 공백 토큰,mapped from six runtime-analysis RAM/raw formulas
1859,2,D9BE~D9BF,패치 슬롯 1100 | 한글 문자 | 태,태,89 CF,8B 4D,484,8B 4D,ED 81,0x0422E | 0x0422F,원본 분석표 1870번 D9CE~D9CF=82 EA(れ) → 패치 D9BE~D9BF=89 CF(태); 번역 42-084/139 · 태 / 토큰 89 CF / KANJI A510 / 가나다순 341,mapped from six runtime-analysis RAM/raw formulas
1860,2,D9C0~D9C1,패치 슬롯 1101 | 한글 문자 | 어,어,89 6C,8A 6A,325,8A 6A,42 42,0x04230 | 0x04231,원본 분석표 1871번 D9D0~D9D1=95 CF(変) → 패치 D9C0~D9C1=89 6C(어); 번역 42-085/139 · 어 / 토큰 89 6C / KANJI A2D0 / 가나다순 235,mapped from six runtime-analysis RAM/raw formulas
1861,2,D9C2~D9C3,패치 슬롯 1102 | 한글 문자 | 날,날,82 D0,88 EA,76,88 EA,8D A1,0x04232 | 0x04233,원본 분석표 1872번 D9D2~D9D3=82 C1(っ) → 패치 D9C2~D9C3=82 D0(날); 번역 42-086/139 · 날 / 토큰 82 D0 / KANJI 2920 / 가나다순 54,mapped from six runtime-analysis RAM/raw formulas
1862,2,D9C4~D9C5,패치 슬롯 1103 | 전각 공백 | ␠,␠,81 40,81 40,,81 40,93 78,0x04234 | 0x04235,원본 분석표 1873번 D9D4~D9D5=82 C4(て) → 패치 D9C4~D9C5=81 40(␠); 번역 42-087/139 · ␠ / 토큰 81 40 / PC-88 전각 공백 토큰,mapped from six runtime-analysis RAM/raw formulas
1863,2,D9C6~D9C7,패치 슬롯 1104 | 한글 문자 | 수,수,89 54,8A 45,288,8A 45,82 E0,0x04236 | 0x04237,원본 분석표 1874번 D9D6~D9D7=82 AD(く) → 패치 D9C6~D9C7=89 54(수); 번역 42-088/139 · 수 / 토큰 89 54 / KANJI 6350 / 가나다순 208,mapped from six runtime-analysis RAM/raw formulas
1864,2,D9C8~D9C9,패치 슬롯 1105 | 전각 공백 | ␠,␠,81 40,81 40,,81 40,82 B5,0x04238 | 0x04239,원본 분석표 1875번 D9D8~D9D9=82 E9(る) → 패치 D9C8~D9C9=81 40(␠); 번역 42-089/139 · ␠ / 토큰 81 40 / PC-88 전각 공백 토큰,mapped from six runtime-analysis RAM/raw formulas
1865,2,D9CA~D9CB,패치 슬롯 1106 | 한글 문자 | 있,있,89 92,8A AB,389,8A AB,90 B6,0x0423A | 0x0423B,원본 분석표 1876번 D9DA~D9DB=82 B1(こ) → 패치 D9CA~D9CB=89 92(있); 번역 42-090/139 · 있 / 토큰 89 92 / KANJI E320 / 가나다순 276,mapped from six runtime-analysis RAM/raw formulas
1866,2,D9CC~D9CD,패치 슬롯 1107 | 한글 문자 | 다,다,82 E7,89 50,111,89 50,82 DC,0x0423C | 0x0423D,원본 분석표 1877번 D9DC~D9DD=82 C6(と) → 패치 D9CC~D9CD=82 E7(다); 번역 42-091/139 · 다 / 토큰 82 E7 / KANJI 3890 / 가나다순 78,mapped from six runtime-analysis RAM/raw formulas
1867,2,D9CE~D9CF,패치 슬롯 1108 | 한글 문자 | 면,면,88 DC,89 B9,215,89 B9,82 EA,0x0423E | 0x0423F,원본 분석표 1878번 D9DE~D9DF=82 AA(が) → 패치 D9CE~D9CF=88 DC(면); 번역 42-092/139 · 면 / 토큰 88 DC / KANJI A1E0 / 가나다순 154,mapped from six runtime-analysis RAM/raw formulas
1868,2,D9D0~D9D1,패치 슬롯 1109 | 전각 공백 | ␠,␠,81 40,81 40,,81 40,95 CF,0x04240 | 0x04241,원본 분석표 1879번 D9E0~D9E1=82 C5(で) → 패치 D9D0~D9D1=81 40(␠); 번역 42-093/139 · ␠ / 토큰 81 40 / PC-88 전각 공백 토큰,mapped from six runtime-analysis RAM/raw formulas
1869,2,D9D2~D9D3,패치 슬롯 1110 | 한글 문자 | 반,반,88 EA,89 CE,236,89 CE,82 C1,0x04242 | 0x04243,원본 분석표 1880번 D9E2~D9E3=82 AB(き) → 패치 D9D2~D9D3=88 EA(반); 번역 42-094/139 · 반 / 토큰 88 EA / KANJI E0C0 / 가나다순 169,mapped from six runtime-analysis RAM/raw formulas
1870,2,D9D4~D9D5,패치 슬롯 1111 | 한글 문자 | 드,드,88 A8,89 6D,140,89 6D,82 C4,0x04244 | 0x04245,원본 분석표 1881번 D9E4~D9E5=82 BD(た) → 패치 D9D4~D9D5=88 A8(드); 번역 42-095/139 · 드 / 토큰 88 A8 / KANJI 60A0 / 가나다순 100,mapped from six runtime-analysis RAM/raw formulas
1871,2,D9D6~D9D7,패치 슬롯 1112 | 한글 문자 | 시,시,89 5A,8A 4F,298,8A 4F,82 AD,0x04246 | 0x04247,원본 분석표 1882번 D9E6~D9E7=82 E7(ら) → 패치 D9D6~D9D7=89 5A(시); 번역 42-096/139 · 시 / 토큰 89 5A / KANJI 63B0 / 가나다순 215,mapped from six runtime-analysis RAM/raw formulas
1872,2,D9D8~D9D9,패치 슬롯 1113 | 전각 공백 | ␠,␠,81 40,81 40,,81 40,82 E9,0x04248 | 0x04249,원본 분석표 1883번 D9E8~D9E9=95 4B(必) → 패치 D9D8~D9D9=81 40(␠); 번역 42-097/139 · ␠ / 토큰 81 40 / PC-88 전각 공백 토큰,mapped from six runtime-analysis RAM/raw formulas
1873,2,D9DA~D9DB,패치 슬롯 1114 | 한글 문자 | 널,널,82 D7,88 F5,87,88 F5,82 B1,0x0424A | 0x0424B,원본 분석표 1884번 D9EA~D9EB=82 B8(ず) → 패치 D9DA~D9DB=82 D7(널); 번역 42-098/139 · 널 / 토큰 82 D7 / KANJI 2990 / 가나다순 61,mapped from six runtime-analysis RAM/raw formulas
1874,2,D9DC~D9DD,패치 슬롯 1115 | 전각 공백 | ␠,␠,81 40,81 40,,81 40,82 C6,0x0424C | 0x0424D,원본 분석표 1885번 D9EC~D9ED=82 A0(あ) → 패치 D9DC~D9DD=81 40(␠); 번역 42-099/139 · ␠ / 토큰 81 40 / PC-88 전각 공백 토큰,mapped from six runtime-analysis RAM/raw formulas
1875,2,D9DE~D9DF,패치 슬롯 1116 | 한글 문자 | 위,위,89 85,8A 97,369,8A 97,82 AA,0x0424E | 0x0424F,원본 분석표 1886번 D9EE~D9EF=82 C8(な) → 패치 D9DE~D9DF=89 85(위); 번역 42-100/139 · 위 / 토큰 89 85 / KANJI E250 / 가나다순 260,mapped from six runtime-analysis RAM/raw formulas
1876,2,D9E0~D9E1,패치 슬롯 1117 | 한글 문자 | 해,해,89 E8,8B 79,528,8B 79,82 C5,0x04250 | 0x04251,원본 분석표 1887번 D9F0~D9F1=82 BD(た) → 패치 D9E0~D9E1=89 E8(해); 번역 42-101/139 · 해 / 토큰 89 E8 / KANJI E4A0 / 가나다순 369,mapped from six runtime-analysis RAM/raw formulas
1877,2,D9E2,기존 확인 41~50h 계열 / CAA8[1] 슬롯 실행,,42,42,,,82,0x04252,원본 분석표 1892번 D9FA → 현재 D9E2; 슬롯 토큰 42; 다음 본류 D9FB,mapped from six runtime-analysis RAM/raw formulas
1878,2,D9E3~D9E4,패치 슬롯 1118 | 전각 공백 | ␠,␠,81 40,81 40,,81 40,AB 82,0x04253 | 0x04254,원본 분석표 1893번 D9FB~D9FC=96 F0(役) → 패치 D9E3~D9E4=81 40(␠); 번역 42-102/139 · ␠ / 토큰 81 40 / PC-88 전각 공백 토큰,mapped from six runtime-analysis RAM/raw formulas
1879,2,D9E5~D9E6,패치 슬롯 1119 | 한글 문자 | 힘,힘,89 F8,8B 98,558,8B 98,BD 82,0x04255 | 0x04256,원본 분석표 1894번 D9FD~D9FE=82 C9(に) → 패치 D9E5~D9E6=89 F8(힘); 번역 42-103/139 · 힘 / 토큰 89 F8 / KANJI E5A0 / 가나다순 388,mapped from six runtime-analysis RAM/raw formulas
1880,2,D9E7~D9E8,패치 슬롯 1120 | 한글 문자 | 이,이,89 8D,8A A2,380,8A A2,E7 95,0x04257 | 0x04258,원본 분석표 1895번 D9FF~DA00=97 A7(立) → 패치 D9E7~D9E8=89 8D(이); 번역 42-104/139 · 이 / 토큰 89 8D / KANJI E2D0 / 가나다순 268,mapped from six runtime-analysis RAM/raw formulas
1881,2,D9E9~D9EA,패치 슬롯 1121 | 전각 공백 | ␠,␠,81 40,81 40,,81 40,4B 82,0x04259 | 0x0425A,원본 분석표 1896번 DA01~DA02=82 BF(ち) → 패치 D9E9~D9EA=81 40(␠); 번역 42-105/139 · ␠ / 토큰 81 40 / PC-88 전각 공백 토큰,mapped from six runtime-analysis RAM/raw formulas
1882,2,D9EB~D9EC,패치 슬롯 1122 | 한글 문자 | 되,되,88 A2,89 64,131,89 64,B8 82,0x0425B | 0x0425C,원본 분석표 1897번 DA03~DA04=82 BD(た) → 패치 D9EB~D9EC=88 A2(되); 번역 42-106/139 · 되 / 토큰 88 A2 / KANJI 6040 / 가나다순 93,mapped from six runtime-analysis RAM/raw formulas
1883,2,D9ED~D9EE,패치 슬롯 1123 | 한글 문자 | 어,어,89 6C,8A 6A,325,8A 6A,A0 82,0x0425D | 0x0425E,원본 분석표 1898번 DA05~DA06=82 A2(い) → 패치 D9ED~D9EE=89 6C(어); 번역 42-107/139 · 어 / 토큰 89 6C / KANJI A2D0 / 가나다순 235,mapped from six runtime-analysis RAM/raw formulas
1884,2,D9EF~D9F0,패치 슬롯 1124 | 한글 문자 | 주,주,89 AA,8A C8,418,8A C8,C8 82,0x0425F | 0x04260,원본 분석표 1899번 DA07~DA08=82 C6(と) → 패치 D9EF~D9F0=89 AA(주); 번역 42-108/139 · 주 / 토큰 89 AA / KANJI 64C0 / 가나다순 300,mapped from six runtime-analysis RAM/raw formulas
1885,2,D9F1~D9F2,패치 슬롯 1125 | 한글 문자 | 겠,겠,82 AC,88 B2,20,88 B2,BD 82,0x04261 | 0x04262,편집기 추가 행; 번역 42-109/139 · 겠 / 토큰 82 AC / KANJI 18E0 / 가나다순 14,mapped from six runtime-analysis RAM/raw formulas
1886,2,D9F3~D9F4,패치 슬롯 1126 | 한글 문자 | 다,다,82 E7,89 50,111,89 50,CC 82,0x04263 | 0x04264,편집기 추가 행; 번역 42-110/139 · 다 / 토큰 82 E7 / KANJI 3890 / 가나다순 78,mapped from six runtime-analysis RAM/raw formulas
1887,2,D9F5~D9F6,패치 슬롯 1127 | 한글 문자 | 고,고,82 B1,88 BB,29,88 BB,BD 82,0x04265 | 0x04266,편집기 추가 행; 번역 42-111/139 · 고 / 토큰 82 B1 / KANJI 1930 / 가나다순 21,mapped from six runtime-analysis RAM/raw formulas
1888,2,D9F7~D9F8,패치 슬롯 1128 | 문장부호 | ・,・,81 45,81 45,,81 45,DF 82,0x04267 | 0x04268,원본 분석표 1900번 DA09~DA0A → 현재 D9F7~D9F8; 번역 42-112/139 · ・ / 토큰 81 45 / PC-88 가운데점 토큰,mapped from six runtime-analysis RAM/raw formulas
1889,2,D9F9~D9FA,패치 슬롯 1129 | 문장부호 | ・,・,81 45,81 45,,81 45,C9 42,0x04269 | 0x0426A,원본 분석표 1901번 DA0B~DA0C → 현재 D9F9~D9FA; 번역 42-113/139 · ・ / 토큰 81 45 / PC-88 가운데점 토큰,mapped from six runtime-analysis RAM/raw formulas
1890,2,D9FB~D9FC,패치 슬롯 1130 | 문장부호 | ・,・,81 45,81 45,,81 45,96 F0,0x0426B | 0x0426C,원본 분석표 1902번 DA0D~DA0E → 현재 D9FB~D9FC; 번역 42-114/139 · ・ / 토큰 81 45 / PC-88 가운데점 토큰,mapped from six runtime-analysis RAM/raw formulas
1891,2,D9FD~D9FE,패치 슬롯 1131 | 문장부호 | 。,。,81 42,81 42,,81 42,82 C9,0x0426D | 0x0426E,원본 분석표 1903번 DA0F~DA10 → 현재 D9FD~D9FE; 번역 42-115/139 · 。 / 토큰 81 42 / PC-88 전각 마침표 토큰,mapped from six runtime-analysis RAM/raw formulas
1892,2,D9FF~DA00,패치 슬롯 1132 | 한글 문자 | 그,그,82 BD,88 CF,49,88 CF,97 A7,0x0426F | 0x04270,원본 분석표 1904번 DA11~DA12=82 BB(そ) → 패치 D9FF~DA00=82 BD(그); 번역 42-116/139 · 그 / 토큰 82 BD / KANJI 19F0 / 가나다순 34,mapped from six runtime-analysis RAM/raw formulas
1893,2,DA01~DA02,패치 슬롯 1133 | 한글 문자 | 리,리,88 CC,89 A4,194,89 A4,82 BF,0x04271 | 0x04272,원본 분석표 1905번 DA13~DA14=82 B5(し) → 패치 DA01~DA02=88 CC(리); 번역 42-117/139 · 리 / 토큰 88 CC / KANJI A0E0 / 가나다순 137,mapped from six runtime-analysis RAM/raw formulas
1894,2,DA03~DA04,패치 슬롯 1134 | 한글 문자 | 고,고,82 B1,88 BB,29,88 BB,82 BD,0x04273 | 0x04274,원본 분석표 1906번 DA15~DA16=82 C4(て) → 패치 DA03~DA04=82 B1(고); 번역 42-118/139 · 고 / 토큰 82 B1 / KANJI 1930 / 가나다순 21,mapped from six runtime-analysis RAM/raw formulas
1895,2,DA05~DA06,패치 슬롯 1135 | 전각 공백 | ␠,␠,81 40,81 40,,81 40,82 A2,0x04275 | 0x04276,원본 분석표 1907번 DA17~DA18=81 41(、) → 패치 DA05~DA06=81 40(␠); 번역 42-119/139 · ␠ / 토큰 81 40 / PC-88 전각 공백 토큰,mapped from six runtime-analysis RAM/raw formulas
1896,2,DA07~DA08,패치 슬롯 1136 | 한글 문자 | 그,그,82 BD,88 CF,49,88 CF,82 C6,0x04277 | 0x04278,원본 분석표 1908번 DA19~DA1A=82 BB(そ) → 패치 DA07~DA08=82 BD(그); 번역 42-120/139 · 그 / 토큰 82 BD / KANJI 19F0 / 가나다순 34,mapped from six runtime-analysis RAM/raw formulas
1897,2,DA09~DA0A,패치 슬롯 1137 | 전각 공백 | ␠,␠,81 40,81 40,,81 40,81 45,0x04279 | 0x0427A,원본 분석표 1909번 DA1B~DA1C=82 CC(の) → 패치 DA09~DA0A=81 40(␠); 번역 42-121/139 · ␠ / 토큰 81 40 / PC-88 전각 공백 토큰,mapped from six runtime-analysis RAM/raw formulas
1898,2,DA0B~DA0C,패치 슬롯 1138 | 한글 문자 | 소,소,89 50,8A 40,283,8A 40,81 45,0x0427B | 0x0427C,원본 분석표 1910번 DA1D~DA1E=8A E8(願) → 패치 DA0B~DA0C=89 50(소); 번역 42-122/139 · 소 / 토큰 89 50 / KANJI 6310 / 가나다순 204,mapped from six runtime-analysis RAM/raw formulas
1899,2,DA0D~DA0E,패치 슬롯 1139 | 한글 문자 | 원,원,89 84,8A 94,366,8A 94,81 45,0x0427D | 0x0427E,원본 분석표 1911번 DA1F~DA20=82 A2(い) → 패치 DA0D~DA0E=89 84(원); 번역 42-123/139 · 원 / 토큰 89 84 / KANJI E240 / 가나다순 259,mapped from six runtime-analysis RAM/raw formulas
1900,2,DA0F~DA10,패치 슬롯 1140 | 한글 문자 | 을,을,89 8A,8A 9E,376,8A 9E,81 42,0x0427F | 0x04280,원본 분석표 1912번 DA21~DA22=82 F0(を) → 패치 DA0F~DA10=89 8A(을); 번역 42-124/139 · 을 / 토큰 89 8A / KANJI E2A0 / 가나다순 265,mapped from six runtime-analysis RAM/raw formulas
1901,2,DA11~DA12,패치 슬롯 1141 | 전각 공백 | ␠,␠,81 40,81 40,,81 40,82 BB,0x04281 | 0x04282,원본 분석표 1913번 DA23~DA24=83 94(ヴ) → 패치 DA11~DA12=81 40(␠); 번역 42-125/139 · ␠ / 토큰 81 40 / PC-88 전각 공백 토큰,mapped from six runtime-analysis RAM/raw formulas
1902,2,DA13~DA14,패치 슬롯 1142 | 한글 문자 | 바,바,88 E9,89 CC,234,89 CC,82 B5,0x04283 | 0x04284,원본 분석표 1914번 DA25~DA26=83 40(ァ) → 패치 DA13~DA14=88 E9(바); 번역 42-126/139 · 바 / 토큰 88 E9 / KANJI E0B0 / 가나다순 168,mapped from six runtime-analysis RAM/raw formulas
1903,2,DA15~DA16,패치 슬롯 1143 | 한글 문자 | 리,리,88 CC,89 A4,194,89 A4,82 C4,0x04285 | 0x04286,원본 분석표 1915번 DA27~DA28=83 8A(リ) → 패치 DA15~DA16=88 CC(리); 번역 42-127/139 · 리 / 토큰 88 CC / KANJI A0E0 / 가나다순 137,mapped from six runtime-analysis RAM/raw formulas
1904,2,DA17~DA18,패치 슬롯 1144 | 한글 문자 | 아,아,89 60,8A 5A,309,8A 5A,81 41,0x04287 | 0x04288,원본 분석표 1916번 DA29~DA2A=83 41(ア) → 패치 DA17~DA18=89 60(아); 번역 42-128/139 · 아 / 토큰 89 60 / KANJI A210 / 가나다순 223,mapped from six runtime-analysis RAM/raw formulas
1905,2,DA19~DA1A,패치 슬롯 1145 | 한글 문자 | 님,님,82 E6,89 4F,110,89 4F,82 BB,0x04289 | 0x0428A,원본 분석표 1917번 DA2B~DA2C=97 6C(様) → 패치 DA19~DA1A=82 E6(님); 번역 42-129/139 · 님 / 토큰 82 E6 / KANJI 3880 / 가나다순 77,mapped from six runtime-analysis RAM/raw formulas
1906,2,DA1B~DA1C,패치 슬롯 1146 | 한글 문자 | 이,이,89 8D,8A A2,380,8A A2,82 CC,0x0428B | 0x0428C,원본 분석표 1918번 DA2D~DA2E=82 AA(が) → 패치 DA1B~DA1C=89 8D(이); 번역 42-130/139 · 이 / 토큰 89 8D / KANJI E2D0 / 가나다순 268,mapped from six runtime-analysis RAM/raw formulas
1907,2,DA1D,기존 확인 41~50h 계열 / CAA8[1] 슬롯 실행,,42,42,,,8A,0x0428D,원본 분석표 1919번 DA2F → 현재 DA1D; 슬롯 토큰 42; 다음 본류 DA30,mapped from six runtime-analysis RAM/raw formulas
1908,2,DA1E~DA1F,패치 슬롯 1147 | 전각 공백 | ␠,␠,81 40,81 40,,81 40,E8 82,0x0428E | 0x0428F,원본 분석표 1920번 DA30~DA31=82 A9(か) → 패치 DA1E~DA1F=81 40(␠); 번역 42-131/139 · ␠ / 토큰 81 40 / PC-88 전각 공백 토큰,mapped from six runtime-analysis RAM/raw formulas
1909,2,DA20~DA21,패치 슬롯 1148 | 한글 문자 | 이,이,89 8D,8A A2,380,8A A2,A2 82,0x04290 | 0x04291,원본 분석표 1921번 DA32~DA33=82 C8(な) → 패치 DA20~DA21=89 8D(이); 번역 42-132/139 · 이 / 토큰 89 8D / KANJI E2D0 / 가나다순 268,mapped from six runtime-analysis RAM/raw formulas
1910,2,DA22~DA23,패치 슬롯 1149 | 한글 문자 | 루,루,88 C7,89 9D,187,89 9D,F0 83,0x04292 | 0x04293,원본 분석표 1922번 DA34~DA35=82 A6(え) → 패치 DA22~DA23=88 C7(루); 번역 42-133/139 · 루 / 토큰 88 C7 / KANJI A090 / 가나다순 132,mapped from six runtime-analysis RAM/raw formulas
1911,2,DA24~DA25,패치 슬롯 1150 | 한글 문자 | 어,어,89 6C,8A 6A,325,8A 6A,94 83,0x04294 | 0x04295,원본 분석표 1923번 DA36~DA37=82 C4(て) → 패치 DA24~DA25=89 6C(어); 번역 42-134/139 · 어 / 토큰 89 6C / KANJI A2D0 / 가나다순 235,mapped from six runtime-analysis RAM/raw formulas
1912,2,DA26~DA27,패치 슬롯 1151 | 한글 문자 | 주,주,89 AA,8A C8,418,8A C8,40 83,0x04296 | 0x04297,원본 분석표 1924번 DA38~DA39=82 AD(く) → 패치 DA26~DA27=89 AA(주); 번역 42-135/139 · 주 / 토큰 89 AA / KANJI 64C0 / 가나다순 300,mapped from six runtime-analysis RAM/raw formulas
1913,2,DA28~DA29,패치 슬롯 1152 | 한글 문자 | 셨,셨,89 4F,89 FC,282,89 FC,8A 83,0x04298 | 0x04299,원본 분석표 1925번 DA3A~DA3B=82 BE(だ) → 패치 DA28~DA29=89 4F(셨); 번역 42-136/139 · 셨 / 토큰 89 4F / KANJI 6300 / 가나다순 203,mapped from six runtime-analysis RAM/raw formulas
1914,2,DA2A~DA2B,패치 슬롯 1153 | 한글 문자 | 어,어,89 6C,8A 6A,325,8A 6A,41 97,0x0429A | 0x0429B,원본 분석표 1926번 DA3C~DA3D=82 B3(さ) → 패치 DA2A~DA2B=89 6C(어); 번역 42-137/139 · 어 / 토큰 89 6C / KANJI A2D0 / 가나다순 235,mapped from six runtime-analysis RAM/raw formulas
1915,2,DA2C~DA2D,패치 슬롯 1154 | 문장부호 | 。,。,81 42,81 42,,81 42,6C 82,0x0429C | 0x0429D,원본 분석표 1930번 DA44~DA45 → 현재 DA2C~DA2D; 번역 42-138/139 · 。 / 토큰 81 42 / PC-88 전각 마침표 토큰,mapped from six runtime-analysis RAM/raw formulas
1916,2,DA2E~DA2F,패치 슬롯 1155 | 전각 공백 | ␠,␠,81 40,81 40,,81 40,AA 42,0x0429E | 0x0429F,편집기 추가 행; 번역 42-139/139 · ␠ / 토큰 81 40 / PC-88 전각 공백 토큰,mapped from six runtime-analysis RAM/raw formulas
1917,2,DA30,기존 확인 61~70h 계열 / CAA8[0] 작업슬롯 비활성화,,61,61,,,82,0x042A0,원본 분석표 1931번 DA46 → 현재 DA30; 비활성화 토큰 61; 다음 본류 DA47,mapped from six runtime-analysis RAM/raw formulas
1918,2,DA31~DA33,기존 확인 16h 계열 / 서브스트림 호출·전환 → DE31,,16 31 DE,16 31 DE,,,A9 82 C8,0x042A1 | 0x042A2 | 0x042A3,원본 분석표 1932번 DA47~DA49 → 현재 DA31~DA33; 16h 호출 → DE31; 복귀 주소 DA4A,mapped from six runtime-analysis RAM/raw formulas
1919,2,DE31~DE35,서브스트림 실행 / 기존 확인 0Fh 계열 제어토큰,,0F 01 2B 04 09,0F 01 2B 04 09,,,,,인자 01 2B 04 09; 다음 주소 DE36,outside six documented raw segments
1920,2,DE36~DE38,서브스트림 실행 / 기존 확인 16h 계열 / 서브스트림 호출·전환 → DF4D,,16 4D DF,16 4D DF,,,,,16h 호출 → DF4D; 복귀 주소 DE39,outside six documented raw segments
1921,2,DF4D~DF4F,서브스트림 실행 / 기존 확인 1Eh 계열 / 간접 CALL,,1E 3C 08,1E 3C 08,,,,,호출 대상 083C; 처리 후 다음 주소 DF50,outside six documented raw segments
1922,2,DF50~DF55,서브스트림 실행 / 기존 확인 05h 계열 / 영역·좌표 상태 설정·전개,,05 16 86 3A 9E 00,05 16 86 3A 9E 00,,,,,처리 후 다음 주소 DF56,outside six documented raw segments
1923,2,DF56~DF5A,서브스트림 실행 / 기존 확인 0Eh 계열 / 화면·버퍼 초기화·전개,,0E 16 20 24 80,0E 16 20 24 80,,,,,처리 후 다음 주소 DF5B,outside six documented raw segments
1924,2,DF5B,서브스트림 실행 / 기존 확인 17h 계열 / 서브스트림 복귀,,17,17,,,,,17h 복귀 → DE39,outside six documented raw segments
1925,2,DE39~DE3B,서브스트림 실행 / 기존 확인 13h 계열 제어토큰,,13 EC DF,13 EC DF,,,,,인자 EC DF; 다음 주소 DE3C,outside six documented raw segments
1926,2,DE3C~DE3F,서브스트림 실행 / 기존 확인 14h 계열 / 버퍼·영역 처리,,14 00 16 22,14 00 16 22,,,,,인자 00 16 22; 다음 주소 DE40,outside six documented raw segments
1927,2,DE40~DE43,서브스트림 실행 / 기존 확인 04h 계열 / CAA8 슬롯 포인터 설정,,04 7C E0 41,04 7C E0 41,,,,,E07C 포인터를 41h 슬롯에 설정; 다음 주소 DE44,outside six documented raw segments
1928,2,DE44~DE45,서브스트림 실행 / 기존 확인 25h 계열 / CA1D 입 움직임 효과음 인덱스 설정,,25 2B,25 2B,,,,,CA1D=2B; 다음 주소 DE46,outside six documented raw segments
1929,2,DE46,서브스트림 실행 / 기존 확인 17h 계열 / 서브스트림 복귀,,17,17,,,,,17h 복귀 → 본류 DA4A,outside six documented raw segments
1930,2,DA34,기존 확인 41~50h 계열 / CAA8[0] 슬롯 실행,,41,41,,,82,0x042A4,원본 분석표 1944번 DA4A → 현재 DA34; 슬롯 토큰 41; 다음 본류 DA4B,mapped from six runtime-analysis RAM/raw formulas
1931,2,DA35~DA36,패치 슬롯 1156 | 한글 문자 | 바,바,88 E9,89 CC,234,89 CC,A6 82,0x042A5 | 0x042A6,원본 분석표 1945번 DA4B~DA4C=83 94(ヴ) → 패치 DA35~DA36=88 E9(바); 번역 43-001/012 · 바 / 토큰 88 E9 / KANJI E0B0 / 가나다순 168,mapped from six runtime-analysis RAM/raw formulas
1932,2,DA37~DA38,패치 슬롯 1157 | 문장부호 | ・,・,81 45,81 45,,81 45,C4 82,0x042A7 | 0x042A8,원본 분석표 1946번 DA4D~DA4E=83 40(ァ) → 패치 DA37~DA38=81 45(・); 번역 43-002/012 · ・ / 토큰 81 45 / PC-88 가운데점 토큰,mapped from six runtime-analysis RAM/raw formulas
1933,2,DA39~DA3A,패치 슬롯 1158 | 한글 문자 | 리,리,88 CC,89 A4,194,89 A4,AD 82,0x042A9 | 0x042AA,원본 분석표 1947번 DA4F~DA50=81 45(・) → 패치 DA39~DA3A=88 CC(리); 번역 43-003/012 · 리 / 토큰 88 CC / KANJI A0E0 / 가나다순 137,mapped from six runtime-analysis RAM/raw formulas
1934,2,DA3B~DA3C,패치 슬롯 1159 | 문장부호 | ・,・,81 45,81 45,,81 45,BE 82,0x042AB | 0x042AC,원본 분석표 1948번 DA51~DA52=83 8A(リ) → 패치 DA3B~DA3C=81 45(・); 번역 43-004/012 · ・ / 토큰 81 45 / PC-88 가운데점 토큰,mapped from six runtime-analysis RAM/raw formulas
1935,2,DA3D~DA3E,패치 슬롯 1160 | 한글 문자 | 아,아,89 60,8A 5A,309,8A 5A,B3 82,0x042AD | 0x042AE,원본 분석표 1949번 DA53~DA54=81 45(・) → 패치 DA3D~DA3E=89 60(아); 번역 43-005/012 · 아 / 토큰 89 60 / KANJI A210 / 가나다순 223,mapped from six runtime-analysis RAM/raw formulas
1936,2,DA3F~DA40,패치 슬롯 1161 | 문장부호 | ・,・,81 45,81 45,,81 45,C1 82,0x042AF | 0x042B0,원본 분석표 1950번 DA55~DA56=83 41(ア) → 패치 DA3F~DA40=81 45(・); 번역 43-006/012 · ・ / 토큰 81 45 / PC-88 가운데점 토큰,mapped from six runtime-analysis RAM/raw formulas
1937,2,DA41~DA42,패치 슬롯 1162 | 한글 문자 | 님,님,82 E6,89 4F,110,89 4F,BD 82,0x042B1 | 0x042B2,원본 분석표 1951번 DA57~DA58=81 45(・) → 패치 DA41~DA42=82 E6(님); 번역 43-007/012 · 님 / 토큰 82 E6 / KANJI 3880 / 가나다순 77,mapped from six runtime-analysis RAM/raw formulas
1938,2,DA43~DA44,패치 슬롯 1163 | 문장부호 | ・,・,81 45,81 45,,81 45,CC 81,0x042B3 | 0x042B4,원본 분석표 1955번 DA5F~DA60 → 현재 DA43~DA44; 번역 43-008/012 · ・ / 토큰 81 45 / PC-88 가운데점 토큰,mapped from six runtime-analysis RAM/raw formulas
1939,2,DA45~DA46,패치 슬롯 1164 | 문장부호 | ・,・,81 45,81 45,,81 45,42 61,0x042B5 | 0x042B6,원본 분석표 1956번 DA61~DA62 → 현재 DA45~DA46; 번역 43-009/012 · ・ / 토큰 81 45 / PC-88 가운데점 토큰,mapped from six runtime-analysis RAM/raw formulas
1940,2,DA47~DA48,패치 슬롯 1165 | 문장부호 | ・,・,81 45,81 45,,81 45,16 31,0x042B7 | 0x042B8,원본 분석표 1957번 DA63~DA64 → 현재 DA47~DA48; 번역 43-010/012 · ・ / 토큰 81 45 / PC-88 가운데점 토큰,mapped from six runtime-analysis RAM/raw formulas
1941,2,DA49~DA4A,패치 슬롯 1166 | 문장부호 | 。,。,81 42,81 42,,81 42,DE 41,0x042B9 | 0x042BA,원본 분석표 1958번 DA65~DA66 → 현재 DA49~DA4A; 번역 43-011/012 · 。 / 토큰 81 42 / PC-88 전각 마침표 토큰,mapped from six runtime-analysis RAM/raw formulas
1942,2,DA4B~DA4C,패치 슬롯 1167 | 전각 공백 | ␠,␠,81 40,81 40,,81 40,83 94,0x042BB | 0x042BC,편집기 추가 행; 번역 43-012/012 · ␠ / 토큰 81 40 / PC-88 전각 공백 토큰,mapped from six runtime-analysis RAM/raw formulas
1943,2,DA4D,기존 확인 61~70h 계열 / CAA8[0] 작업슬롯 비활성화,,61,61,,,83,0x042BD,원본 분석표 1959번 DA67 → 현재 DA4D; 비활성화 토큰 61; 다음 본류 DA68,mapped from six runtime-analysis RAM/raw formulas
1944,2,DA4E~DA50,기존 확인 16h 계열 / 서브스트림 호출·전환 → DEF4,,16 F4 DE,16 F4 DE,,,40 81 45,0x042BE | 0x042BF | 0x042C0,원본 분석표 1960번 DA68~DA6A → 현재 DA4E~DA50; 16h 호출 → DEF4; 복귀 주소 DA6B,mapped from six runtime-analysis RAM/raw formulas
1945,2,DEF4~DEF8,서브스트림 실행 / 기존 확인 0Fh 계열 제어토큰,,0F 02 28 04 0E,0F 02 28 04 0E,,,,,인자 02 28 04 0E; 다음 주소 DEF9,outside six documented raw segments
1946,2,DEF9~DEFB,서브스트림 실행 / 기존 확인 16h 계열 / 서브스트림 호출·전환 → DF4D,,16 4D DF,16 4D DF,,,,,16h 호출 → DF4D; 복귀 주소 DEFC,outside six documented raw segments
1947,2,DF4D~DF4F,서브스트림 실행 / 기존 확인 1Eh 계열 / 간접 CALL,,1E 3C 08,1E 3C 08,,,,,호출 대상 083C; 처리 후 다음 주소 DF50,outside six documented raw segments
1948,2,DF50~DF55,서브스트림 실행 / 기존 확인 05h 계열 / 영역·좌표 상태 설정·전개,,05 16 86 3A 9E 00,05 16 86 3A 9E 00,,,,,처리 후 다음 주소 DF56,outside six documented raw segments
1949,2,DF56~DF5A,서브스트림 실행 / 기존 확인 0Eh 계열 / 화면·버퍼 초기화·전개,,0E 16 20 24 80,0E 16 20 24 80,,,,,처리 후 다음 주소 DF5B,outside six documented raw segments
1950,2,DF5B,서브스트림 실행 / 기존 확인 17h 계열 / 서브스트림 복귀,,17,17,,,,,17h 복귀 → DEFC,outside six documented raw segments
1951,2,DEFC~DEFE,서브스트림 실행 / 기존 확인 13h 계열 제어토큰,,13 FC DF,13 FC DF,,,,,인자 FC DF; 다음 주소 DEFF,outside six documented raw segments
1952,2,DEFF~DF02,서브스트림 실행 / 기존 확인 14h 계열 / 버퍼·영역 처리,,14 00 16 22,14 00 16 22,,,,,인자 00 16 22; 다음 주소 DF03,outside six documented raw segments
1953,2,DF03~DF06,서브스트림 실행 / 기존 확인 14h 계열 / 버퍼·영역 처리,,14 01 3B 00,14 01 3B 00,,,,,인자 01 3B 00; 다음 주소 DF07,outside six documented raw segments
1954,2,DF07~DF0A,서브스트림 실행 / 기존 확인 04h 계열 / CAA8 슬롯 포인터 설정,,04 2C E0 41,04 2C E0 41,,,,,E02C 포인터를 41h 슬롯에 설정; 다음 주소 DF0B,outside six documented raw segments
1955,2,DF0B~DF0E,서브스트림 실행 / 기존 확인 04h 계열 / CAA8 슬롯 포인터 설정,,04 36 E0 42,04 36 E0 42,,,,,E036 포인터를 42h 슬롯에 설정; 다음 주소 DF0F,outside six documented raw segments
1956,2,DF0F~DF12,서브스트림 실행 / 기존 확인 04h 계열 / CAA8 슬롯 포인터 설정,,04 40 E0 43,04 40 E0 43,,,,,E040 포인터를 43h 슬롯에 설정; 다음 주소 DF13,outside six documented raw segments
1957,2,DF13~DF14,서브스트림 실행 / 기존 확인 25h 계열 / CA1D 입 움직임 효과음 인덱스 설정,,25 2C,25 2C,,,,,CA1D=2C; 다음 주소 DF15,outside six documented raw segments
1958,2,DF15,서브스트림 실행 / 기존 확인 17h 계열 / 서브스트림 복귀,,17,17,,,,,17h 복귀 → 본류 DA6B,outside six documented raw segments
1959,2,DA51,기존 확인 41~50h 계열 / CAA8[0] 슬롯 실행,,41,41,,,83,0x042C1,원본 분석표 1975번 DA6B → 현재 DA51; 슬롯 토큰 41; 다음 본류 DA6C,mapped from six runtime-analysis RAM/raw formulas
1960,2,DA52~DA53,패치 슬롯 1168 | 한글 문자 | 그,그,82 BD,88 CF,49,88 CF,8A 81,0x042C2 | 0x042C3,원본 분석표 1976번 DA6C~DA6D=82 BB(そ) → 패치 DA52~DA53=82 BD(그); 번역 44-001/009 · 그 / 토큰 82 BD / KANJI 19F0 / 가나다순 34,mapped from six runtime-analysis RAM/raw formulas
1961,2,DA54~DA55,패치 슬롯 1169 | 한글 문자 | 래,래,88 B9,89 88,166,89 88,45 83,0x042C4 | 0x042C5,원본 분석표 1977번 DA6E~DA6F=82 A4(う) → 패치 DA54~DA55=88 B9(래); 번역 44-002/009 · 래 / 토큰 88 B9 / KANJI 61B0 / 가나다순 117,mapped from six runtime-analysis RAM/raw formulas
1962,2,DA56~DA57,패치 슬롯 1170 | 문장부호 | 、,、,81 41,81 41,,81 41,41 81,0x042C6 | 0x042C7,원본 분석표 1978번 DA70~DA71 → 현재 DA56~DA57; 번역 44-003/009 · 、 / 토큰 81 41 / PC-88 전각 쉼표 토큰,mapped from six runtime-analysis RAM/raw formulas
1963,2,DA58~DA59,패치 슬롯 1171 | 한글 문자 | 바,바,88 E9,89 CC,234,89 CC,45 82,0x042C8 | 0x042C9,원본 분석표 1979번 DA72~DA73=83 94(ヴ) → 패치 DA58~DA59=88 E9(바); 번역 44-004/009 · 바 / 토큰 88 E9 / KANJI E0B0 / 가나다순 168,mapped from six runtime-analysis RAM/raw formulas
1964,2,DA5A~DA5B,패치 슬롯 1172 | 한글 문자 | 리,리,88 CC,89 A4,194,89 A4,B3 81,0x042CA | 0x042CB,원본 분석표 1980번 DA74~DA75=83 40(ァ) → 패치 DA5A~DA5B=88 CC(리); 번역 44-005/009 · 리 / 토큰 88 CC / KANJI A0E0 / 가나다순 137,mapped from six runtime-analysis RAM/raw formulas
1965,2,DA5C,기존 확인 41~50h 계열 / CAA8[2] 슬롯 실행,,43,43,,,45,0x042CC,원본 분석표 1982번 DA78 → 현재 DA5C; 슬롯 토큰 43; 다음 본류 DA79,mapped from six runtime-analysis RAM/raw formulas
1966,2,DA5D~DA5E,패치 슬롯 1173 | 한글 문자 | 아,아,89 60,8A 5A,309,8A 5A,82 DC,0x042CD | 0x042CE,원본 분석표 1983번 DA79~DA7A=83 41(ア) → 패치 DA5D~DA5E=89 60(아); 번역 44-006/009 · 아 / 토큰 89 60 / KANJI A210 / 가나다순 223,mapped from six runtime-analysis RAM/raw formulas
1967,2,DA5F~DA60,패치 슬롯 1174 | 한글 문자 | 님,님,82 E6,89 4F,110,89 4F,81 45,0x042CF | 0x042D0,원본 분석표 1984번 DA7B~DA7C=97 6C(様) → 패치 DA5F~DA60=82 E6(님); 번역 44-007/009 · 님 / 토큰 82 E6 / KANJI 3880 / 가나다순 77,mapped from six runtime-analysis RAM/raw formulas
1968,2,DA61~DA62,패치 슬롯 1175 | 문장부호 | ！,！,81 49,81 49,,81 49,81 45,0x042D1 | 0x042D2,원본 분석표 1986번 DA7F~DA80 → 현재 DA61~DA62; 번역 44-008/009 · ！ / 토큰 81 49 / PC-88 전각 느낌표 토큰,mapped from six runtime-analysis RAM/raw formulas
1969,2,DA63~DA64,패치 슬롯 1176 | 전각 공백 | ␠,␠,81 40,81 40,,81 40,81 45,0x042D3 | 0x042D4,편집기 추가 행; 번역 44-009/009 · ␠ / 토큰 81 40 / PC-88 전각 공백 토큰,mapped from six runtime-analysis RAM/raw formulas
1970,2,DA65,기존 확인 61~70h 계열 / CAA8[0] 작업슬롯 비활성화,,61,61,,,81,0x042D5,원본 분석표 1987번 DA81 → 현재 DA65; 비활성화 토큰 61; 다음 본류 DA82,mapped from six runtime-analysis RAM/raw formulas
1971,2,DA66~DA68,기존 확인 16h 계열 / 서브스트림 호출·전환 → DE1D,,16 1D DE,16 1D DE,,,42 61 16,0x042D6 | 0x042D7 | 0x042D8,원본 분석표 1988번 DA82~DA84 → 현재 DA66~DA68; 16h 호출 → DE1D; 복귀 주소 DA85,mapped from six runtime-analysis RAM/raw formulas
1972,2,DE1D~DE21,서브스트림 실행 / 기존 확인 0Fh 계열 제어토큰,,0F 02 0D 04 0A,0F 02 0D 04 0A,,,,,인자 02 0D 04 0A; 다음 주소 DE22,outside six documented raw segments
1973,2,DE22~DE24,서브스트림 실행 / 기존 확인 16h 계열 / 서브스트림 호출·전환 → DF3A,,16 3A DF,16 3A DF,,,,,16h 호출 → DF3A; 복귀 주소 DE25,outside six documented raw segments
1974,2,DF3A~DF3C,서브스트림 실행 / 기존 확인 1Eh 계열 / 간접 CALL,,1E 3C 08,1E 3C 08,,,,,호출 대상 083C; 처리 후 다음 주소 DF3D,outside six documented raw segments
1975,2,DF3D~DF3F,서브스트림 실행 / 기존 확인 16h 계열 / 서브스트림 호출·전환 → DF46,,16 46 DF,16 46 DF,,,,,16h 호출 → DF46; 복귀 주소 DF40,outside six documented raw segments
1976,2,DF46~DF4B,서브스트림 실행 / 기존 확인 05h 계열 / 영역·좌표 상태 설정·전개,,05 12 86 3E 9E 00,05 12 86 3E 9E 00,,,,,처리 후 다음 주소 DF4C,outside six documented raw segments
1977,2,DF4C,서브스트림 실행 / 기존 확인 17h 계열 / 서브스트림 복귀,,17,17,,,,,17h 복귀 → DF40,outside six documented raw segments
1978,2,DF40~DF44,서브스트림 실행 / 기존 확인 0Eh 계열 / 화면·버퍼 초기화·전개,,0E 12 20 2D 80,0E 12 20 2D 80,,,,,처리 후 다음 주소 DF45,outside six documented raw segments
1979,2,DF45,서브스트림 실행 / 기존 확인 17h 계열 / 서브스트림 복귀,,17,17,,,,,17h 복귀 → DE25,outside six documented raw segments
1980,2,DE25~DE27,서브스트림 실행 / 기존 확인 13h 계열 제어토큰,,13 CC DF,13 CC DF,,,,,인자 CC DF; 다음 주소 DE28,outside six documented raw segments
1981,2,DE28~DE2B,서브스트림 실행 / 기존 확인 14h 계열 / 버퍼·영역 처리,,14 00 12 22,14 00 12 22,,,,,인자 00 12 22; 다음 주소 DE2C,outside six documented raw segments
1982,2,DE2C~DE2F,서브스트림 실행 / 기존 확인 14h 계열 / 버퍼·영역 처리,,14 01 35 22,14 01 35 22,,,,,인자 01 35 22; 다음 주소 DE30,outside six documented raw segments
1983,2,DE30,서브스트림 실행 / 기존 확인 17h 계열 / 서브스트림 복귀,,17,17,,,,,17h 복귀 → 본류 DA85,outside six documented raw segments
1984,2,DA69~DA6B,기존 확인 1Eh 계열 / 간접 CALL,,1E DA DC,1E DA DC,,,F4 DE 41,0x042D9 | 0x042DA | 0x042DB,원본 분석표 2001번 DA85~DA87 → 현재 DA69~DA6B; 호출 대상 DCDA; 처리 후 다음 본류 DA88,mapped from six runtime-analysis RAM/raw formulas
1985,2,DA6C~DA6D,기존 확인 06h 계열 / 상태 설정,,06 0E,06 0E,,,82 BB,0x042DC | 0x042DD,원본 분석표 2002번 DA88~DA89 → 현재 DA6C~DA6D; 파라미터 0E; 다음 본류 DA8A,mapped from six runtime-analysis RAM/raw formulas
1986,2,DA6E~DA70,기존 확인 16h 계열 / 서브스트림 호출·전환 → DDF2,,16 F2 DD,16 F2 DD,,,82 A4 81,0x042DE | 0x042DF | 0x042E0,원본 분석표 2003번 DA8A~DA8C → 현재 DA6E~DA70; 16h 호출 → DDF2; 복귀 주소 DA8D,mapped from six runtime-analysis RAM/raw formulas
1987,2,DDF2~DDF6,서브스트림 실행 / 기존 확인 0Fh 계열 제어토큰,,0F 05 2C 04 0E,0F 05 2C 04 0E,,,,,인자 05 2C 04 0E; 다음 주소 DDF7,outside six documented raw segments
1988,2,DDF7~DDF9,서브스트림 실행 / 기존 확인 16h 계열 / 서브스트림 호출·전환 → DF4D,,16 4D DF,16 4D DF,,,,,16h 호출 → DF4D; 복귀 주소 DDFA,outside six documented raw segments
1989,2,DF4D~DF4F,서브스트림 실행 / 기존 확인 1Eh 계열 / 간접 CALL,,1E 3C 08,1E 3C 08,,,,,호출 대상 083C; 처리 후 다음 주소 DF50,outside six documented raw segments
1990,2,DF50~DF55,서브스트림 실행 / 기존 확인 05h 계열 / 영역·좌표 상태 설정·전개,,05 16 86 3A 9E 00,05 16 86 3A 9E 00,,,,,처리 후 다음 주소 DF56,outside six documented raw segments
1991,2,DF56~DF5A,서브스트림 실행 / 기존 확인 0Eh 계열 / 화면·버퍼 초기화·전개,,0E 16 20 24 80,0E 16 20 24 80,,,,,처리 후 다음 주소 DF5B,outside six documented raw segments
1992,2,DF5B,서브스트림 실행 / 기존 확인 17h 계열 / 서브스트림 복귀,,17,17,,,,,17h 복귀 → DDFA,outside six documented raw segments
1993,2,DDFA~DDFD,서브스트림 실행 / 기존 확인 14h 계열 / 버퍼·영역 처리,,14 00 16 22,14 00 16 22,,,,,인자 00 16 22; 다음 주소 DDFE,outside six documented raw segments
1994,2,DDFE~DE01,서브스트림 실행 / 기존 확인 14h 계열 / 버퍼·영역 처리,,14 01 3B 00,14 01 3B 00,,,,,인자 01 3B 00; 다음 주소 DE02,outside six documented raw segments
1995,2,DE02~DE05,서브스트림 실행 / 기존 확인 04h 계열 / CAA8 슬롯 포인터 설정,,04 86 E0 41,04 86 E0 41,,,,,E086 포인터를 41h 슬롯에 설정; 다음 주소 DE06,outside six documented raw segments
1996,2,DE06~DE09,서브스트림 실행 / 기존 확인 04h 계열 / CAA8 슬롯 포인터 설정,,04 AE E0 42,04 AE E0 42,,,,,E0AE 포인터를 42h 슬롯에 설정; 다음 주소 DE0A,outside six documented raw segments
1997,2,DE0A~DE0D,서브스트림 실행 / 기존 확인 04h 계열 / CAA8 슬롯 포인터 설정,,04 90 E0 43,04 90 E0 43,,,,,E090 포인터를 43h 슬롯에 설정; 다음 주소 DE0E,outside six documented raw segments
1998,2,DE0E~DE11,서브스트림 실행 / 기존 확인 04h 계열 / CAA8 슬롯 포인터 설정,,04 9A E0 44,04 9A E0 44,,,,,E09A 포인터를 44h 슬롯에 설정; 다음 주소 DE12,outside six documented raw segments
1999,2,DE12~DE15,서브스트림 실행 / 기존 확인 04h 계열 / CAA8 슬롯 포인터 설정,,04 B8 E0 45,04 B8 E0 45,,,,,E0B8 포인터를 45h 슬롯에 설정; 다음 주소 DE16,outside six documented raw segments
2000,2,DE16,서브스트림 실행 / 기존 확인 41~50h 계열 / CAA8[1] 슬롯 실행,,42,42,,,,,슬롯 토큰 42; 다음 주소 DE17,outside six documented raw segments
2001,2,DE17~DE19,서브스트림 실행 / 기존 확인 13h 계열 제어토큰,,13 BC DF,13 BC DF,,,,,인자 BC DF; 다음 주소 DE1A,outside six documented raw segments
2002,2,DE1A~DE1B,서브스트림 실행 / 기존 확인 25h 계열 / CA1D 입 움직임 효과음 인덱스 설정,,25 2B,25 2B,,,,,CA1D=2B; 다음 주소 DE1C,outside six documented raw segments
2003,2,DE1C,서브스트림 실행 / 기존 확인 17h 계열 / 서브스트림 복귀,,17,17,,,,,17h 복귀 → 본류 DA8D,outside six documented raw segments
2004,2,DA71,런타임 확인 41~50h 계열 / CAA8[0] 슬롯 실행,,41,41,,,41,0x042E1,원본 분석표 2021번 DA8D → 현재 DA71; 슬롯 토큰 41; 다음 본류 DA8E,mapped from six runtime-analysis RAM/raw formulas
2005,2,DA72~DA73,패치 슬롯 1177 | 한글 문자 | 바,바,88 E9,89 CC,234,89 CC,83 94,0x042E2 | 0x042E3,원본 분석표 2022번 DA8E~DA8F=83 94(ヴ) → 패치 DA72~DA73=88 E9(바); 번역 45-001/005 · 바 / 토큰 88 E9 / KANJI E0B0 / 가나다순 168,mapped from six runtime-analysis RAM/raw formulas
2006,2,DA74~DA75,패치 슬롯 1178 | 한글 문자 | 리,리,88 CC,89 A4,194,89 A4,83 40,0x042E4 | 0x042E5,원본 분석표 2023번 DA90~DA91=83 40(ァ) → 패치 DA74~DA75=88 CC(리); 번역 45-002/005 · 리 / 토큰 88 CC / KANJI A0E0 / 가나다순 137,mapped from six runtime-analysis RAM/raw formulas
2007,2,DA76~DA77,패치 슬롯 1179 | 한글 문자 | 아,아,89 60,8A 5A,309,8A 5A,83 8A,0x042E6 | 0x042E7,원본 분석표 2024번 DA92~DA93=83 8A(リ) → 패치 DA76~DA77=89 60(아); 번역 45-003/005 · 아 / 토큰 89 60 / KANJI A210 / 가나다순 223,mapped from six runtime-analysis RAM/raw formulas
2008,2,DA78,런타임 확인 61~70h 계열 / CAA8[1] 작업슬롯 비활성화,,62,62,,,43,0x042E8,원본 분석표 2026번 DA96 → 현재 DA78; 비활성화 토큰 62; 다음 본류 DA97,mapped from six runtime-analysis RAM/raw formulas
2009,2,DA79,런타임 확인 41~50h 계열 / CAA8[4] 슬롯 실행,,45,45,,,83,0x042E9,원본 분석표 2027번 DA97 → 현재 DA79; 슬롯 토큰 45; 다음 본류 DA98,mapped from six runtime-analysis RAM/raw formulas
2010,2,DA7A~DA7B,패치 슬롯 1180 | 한글 문자 | 님,님,82 E6,89 4F,110,89 4F,41 97,0x042EA | 0x042EB,원본 분석표 2028번 DA98~DA99=82 B3(さ) → 패치 DA7A~DA7B=82 E6(님); 번역 45-004/005 · 님 / 토큰 82 E6 / KANJI 3880 / 가나다순 77,mapped from six runtime-analysis RAM/raw formulas
2011,2,DA7C~DA7D,패치 슬롯 1181 | 전각 공백 | ␠,␠,81 40,81 40,,81 40,6C 82,0x042EC | 0x042ED,편집기 추가 행; 번역 45-005/005 · ␠ / 토큰 81 40 / PC-88 전각 공백 토큰,mapped from six runtime-analysis RAM/raw formulas
2012,2,DA7E,런타임 확인 61~70h 계열 / CAA8[0] 작업슬롯 비활성화,,61,61,,,E6,0x042EE,원본 분석표 2030번 DA9C → 현재 DA7E; 비활성화 토큰 61; 다음 본류 DA9D,mapped from six runtime-analysis RAM/raw formulas
2013,2,DA7F~DA81,런타임 확인 16h 계열 / 서브스트림 호출·전환 → DD80,,16 80 DD,16 80 DD,,,81 49 61,0x042EF | 0x042F0 | 0x042F1,원본 분석표 2031번 DA9D~DA9F → 현재 DA7F~DA81; 16h 호출 → DD80; 복귀 주소 DAA0,mapped from six runtime-analysis RAM/raw formulas
2014,2,DD80~DD84,서브스트림 실행 / 런타임 확인 0Fh 계열 제어토큰,,0F 05 13 05 06,0F 05 13 05 06,,,,,인자 05 13 05 06; 다음 주소 DD85,outside six documented raw segments
2015,2,DD85~DD87,서브스트림 실행 / 런타임 확인 16h 계열 / 서브스트림 호출·전환 → DF4D,,16 4D DF,16 4D DF,,,,,16h 호출 → DF4D; 복귀 주소 DD88,outside six documented raw segments
2016,2,DF4D~DF4F,서브스트림 실행 / 런타임 확인 1Eh 계열 / 간접 CALL,,1E 3C 08,1E 3C 08,,,,,호출 대상 083C; 처리 후 다음 주소 DF50,outside six documented raw segments
2017,2,DF50~DF55,서브스트림 실행 / 런타임 확인 영역·좌표 상태 설정·전개,,05 16 86 3A 9E 00,05 16 86 3A 9E 00,,,,,인자 16 86 3A 9E 00; 다음 주소 DF56,outside six documented raw segments
2018,2,DF56~DF5A,서브스트림 실행 / 런타임 확인 화면·버퍼 초기화·전개,,0E 16 20 24 80,0E 16 20 24 80,,,,,인자 16 20 24 80; 다음 주소 DF5B,outside six documented raw segments
2019,2,DF5B,서브스트림 실행 / 런타임 확인 17h 계열 / 서브스트림 복귀,,17,17,,,,,17h 복귀 → DD88,outside six documented raw segments
2020,2,DD88~DD8A,서브스트림 실행 / 런타임 확인 13h 계열 제어토큰,,13 AC DF,13 AC DF,,,,,인자 AC DF; 다음 주소 DD8B,outside six documented raw segments
2021,2,DD8B~DD8E,서브스트림 실행 / 런타임 확인 버퍼·영역 처리,,14 00 16 22,14 00 16 22,,,,,인자 00 16 22; 다음 주소 DD8F,outside six documented raw segments
2022,2,DD8F~DD92,서브스트림 실행 / 런타임 확인 1Dh 계열 제어토큰,,1D 01 07 40,1D 01 07 40,,,,,인자 01 07 40; 다음 주소 DD93,outside six documented raw segments
2023,2,DD93~DD96,서브스트림 실행 / 런타임 확인 1Dh 계열 제어토큰,,1D 04 07 40,1D 04 07 40,,,,,인자 04 07 40; 다음 주소 DD97,outside six documented raw segments
2024,2,DD97~DD9A,서브스트림 실행 / 런타임 확인 1Dh 계열 제어토큰,,1D 05 07 40,1D 05 07 40,,,,,인자 05 07 40; 다음 주소 DD9B,outside six documented raw segments
2025,2,DD9B~DD9E,서브스트림 실행 / 런타임 확인 1Dh 계열 제어토큰,,1D 06 07 47,1D 06 07 47,,,,,인자 06 07 47; 다음 주소 DD9F,outside six documented raw segments
2026,2,DD9F,서브스트림 실행 / 런타임 확인 17h 계열 / 서브스트림 복귀,,17,17,,,,,17h 복귀 → DAA0,outside six documented raw segments
2027,2,DA82~DA84,런타임 확인 1Eh 계열 / 간접 CALL,,1E DA DC,1E DA DC,,,16 1D DE,0x042F2 | 0x042F3 | 0x042F4,원본 분석표 2045번 DAA0~DAA2 → 현재 DA82~DA84; 호출 대상 DCDA; 처리 후 다음 본류 DAA3,mapped from six runtime-analysis RAM/raw formulas
2028,2,DA85~DA87,런타임 확인 16h 계열 / 서브스트림 호출·전환 → DDF2,,16 F2 DD,16 F2 DD,,,1E DA DC,0x042F5 | 0x042F6 | 0x042F7,원본 분석표 2046번 DAA3~DAA5 → 현재 DA85~DA87; 16h 호출 → DDF2; 복귀 주소 DAA6,mapped from six runtime-analysis RAM/raw formulas
2029,2,DDF2~DDF6,서브스트림 실행 / 런타임 확인 0Fh 계열 제어토큰,,0F 05 2C 04 0E,0F 05 2C 04 0E,,,,,인자 05 2C 04 0E; 다음 주소 DDF7,outside six documented raw segments
2030,2,DDF7~DDF9,서브스트림 실행 / 런타임 확인 16h 계열 / 서브스트림 호출·전환 → DF4D,,16 4D DF,16 4D DF,,,,,16h 호출 → DF4D; 복귀 주소 DDFA,outside six documented raw segments
2031,2,DF4D~DF4F,서브스트림 실행 / 런타임 확인 1Eh 계열 / 간접 CALL,,1E 3C 08,1E 3C 08,,,,,호출 대상 083C; 처리 후 다음 주소 DF50,outside six documented raw segments
2032,2,DF50~DF55,서브스트림 실행 / 런타임 확인 영역·좌표 상태 설정·전개,,05 16 86 3A 9E 00,05 16 86 3A 9E 00,,,,,인자 16 86 3A 9E 00; 다음 주소 DF56,outside six documented raw segments
2033,2,DF56~DF5A,서브스트림 실행 / 런타임 확인 화면·버퍼 초기화·전개,,0E 16 20 24 80,0E 16 20 24 80,,,,,인자 16 20 24 80; 다음 주소 DF5B,outside six documented raw segments
2034,2,DF5B,서브스트림 실행 / 런타임 확인 17h 계열 / 서브스트림 복귀,,17,17,,,,,17h 복귀 → DDFA,outside six documented raw segments
2035,2,DDFA~DDFD,서브스트림 실행 / 런타임 확인 버퍼·영역 처리,,14 00 16 22,14 00 16 22,,,,,인자 00 16 22; 다음 주소 DDFE,outside six documented raw segments
2036,2,DDFE~DE01,서브스트림 실행 / 런타임 확인 버퍼·영역 처리,,14 01 3B 00,14 01 3B 00,,,,,인자 01 3B 00; 다음 주소 DE02,outside six documented raw segments
2037,2,DE02~DE05,서브스트림 실행 / 런타임 확인 04h 계열 / CAA8 슬롯 포인터 설정,,04 86 E0 41,04 86 E0 41,,,,,E086 포인터를 41h 슬롯에 설정; 다음 주소 DE06,outside six documented raw segments
2038,2,DE06~DE09,서브스트림 실행 / 런타임 확인 04h 계열 / CAA8 슬롯 포인터 설정,,04 AE E0 42,04 AE E0 42,,,,,E0AE 포인터를 42h 슬롯에 설정; 다음 주소 DE0A,outside six documented raw segments
2039,2,DE0A~DE0D,서브스트림 실행 / 런타임 확인 04h 계열 / CAA8 슬롯 포인터 설정,,04 90 E0 43,04 90 E0 43,,,,,E090 포인터를 43h 슬롯에 설정; 다음 주소 DE0E,outside six documented raw segments
2040,2,DE0E~DE11,서브스트림 실행 / 런타임 확인 04h 계열 / CAA8 슬롯 포인터 설정,,04 9A E0 44,04 9A E0 44,,,,,E09A 포인터를 44h 슬롯에 설정; 다음 주소 DE12,outside six documented raw segments
2041,2,DE12~DE15,서브스트림 실행 / 런타임 확인 04h 계열 / CAA8 슬롯 포인터 설정,,04 B8 E0 45,04 B8 E0 45,,,,,E0B8 포인터를 45h 슬롯에 설정; 다음 주소 DE16,outside six documented raw segments
2042,2,DE16,서브스트림 실행 / 런타임 확인 41~50h 계열 / CAA8[1] 슬롯 실행,,42,42,,,,,슬롯 토큰 42; 다음 주소 DE17,outside six documented raw segments
2043,2,DE17~DE19,서브스트림 실행 / 런타임 확인 13h 계열 제어토큰,,13 BC DF,13 BC DF,,,,,인자 BC DF; 다음 주소 DE1A,outside six documented raw segments
2044,2,DE1A~DE1B,서브스트림 실행 / 런타임 확인 25h 계열 / CA1D 입 움직임 효과음 인덱스 설정,,25 2B,25 2B,,,,,CA1D=2B; 다음 주소 DE1C,outside six documented raw segments
2045,2,DE1C,서브스트림 실행 / 런타임 확인 17h 계열 / 서브스트림 복귀,,17,17,,,,,17h 복귀 → DAA6,outside six documented raw segments
2046,2,DA88~DA8A,런타임 확인 1Eh 계열 / 간접 CALL,,1E 40 A4,1E 40 A4,,,06 0E 16,0x042F8 | 0x042F9 | 0x042FA,원본 분석표 2064번 DAA6~DAA8 → 현재 DA88~DA8A; 호출 대상 A440; 처리 후 다음 본류 DAA9,mapped from six runtime-analysis RAM/raw formulas
2047,2,DA8B~DA8C,패치 슬롯 1182 | 문장부호 | ・,・,81 45,81 45,,81 45,F2 DD,0x042FB | 0x042FC,원본 분석표 2065번 DAA9~DAAA → 현재 DA8B~DA8C; 번역 46-001/006 · ・ / 토큰 81 45 / PC-88 가운데점 토큰,mapped from six runtime-analysis RAM/raw formulas
2048,2,DA8D~DA8E,패치 슬롯 1183 | 문장부호 | ・,・,81 45,81 45,,81 45,41 83,0x042FD | 0x042FE,원본 분석표 2066번 DAAB~DAAC → 현재 DA8D~DA8E; 번역 46-002/006 · ・ / 토큰 81 45 / PC-88 가운데점 토큰,mapped from six runtime-analysis RAM/raw formulas
2049,2,DA8F~DA90,패치 슬롯 1184 | 문장부호 | ・,・,81 45,81 45,,81 45,94 83,0x042FF | 0x04300,편집기 추가 행; 번역 46-003/006 · ・ / 토큰 81 45 / PC-88 가운데점 토큰,mapped from six runtime-analysis RAM/raw formulas
2050,2,DA91~DA92,패치 슬롯 1185 | 문장부호 | ・,・,81 45,81 45,,81 45,40 83,0x04301 | 0x04302,원본 분석표 2067번 DAAD~DAAE → 현재 DA91~DA92; 번역 46-004/006 · ・ / 토큰 81 45 / PC-88 가운데점 토큰,mapped from six runtime-analysis RAM/raw formulas
2051,2,DA93~DA94,패치 슬롯 1186 | 문장부호 | ・,・,81 45,81 45,,81 45,8A 83,0x04303 | 0x04304,원본 분석표 2068번 DAAF~DAB0 → 현재 DA93~DA94; 번역 46-005/006 · ・ / 토큰 81 45 / PC-88 가운데점 토큰,mapped from six runtime-analysis RAM/raw formulas
2052,2,DA95~DA96,패치 슬롯 1187 | 문장부호 | ・,・,81 45,81 45,,81 45,41 62,0x04305 | 0x04306,원본 분석표 2069번 DAB1~DAB2 → 현재 DA95~DA96; 번역 46-006/006 · ・ / 토큰 81 45 / PC-88 가운데점 토큰,mapped from six runtime-analysis RAM/raw formulas
2053,2,DA97~DAA1,런타임 확인 1Fh 계열 제어토큰,,1F 02 4E 05 02 04 4E 05 02 00 88,1F 02 4E 05 02 04 4E 05 02 00 88,,,45 82 B3 82 DC 61 16 80 DD 1E DA,0x04307 | 0x04308 | 0x04309 | 0x0430A | 0x0430B | 0x0430C | 0x0430D | 0x0430E | 0x0430F | 0x04310 | 0x04311,원본 분석표 2070번 DAB3~DABD → 현재 DA97~DAA1; 11바이트 실행 단위; 내부 인자를 독립 문자·토큰으로 분리하지 않음; 다음 본류 DABE,mapped from six runtime-analysis RAM/raw formulas
2054,2,DAA2~DAA4,런타임 확인 16h 계열 / 서브스트림 호출·전환 → DD60,,16 60 DD,16 60 DD,,,DC 16 F2,0x04312 | 0x04313 | 0x04314,원본 분석표 2071번 DABE~DAC0 → 현재 DAA2~DAA4; 16h 호출 → DD60; 복귀 주소 DAC1,mapped from six runtime-analysis RAM/raw formulas
2055,2,DD60~DD64,서브스트림 실행 / 런타임 확인 0Fh 계열 제어토큰,,0F 02 1A 04 0D,0F 02 1A 04 0D,,,,,인자 02 1A 04 0D; 다음 주소 DD65,outside six documented raw segments
2056,2,DD65~DD67,서브스트림 실행 / 런타임 확인 16h 계열 / 서브스트림 호출·전환 → DF4D,,16 4D DF,16 4D DF,,,,,16h 호출 → DF4D; 복귀 주소 DD68,outside six documented raw segments
2057,2,DF4D~DF4F,서브스트림 실행 / 런타임 확인 1Eh 계열 / 간접 CALL,,1E 3C 08,1E 3C 08,,,,,호출 대상 083C; 처리 후 다음 주소 DF50,outside six documented raw segments
2058,2,DF50~DF55,서브스트림 실행 / 런타임 확인 영역·좌표 상태 설정·전개,,05 16 86 3A 9E 00,05 16 86 3A 9E 00,,,,,인자 16 86 3A 9E 00; 다음 주소 DF56,outside six documented raw segments
2059,2,DF56~DF5A,서브스트림 실행 / 런타임 확인 화면·버퍼 초기화·전개,,0E 16 20 24 80,0E 16 20 24 80,,,,,인자 16 20 24 80; 다음 주소 DF5B,outside six documented raw segments
2060,2,DF5B,서브스트림 실행 / 런타임 확인 17h 계열 / 서브스트림 복귀,,17,17,,,,,17h 복귀 → DD68,outside six documented raw segments
2061,2,DD68~DD6A,서브스트림 실행 / 런타임 확인 13h 계열 제어토큰,,13 1C E0,13 1C E0,,,,,인자 1C E0; 다음 주소 DD6B,outside six documented raw segments
2062,2,DD6B~DD6E,서브스트림 실행 / 런타임 확인 버퍼·영역 처리,,14 00 16 22,14 00 16 22,,,,,인자 00 16 22; 다음 주소 DD6F,outside six documented raw segments
2063,2,DD6F~DD72,서브스트림 실행 / 런타임 확인 1Dh 계열 제어토큰,,1D 02 07 40,1D 02 07 40,,,,,인자 02 07 40; 다음 주소 DD73,outside six documented raw segments
2064,2,DD73~DD76,서브스트림 실행 / 런타임 확인 1Dh 계열 제어토큰,,1D 04 07 40,1D 04 07 40,,,,,인자 04 07 40; 다음 주소 DD77,outside six documented raw segments
2065,2,DD77~DD7A,서브스트림 실행 / 런타임 확인 1Dh 계열 제어토큰,,1D 05 07 47,1D 05 07 47,,,,,인자 05 07 47; 다음 주소 DD7B,outside six documented raw segments
2066,2,DD7B~DD7E,서브스트림 실행 / 런타임 확인 1Dh 계열 제어토큰,,1D 06 07 47,1D 06 07 47,,,,,인자 06 07 47; 다음 주소 DD7F,outside six documented raw segments
2067,2,DD7F,서브스트림 실행 / 런타임 확인 17h 계열 / 서브스트림 복귀,,17,17,,,,,17h 복귀 → DAC1,outside six documented raw segments
2068,2,DAA5~DAA7,런타임 확인 1Eh 계열 / 간접 CALL,,1E 16 A4,1E 16 A4,,,DD 1E 40,0x04315 | 0x04316 | 0x04317,원본 분석표 2085번 DAC1~DAC3 → 현재 DAA5~DAA7; 호출 대상 A416; 처리 후 다음 본류 DAC4,mapped from six runtime-analysis RAM/raw formulas
2069,2,DAA8~DAAA,런타임 확인 1Eh 계열 / 간접 CALL,,1E DA DC,1E DA DC,,,A4 81 45,0x04318 | 0x04319 | 0x0431A,원본 분석표 2086번 DAC4~DAC6 → 현재 DAA8~DAAA; 호출 대상 DCDA; 처리 후 다음 본류 DAC7,mapped from six runtime-analysis RAM/raw formulas
2070,2,DAAB~DAAD,런타임 확인 16h 계열 / 서브스트림 호출·전환 → DDA0,,16 A0 DD,16 A0 DD,,,81 45 81,0x0431B | 0x0431C | 0x0431D,원본 분석표 2087번 DAC7~DAC9 → 현재 DAAB~DAAD; 16h 호출 → DDA0; 복귀 주소 DACA,mapped from six runtime-analysis RAM/raw formulas
2071,2,DDA0~DDA4,서브스트림 실행 / 런타임 확인 0Fh 계열 제어토큰,,0F 05 2C 04 0E,0F 05 2C 04 0E,,,,,인자 05 2C 04 0E; 다음 주소 DDA5,outside six documented raw segments
2072,2,DDA5~DDA7,서브스트림 실행 / 런타임 확인 16h 계열 / 서브스트림 호출·전환 → DF4D,,16 4D DF,16 4D DF,,,,,16h 호출 → DF4D; 복귀 주소 DDA8,outside six documented raw segments
2073,2,DF4D~DF4F,서브스트림 실행 / 런타임 확인 1Eh 계열 / 간접 CALL,,1E 3C 08,1E 3C 08,,,,,호출 대상 083C; 처리 후 다음 주소 DF50,outside six documented raw segments
2074,2,DF50~DF55,서브스트림 실행 / 런타임 확인 영역·좌표 상태 설정·전개,,05 16 86 3A 9E 00,05 16 86 3A 9E 00,,,,,인자 16 86 3A 9E 00; 다음 주소 DF56,outside six documented raw segments
2075,2,DF56~DF5A,서브스트림 실행 / 런타임 확인 화면·버퍼 초기화·전개,,0E 16 20 24 80,0E 16 20 24 80,,,,,인자 16 20 24 80; 다음 주소 DF5B,outside six documented raw segments
2076,2,DF5B,서브스트림 실행 / 런타임 확인 17h 계열 / 서브스트림 복귀,,17,17,,,,,17h 복귀 → DDA8,outside six documented raw segments
2077,2,DDA8~DDAB,서브스트림 실행 / 런타임 확인 버퍼·영역 처리,,14 00 16 22,14 00 16 22,,,,,인자 00 16 22; 다음 주소 DDAC,outside six documented raw segments
2078,2,DDAC~DDAF,서브스트림 실행 / 런타임 확인 버퍼·영역 처리,,14 01 3B 00,14 01 3B 00,,,,,인자 01 3B 00; 다음 주소 DDB0,outside six documented raw segments
2079,2,DDB0~DDB3,서브스트림 실행 / 런타임 확인 04h 계열 / CAA8 슬롯 포인터 설정,,04 A4 E0 41,04 A4 E0 41,,,,,E0A4 포인터를 41h 슬롯에 설정; 다음 주소 DDB4,outside six documented raw segments
2080,2,DDB4~DDB7,서브스트림 실행 / 런타임 확인 04h 계열 / CAA8 슬롯 포인터 설정,,04 C2 E0 42,04 C2 E0 42,,,,,E0C2 포인터를 42h 슬롯에 설정; 다음 주소 DDB8,outside six documented raw segments
2081,2,DDB8,서브스트림 실행 / 런타임 확인 41~50h 계열 / CAA8[1] 슬롯 실행,,42,42,,,,,슬롯 토큰 42; 다음 주소 DDB9,outside six documented raw segments
2082,2,DDB9~DDBB,서브스트림 실행 / 런타임 확인 13h 계열 제어토큰,,13 BC DF,13 BC DF,,,,,인자 BC DF; 다음 주소 DDBC,outside six documented raw segments
2083,2,DDBC~DDBD,서브스트림 실행 / 런타임 확인 25h 계열 / CA1D 입 움직임 효과음 인덱스 설정,,25 2B,25 2B,,,,,CA1D=2B; 다음 주소 DDBE,outside six documented raw segments
2084,2,DDBE,서브스트림 실행 / 런타임 확인 17h 계열 / 서브스트림 복귀,,17,17,,,,,17h 복귀 → DACA,outside six documented raw segments
2085,2,DAAE,런타임 확인 41~50h 계열 / CAA8[0] 슬롯 실행,,41,41,,,45,0x0431E,원본 분석표 2102번 DACA → 현재 DAAE; 슬롯 토큰 41; 다음 본류 DACB,mapped from six runtime-analysis RAM/raw formulas
2086,2,DAAF~DAB0,패치 슬롯 1188 | 한글 문자 | 메,메,88 DA,89 B7,213,89 B7,81 45,0x0431F | 0x04320,원본 분석표 2103번 DACB~DACC=83 81(メ) → 패치 DAAF~DAB0=88 DA(메); 번역 47-001/005 · 메 / 토큰 88 DA / KANJI A1C0 / 가나다순 152,mapped from six runtime-analysis RAM/raw formulas
2087,2,DAB1~DAB2,패치 슬롯 1189 | 한글 문자 | 가,가,82 9F,88 9F,1,88 9F,81 45,0x04321 | 0x04322,원본 분석표 2104번 DACD~DACE=83 4B(ガ) → 패치 DAB1~DAB2=82 9F(가); 번역 47-002/005 · 가 / 토큰 82 9F / KANJI 1810 / 가나다순 1,mapped from six runtime-analysis RAM/raw formulas
2088,2,DAB3~DAB4,패치 슬롯 1190 | 한글 문자 | 스,스,89 56,8A 4A,293,8A 4A,1F 02,0x04323 | 0x04324,원본 분석표 2105번 DACF~DAD0=83 58(ス) → 패치 DAB3~DAB4=89 56(스); 번역 47-003/005 · 스 / 토큰 89 56 / KANJI 6370 / 가나다순 211,mapped from six runtime-analysis RAM/raw formulas
2089,2,DAB5~DAB6,패치 슬롯 1191 | 문장부호 | ！,！,81 49,81 49,,81 49,4E 05,0x04325 | 0x04326,원본 분석표 2106번 DAD1~DAD2 → 현재 DAB5~DAB6; 번역 47-004/005 · ！ / 토큰 81 49 / PC-88 전각 느낌표 토큰,mapped from six runtime-analysis RAM/raw formulas
2090,2,DAB7~DAB8,패치 슬롯 1192 | 전각 공백 | ␠,␠,81 40,81 40,,81 40,02 04,0x04327 | 0x04328,편집기 추가 행; 번역 47-005/005 · ␠ / 토큰 81 40 / PC-88 전각 공백 토큰,mapped from six runtime-analysis RAM/raw formulas
2091,2,DAB9~DABB,런타임 확인 16h 계열 / 서브스트림 호출·전환 → DEF4,,16 F4 DE,16 F4 DE,,,4E 05 02,0x04329 | 0x0432A | 0x0432B,원본 분석표 2107번 DAD3~DAD5 → 현재 DAB9~DABB; 16h 호출 → DEF4; 복귀 주소 DAD6,mapped from six runtime-analysis RAM/raw formulas
2092,2,DEF4~DEF8,서브스트림 실행 / 런타임 확인 0Fh 계열 제어토큰,,0F 02 28 04 0E,0F 02 28 04 0E,,,,,인자 02 28 04 0E; 다음 주소 DEF9,outside six documented raw segments
2093,2,DEF9~DEFB,서브스트림 실행 / 런타임 확인 16h 계열 / 서브스트림 호출·전환 → DF4D,,16 4D DF,16 4D DF,,,,,16h 호출 → DF4D; 복귀 주소 DEFC,outside six documented raw segments
2094,2,DF4D~DF4F,서브스트림 실행 / 런타임 확인 1Eh 계열 / 간접 CALL,,1E 3C 08,1E 3C 08,,,,,호출 대상 083C; 처리 후 다음 주소 DF50,outside six documented raw segments
2095,2,DF50~DF55,서브스트림 실행 / 런타임 확인 영역·좌표 상태 설정·전개,,05 16 86 3A 9E 00,05 16 86 3A 9E 00,,,,,인자 16 86 3A 9E 00; 다음 주소 DF56,outside six documented raw segments
2096,2,DF56~DF5A,서브스트림 실행 / 런타임 확인 화면·버퍼 초기화·전개,,0E 16 20 24 80,0E 16 20 24 80,,,,,인자 16 20 24 80; 다음 주소 DF5B,outside six documented raw segments
2097,2,DF5B,서브스트림 실행 / 런타임 확인 17h 계열 / 서브스트림 복귀,,17,17,,,,,17h 복귀 → DEFC,outside six documented raw segments
2098,2,DEFC~DEFE,서브스트림 실행 / 런타임 확인 13h 계열 제어토큰,,13 FC DF,13 FC DF,,,,,인자 FC DF; 다음 주소 DEFF,outside six documented raw segments
2099,2,DEFF~DF02,서브스트림 실행 / 런타임 확인 버퍼·영역 처리,,14 00 16 22,14 00 16 22,,,,,인자 00 16 22; 다음 주소 DF03,outside six documented raw segments
2100,2,DF03~DF06,서브스트림 실행 / 런타임 확인 버퍼·영역 처리,,14 01 3B 00,14 01 3B 00,,,,,인자 01 3B 00; 다음 주소 DF07,outside six documented raw segments
2101,2,DF07~DF0A,서브스트림 실행 / 런타임 확인 04h 계열 / CAA8 슬롯 포인터 설정,,04 2C E0 41,04 2C E0 41,,,,,E02C 포인터를 41h 슬롯에 설정; 다음 주소 DF0B,outside six documented raw segments
2102,2,DF0B~DF0E,서브스트림 실행 / 런타임 확인 04h 계열 / CAA8 슬롯 포인터 설정,,04 36 E0 42,04 36 E0 42,,,,,E036 포인터를 42h 슬롯에 설정; 다음 주소 DF0F,outside six documented raw segments
2103,2,DF0F~DF12,서브스트림 실행 / 런타임 확인 04h 계열 / CAA8 슬롯 포인터 설정,,04 40 E0 43,04 40 E0 43,,,,,E040 포인터를 43h 슬롯에 설정; 다음 주소 DF13,outside six documented raw segments
2104,2,DF13~DF14,서브스트림 실행 / 런타임 확인 25h 계열 / CA1D 입 움직임 효과음 인덱스 설정,,25 2C,25 2C,,,,,CA1D=2C; 다음 주소 DF15,outside six documented raw segments
2105,2,DF15,서브스트림 실행 / 런타임 확인 17h 계열 / 서브스트림 복귀,,17,17,,,,,17h 복귀 → DAD6,outside six documented raw segments
2106,2,DABC,런타임 확인 41~50h 계열 / CAA8[0] 슬롯 실행,,41,41,,,00,0x0432C,원본 분석표 2122번 DAD6 → 현재 DABC; 슬롯 토큰 41; 다음 본류 DAD7,mapped from six runtime-analysis RAM/raw formulas
2107,2,DABD~DABE,패치 슬롯 1193 | 한글 문자 | 이,이,89 8D,8A A2,380,8A A2,88 16,0x0432D | 0x0432E,원본 분석표 2123번 DAD7~DAD8=82 E2(や) → 패치 DABD~DABE=89 8D(이); 번역 48-001/015 · 이 / 토큰 89 8D / KANJI E2D0 / 가나다순 268,mapped from six runtime-analysis RAM/raw formulas
2108,2,DABF~DAC0,패치 슬롯 1194 | 한글 문자 | 제,제,89 A1,8A BB,405,8A BB,60 DD,0x0432F | 0x04330,원본 분석표 2124번 DAD9~DADA=82 C1(っ) → 패치 DABF~DAC0=89 A1(제); 번역 48-002/015 · 제 / 토큰 89 A1 / KANJI 6430 / 가나다순 291,mapped from six runtime-analysis RAM/raw formulas
2109,2,DAC1~DAC2,패치 슬롯 1195 | 한글 문자 | 야,야,89 6B,8A 66,321,8A 66,1E 16,0x04331 | 0x04332,원본 분석표 2125번 DADB~DADC=82 C6(と) → 패치 DAC1~DAC2=89 6B(야); 번역 48-003/015 · 야 / 토큰 89 6B / KANJI A2C0 / 가나다순 234,mapped from six runtime-analysis RAM/raw formulas
2110,2,DAC3~DAC4,패치 슬롯 1196 | 전각 공백 | ␠,␠,81 40,81 40,,81 40,A4 1E,0x04333 | 0x04334,원본 분석표 2126번 DADD~DADE=81 41(、) → 패치 DAC3~DAC4=81 40(␠); 번역 48-004/015 · ␠ / 토큰 81 40 / PC-88 전각 공백 토큰,mapped from six runtime-analysis RAM/raw formulas
2111,2,DAC5~DAC6,패치 슬롯 1197 | 한글 문자 | 겨,겨,89 F9,88 B3,21,88 B3,DA DC,0x04335 | 0x04336,원본 분석표 2127번 DADF~DAE0=83 86(ユ) → 패치 DAC5~DAC6=89 F9(겨); 번역 48-005/015 · 겨 / 토큰 89 F9 / KANJI E5B0 / 가나다순 15,mapped from six runtime-analysis RAM/raw formulas
2112,2,DAC7~DAC8,패치 슬롯 1198 | 한글 문자 | 우,우,89 81,8A 8E,360,8A 8E,16 A0,0x04337 | 0x04338,원본 분석표 2128번 DAE1~DAE2=81 5B(ー) → 패치 DAC7~DAC8=89 81(우); 번역 48-006/015 · 우 / 토큰 89 81 / KANJI E210 / 가나다순 256,mapped from six runtime-analysis RAM/raw formulas
2113,2,DAC9~DACA,패치 슬롯 1199 | 전각 공백 | ␠,␠,81 40,81 40,,81 40,DD 41,0x04339 | 0x0433A,원본 분석표 2129번 DAE3~DAE4=83 52(コ) → 패치 DAC9~DACA=81 40(␠); 번역 48-007/015 · ␠ / 토큰 81 40 / PC-88 전각 공백 토큰,mapped from six runtime-analysis RAM/raw formulas
2114,2,DACB~DACC,패치 슬롯 1200 | 한글 문자 | 유,유,89 86,8A 99,371,8A 99,83 81,0x0433B | 0x0433C,원본 분석표 2130번 DAE5~DAE6=82 E7(ら) → 패치 DACB~DACC=89 86(유); 번역 48-008/015 · 유 / 토큰 89 86 / KANJI E260 / 가나다순 261,mapped from six runtime-analysis RAM/raw formulas
2115,2,DACD~DACE,패치 슬롯 1201 | 한글 문자 | 코,코,89 C5,8A FC,470,8A FC,83 4B,0x0433D | 0x0433E,원본 분석표 2131번 DAE7~DAE8=82 B5(し) → 패치 DACD~DACE=89 C5(코); 번역 48-009/015 · 코 / 토큰 89 C5 / KANJI A470 / 가나다순 331,mapped from six runtime-analysis RAM/raw formulas
2116,2,DACF~DAD0,패치 슬롯 1202 | 한글 문자 | 다,다,82 E7,89 50,111,89 50,83 58,0x0433F | 0x04340,원본 분석표 2132번 DAE9~DAEA=82 AD(く) → 패치 DACF~DAD0=82 E7(다); 번역 48-010/015 · 다 / 토큰 82 E7 / KANJI 3890 / 가나다순 78,mapped from six runtime-analysis RAM/raw formulas
2117,2,DAD1~DAD2,패치 슬롯 1203 | 한글 문자 | 워,워,89 83,8A 93,365,8A 93,81 49,0x04341 | 0x04342,원본 분석표 2133번 DAEB~DAEC=82 C8(な) → 패치 DAD1~DAD2=89 83(워); 번역 48-011/015 · 워 / 토큰 89 83 / KANJI E230 / 가나다순 258,mapped from six runtime-analysis RAM/raw formulas
2118,2,DAD3~DAD4,패치 슬롯 1204 | 한글 문자 | 졌,졌,89 A2,8A BE,408,8A BE,16 F4,0x04343 | 0x04344,원본 분석표 2134번 DAED~DAEE=82 C1(っ) → 패치 DAD3~DAD4=89 A2(졌); 번역 48-012/015 · 졌 / 토큰 89 A2 / KANJI 6440 / 가나다순 292,mapped from six runtime-analysis RAM/raw formulas
2119,2,DAD5~DAD6,패치 슬롯 1205 | 한글 문자 | 네,네,82 D9,88 F8,90,88 F8,DE 41,0x04345 | 0x04346,원본 분석표 2135번 DAEF~DAF0=82 BD(た) → 패치 DAD5~DAD6=82 D9(네); 번역 48-013/015 · 네 / 토큰 82 D9 / KANJI 29B0 / 가나다순 64,mapped from six runtime-analysis RAM/raw formulas
2120,2,DAD7~DAD8,패치 슬롯 1206 | 문장부호 | 。,。,81 42,81 42,,81 42,82 E2,0x04347 | 0x04348,원본 분석표 2138번 DAF5~DAF6 → 현재 DAD7~DAD8; 번역 48-014/015 · 。 / 토큰 81 42 / PC-88 전각 마침표 토큰,mapped from six runtime-analysis RAM/raw formulas
2121,2,DAD9~DADA,패치 슬롯 1207 | 전각 공백 | ␠,␠,81 40,81 40,,81 40,82 C1,0x04349 | 0x0434A,편집기 추가 행; 번역 48-015/015 · ␠ / 토큰 81 40 / PC-88 전각 공백 토큰,mapped from six runtime-analysis RAM/raw formulas
2122,2,DADB,런타임 확인 61~70h 계열 / CAA8[0] 작업슬롯 비활성화,,61,61,,,82,0x0434B,원본 분석표 2139번 DAF7 → 현재 DADB; 비활성화 토큰 61; 다음 본류 DAF8,mapped from six runtime-analysis RAM/raw formulas
2123,2,DADC~DADE,런타임 확인 16h 계열 / 서브스트림 호출·전환 → DDBF,,16 BF DD,16 BF DD,,,C6 81 41,0x0434C | 0x0434D | 0x0434E,원본 분석표 2140번 DAF8~DAFA → 현재 DADC~DADE; 16h 호출 → DDBF; 복귀 주소 DAFB,mapped from six runtime-analysis RAM/raw formulas
2124,2,DDBF~DDC1,서브스트림 실행 / 런타임 확인 16h 계열 / 서브스트림 호출·전환 → DDD3,,16 D3 DD,16 D3 DD,,,,,16h 호출 → DDD3; 복귀 주소 DDC2,outside six documented raw segments
2125,2,DDD3~DDD7,서브스트림 실행 / 런타임 확인 0Fh 계열 제어토큰,,0F 05 2C 04 0E,0F 05 2C 04 0E,,,,,인자 05 2C 04 0E; 다음 주소 DDD8,outside six documented raw segments
2126,2,DDD8~DDDA,서브스트림 실행 / 런타임 확인 16h 계열 / 서브스트림 호출·전환 → DF4D,,16 4D DF,16 4D DF,,,,,16h 호출 → DF4D; 복귀 주소 DDDB,outside six documented raw segments
2127,2,DF4D~DF4F,서브스트림 실행 / 런타임 확인 1Eh 계열 / 간접 CALL,,1E 3C 08,1E 3C 08,,,,,호출 대상 083C; 처리 후 다음 주소 DF50,outside six documented raw segments
2128,2,DF50~DF55,서브스트림 실행 / 런타임 확인 영역·좌표 상태 설정·전개,,05 16 86 3A 9E 00,05 16 86 3A 9E 00,,,,,인자 16 86 3A 9E 00; 다음 주소 DF56,outside six documented raw segments
2129,2,DF56~DF5A,서브스트림 실행 / 런타임 확인 화면·버퍼 초기화·전개,,0E 16 20 24 80,0E 16 20 24 80,,,,,인자 16 20 24 80; 다음 주소 DF5B,outside six documented raw segments
2130,2,DF5B,서브스트림 실행 / 런타임 확인 17h 계열 / 서브스트림 복귀,,17,17,,,,,17h 복귀 → DDDB,outside six documented raw segments
2131,2,DDDB~DDDC,서브스트림 실행 / 런타임 확인 25h 계열 / CA1D 입 움직임 효과음 인덱스 설정,,25 2B,25 2B,,,,,CA1D=2B; 다음 주소 DDDD,outside six documented raw segments
2132,2,DDDD~DDE0,서브스트림 실행 / 런타임 확인 버퍼·영역 처리,,14 00 16 22,14 00 16 22,,,,,인자 00 16 22; 다음 주소 DDE1,outside six documented raw segments
2133,2,DDE1~DDE4,서브스트림 실행 / 런타임 확인 버퍼·영역 처리,,14 01 3B 00,14 01 3B 00,,,,,인자 01 3B 00; 다음 주소 DDE5,outside six documented raw segments
2134,2,DDE5~DDE8,서브스트림 실행 / 런타임 확인 04h 계열 / CAA8 슬롯 포인터 설정,,04 9A E0 44,04 9A E0 44,,,,,E09A 포인터를 44h 슬롯에 설정; 다음 주소 DDE9,outside six documented raw segments
2135,2,DDE9~DDEC,서브스트림 실행 / 런타임 확인 04h 계열 / CAA8 슬롯 포인터 설정,,04 CC E0 41,04 CC E0 41,,,,,E0CC 포인터를 41h 슬롯에 설정; 다음 주소 DDED,outside six documented raw segments
2136,2,DDED~DDF0,서브스트림 실행 / 런타임 확인 04h 계열 / CAA8 슬롯 포인터 설정,,04 D6 E0 42,04 D6 E0 42,,,,,E0D6 포인터를 42h 슬롯에 설정; 다음 주소 DDF1,outside six documented raw segments
2137,2,DDF1,서브스트림 실행 / 런타임 확인 17h 계열 / 서브스트림 복귀,,17,17,,,,,17h 복귀 → DDC2,outside six documented raw segments
2138,2,DDC2~DDC5,서브스트림 실행 / 런타임 확인 04h 계열 / CAA8 슬롯 포인터 설정,,04 E0 E0 43,04 E0 E0 43,,,,,E0E0 포인터를 43h 슬롯에 설정; 다음 주소 DDC6,outside six documented raw segments
2139,2,DDC6,서브스트림 실행 / 런타임 확인 41~50h 계열 / CAA8[1] 슬롯 실행,,42,42,,,,,슬롯 토큰 42; 다음 주소 DDC7,outside six documented raw segments
2140,2,DDC7~DDC9,서브스트림 실행 / 런타임 확인 13h 계열 제어토큰,,13 BC DF,13 BC DF,,,,,인자 BC DF; 다음 주소 DDCA,outside six documented raw segments
2141,2,DDCA,서브스트림 실행 / 런타임 확인 17h 계열 / 서브스트림 복귀,,17,17,,,,,17h 복귀 → DAFB,outside six documented raw segments
2142,2,DADF,런타임 확인 41~50h 계열 / CAA8[2] 슬롯 실행,,43,43,,,83,0x0434F,원본 분석표 2159번 DAFB → 현재 DADF; 슬롯 토큰 43; 다음 본류 DAFC,mapped from six runtime-analysis RAM/raw formulas
2143,2,DAE0~DAE1,패치 슬롯 1208 | 한글 문자 | 레,레,88 C0,89 93,177,89 93,86 81,0x04350 | 0x04351,원본 분석표 2160번 DAFC~DAFD=83 8C(レ) → 패치 DAE0~DAE1=88 C0(레); 번역 49-001/027 · 레 / 토큰 88 C0 / KANJI A020 / 가나다순 125,mapped from six runtime-analysis RAM/raw formulas
2144,2,DAE2~DAE3,패치 슬롯 1209 | 한글 문자 | 이,이,89 8D,8A A2,380,8A A2,5B 83,0x04352 | 0x04353,원본 분석표 2161번 DAFE~DAFF=83 43(イ) → 패치 DAE2~DAE3=89 8D(이); 번역 49-002/027 · 이 / 토큰 89 8D / KANJI E2D0 / 가나다순 268,mapped from six runtime-analysis RAM/raw formulas
2145,2,DAE4~DAE5,패치 슬롯 1210 | 한글 문자 | 코,코,89 C5,8A FC,470,8A FC,52 82,0x04354 | 0x04355,원본 분석표 2162번 DB00~DB01=83 52(コ) → 패치 DAE4~DAE5=89 C5(코); 번역 49-003/027 · 코 / 토큰 89 C5 / KANJI A470 / 가나다순 331,mapped from six runtime-analysis RAM/raw formulas
2146,2,DAE6~DAE7,패치 슬롯 1211 | 문장부호 | ・,・,81 45,81 45,,81 45,E7 82,0x04356 | 0x04357,원본 분석표 2163번 DB02~DB03 → 현재 DAE6~DAE7; 번역 49-004/027 · ・ / 토큰 81 45 / PC-88 가운데점 토큰,mapped from six runtime-analysis RAM/raw formulas
2147,2,DAE8~DAE9,패치 슬롯 1212 | 문장부호 | ・,・,81 45,81 45,,81 45,B5 82,0x04358 | 0x04359,원본 분석표 2164번 DB04~DB05 → 현재 DAE8~DAE9; 번역 49-005/027 · ・ / 토큰 81 45 / PC-88 가운데점 토큰,mapped from six runtime-analysis RAM/raw formulas
2148,2,DAEA~DAEB,패치 슬롯 1213 | 문장부호 | ・,・,81 45,81 45,,81 45,AD 82,0x0435A | 0x0435B,원본 분석표 2165번 DB06~DB07 → 현재 DAEA~DAEB; 번역 49-006/027 · ・ / 토큰 81 45 / PC-88 가운데점 토큰,mapped from six runtime-analysis RAM/raw formulas
2149,2,DAEC~DAED,패치 슬롯 1214 | 문장부호 | 。,。,81 42,81 42,,81 42,C8 82,0x0435C | 0x0435D,원본 분석표 2166번 DB08~DB09 → 현재 DAEC~DAED; 번역 49-007/027 · 。 / 토큰 81 42 / PC-88 전각 마침표 토큰,mapped from six runtime-analysis RAM/raw formulas
2150,2,DAEE~DAEF,패치 슬롯 1215 | 한글 문자 | 고,고,82 B1,88 BB,29,88 BB,C1 82,0x0435E | 0x0435F,원본 분석표 2167번 DB0A~DB0B=82 A0(あ) → 패치 DAEE~DAEF=82 B1(고); 번역 49-008/027 · 고 / 토큰 82 B1 / KANJI 1930 / 가나다순 21,mapped from six runtime-analysis RAM/raw formulas
2151,2,DAF0~DAF1,패치 슬롯 1216 | 한글 문자 | 마,마,88 D1,89 AA,200,89 AA,BD 82,0x04360 | 0x04361,원본 분석표 2168번 DB0C~DB0D=82 E8(り) → 패치 DAF0~DAF1=88 D1(마); 번역 49-009/027 · 마 / 토큰 88 D1 / KANJI A130 / 가나다순 142,mapped from six runtime-analysis RAM/raw formulas
2152,2,DAF2~DAF3,패치 슬롯 1217 | 한글 문자 | 워,워,89 83,8A 93,365,8A 93,ED 82,0x04362 | 0x04363,원본 분석표 2169번 DB0E~DB0F=82 AA(が) → 패치 DAF2~DAF3=89 83(워); 번역 49-010/027 · 워 / 토큰 89 83 / KANJI E230 / 가나다순 258,mapped from six runtime-analysis RAM/raw formulas
2153,2,DAF4~DAF5,패치 슬롯 1218 | 문장부호 | 。,。,81 42,81 42,,81 42,CB 81,0x04364 | 0x04365,원본 분석표 2170번 DB10~DB11=82 C6(と) → 패치 DAF4~DAF5=81 42(。); 번역 49-011/027 · 。 / 토큰 81 42 / PC-88 전각 마침표 토큰,mapped from six runtime-analysis RAM/raw formulas
2154,2,DAF6~DAF7,패치 슬롯 1219 | 한글 문자 | 넌,넌,8A 63,88 F4,86,88 F4,42 61,0x04366 | 0x04367,원본 분석표 2171번 DB12~DB13=82 A4(う) → 패치 DAF6~DAF7=8A 63(넌); 번역 49-012/027 · 넌 / 토큰 8A 63 / KANJI A640 / 가나다순 401,mapped from six runtime-analysis RAM/raw formulas
2155,2,DAF8~DAF9,패치 슬롯 1220 | 전각 공백 | ␠,␠,81 40,81 40,,81 40,16 BF,0x04368 | 0x04369,원본 분석표 2172번 DB14~DB15=81 42(。) → 패치 DAF8~DAF9=81 40(␠); 번역 49-013/027 · ␠ / 토큰 81 40 / PC-88 전각 공백 토큰,mapped from six runtime-analysis RAM/raw formulas
2156,2,DAFA~DAFB,패치 슬롯 1221 | 한글 문자 | 줄,줄,89 AD,8A CB,421,8A CB,DD 43,0x0436A | 0x0436B,원본 분석표 2173번 DB16~DB17=82 A0(あ) → 패치 DAFA~DAFB=89 AD(줄); 번역 49-014/027 · 줄 / 토큰 89 AD / KANJI 64F0 / 가나다순 303,mapped from six runtime-analysis RAM/raw formulas
2157,2,DAFC~DAFD,패치 슬롯 1222 | 한글 문자 | 곧,곧,89 FB,88 BE,32,88 BE,83 8C,0x0436C | 0x0436D,원본 분석표 2174번 DB18~DB19=82 C8(な) → 패치 DAFC~DAFD=89 FB(곧); 번역 49-015/027 · 곧 / 토큰 89 FB / KANJI E5D0 / 가나다순 22,mapped from six runtime-analysis RAM/raw formulas
2158,2,DAFE~DAFF,패치 슬롯 1223 | 전각 공백 | ␠,␠,81 40,81 40,,81 40,83 43,0x0436E | 0x0436F,원본 분석표 2175번 DB1A~DB1B=82 BD(た) → 패치 DAFE~DAFF=81 40(␠); 번역 49-016/027 · ␠ / 토큰 81 40 / PC-88 전각 공백 토큰,mapped from six runtime-analysis RAM/raw formulas
2159,2,DB00~DB01,패치 슬롯 1224 | 한글 문자 | 날,날,82 D0,88 EA,76,88 EA,83 52,0x04370 | 0x04371,원본 분석표 2176번 DB1C~DB1D=82 CD(は) → 패치 DB00~DB01=82 D0(날); 번역 49-017/027 · 날 / 토큰 82 D0 / KANJI 2920 / 가나다순 54,mapped from six runtime-analysis RAM/raw formulas
2160,2,DB02~DB03,패치 슬롯 1225 | 전각 공백 | ␠,␠,81 40,81 40,,81 40,81 45,0x04372 | 0x04373,원본 분석표 2177번 DB1E~DB1F=83 8F(ワ) → 패치 DB02~DB03=81 40(␠); 번역 49-018/027 · ␠ / 토큰 81 40 / PC-88 전각 공백 토큰,mapped from six runtime-analysis RAM/raw formulas
2161,2,DB04~DB05,패치 슬롯 1226 | 한글 문자 | 지,지,89 B3,8A D4,430,8A D4,81 45,0x04374 | 0x04375,원본 분석표 2178번 DB20~DB21=83 5E(タ) → 패치 DB04~DB05=89 B3(지); 번역 49-019/027 · 지 / 토큰 89 B3 / KANJI 6550 / 가나다순 309,mapped from six runtime-analysis RAM/raw formulas
2162,2,DB06~DB07,패치 슬롯 1227 | 한글 문자 | 켜,켜,89 C4,8A FB,469,8A FB,81 45,0x04376 | 0x04377,원본 분석표 2179번 DB22~DB23=83 56(シ) → 패치 DB06~DB07=89 C4(켜); 번역 49-020/027 · 켜 / 토큰 89 C4 / KANJI A460 / 가나다순 330,mapped from six runtime-analysis RAM/raw formulas
2163,2,DB08~DB09,패치 슬롯 1228 | 한글 문자 | 봐,봐,88 F9,89 E0,254,89 E0,81 42,0x04378 | 0x04379,원본 분석표 2180번 DB24~DB25=82 F0(を) → 패치 DB08~DB09=88 F9(봐); 번역 49-021/027 · 봐 / 토큰 88 F9 / KANJI E1B0 / 가나다순 184,mapped from six runtime-analysis RAM/raw formulas
2164,2,DB0A~DB0B,패치 슬롯 1229 | 한글 문자 | 주,주,89 AA,8A C8,418,8A C8,82 A0,0x0437A | 0x0437B,원본 분석표 2181번 DB26~DB27=82 B8(ず) → 패치 DB0A~DB0B=89 AA(주); 번역 49-022/027 · 주 / 토큰 89 AA / KANJI 64C0 / 가나다순 300,mapped from six runtime-analysis RAM/raw formulas
2165,2,DB0C~DB0D,패치 슬롯 1230 | 한글 문자 | 었,었,89 6F,8A 71,332,8A 71,82 E8,0x0437C | 0x0437D,원본 분석표 2182번 DB28~DB29=82 C1(っ) → 패치 DB0C~DB0D=89 6F(었); 번역 49-023/027 · 었 / 토큰 89 6F / KANJI A300 / 가나다순 238,mapped from six runtime-analysis RAM/raw formulas
2166,2,DB0E~DB0F,패치 슬롯 1231 | 한글 문자 | 구,구,82 B7,88 C7,41,88 C7,82 AA,0x0437E | 0x0437F,원본 분석표 2183번 DB2A~DB2B=82 C6(と) → 패치 DB0E~DB0F=82 B7(구); 번역 49-024/027 · 구 / 토큰 82 B7 / KANJI 1990 / 가나다순 28,mapped from six runtime-analysis RAM/raw formulas
2167,2,DB10~DB11,패치 슬롯 1232 | 한글 문자 | 나,나,82 CE,88 E8,74,88 E8,82 C6,0x04380 | 0x04381,원본 분석표 2184번 DB2C~DB2D=8C A9(見) → 패치 DB10~DB11=82 CE(나); 번역 49-025/027 · 나 / 토큰 82 CE / KANJI 2900 / 가나다순 52,mapped from six runtime-analysis RAM/raw formulas
2168,2,DB12~DB13,패치 슬롯 1233 | 문장부호 | 。,。,81 42,81 42,,81 42,82 A4,0x04382 | 0x04383,원본 분석표 2193번 DB3E~DB3F → 현재 DB12~DB13; 번역 49-026/027 · 。 / 토큰 81 42 / PC-88 전각 마침표 토큰,mapped from six runtime-analysis RAM/raw formulas
2169,2,DB14~DB15,패치 슬롯 1234 | 전각 공백 | ␠,␠,81 40,81 40,,81 40,81 42,0x04384 | 0x04385,편집기 추가 행; 번역 49-027/027 · ␠ / 토큰 81 40 / PC-88 전각 공백 토큰,mapped from six runtime-analysis RAM/raw formulas
2170,2,DB16,런타임 확인 61~70h 계열 / CAA8[2] 작업슬롯 비활성화,,63,63,,,82,0x04386,원본 분석표 2194번 DB40 → 현재 DB16; 비활성화 토큰 63; 다음 본류 DB41,mapped from six runtime-analysis RAM/raw formulas
2171,2,DB17~DB19,런타임 확인 16h 계열 / 서브스트림 호출·전환 → DEA8,,16 A8 DE,16 A8 DE,,,A0 82 C8,0x04387 | 0x04388 | 0x04389,원본 분석표 2195번 DB41~DB43 → 현재 DB17~DB19; 16h 호출 → DEA8; 복귀 주소 DB44,mapped from six runtime-analysis RAM/raw formulas
2172,2,DEA8~DEAC,서브스트림 실행 / 런타임 확인 0Fh 계열 제어토큰,,0F 02 28 04 0E,0F 02 28 04 0E,,,,,인자 02 28 04 0E; 다음 주소 DEAD,outside six documented raw segments
2173,2,DEAD~DEAF,서브스트림 실행 / 런타임 확인 16h 계열 / 서브스트림 호출·전환 → DF4D,,16 4D DF,16 4D DF,,,,,16h 호출 → DF4D; 복귀 주소 DEB0,outside six documented raw segments
2174,2,DF4D~DF4F,서브스트림 실행 / 런타임 확인 1Eh 계열 / 간접 CALL,,1E 3C 08,1E 3C 08,,,,,호출 대상 083C; 처리 후 다음 주소 DF50,outside six documented raw segments
2175,2,DF50~DF55,서브스트림 실행 / 런타임 확인 영역·좌표 상태 설정·전개,,05 16 86 3A 9E 00,05 16 86 3A 9E 00,,,,,인자 16 86 3A 9E 00; 다음 주소 DF56,outside six documented raw segments
2176,2,DF56~DF5A,서브스트림 실행 / 런타임 확인 화면·버퍼 초기화·전개,,0E 16 20 24 80,0E 16 20 24 80,,,,,인자 16 20 24 80; 다음 주소 DF5B,outside six documented raw segments
2177,2,DF5B,서브스트림 실행 / 런타임 확인 17h 계열 / 서브스트림 복귀,,17,17,,,,,17h 복귀 → DEB0,outside six documented raw segments
2178,2,DEB0~DEB3,서브스트림 실행 / 런타임 확인 버퍼·영역 처리,,14 00 16 22,14 00 16 22,,,,,인자 00 16 22; 다음 주소 DEB4,outside six documented raw segments
2179,2,DEB4~DEB7,서브스트림 실행 / 런타임 확인 버퍼·영역 처리,,14 01 3B 00,14 01 3B 00,,,,,인자 01 3B 00; 다음 주소 DEB8,outside six documented raw segments
2180,2,DEB8~DEBB,서브스트림 실행 / 런타임 확인 버퍼·영역 처리,,14 02 16 60,14 02 16 60,,,,,인자 02 16 60; 다음 주소 DEBC,outside six documented raw segments
2181,2,DEBC~DEBF,서브스트림 실행 / 런타임 확인 04h 계열 / CAA8 슬롯 포인터 설정,,04 2C E0 41,04 2C E0 41,,,,,E02C 포인터를 41h 슬롯에 설정; 다음 주소 DEC0,outside six documented raw segments
2182,2,DEC0~DEC3,서브스트림 실행 / 런타임 확인 04h 계열 / CAA8 슬롯 포인터 설정,,04 36 E0 42,04 36 E0 42,,,,,E036 포인터를 42h 슬롯에 설정; 다음 주소 DEC4,outside six documented raw segments
2183,2,DEC4~DEC7,서브스트림 실행 / 런타임 확인 04h 계열 / CAA8 슬롯 포인터 설정,,04 4A E0 43,04 4A E0 43,,,,,E04A 포인터를 43h 슬롯에 설정; 다음 주소 DEC8,outside six documented raw segments
2184,2,DEC8~DECA,서브스트림 실행 / 런타임 확인 13h 계열 제어토큰,,13 FC DF,13 FC DF,,,,,인자 FC DF; 다음 주소 DECB,outside six documented raw segments
2185,2,DECB~DECC,서브스트림 실행 / 런타임 확인 25h 계열 / CA1D 입 움직임 효과음 인덱스 설정,,25 2C,25 2C,,,,,CA1D=2C; 다음 주소 DECD,outside six documented raw segments
2186,2,DECD,서브스트림 실행 / 런타임 확인 17h 계열 / 서브스트림 복귀,,17,17,,,,,17h 복귀 → DB44,outside six documented raw segments
2187,2,DB1A,런타임 확인 41~50h 계열 / CAA8[0] 슬롯 실행,,41,41,,,82,0x0438A,원본 분석표 2211번 DB44 → 현재 DB1A; 슬롯 토큰 41; 다음 본류 DB45,mapped from six runtime-analysis RAM/raw formulas
2188,2,DB1B,런타임 확인 41~50h 계열 / CAA8[2] 슬롯 실행,,43,43,,,BD,0x0438B,원본 분석표 2212번 DB45 → 현재 DB1B; 슬롯 토큰 43; 다음 본류 DB46,mapped from six runtime-analysis RAM/raw formulas
2189,2,DB1C~DB1D,패치 슬롯 1235 | 한글 문자 | 응,응,8A 79,8A A0,378,8A A0,82 CD,0x0438C | 0x0438D,원본 분석표 2213번 DB46~DB47=82 A6(え) → 패치 DB1C~DB1D=8A 79(응); 번역 50-001/003 · 응 / 토큰 8A 79 / KANJI A7A0 / 가나다순 423,mapped from six runtime-analysis RAM/raw formulas
2190,2,DB1E~DB1F,패치 슬롯 1236 | 문장부호 | 。,。,81 42,81 42,,81 42,83 8F,0x0438E | 0x0438F,원본 분석표 2215번 DB4A~DB4B → 현재 DB1E~DB1F; 번역 50-002/003 · 。 / 토큰 81 42 / PC-88 전각 마침표 토큰,mapped from six runtime-analysis RAM/raw formulas
2191,2,DB20~DB21,패치 슬롯 1237 | 전각 공백 | ␠,␠,81 40,81 40,,81 40,83 5E,0x04390 | 0x04391,편집기 추가 행; 번역 50-003/003 · ␠ / 토큰 81 40 / PC-88 전각 공백 토큰,mapped from six runtime-analysis RAM/raw formulas
2192,2,DB22,런타임 확인 61~70h 계열 / CAA8[0] 작업슬롯 비활성화,,61,61,,,83,0x04392,원본 분석표 2216번 DB4C → 현재 DB22; 비활성화 토큰 61; 다음 본류 DB4D,mapped from six runtime-analysis RAM/raw formulas
2193,2,DB23~DB25,런타임 확인 16h 계열 / 서브스트림 호출·전환 → DDBF,,16 BF DD,16 BF DD,,,56 82 F0,0x04393 | 0x04394 | 0x04395,원본 분석표 2217번 DB4D~DB4F → 현재 DB23~DB25; 16h 호출 → DDBF; 복귀 주소 DB50,mapped from six runtime-analysis RAM/raw formulas
2194,2,DDBF~DDC1,서브스트림 실행 / 런타임 확인 16h 계열 / 서브스트림 호출·전환 → DDD3,,16 D3 DD,16 D3 DD,,,,,16h 호출 → DDD3; 복귀 주소 DDC2,outside six documented raw segments
2195,2,DDD3~DDD7,서브스트림 실행 / 런타임 확인 0Fh 계열 제어토큰,,0F 05 2C 04 0E,0F 05 2C 04 0E,,,,,인자 05 2C 04 0E; 다음 주소 DDD8,outside six documented raw segments
2196,2,DDD8~DDDA,서브스트림 실행 / 런타임 확인 16h 계열 / 서브스트림 호출·전환 → DF4D,,16 4D DF,16 4D DF,,,,,16h 호출 → DF4D; 복귀 주소 DDDB,outside six documented raw segments
2197,2,DF4D~DF4F,서브스트림 실행 / 런타임 확인 1Eh 계열 / 간접 CALL,,1E 3C 08,1E 3C 08,,,,,호출 대상 083C; 처리 후 다음 주소 DF50,outside six documented raw segments
2198,2,DF50~DF55,서브스트림 실행 / 런타임 확인 영역·좌표 상태 설정·전개,,05 16 86 3A 9E 00,05 16 86 3A 9E 00,,,,,인자 16 86 3A 9E 00; 다음 주소 DF56,outside six documented raw segments
2199,2,DF56~DF5A,서브스트림 실행 / 런타임 확인 화면·버퍼 초기화·전개,,0E 16 20 24 80,0E 16 20 24 80,,,,,인자 16 20 24 80; 다음 주소 DF5B,outside six documented raw segments
2200,2,DF5B,서브스트림 실행 / 런타임 확인 17h 계열 / 서브스트림 복귀,,17,17,,,,,17h 복귀 → DDDB,outside six documented raw segments
2201,2,DDDB~DDDC,서브스트림 실행 / 런타임 확인 25h 계열 / CA1D 입 움직임 효과음 인덱스 설정,,25 2B,25 2B,,,,,CA1D=2B; 다음 주소 DDDD,outside six documented raw segments
2202,2,DDDD~DDE0,서브스트림 실행 / 런타임 확인 버퍼·영역 처리,,14 00 16 22,14 00 16 22,,,,,인자 00 16 22; 다음 주소 DDE1,outside six documented raw segments
2203,2,DDE1~DDE4,서브스트림 실행 / 런타임 확인 버퍼·영역 처리,,14 01 3B 00,14 01 3B 00,,,,,인자 01 3B 00; 다음 주소 DDE5,outside six documented raw segments
2204,2,DDE5~DDE8,서브스트림 실행 / 런타임 확인 04h 계열 / CAA8 슬롯 포인터 설정,,04 9A E0 44,04 9A E0 44,,,,,E09A 포인터를 44h 슬롯에 설정; 다음 주소 DDE9,outside six documented raw segments
2205,2,DDE9~DDEC,서브스트림 실행 / 런타임 확인 04h 계열 / CAA8 슬롯 포인터 설정,,04 CC E0 41,04 CC E0 41,,,,,E0CC 포인터를 41h 슬롯에 설정; 다음 주소 DDED,outside six documented raw segments
2206,2,DDED~DDF0,서브스트림 실행 / 런타임 확인 04h 계열 / CAA8 슬롯 포인터 설정,,04 D6 E0 42,04 D6 E0 42,,,,,E0D6 포인터를 42h 슬롯에 설정; 다음 주소 DDF1,outside six documented raw segments
2207,2,DDF1,서브스트림 실행 / 런타임 확인 17h 계열 / 서브스트림 복귀,,17,17,,,,,17h 복귀 → DDC2,outside six documented raw segments
2208,2,DDC2~DDC5,서브스트림 실행 / 런타임 확인 04h 계열 / CAA8 슬롯 포인터 설정,,04 E0 E0 43,04 E0 E0 43,,,,,E0E0 포인터를 43h 슬롯에 설정; 다음 주소 DDC6,outside six documented raw segments
2209,2,DDC6,서브스트림 실행 / 런타임 확인 41~50h 계열 / CAA8[1] 슬롯 실행,,42,42,,,,,슬롯 토큰 42; 다음 주소 DDC7,outside six documented raw segments
2210,2,DDC7~DDC9,서브스트림 실행 / 런타임 확인 13h 계열 제어토큰,,13 BC DF,13 BC DF,,,,,인자 BC DF; 다음 주소 DDCA,outside six documented raw segments
2211,2,DDCA,서브스트림 실행 / 런타임 확인 17h 계열 / 서브스트림 복귀,,17,17,,,,,17h 복귀 → DB50,outside six documented raw segments
2212,2,DB26,런타임 확인 41~50h 계열 / CAA8[2] 슬롯 실행,,43,43,,,82,0x04396,원본 분석표 2236번 DB50 → 현재 DB26; 슬롯 토큰 43; 다음 본류 DB51,mapped from six runtime-analysis RAM/raw formulas
2213,2,DB27~DB28,패치 슬롯 1238 | 한글 문자 | 꿈,꿈,82 CB,88 E3,69,88 E3,B8 82,0x04397 | 0x04398,원본 분석표 2237번 DB51~DB52=96 B2(夢) → 패치 DB27~DB28=82 CB(꿈); 번역 51-001/024 · 꿈 / 토큰 82 CB / KANJI 28D0 / 가나다순 49,mapped from six runtime-analysis RAM/raw formulas
2214,2,DB29~DB2A,패치 슬롯 1239 | 한글 문자 | 속,속,89 51,8A 41,284,8A 41,C1 82,0x04399 | 0x0439A,원본 분석표 2238번 DB53~DB54=82 CC(の) → 패치 DB29~DB2A=89 51(속); 번역 51-002/024 · 속 / 토큰 89 51 / KANJI 6320 / 가나다순 205,mapped from six runtime-analysis RAM/raw formulas
2215,2,DB2B~DB2C,패치 슬롯 1240 | 한글 문자 | 에,에,89 70,8A 72,333,8A 72,C6 8C,0x0439B | 0x0439C,원본 분석표 2239번 DB55~DB56=92 86(中) → 패치 DB2B~DB2C=89 70(에); 번역 51-003/024 · 에 / 토큰 89 70 / KANJI A310 / 가나다순 239,mapped from six runtime-analysis RAM/raw formulas
2216,2,DB2D~DB2E,패치 슬롯 1241 | 한글 문자 | 서,서,89 49,89 F2,272,89 F2,A9 82,0x0439D | 0x0439E,원본 분석표 2240번 DB57~DB58=82 C5(で) → 패치 DB2D~DB2E=89 49(서); 번역 51-004/024 · 서 / 토큰 89 49 / KANJI 62A0 / 가나다순 197,mapped from six runtime-analysis RAM/raw formulas
2217,2,DB2F~DB30,패치 슬롯 1242 | 전각 공백 | ␠,␠,81 40,81 40,,81 40,C4 82,0x0439F | 0x043A0,원본 분석표 2241번 DB59~DB5A=83 8F(ワ) → 패치 DB2F~DB30=81 40(␠); 번역 51-005/024 · ␠ / 토큰 81 40 / PC-88 전각 공백 토큰,mapped from six runtime-analysis RAM/raw formulas
2218,2,DB31~DB32,패치 슬롯 1243 | 한글 문자 | 나,나,82 CE,88 E8,74,88 E8,A2 82,0x043A1 | 0x043A2,원본 분석표 2242번 DB5B~DB5C=83 5E(タ) → 패치 DB31~DB32=82 CE(나); 번역 51-006/024 · 나 / 토큰 82 CE / KANJI 2900 / 가나다순 52,mapped from six runtime-analysis RAM/raw formulas
2219,2,DB33~DB34,패치 슬롯 1244 | 한글 문자 | 에,에,89 70,8A 72,333,8A 72,C4 82,0x043A3 | 0x043A4,원본 분석표 2243번 DB5D~DB5E=83 56(シ) → 패치 DB33~DB34=89 70(에); 번역 51-007/024 · 에 / 토큰 89 70 / KANJI A310 / 가나다순 239,mapped from six runtime-analysis RAM/raw formulas
2220,2,DB35~DB36,패치 슬롯 1245 | 한글 문자 | 게,게,82 AB,88 B1,19,88 B1,AD 82,0x043A5 | 0x043A6,원본 분석표 2244번 DB5F~DB60=82 C9(に) → 패치 DB35~DB36=82 AB(게); 번역 51-008/024 · 게 / 토큰 82 AB / KANJI 18D0 / 가나다순 13,mapped from six runtime-analysis RAM/raw formulas
2221,2,DB37~DB38,패치 슬롯 1246 | 전각 공백 | ␠,␠,81 40,81 40,,81 40,EA 82,0x043A7 | 0x043A8,원본 분석표 2245번 DB61~DB62=8C EA(語) → 패치 DB37~DB38=81 40(␠); 번역 51-009/024 · ␠ / 토큰 81 40 / PC-88 전각 공백 토큰,mapped from six runtime-analysis RAM/raw formulas
2222,2,DB39~DB3A,패치 슬롯 1247 | 한글 문자 | 말,말,88 D3,89 AD,203,89 AD,BD 82,0x043A9 | 0x043AA,원본 분석표 2246번 DB63~DB64=82 E8(り) → 패치 DB39~DB3A=88 D3(말); 번역 51-010/024 · 말 / 토큰 88 D3 / KANJI A150 / 가나다순 145,mapped from six runtime-analysis RAM/raw formulas
2223,2,DB3B~DB3C,패치 슬롯 1248 | 한글 문자 | 을,을,89 8A,8A 9E,376,8A 9E,CC 82,0x043AB | 0x043AC,원본 분석표 2247번 DB65~DB66=82 A9(か) → 패치 DB3B~DB3C=89 8A(을); 번역 51-011/024 · 을 / 토큰 89 8A / KANJI E2A0 / 가나다순 265,mapped from six runtime-analysis RAM/raw formulas
2224,2,DB3D~DB3E,패치 슬롯 1249 | 전각 공백 | ␠,␠,81 40,81 40,,81 40,CB 81,0x043AD | 0x043AE,원본 분석표 2248번 DB67~DB68=82 AF(け) → 패치 DB3D~DB3E=81 40(␠); 번역 51-012/024 · ␠ / 토큰 81 40 / PC-88 전각 공백 토큰,mapped from six runtime-analysis RAM/raw formulas
2225,2,DB3F~DB40,패치 슬롯 1250 | 한글 문자 | 걸,걸,82 A8,88 AD,15,88 AD,42 63,0x043AF | 0x043B0,원본 분석표 2249번 DB69~DB6A=82 C4(て) → 패치 DB3F~DB40=82 A8(걸); 번역 51-013/024 · 걸 / 토큰 82 A8 / KANJI 18A0 / 가나다순 10,mapped from six runtime-analysis RAM/raw formulas
2226,2,DB41~DB42,패치 슬롯 1251 | 한글 문자 | 어,어,89 6C,8A 6A,325,8A 6A,16 A8,0x043B1 | 0x043B2,원본 분석표 2250번 DB6B~DB6C=82 AD(く) → 패치 DB41~DB42=89 6C(어); 번역 51-014/024 · 어 / 토큰 89 6C / KANJI A2D0 / 가나다순 235,mapped from six runtime-analysis RAM/raw formulas
2227,2,DB43~DB44,패치 슬롯 1252 | 한글 문자 | 준,준,89 AC,8A CA,420,8A CA,DE 41,0x043B3 | 0x043B4,원본 분석표 2251번 DB6D~DB6E=82 EA(れ) → 패치 DB43~DB44=89 AC(준); 번역 51-015/024 · 준 / 토큰 89 AC / KANJI 64E0 / 가나다순 302,mapped from six runtime-analysis RAM/raw formulas
2228,2,DB45~DB46,패치 슬롯 1253 | 전각 공백 | ␠,␠,81 40,81 40,,81 40,43 82,0x043B5 | 0x043B6,원본 분석표 2252번 DB6F~DB70=82 BD(た) → 패치 DB45~DB46=81 40(␠); 번역 51-016/024 · ␠ / 토큰 81 40 / PC-88 전각 공백 토큰,mapped from six runtime-analysis RAM/raw formulas
2229,2,DB47~DB48,패치 슬롯 1254 | 한글 문자 | 것,것,82 AA,88 B0,18,88 B0,A6 82,0x043B7 | 0x043B8,원본 분석표 2253번 DB71~DB72=82 C5(で) → 패치 DB47~DB48=82 AA(것); 번역 51-017/024 · 것 / 토큰 82 AA / KANJI 18C0 / 가나다순 12,mapped from six runtime-analysis RAM/raw formulas
2230,2,DB49~DB4A,패치 슬롯 1255 | 한글 문자 | 도,도,82 F1,89 5E,125,89 5E,C1 81,0x043B9 | 0x043BA,원본 분석표 2254번 DB73~DB74=82 B5(し) → 패치 DB49~DB4A=82 F1(도); 번역 51-018/024 · 도 / 토큰 82 F1 / KANJI 3930 / 가나다순 89,mapped from six runtime-analysis RAM/raw formulas
2231,2,DB4B~DB4C,패치 슬롯 1256 | 한글 문자 | 너,너,82 D6,88 F3,85,88 F3,42 61,0x043BB | 0x043BC,원본 분석표 2256번 DB77~DB78=82 A4(う) → 패치 DB4B~DB4C=82 D6(너); 번역 51-019/024 · 너 / 토큰 82 D6 / KANJI 2980 / 가나다순 60,mapped from six runtime-analysis RAM/raw formulas
2232,2,DB4D~DB4E,패치 슬롯 1257 | 한글 문자 | 였,였,89 75,8A 7A,341,8A 7A,16 BF,0x043BD | 0x043BE,편집기 추가 행; 번역 51-020/024 · 였 / 토큰 89 75 / KANJI A360 / 가나다순 244,mapped from six runtime-analysis RAM/raw formulas
2233,2,DB4F~DB50,패치 슬롯 1258 | 한글 문자 | 구,구,82 B7,88 C7,41,88 C7,DD 43,0x043BF | 0x043C0,편집기 추가 행; 번역 51-021/024 · 구 / 토큰 82 B7 / KANJI 1990 / 가나다순 28,mapped from six runtime-analysis RAM/raw formulas
2234,2,DB51~DB52,패치 슬롯 1259 | 한글 문자 | 나,나,82 CE,88 E8,74,88 E8,96 B2,0x043C1 | 0x043C2,편집기 추가 행; 번역 51-022/024 · 나 / 토큰 82 CE / KANJI 2900 / 가나다순 52,mapped from six runtime-analysis RAM/raw formulas
2235,2,DB53~DB54,패치 슬롯 1260 | 문장부호 | 。,。,81 42,81 42,,81 42,82 CC,0x043C3 | 0x043C4,원본 분석표 2257번 DB79~DB7A → 현재 DB53~DB54; 번역 51-023/024 · 。 / 토큰 81 42 / PC-88 전각 마침표 토큰,mapped from six runtime-analysis RAM/raw formulas
2236,2,DB55~DB56,패치 슬롯 1261 | 전각 공백 | ␠,␠,81 40,81 40,,81 40,92 86,0x043C5 | 0x043C6,편집기 추가 행; 번역 51-024/024 · ␠ / 토큰 81 40 / PC-88 전각 공백 토큰,mapped from six runtime-analysis RAM/raw formulas
2237,2,DB57,런타임 확인 61~70h 계열 / CAA8[2] 작업슬롯 비활성화,,63,63,,,82,0x043C7,원본 분석표 2258번 DB7B → 현재 DB57; 비활성화 토큰 63; 다음 본류 DB7C,mapped from six runtime-analysis RAM/raw formulas
2238,2,DB58~DB5A,런타임 확인 16h 계열 / 서브스트림 호출·전환 → DE81,,16 81 DE,16 81 DE,,,C5 83 8F,0x043C8 | 0x043C9 | 0x043CA,원본 분석표 2259번 DB7C~DB7E → 현재 DB58~DB5A; 16h 호출 → DE81; 복귀 주소 DB7F,mapped from six runtime-analysis RAM/raw formulas
2239,2,DE81~DE85,서브스트림 실행 / 런타임 확인 0Fh 계열 제어토큰,,0F 02 28 04 0E,0F 02 28 04 0E,,,,,인자 02 28 04 0E; 다음 주소 DE86,outside six documented raw segments
2240,2,DE86~DE88,서브스트림 실행 / 런타임 확인 16h 계열 / 서브스트림 호출·전환 → DF4D,,16 4D DF,16 4D DF,,,,,16h 호출 → DF4D; 복귀 주소 DE89,outside six documented raw segments
2241,2,DF4D~DF4F,서브스트림 실행 / 런타임 확인 1Eh 계열 / 간접 CALL,,1E 3C 08,1E 3C 08,,,,,호출 대상 083C; 처리 후 다음 주소 DF50,outside six documented raw segments
2242,2,DF50~DF55,서브스트림 실행 / 런타임 확인 영역·좌표 상태 설정·전개,,05 16 86 3A 9E 00,05 16 86 3A 9E 00,,,,,인자 16 86 3A 9E 00; 다음 주소 DF56,outside six documented raw segments
2243,2,DF56~DF5A,서브스트림 실행 / 런타임 확인 화면·버퍼 초기화·전개,,0E 16 20 24 80,0E 16 20 24 80,,,,,인자 16 20 24 80; 다음 주소 DF5B,outside six documented raw segments
2244,2,DF5B,서브스트림 실행 / 런타임 확인 17h 계열 / 서브스트림 복귀,,17,17,,,,,17h 복귀 → DE89,outside six documented raw segments
2245,2,DE89~DE8C,서브스트림 실행 / 런타임 확인 버퍼·영역 처리,,14 00 16 22,14 00 16 22,,,,,인자 00 16 22; 다음 주소 DE8D,outside six documented raw segments
2246,2,DE8D~DE90,서브스트림 실행 / 런타임 확인 버퍼·영역 처리,,14 01 3B 00,14 01 3B 00,,,,,인자 01 3B 00; 다음 주소 DE91,outside six documented raw segments
2247,2,DE91~DE94,서브스트림 실행 / 런타임 확인 버퍼·영역 처리,,14 02 16 60,14 02 16 60,,,,,인자 02 16 60; 다음 주소 DE95,outside six documented raw segments
2248,2,DE95~DE98,서브스트림 실행 / 런타임 확인 04h 계열 / CAA8 슬롯 포인터 설정,,04 2C E0 41,04 2C E0 41,,,,,E02C 포인터를 41h 슬롯에 설정; 다음 주소 DE99,outside six documented raw segments
2249,2,DE99~DE9C,서브스트림 실행 / 런타임 확인 04h 계열 / CAA8 슬롯 포인터 설정,,04 54 E0 42,04 54 E0 42,,,,,E054 포인터를 42h 슬롯에 설정; 다음 주소 DE9D,outside six documented raw segments
2250,2,DE9D~DEA0,서브스트림 실행 / 런타임 확인 04h 계열 / CAA8 슬롯 포인터 설정,,04 5E E0 43,04 5E E0 43,,,,,E05E 포인터를 43h 슬롯에 설정; 다음 주소 DEA1,outside six documented raw segments
2251,2,DEA1,서브스트림 실행 / 런타임 확인 41~50h 계열 / CAA8[1] 슬롯 실행,,42,42,,,,,슬롯 토큰 42; 다음 주소 DEA2,outside six documented raw segments
2252,2,DEA2~DEA4,서브스트림 실행 / 런타임 확인 13h 계열 제어토큰,,13 FC DF,13 FC DF,,,,,인자 FC DF; 다음 주소 DEA5,outside six documented raw segments
2253,2,DEA5~DEA6,서브스트림 실행 / 런타임 확인 25h 계열 / CA1D 입 움직임 효과음 인덱스 설정,,25 2C,25 2C,,,,,CA1D=2C; 다음 주소 DEA7,outside six documented raw segments
2254,2,DEA7,서브스트림 실행 / 런타임 확인 17h 계열 / 서브스트림 복귀,,17,17,,,,,17h 복귀 → DB7F,outside six documented raw segments
2255,2,DB5B,런타임 확인 41~50h 계열 / CAA8[0] 슬롯 실행,,41,41,,,83,0x043CB,원본 분석표 2276번 DB7F → 현재 DB5B; 슬롯 토큰 41; 다음 본류 DB80,mapped from six runtime-analysis RAM/raw formulas
2256,2,DB5C~DB5D,패치 슬롯 1262 | 한글 문자 | 유,유,89 86,8A 99,371,8A 99,5E 83,0x043CC | 0x043CD,원본 분석표 2277번 DB80~DB81=83 86(ユ) → 패치 DB5C~DB5D=89 86(유); 번역 52-001/007 · 유 / 토큰 89 86 / KANJI E260 / 가나다순 261,mapped from six runtime-analysis RAM/raw formulas
2257,2,DB5E~DB5F,패치 슬롯 1263 | 한글 문자 | 코,코,89 C5,8A FC,470,8A FC,56 82,0x043CE | 0x043CF,원본 분석표 2278번 DB82~DB83=81 5B(ー) → 패치 DB5E~DB5F=89 C5(코); 번역 52-002/007 · 코 / 토큰 89 C5 / KANJI A470 / 가나다순 331,mapped from six runtime-analysis RAM/raw formulas
2258,2,DB60~DB61,패치 슬롯 1264 | 문장부호 | ・,・,81 45,81 45,,81 45,C9 8C,0x043D0 | 0x043D1,원본 분석표 2280번 DB86~DB87 → 현재 DB60~DB61; 번역 52-003/007 · ・ / 토큰 81 45 / PC-88 가운데점 토큰,mapped from six runtime-analysis RAM/raw formulas
2259,2,DB62,런타임 확인 41~50h 계열 / CAA8[2] 슬롯 실행,,43,43,,,EA,0x043D2,원본 분석표 2281번 DB88 → 현재 DB62; 슬롯 토큰 43; 다음 본류 DB89,mapped from six runtime-analysis RAM/raw formulas
2260,2,DB63~DB64,패치 슬롯 1265 | 문장부호 | ・,・,81 45,81 45,,81 45,82 E8,0x043D3 | 0x043D4,원본 분석표 2282번 DB89~DB8A → 현재 DB63~DB64; 번역 52-004/007 · ・ / 토큰 81 45 / PC-88 가운데점 토큰,mapped from six runtime-analysis RAM/raw formulas
2261,2,DB65~DB66,패치 슬롯 1266 | 문장부호 | ・,・,81 45,81 45,,81 45,82 A9,0x043D5 | 0x043D6,원본 분석표 2283번 DB8B~DB8C → 현재 DB65~DB66; 번역 52-005/007 · ・ / 토큰 81 45 / PC-88 가운데점 토큰,mapped from six runtime-analysis RAM/raw formulas
2262,2,DB67~DB68,패치 슬롯 1267 | 문장부호 | 。,。,81 42,81 42,,81 42,82 AF,0x043D7 | 0x043D8,원본 분석표 2284번 DB8D~DB8E → 현재 DB67~DB68; 번역 52-006/007 · 。 / 토큰 81 42 / PC-88 전각 마침표 토큰,mapped from six runtime-analysis RAM/raw formulas
2263,2,DB69~DB6A,패치 슬롯 1268 | 전각 공백 | ␠,␠,81 40,81 40,,81 40,82 C4,0x043D9 | 0x043DA,편집기 추가 행; 번역 52-007/007 · ␠ / 토큰 81 40 / PC-88 전각 공백 토큰,mapped from six runtime-analysis RAM/raw formulas
2264,2,DB6B,런타임 확인 61~70h 계열 / CAA8[0] 작업슬롯 비활성화,,61,61,,,82,0x043DB,원본 분석표 2285번 DB8F → 현재 DB6B; 비활성화 토큰 61; 다음 본류 DB90,mapped from six runtime-analysis RAM/raw formulas
2265,2,DB6C~DB6E,런타임 확인 16h 계열 / 서브스트림 호출·전환 → DDCB,,16 CB DD,16 CB DD,,,AD 82 EA,0x043DC | 0x043DD | 0x043DE,원본 분석표 2286번 DB90~DB92 → 현재 DB6C~DB6E; 16h 호출 → DDCB; 복귀 주소 DB93,mapped from six runtime-analysis RAM/raw formulas
2266,2,DDCB~DDCD,서브스트림 실행 / 런타임 확인 16h 계열 / 서브스트림 호출·전환 → DDD3,,16 D3 DD,16 D3 DD,,,,,16h 호출 → DDD3; 복귀 주소 DDCE,outside six documented raw segments
2267,2,DDD3~DDD7,서브스트림 실행 / 런타임 확인 0Fh 계열 제어토큰,,0F 05 2C 04 0E,0F 05 2C 04 0E,,,,,인자 05 2C 04 0E; 다음 주소 DDD8,outside six documented raw segments
2268,2,DDD8~DDDA,서브스트림 실행 / 런타임 확인 16h 계열 / 서브스트림 호출·전환 → DF4D,,16 4D DF,16 4D DF,,,,,16h 호출 → DF4D; 복귀 주소 DDDB,outside six documented raw segments
2269,2,DF4D~DF4F,서브스트림 실행 / 런타임 확인 1Eh 계열 / 간접 CALL,,1E 3C 08,1E 3C 08,,,,,호출 대상 083C; 처리 후 다음 주소 DF50,outside six documented raw segments
2270,2,DF50~DF55,서브스트림 실행 / 런타임 확인 영역·좌표 상태 설정·전개,,05 16 86 3A 9E 00,05 16 86 3A 9E 00,,,,,인자 16 86 3A 9E 00; 다음 주소 DF56,outside six documented raw segments
2271,2,DF56~DF5A,서브스트림 실행 / 런타임 확인 화면·버퍼 초기화·전개,,0E 16 20 24 80,0E 16 20 24 80,,,,,인자 16 20 24 80; 다음 주소 DF5B,outside six documented raw segments
2272,2,DF5B,서브스트림 실행 / 런타임 확인 17h 계열 / 서브스트림 복귀,,17,17,,,,,17h 복귀 → DDDB,outside six documented raw segments
2273,2,DDDB~DDDC,서브스트림 실행 / 런타임 확인 25h 계열 / CA1D 입 움직임 효과음 인덱스 설정,,25 2B,25 2B,,,,,CA1D=2B; 다음 주소 DDDD,outside six documented raw segments
2274,2,DDDD~DDE0,서브스트림 실행 / 런타임 확인 버퍼·영역 처리,,14 00 16 22,14 00 16 22,,,,,인자 00 16 22; 다음 주소 DDE1,outside six documented raw segments
2275,2,DDE1~DDE4,서브스트림 실행 / 런타임 확인 버퍼·영역 처리,,14 01 3B 00,14 01 3B 00,,,,,인자 01 3B 00; 다음 주소 DDE5,outside six documented raw segments
2276,2,DDE5~DDE8,서브스트림 실행 / 런타임 확인 04h 계열 / CAA8 슬롯 포인터 설정,,04 9A E0 44,04 9A E0 44,,,,,E09A 포인터를 44h 슬롯에 설정; 다음 주소 DDE9,outside six documented raw segments
2277,2,DDE9~DDEC,서브스트림 실행 / 런타임 확인 04h 계열 / CAA8 슬롯 포인터 설정,,04 CC E0 41,04 CC E0 41,,,,,E0CC 포인터를 41h 슬롯에 설정; 다음 주소 DDED,outside six documented raw segments
2278,2,DDED~DDF0,서브스트림 실행 / 런타임 확인 04h 계열 / CAA8 슬롯 포인터 설정,,04 D6 E0 42,04 D6 E0 42,,,,,E0D6 포인터를 42h 슬롯에 설정; 다음 주소 DDF1,outside six documented raw segments
2279,2,DDF1,서브스트림 실행 / 런타임 확인 17h 계열 / 서브스트림 복귀,,17,17,,,,,17h 복귀 → DDCE,outside six documented raw segments
2280,2,DDCE,서브스트림 실행 / 런타임 확인 41~50h 계열 / CAA8[0] 슬롯 실행,,41,41,,,,,슬롯 토큰 41; 다음 주소 DDCF,outside six documented raw segments
2281,2,DDCF~DDD1,서브스트림 실행 / 런타임 확인 13h 계열 제어토큰,,13 BC DF,13 BC DF,,,,,인자 BC DF; 다음 주소 DDD2,outside six documented raw segments
2282,2,DDD2,서브스트림 실행 / 런타임 확인 17h 계열 / 서브스트림 복귀,,17,17,,,,,17h 복귀 → DB93,outside six documented raw segments
2283,2,DB6F,런타임 확인 41~50h 계열 / CAA8[3] 슬롯 실행,,44,44,,,82,0x043DF,원본 분석표 2304번 DB93 → 현재 DB6F; 슬롯 토큰 44; 다음 본류 DB94,mapped from six runtime-analysis RAM/raw formulas
2284,2,DB70~DB71,패치 슬롯 1269 | 한글 문자 | 난,난,82 CF,88 E9,75,88 E9,BD 82,0x043E0 | 0x043E1,원본 분석표 2305번 DB94~DB95=90 53(心) → 패치 DB70~DB71=82 CF(난); 번역 53-001/045 · 난 / 토큰 82 CF / KANJI 2910 / 가나다순 53,mapped from six runtime-analysis RAM/raw formulas
2285,2,DB72~DB73,패치 슬롯 1270 | 전각 공백 | ␠,␠,81 40,81 40,,81 40,C5 82,0x043E2 | 0x043E3,원본 분석표 2306번 DB96~DB97=94 7A(配) → 패치 DB72~DB73=81 40(␠); 번역 53-002/045 · ␠ / 토큰 81 40 / PC-88 전각 공백 토큰,mapped from six runtime-analysis RAM/raw formulas
2286,2,DB74~DB75,패치 슬롯 1271 | 한글 문자 | 이,이,89 8D,8A A2,380,8A A2,B5 82,0x043E4 | 0x043E5,원본 분석표 2307번 DB98~DB99=82 B5(し) → 패치 DB74~DB75=89 8D(이); 번역 53-003/045 · 이 / 토큰 89 8D / KANJI E2D0 / 가나다순 268,mapped from six runtime-analysis RAM/raw formulas
2287,2,DB76~DB77,패치 슬롯 1272 | 한글 문자 | 제,제,89 A1,8A BB,405,8A BB,E5 82,0x043E6 | 0x043E7,원본 분석표 2308번 DB9A~DB9B=82 C8(な) → 패치 DB76~DB77=89 A1(제); 번역 53-004/045 · 제 / 토큰 89 A1 / KANJI 6430 / 가나다순 291,mapped from six runtime-analysis RAM/raw formulas
2288,2,DB78~DB79,패치 슬롯 1273 | 전각 공백 | ␠,␠,81 40,81 40,,81 40,A4 81,0x043E8 | 0x043E9,원본 분석표 2309번 DB9C~DB9D=82 A2(い) → 패치 DB78~DB79=81 40(␠); 번역 53-005/045 · ␠ / 토큰 81 40 / PC-88 전각 공백 토큰,mapped from six runtime-analysis RAM/raw formulas
2289,2,DB7A~DB7B,패치 슬롯 1274 | 한글 문자 | 괜,괜,8A 86,88 C5,39,88 C5,42 63,0x043EA | 0x043EB,원본 분석표 2310번 DB9E~DB9F=82 C5(で) → 패치 DB7A~DB7B=8A 86(괜); 번역 53-006/045 · 괜 / 토큰 8A 86 / KANJI E660 / 가나다순 435,mapped from six runtime-analysis RAM/raw formulas
2290,2,DB7C~DB7D,패치 슬롯 1275 | 한글 문자 | 찮,찮,8A AC,8A E2,444,8A E2,16 81,0x043EC | 0x043ED,원본 분석표 2311번 DBA0~DBA1=81 41(、) → 패치 DB7C~DB7D=8A AC(찮); 번역 53-007/045 · 찮 / 토큰 8A AC / KANJI 68E0 / 가나다순 473,mapped from six runtime-analysis RAM/raw formulas
2291,2,DB7E~DB7F,패치 슬롯 1276 | 한글 문자 | 으,으,89 88,8A 9B,373,8A 9B,DE 41,0x043EE | 0x043EF,원본 분석표 2312번 DBA2~DBA3=83 8F(ワ) → 패치 DB7E~DB7F=89 88(으); 번역 53-008/045 · 으 / 토큰 89 88 / KANJI E280 / 가나다순 263,mapped from six runtime-analysis RAM/raw formulas
2292,2,DB80~DB81,패치 슬롯 1277 | 한글 문자 | 니,니,82 E4,89 4D,108,89 4D,83 86,0x043F0 | 0x043F1,원본 분석표 2313번 DBA4~DBA5=83 5E(タ) → 패치 DB80~DB81=82 E4(니); 번역 53-009/045 · 니 / 토큰 82 E4 / KANJI 3860 / 가나다순 75,mapped from six runtime-analysis RAM/raw formulas
2293,2,DB82~DB83,패치 슬롯 1278 | 한글 문자 | 까,까,82 C4,88 DA,60,88 DA,81 5B,0x043F2 | 0x043F3,원본 분석표 2314번 DBA6~DBA7=83 56(シ) → 패치 DB82~DB83=82 C4(까); 번역 53-010/045 · 까 / 토큰 82 C4 / KANJI 2860 / 가나다순 42,mapped from six runtime-analysis RAM/raw formulas
2294,2,DB84~DB85,패치 슬롯 1279 | 전각 공백 | ␠,␠,81 40,81 40,,81 40,83 52,0x043F4 | 0x043F5,원본 분석표 2315번 DBA8~DBA9=82 CD(は) → 패치 DB84~DB85=81 40(␠); 번역 53-011/045 · ␠ / 토큰 81 40 / PC-88 전각 공백 토큰,mapped from six runtime-analysis RAM/raw formulas
2295,2,DB86~DB87,패치 슬롯 1280 | 한글 문자 | 걱,걱,8A 85,88 AB,13,88 AB,81 45,0x043F6 | 0x043F7,원본 분석표 2316번 DBAA~DBAB=82 E0(も) → 패치 DB86~DB87=8A 85(걱); 번역 53-012/045 · 걱 / 토큰 8A 85 / KANJI E650 / 가나다순 434,mapped from six runtime-analysis RAM/raw formulas
2296,2,DB88~DB89,패치 슬롯 1281 | 한글 문자 | 정,정,89 A0,8A BA,404,8A BA,43 81,0x043F8 | 0x043F9,원본 분석표 2317번 DBAC~DBAD=82 A4(う) → 패치 DB88~DB89=89 A0(정); 번역 53-013/045 · 정 / 토큰 89 A0 / KANJI 6420 / 가나다순 290,mapped from six runtime-analysis RAM/raw formulas
2297,2,DB8A~DB8B,패치 슬롯 1282 | 한글 문자 | 하,하,89 E2,8B 72,521,8B 72,45 81,0x043FA | 0x043FB,원본 분석표 2318번 DBAE~DBAF=91 E5(大) → 패치 DB8A~DB8B=89 E2(하); 번역 53-014/045 · 하 / 토큰 89 E2 / KANJI E440 / 가나다순 362,mapped from six runtime-analysis RAM/raw formulas
2298,2,DB8C~DB8D,패치 슬롯 1283 | 한글 문자 | 지,지,89 B3,8A D4,430,8A D4,45 81,0x043FC | 0x043FD,원본 분석표 2319번 DBB0~DBB1=8F E4(丈) → 패치 DB8C~DB8D=89 B3(지); 번역 53-015/045 · 지 / 토큰 89 B3 / KANJI 6550 / 가나다순 309,mapped from six runtime-analysis RAM/raw formulas
2299,2,DB8E~DB8F,패치 슬롯 1284 | 전각 공백 | ␠,␠,81 40,81 40,,81 40,42 61,0x043FE | 0x043FF,원본 분석표 2320번 DBB2~DBB3=95 76(夫) → 패치 DB8E~DB8F=81 40(␠); 번역 53-016/045 · ␠ / 토큰 81 40 / PC-88 전각 공백 토큰,mapped from six runtime-analysis RAM/raw formulas
2300,2,DB90~DB91,패치 슬롯 1285 | 한글 문자 | 마,마,88 D1,89 AA,200,89 AA,16 CB,0x04400 | 0x04401,원본 분석표 2321번 DBB4~DBB5=81 42(。) → 패치 DB90~DB91=88 D1(마); 번역 53-017/045 · 마 / 토큰 88 D1 / KANJI A130 / 가나다순 142,mapped from six runtime-analysis RAM/raw formulas
2301,2,DB92~DB93,패치 슬롯 1286 | 문장부호 | 。,。,81 42,81 42,,81 42,DD 44,0x04402 | 0x04403,원본 분석표 2322번 DBB6~DBB7=83 94(ヴ) → 패치 DB92~DB93=81 42(。); 번역 53-018/045 · 。 / 토큰 81 42 / PC-88 전각 마침표 토큰,mapped from six runtime-analysis RAM/raw formulas
2302,2,DB94~DB95,패치 슬롯 1287 | 한글 문자 | 바,바,88 E9,89 CC,234,89 CC,90 53,0x04404 | 0x04405,원본 분석표 2323번 DBB8~DBB9=83 40(ァ) → 패치 DB94~DB95=88 E9(바); 번역 53-019/045 · 바 / 토큰 88 E9 / KANJI E0B0 / 가나다순 168,mapped from six runtime-analysis RAM/raw formulas
2303,2,DB96~DB97,패치 슬롯 1288 | 한글 문자 | 리,리,88 CC,89 A4,194,89 A4,94 7A,0x04406 | 0x04407,원본 분석표 2324번 DBBA~DBBB=83 8A(リ) → 패치 DB96~DB97=88 CC(리); 번역 53-020/045 · 리 / 토큰 88 CC / KANJI A0E0 / 가나다순 137,mapped from six runtime-analysis RAM/raw formulas
2304,2,DB98~DB99,패치 슬롯 1289 | 한글 문자 | 스,스,89 56,8A 4A,293,8A 4A,82 B5,0x04408 | 0x04409,원본 분석표 2325번 DBBC~DBBD=83 58(ス) → 패치 DB98~DB99=89 56(스); 번역 53-021/045 · 스 / 토큰 89 56 / KANJI 6370 / 가나다순 211,mapped from six runtime-analysis RAM/raw formulas
2305,2,DB9A~DB9B,패치 슬롯 1290 | 한글 문자 | 의,의,89 8C,8A A1,379,8A A1,82 C8,0x0440A | 0x0440B,원본 분석표 2326번 DBBE~DBBF=82 CC(の) → 패치 DB9A~DB9B=89 8C(의); 번역 53-022/045 · 의 / 토큰 89 8C / KANJI E2C0 / 가나다순 267,mapped from six runtime-analysis RAM/raw formulas
2306,2,DB9C~DB9D,패치 슬롯 1291 | 전각 공백 | ␠,␠,81 40,81 40,,81 40,82 A2,0x0440C | 0x0440D,원본 분석표 2327번 DBC0~DBC1=90 ED(戦) → 패치 DB9C~DB9D=81 40(␠); 번역 53-023/045 · ␠ / 토큰 81 40 / PC-88 전각 공백 토큰,mapped from six runtime-analysis RAM/raw formulas
2307,2,DB9E~DB9F,패치 슬롯 1292 | 한글 문자 | 전,전,89 9D,8A B7,401,8A B7,82 C5,0x0440E | 0x0440F,원본 분석표 2328번 DBC2~DBC3=8E 6D(士) → 패치 DB9E~DB9F=89 9D(전); 번역 53-024/045 · 전 / 토큰 89 9D / KANJI E3D0 / 가나다순 287,mapped from six runtime-analysis RAM/raw formulas
2308,2,DBA0~DBA1,패치 슬롯 1293 | 한글 문자 | 사,사,89 43,89 EB,265,89 EB,81 41,0x04410 | 0x04411,원본 분석표 2329번 DBC4~DBC5=82 C6(と) → 패치 DBA0~DBA1=89 43(사); 번역 53-025/045 · 사 / 토큰 89 43 / KANJI 6240 / 가나다순 191,mapped from six runtime-analysis RAM/raw formulas
2309,2,DBA2~DBA3,패치 슬롯 1294 | 한글 문자 | 로,로,88 C5,89 99,183,89 99,83 8F,0x04412 | 0x04413,원본 분석표 2330번 DBC6~DBC7=82 B5(し) → 패치 DBA2~DBA3=88 C5(로); 번역 53-026/045 · 로 / 토큰 88 C5 / KANJI A070 / 가나다순 130,mapped from six runtime-analysis RAM/raw formulas
2310,2,DBA4~DBA5,패치 슬롯 1295 | 한글 문자 | 서,서,89 49,89 F2,272,89 F2,83 5E,0x04414 | 0x04415,원본 분석표 2331번 DBC8~DBC9=82 C4(て) → 패치 DBA4~DBA5=89 49(서); 번역 53-027/045 · 서 / 토큰 89 49 / KANJI 62A0 / 가나다순 197,mapped from six runtime-analysis RAM/raw formulas
2311,2,DBA6~DBA7,패치 슬롯 1296 | 전각 공백 | ␠,␠,81 40,81 40,,81 40,83 56,0x04416 | 0x04417,원본 분석표 2332번 DBCA~DBCB=95 4B(必) → 패치 DBA6~DBA7=81 40(␠); 번역 53-028/045 · ␠ / 토큰 81 40 / PC-88 전각 공백 토큰,mapped from six runtime-analysis RAM/raw formulas
2312,2,DBA8~DBA9,패치 슬롯 1297 | 한글 문자 | 반,반,88 EA,89 CE,236,89 CE,82 CD,0x04418 | 0x04419,원본 분석표 2333번 DBCC~DBCD=82 B8(ず) → 패치 DBA8~DBA9=88 EA(반); 번역 53-029/045 · 반 / 토큰 88 EA / KANJI E0C0 / 가나다순 169,mapped from six runtime-analysis RAM/raw formulas
2313,2,DBAA~DBAB,패치 슬롯 1298 | 한글 문자 | 드,드,88 A8,89 6D,140,89 6D,82 E0,0x0441A | 0x0441B,원본 분석표 2334번 DBCE~DBCF=83 81(メ) → 패치 DBAA~DBAB=88 A8(드); 번역 53-030/045 · 드 / 토큰 88 A8 / KANJI 60A0 / 가나다순 100,mapped from six runtime-analysis RAM/raw formulas
2314,2,DBAC~DBAD,패치 슬롯 1299 | 한글 문자 | 시,시,89 5A,8A 4F,298,8A 4F,82 A4,0x0441C | 0x0441D,원본 분석표 2335번 DBD0~DBD1=83 4B(ガ) → 패치 DBAC~DBAD=89 5A(시); 번역 53-031/045 · 시 / 토큰 89 5A / KANJI 63B0 / 가나다순 215,mapped from six runtime-analysis RAM/raw formulas
2315,2,DBAE~DBAF,패치 슬롯 1300 | 전각 공백 | ␠,␠,81 40,81 40,,81 40,91 E5,0x0441E | 0x0441F,원본 분석표 2336번 DBD2~DBD3=83 58(ス) → 패치 DBAE~DBAF=81 40(␠); 번역 53-032/045 · ␠ / 토큰 81 40 / PC-88 전각 공백 토큰,mapped from six runtime-analysis RAM/raw formulas
2316,2,DBB0~DBB1,패치 슬롯 1301 | 한글 문자 | 메,메,88 DA,89 B7,213,89 B7,8F E4,0x04420 | 0x04421,원본 분석표 2337번 DBD4~DBD5=82 F0(を) → 패치 DBB0~DBB1=88 DA(메); 번역 53-033/045 · 메 / 토큰 88 DA / KANJI A1C0 / 가나다순 152,mapped from six runtime-analysis RAM/raw formulas
2317,2,DBB2~DBB3,패치 슬롯 1302 | 한글 문자 | 가,가,82 9F,88 9F,1,88 9F,95 76,0x04422 | 0x04423,원본 분석표 2338번 DBD6~DBD7=93 7C(倒) → 패치 DBB2~DBB3=82 9F(가); 번역 53-034/045 · 가 / 토큰 82 9F / KANJI 1810 / 가나다순 1,mapped from six runtime-analysis RAM/raw formulas
2318,2,DBB4~DBB5,패치 슬롯 1303 | 한글 문자 | 스,스,89 56,8A 4A,293,8A 4A,81 42,0x04424 | 0x04425,원본 분석표 2339번 DBD8~DBD9=82 B7(す) → 패치 DBB4~DBB5=89 56(스); 번역 53-035/045 · 스 / 토큰 89 56 / KANJI 6370 / 가나다순 211,mapped from six runtime-analysis RAM/raw formulas
2319,2,DBB6~DBB7,패치 슬롯 1304 | 한글 문자 | 를,를,88 CA,89 A2,192,89 A2,83 94,0x04426 | 0x04427,원본 분석표 2340번 DBDA~DBDB=82 ED(わ) → 패치 DBB6~DBB7=88 CA(를); 번역 53-036/045 · 를 / 토큰 88 CA / KANJI A0C0 / 가나다순 135,mapped from six runtime-analysis RAM/raw formulas
2320,2,DBB8~DBB9,패치 슬롯 1305 | 한글 문자 | 쓰,쓰,89 5F,8A 58,307,8A 58,83 40,0x04428 | 0x04429,편집기 추가 행; 번역 53-037/045 · 쓰 / 토큰 89 5F / KANJI A200 / 가나다순 222,mapped from six runtime-analysis RAM/raw formulas
2321,2,DBBA~DBBB,패치 슬롯 1306 | 한글 문자 | 러,러,88 BB,89 8C,170,89 8C,83 8A,0x0442A | 0x0442B,편집기 추가 행; 번역 53-038/045 · 러 / 토큰 88 BB / KANJI 61D0 / 가나다순 120,mapped from six runtime-analysis RAM/raw formulas
2322,2,DBBC~DBBD,패치 슬롯 1307 | 한글 문자 | 뜨,뜨,88 B3,89 7D,156,89 7D,83 58,0x0442C | 0x0442D,편집기 추가 행; 번역 53-039/045 · 뜨 / 토큰 88 B3 / KANJI 6150 / 가나다순 111,mapped from six runtime-analysis RAM/raw formulas
2323,2,DBBE~DBBF,패치 슬롯 1308 | 한글 문자 | 릴,릴,88 CE,89 A7,197,89 A7,82 CC,0x0442E | 0x0442F,편집기 추가 행; 번역 53-040/045 · 릴 / 토큰 88 CE / KANJI A100 / 가나다순 139,mapped from six runtime-analysis RAM/raw formulas
2324,2,DBC0~DBC1,패치 슬롯 1309 | 전각 공백 | ␠,␠,81 40,81 40,,81 40,90 ED,0x04430 | 0x04431,편집기 추가 행; 번역 53-041/045 · ␠ / 토큰 81 40 / PC-88 전각 공백 토큰,mapped from six runtime-analysis RAM/raw formulas
2325,2,DBC2~DBC3,패치 슬롯 1310 | 한글 문자 | 거,거,82 A6,88 AA,12,88 AA,8E 6D,0x04432 | 0x04433,편집기 추가 행; 번역 53-042/045 · 거 / 토큰 82 A6 / KANJI 1880 / 가나다순 8,mapped from six runtime-analysis RAM/raw formulas
2326,2,DBC4~DBC5,패치 슬롯 1311 | 한글 문자 | 야,야,89 6B,8A 66,321,8A 66,82 C6,0x04434 | 0x04435,편집기 추가 행; 번역 53-043/045 · 야 / 토큰 89 6B / KANJI A2C0 / 가나다순 234,mapped from six runtime-analysis RAM/raw formulas
2327,2,DBC6~DBC7,패치 슬롯 1312 | 문장부호 | 。,。,81 42,81 42,,81 42,82 B5,0x04436 | 0x04437,원본 분석표 2341번 DBDC~DBDD → 현재 DBC6~DBC7; 번역 53-044/045 · 。 / 토큰 81 42 / PC-88 전각 마침표 토큰,mapped from six runtime-analysis RAM/raw formulas
2328,2,DBC8~DBC9,패치 슬롯 1313 | 전각 공백 | ␠,␠,81 40,81 40,,81 40,82 C4,0x04438 | 0x04439,편집기 추가 행; 번역 53-045/045 · ␠ / 토큰 81 40 / PC-88 전각 공백 토큰,mapped from six runtime-analysis RAM/raw formulas
2329,2,DBCA,런타임 확인 61~70h 계열 / CAA8[3] 작업슬롯 비활성화,,64,64,,,95,0x0443A,원본 분석표 2342번 DBDE → 현재 DBCA; 비활성화 토큰 64; 다음 본류 DBDF,mapped from six runtime-analysis RAM/raw formulas
2330,2,DBCB~DBCD,런타임 확인 16h 계열 / 서브스트림 호출·전환 → DE81,,16 81 DE,16 81 DE,,,4B 82 B8,0x0443B | 0x0443C | 0x0443D,원본 분석표 2343번 DBDF~DBE1 → 현재 DBCB~DBCD; 16h 호출 → DE81; 복귀 주소 DBE2,mapped from six runtime-analysis RAM/raw formulas
2331,2,DE81~DE85,서브스트림 실행 / 런타임 확인 0Fh 계열 제어토큰,,0F 02 28 04 0E,0F 02 28 04 0E,,,,,인자 02 28 04 0E; 다음 주소 DE86,outside six documented raw segments
2332,2,DE86~DE88,서브스트림 실행 / 런타임 확인 16h 계열 / 서브스트림 호출·전환 → DF4D,,16 4D DF,16 4D DF,,,,,16h 호출 → DF4D; 복귀 주소 DE89,outside six documented raw segments
2333,2,DF4D~DF4F,서브스트림 실행 / 런타임 확인 1Eh 계열 / 간접 CALL,,1E 3C 08,1E 3C 08,,,,,호출 대상 083C; 처리 후 다음 주소 DF50,outside six documented raw segments
2334,2,DF50~DF55,서브스트림 실행 / 런타임 확인 영역·좌표 상태 설정·전개,,05 16 86 3A 9E 00,05 16 86 3A 9E 00,,,,,인자 16 86 3A 9E 00; 다음 주소 DF56,outside six documented raw segments
2335,2,DF56~DF5A,서브스트림 실행 / 런타임 확인 화면·버퍼 초기화·전개,,0E 16 20 24 80,0E 16 20 24 80,,,,,인자 16 20 24 80; 다음 주소 DF5B,outside six documented raw segments
2336,2,DF5B,서브스트림 실행 / 런타임 확인 17h 계열 / 서브스트림 복귀,,17,17,,,,,17h 복귀 → DE89,outside six documented raw segments
2337,2,DE89~DE8C,서브스트림 실행 / 런타임 확인 버퍼·영역 처리,,14 00 16 22,14 00 16 22,,,,,인자 00 16 22; 다음 주소 DE8D,outside six documented raw segments
2338,2,DE8D~DE90,서브스트림 실행 / 런타임 확인 버퍼·영역 처리,,14 01 3B 00,14 01 3B 00,,,,,인자 01 3B 00; 다음 주소 DE91,outside six documented raw segments
2339,2,DE91~DE94,서브스트림 실행 / 런타임 확인 버퍼·영역 처리,,14 02 16 60,14 02 16 60,,,,,인자 02 16 60; 다음 주소 DE95,outside six documented raw segments
2340,2,DE95~DE98,서브스트림 실행 / 런타임 확인 04h 계열 / CAA8 슬롯 포인터 설정,,04 2C E0 41,04 2C E0 41,,,,,E02C 포인터를 41h 슬롯에 설정; 다음 주소 DE99,outside six documented raw segments
2341,2,DE99~DE9C,서브스트림 실행 / 런타임 확인 04h 계열 / CAA8 슬롯 포인터 설정,,04 54 E0 42,04 54 E0 42,,,,,E054 포인터를 42h 슬롯에 설정; 다음 주소 DE9D,outside six documented raw segments
2342,2,DE9D~DEA0,서브스트림 실행 / 런타임 확인 04h 계열 / CAA8 슬롯 포인터 설정,,04 5E E0 43,04 5E E0 43,,,,,E05E 포인터를 43h 슬롯에 설정; 다음 주소 DEA1,outside six documented raw segments
2343,2,DEA1,서브스트림 실행 / 런타임 확인 41~50h 계열 / CAA8[1] 슬롯 실행,,42,42,,,,,슬롯 토큰 42; 다음 주소 DEA2,outside six documented raw segments
2344,2,DEA2~DEA4,서브스트림 실행 / 런타임 확인 13h 계열 제어토큰,,13 FC DF,13 FC DF,,,,,인자 FC DF; 다음 주소 DEA5,outside six documented raw segments
2345,2,DEA5~DEA6,서브스트림 실행 / 런타임 확인 25h 계열 / CA1D 입 움직임 효과음 인덱스 설정,,25 2C,25 2C,,,,,CA1D=2C; 다음 주소 DEA7,outside six documented raw segments
2346,2,DEA7,서브스트림 실행 / 런타임 확인 17h 계열 / 서브스트림 복귀,,17,17,,,,,17h 복귀 → DBE2,outside six documented raw segments
2347,2,DBCE,런타임 확인 41~50h 계열 / CAA8[0] 슬롯 실행,,41,41,,,83,0x0443E,원본 분석표 2360번 DBE2 → 현재 DBCE; 슬롯 토큰 41; 다음 본류 DBE3,mapped from six runtime-analysis RAM/raw formulas
2348,2,DBCF~DBD0,패치 슬롯 1314 | 한글 문자 | 유,유,89 86,8A 99,371,8A 99,81 83,0x0443F | 0x04440,원본 분석표 2361번 DBE3~DBE4=83 86(ユ) → 패치 DBCF~DBD0=89 86(유); 번역 54-001/023 · 유 / 토큰 89 86 / KANJI E260 / 가나다순 261,mapped from six runtime-analysis RAM/raw formulas
2349,2,DBD1~DBD2,패치 슬롯 1315 | 한글 문자 | 코,코,89 C5,8A FC,470,8A FC,4B 83,0x04441 | 0x04442,원본 분석표 2362번 DBE5~DBE6=81 5B(ー) → 패치 DBD1~DBD2=89 C5(코); 번역 54-002/023 · 코 / 토큰 89 C5 / KANJI A470 / 가나다순 331,mapped from six runtime-analysis RAM/raw formulas
2350,2,DBD3~DBD4,패치 슬롯 1316 | 문장부호 | 、,、,81 41,81 41,,81 41,58 82,0x04443 | 0x04444,원본 분석표 2363번 DBE7~DBE8=83 52(コ) → 패치 DBD3~DBD4=81 41(、); 번역 54-003/023 · 、 / 토큰 81 41 / PC-88 전각 쉼표 토큰,mapped from six runtime-analysis RAM/raw formulas
2351,2,DBD5~DBD6,패치 슬롯 1317 | 한글 문자 | 힘,힘,89 F8,8B 98,558,8B 98,F0 93,0x04445 | 0x04446,원본 분석표 2364번 DBE9~DBEA=81 41(、) → 패치 DBD5~DBD6=89 F8(힘); 번역 54-004/023 · 힘 / 토큰 89 F8 / KANJI E5A0 / 가나다순 388,mapped from six runtime-analysis RAM/raw formulas
2352,2,DBD7~DBD8,패치 슬롯 1318 | 한글 문자 | 내,내,82 D3,88 ED,79,88 ED,7C 82,0x04447 | 0x04448,원본 분석표 2365번 DBEB~DBEC=82 AA(が) → 패치 DBD7~DBD8=82 D3(내); 번역 54-005/023 · 내 / 토큰 82 D3 / KANJI 2950 / 가나다순 57,mapped from six runtime-analysis RAM/raw formulas
2353,2,DBD9,런타임 확인 41~50h 계열 / CAA8[2] 슬롯 실행,,43,43,,,B7,0x04449,원본 분석표 2370번 DBF5 → 현재 DBD9; 슬롯 토큰 43; 다음 본류 DBF6,mapped from six runtime-analysis RAM/raw formulas
2354,2,DBDA~DBDB,패치 슬롯 1319 | 문장부호 | ！,！,81 49,81 49,,81 49,82 ED,0x0444A | 0x0444B,원본 분석표 2371번 DBF6~DBF7 → 현재 DBDA~DBDB; 번역 54-006/023 · ！ / 토큰 81 49 / PC-88 전각 느낌표 토큰,mapped from six runtime-analysis RAM/raw formulas
2355,2,DBDC~DBDD,패치 슬롯 1320 | 전각 공백 | ␠,␠,81 40,81 40,,81 40,81 42,0x0444C | 0x0444D,원본 분석표 2372번 DBF8~DBF9 → 현재 DBDC~DBDD; 번역 54-007/023 · ␠ / 토큰 81 40 / PC-88 전각 공백 토큰,mapped from six runtime-analysis RAM/raw formulas
2356,2,DBDE~DBDF,패치 슬롯 1321 | 한글 문자 | 난,난,82 CF,88 E9,75,88 E9,64 16,0x0444E | 0x0444F,원본 분석표 2373번 DBFA~DBFB=8E 84(私) → 패치 DBDE~DBDF=82 CF(난); 번역 54-008/023 · 난 / 토큰 82 CF / KANJI 2910 / 가나다순 53,mapped from six runtime-analysis RAM/raw formulas
2357,2,DBE0~DBE1,패치 슬롯 1322 | 전각 공백 | ␠,␠,81 40,81 40,,81 40,81 DE,0x04450 | 0x04451,원본 분석표 2374번 DBFC~DBFD=82 CD(は) → 패치 DBE0~DBE1=81 40(␠); 번역 54-009/023 · ␠ / 토큰 81 40 / PC-88 전각 공백 토큰,mapped from six runtime-analysis RAM/raw formulas
2358,2,DBE2~DBE3,패치 슬롯 1323 | 한글 문자 | 언,언,8A 73,8A 6B,326,8A 6B,41 83,0x04452 | 0x04453,원본 분석표 2375번 DBFE~DBFF=82 A2(い) → 패치 DBE2~DBE3=8A 73(언); 번역 54-010/023 · 언 / 토큰 8A 73 / KANJI A740 / 가나다순 417,mapped from six runtime-analysis RAM/raw formulas
2359,2,DBE4~DBE5,패치 슬롯 1324 | 한글 문자 | 제,제,89 A1,8A BB,405,8A BB,86 81,0x04454 | 0x04455,원본 분석표 2376번 DC00~DC01=82 C2(つ) → 패치 DBE4~DBE5=89 A1(제); 번역 54-011/023 · 제 / 토큰 89 A1 / KANJI 6430 / 가나다순 291,mapped from six runtime-analysis RAM/raw formulas
2360,2,DBE6~DBE7,패치 슬롯 1325 | 한글 문자 | 나,나,82 CE,88 E8,74,88 E8,5B 83,0x04456 | 0x04457,원본 분석표 2377번 DC02~DC03=82 E0(も) → 패치 DBE6~DBE7=82 CE(나); 번역 54-012/023 · 나 / 토큰 82 CE / KANJI 2900 / 가나다순 52,mapped from six runtime-analysis RAM/raw formulas
2361,2,DBE8~DBE9,패치 슬롯 1326 | 전각 공백 | ␠,␠,81 40,81 40,,81 40,52 81,0x04458 | 0x04459,원본 분석표 2378번 DC04~DC05=82 A0(あ) → 패치 DBE8~DBE9=81 40(␠); 번역 54-013/023 · ␠ / 토큰 81 40 / PC-88 전각 공백 토큰,mapped from six runtime-analysis RAM/raw formulas
2362,2,DBEA~DBEB,패치 슬롯 1327 | 한글 문자 | 네,네,82 D9,88 F8,90,88 F8,41 82,0x0445A | 0x0445B,원본 분석표 2379번 DC06~DC07=82 C8(な) → 패치 DBEA~DBEB=82 D9(네); 번역 54-014/023 · 네 / 토큰 82 D9 / KANJI 29B0 / 가나다순 64,mapped from six runtime-analysis RAM/raw formulas
2363,2,DBEC~DBED,패치 슬롯 1328 | 전각 공백 | ␠,␠,81 40,81 40,,81 40,AA 82,0x0445C | 0x0445D,원본 분석표 2380번 DC08~DC09=82 BD(た) → 패치 DBEC~DBED=81 40(␠); 번역 54-015/023 · ␠ / 토큰 81 40 / PC-88 전각 공백 토큰,mapped from six runtime-analysis RAM/raw formulas
2364,2,DBEE~DBEF,패치 슬롯 1329 | 한글 문자 | 곁,곁,8A B8,88 B9,27,88 B9,F1 82,0x0445E | 0x0445F,원본 분석표 2381번 DC0A~DC0B=82 CC(の) → 패치 DBEE~DBEF=8A B8(곁); 번역 54-016/023 · 곁 / 토큰 8A B8 / KANJI 69A0 / 가나다순 485,mapped from six runtime-analysis RAM/raw formulas
2365,2,DBF0~DBF1,패치 슬롯 1330 | 한글 문자 | 에,에,89 70,8A 72,333,8A 72,CE 82,0x04460 | 0x04461,원본 분석표 2382번 DC0C~DC0D=82 BB(そ) → 패치 DBF0~DBF1=89 70(에); 번역 54-017/023 · 에 / 토큰 89 70 / KANJI A310 / 가나다순 239,mapped from six runtime-analysis RAM/raw formulas
2366,2,DBF2~DBF3,패치 슬롯 1331 | 전각 공백 | ␠,␠,81 40,81 40,,81 40,C1 82,0x04462 | 0x04463,원본 분석표 2383번 DC0E~DC0F=82 CE(ば) → 패치 DBF2~DBF3=81 40(␠); 번역 54-018/023 · ␠ / 토큰 81 40 / PC-88 전각 공백 토큰,mapped from six runtime-analysis RAM/raw formulas
2367,2,DBF4~DBF5,패치 슬롯 1332 | 한글 문자 | 있,있,89 92,8A AB,389,8A AB,C4 43,0x04464 | 0x04465,원본 분석표 2384번 DC10~DC11=82 C9(に) → 패치 DBF4~DBF5=89 92(있); 번역 54-019/023 · 있 / 토큰 89 92 / KANJI E320 / 가나다순 276,mapped from six runtime-analysis RAM/raw formulas
2368,2,DBF6~DBF7,패치 슬롯 1333 | 한글 문자 | 을,을,89 8A,8A 9E,376,8A 9E,81 49,0x04466 | 0x04467,원본 분석표 2385번 DC12~DC13=82 A2(い) → 패치 DBF6~DBF7=89 8A(을); 번역 54-020/023 · 을 / 토큰 89 8A / KANJI E2A0 / 가나다순 265,mapped from six runtime-analysis RAM/raw formulas
2369,2,DBF8~DBF9,패치 슬롯 1334 | 한글 문자 | 게,게,82 AB,88 B1,19,88 B1,81 40,0x04468 | 0x04469,원본 분석표 2386번 DC14~DC15=82 E9(る) → 패치 DBF8~DBF9=82 AB(게); 번역 54-021/023 · 게 / 토큰 82 AB / KANJI 18D0 / 가나다순 13,mapped from six runtime-analysis RAM/raw formulas
2370,2,DBFA~DBFB,패치 슬롯 1335 | 문장부호 | 。,。,81 42,81 42,,81 42,8E 84,0x0446A | 0x0446B,원본 분석표 2388번 DC18~DC19 → 현재 DBFA~DBFB; 번역 54-022/023 · 。 / 토큰 81 42 / PC-88 전각 마침표 토큰,mapped from six runtime-analysis RAM/raw formulas
2371,2,DBFC~DBFD,패치 슬롯 1336 | 전각 공백 | ␠,␠,81 40,81 40,,81 40,82 CD,0x0446C | 0x0446D,편집기 추가 행; 번역 54-023/023 · ␠ / 토큰 81 40 / PC-88 전각 공백 토큰,mapped from six runtime-analysis RAM/raw formulas
2372,2,DBFE,런타임 확인 61~70h 계열 / CAA8[0] 작업슬롯 비활성화,,61,61,,,82,0x0446E,원본 분석표 2389번 DC1A → 현재 DBFE; 비활성화 토큰 61; 다음 본류 DC1B,mapped from six runtime-analysis RAM/raw formulas
2373,2,DBFF~DC01,런타임 확인 1Eh 계열 / 간접 CALL,,1E DF DC,1E DF DC,,,A2 82 C2,0x0446F | 0x04480 | 0x04481,원본 분석표 2390번 DC1B~DC1D → 현재 DBFF~DC01; 호출 대상 DCDF; 처리 후 다음 본류 DC1E,mapped from six runtime-analysis RAM/raw formulas
2374,2,DC02~DC04,런타임 확인 1Eh 계열 / 간접 CALL,,1E 40 A4,1E 40 A4,,,82 E0 82,0x04482 | 0x04483 | 0x04484,원본 분석표 2391번 DC1E~DC20 → 현재 DC02~DC04; 호출 대상 A440; 처리 후 다음 본류 DC21,mapped from six runtime-analysis RAM/raw formulas
2375,2,DC05,런타임 확인 12h 계열 제어토큰,,12,12,,,A0,0x04485,원본 분석표 2392번 DC21 → 현재 DC05; 1바이트 독립 토큰; 다음 본류 DC22,mapped from six runtime-analysis RAM/raw formulas
2376,2,DC06~DC0C,런타임 확인 0Bh 계열 제어토큰,,0B 3B 00 04 2F 04 02,0B 3B 00 04 2F 04 02,,,82 C8 82 BD 82 CC 82,0x04486 | 0x04487 | 0x04488 | 0x04489 | 0x0448A | 0x0448B | 0x0448C,원본 분석표 2393번 DC22~DC28 → 현재 DC06~DC0C; 길이 7바이트; 인자 3B 00 04 2F 04 02; 다음 본류 DC29,mapped from six runtime-analysis RAM/raw formulas
2377,2,DC0D~DC0E,런타임 확인 01h 계열 제어토큰,,01 04,01 04,,,BB 82,0x0448D | 0x0448E,원본 분석표 2394번 DC29~DC2A → 현재 DC0D~DC0E; 인자 04; 다음 본류 DC2B,mapped from six runtime-analysis RAM/raw formulas
2378,2,DC0F,런타임 확인 11h 계열 제어토큰,,11,11,,,CE,0x0448F,원본 분석표 2395번 DC2B → 현재 DC0F; 1바이트 독립 토큰; 다음 본류 DC2C,mapped from six runtime-analysis RAM/raw formulas
2379,2,DC10~DC12,런타임 확인 16h 계열 / 서브스트림 호출·전환 → DE47,,16 47 DE,16 47 DE,,,82 C9 82,0x04490 | 0x04491 | 0x04492,원본 분석표 2396번 DC2C~DC2E → 현재 DC10~DC12; 16h 호출 → DE47; 복귀 주소 DC2F,mapped from six runtime-analysis RAM/raw formulas
2380,2,DE47~DE4B,서브스트림 실행 / 런타임 확인 0Fh 계열 제어토큰,,0F 01 30 04 0C,0F 01 30 04 0C,,,,,인자 01 30 04 0C; 다음 주소 DE4C,outside six documented raw segments
2381,2,DE4C~DE51,서브스트림 실행 / 런타임 확인 영역·좌표 상태 설정·전개,,05 16 AC 3A C4 00,05 16 AC 3A C4 00,,,,,인자 16 AC 3A C4 00; 다음 주소 DE52,outside six documented raw segments
2382,2,DE52~DE56,서브스트림 실행 / 런타임 확인 화면·버퍼 초기화·전개,,0E 16 10 24 B8,0E 16 10 24 B8,,,,,인자 16 10 24 B8; 다음 주소 DE57,outside six documented raw segments
2383,2,DE57~DE59,서브스트림 실행 / 런타임 확인 13h 계열 제어토큰,,13 DC DF,13 DC DF,,,,,인자 DC DF; 다음 주소 DE5A,outside six documented raw segments
2384,2,DE5A~DE5D,서브스트림 실행 / 런타임 확인 버퍼·영역 처리,,14 00 16 15,14 00 16 15,,,,,인자 00 16 15; 다음 주소 DE5E,outside six documented raw segments
2385,2,DE5E~DE61,서브스트림 실행 / 런타임 확인 버퍼·영역 처리,,14 01 3A 00,14 01 3A 00,,,,,인자 01 3A 00; 다음 주소 DE62,outside six documented raw segments
2386,2,DE62~DE65,서브스트림 실행 / 런타임 확인 04h 계열 / CAA8 슬롯 포인터 설정,,04 EA E0 41,04 EA E0 41,,,,,E0EA 포인터를 41h 슬롯에 설정; 다음 주소 DE66,outside six documented raw segments
2387,2,DE66~DE69,서브스트림 실행 / 런타임 확인 04h 계열 / CAA8 슬롯 포인터 설정,,04 F4 E0 42,04 F4 E0 42,,,,,E0F4 포인터를 42h 슬롯에 설정; 다음 주소 DE6A,outside six documented raw segments
2388,2,DE6A,서브스트림 실행 / 런타임 확인 17h 계열 / 서브스트림 복귀,,17,17,,,,,17h 복귀 → DC2F,outside six documented raw segments
2389,2,DC13~DC14,런타임 확인 상태 설정,,06 0E,06 0E,,,A2 82,0x04493 | 0x04494,원본 분석표 2406번 DC2F~DC30 → 현재 DC13~DC14; 인자 0E; 다음 본류 DC31,mapped from six runtime-analysis RAM/raw formulas
2390,2,DC15,런타임 확인 41~50h 계열 / CAA8[0] 슬롯 실행,,41,41,,,E9,0x04495,원본 분석표 2407번 DC31 → 현재 DC15; 슬롯 토큰 41; 다음 본류 DC32,mapped from six runtime-analysis RAM/raw formulas
2391,2,DC16~DC17,패치 슬롯 1337 | 전각 공백 | ␠,␠,81 40,81 40,,81 40,82 ED,0x04496 | 0x04497,원본 분석표 2408번 DC32~DC33 → 현재 DC16~DC17; 번역 55-001/006 · ␠ / 토큰 81 40 / PC-88 전각 공백 토큰,mapped from six runtime-analysis RAM/raw formulas
2392,2,DC18~DC19,패치 슬롯 1338 | 전각 공백 | ␠,␠,81 40,81 40,,81 40,81 42,0x04498 | 0x04499,원본 분석표 2409번 DC34~DC35 → 현재 DC18~DC19; 번역 55-002/006 · ␠ / 토큰 81 40 / PC-88 전각 공백 토큰,mapped from six runtime-analysis RAM/raw formulas
2393,2,DC1A~DC1B,패치 슬롯 1339 | 전각 공백 | ␠,␠,81 40,81 40,,81 40,61 1E,0x0449A | 0x0449B,원본 분석표 2410번 DC36~DC37 → 현재 DC1A~DC1B; 번역 55-003/006 · ␠ / 토큰 81 40 / PC-88 전각 공백 토큰,mapped from six runtime-analysis RAM/raw formulas
2394,2,DC1C~DC1D,패치 슬롯 1340 | 전각 공백 | ␠,␠,81 40,81 40,,81 40,DF DC,0x0449C | 0x0449D,원본 분석표 2411번 DC38~DC39 → 현재 DC1C~DC1D; 번역 55-004/006 · ␠ / 토큰 81 40 / PC-88 전각 공백 토큰,mapped from six runtime-analysis RAM/raw formulas
2395,2,DC1E~DC1F,패치 슬롯 1341 | 전각 공백 | ␠,␠,81 40,81 40,,81 40,1E 40,0x0449E | 0x0449F,원본 분석표 2412번 DC3A~DC3B → 현재 DC1E~DC1F; 번역 55-005/006 · ␠ / 토큰 81 40 / PC-88 전각 공백 토큰,mapped from six runtime-analysis RAM/raw formulas
2396,2,DC20~DC21,패치 슬롯 1342 | 전각 공백 | ␠,␠,81 40,81 40,,81 40,A4 12,0x044A0 | 0x044A1,원본 분석표 2413번 DC3C~DC3D → 현재 DC20~DC21; 번역 55-006/006 · ␠ / 토큰 81 40 / PC-88 전각 공백 토큰,mapped from six runtime-analysis RAM/raw formulas
2397,2,DC22,런타임 확인 61~70h 계열 / CAA8[0] 작업슬롯 비활성화,,61,61,,,0B,0x044A2,원본 분석표 2414번 DC3E → 현재 DC22; 비활성화 토큰 61; 다음 본류 DC3F,mapped from six runtime-analysis RAM/raw formulas
2398,2,DC23,런타임 확인 41~50h 계열 / CAA8[1] 슬롯 실행,,42,42,,,3B,0x044A3,원본 분석표 2415번 DC3F → 현재 DC23; 슬롯 토큰 42; 다음 본류 DC40,mapped from six runtime-analysis RAM/raw formulas
2399,2,DC24,런타임 확인 61~70h 계열 / CAA8[1] 작업슬롯 비활성화,,62,62,,,00,0x044A4,원본 분석표 2416번 DC40 → 현재 DC24; 비활성화 토큰 62; 다음 본류 DC41,mapped from six runtime-analysis RAM/raw formulas
2400,2,DC25,런타임 확인 12h 계열 제어토큰,,12,12,,,04,0x044A5,원본 분석표 2417번 DC41 → 현재 DC25; 1바이트 독립 토큰; 다음 본류 DC42,mapped from six runtime-analysis RAM/raw formulas
2401,2,DC26~DC2A,런타임 확인 0Fh 계열 제어토큰,,0F 03 32 04 13,0F 03 32 04 13,,,2F 04 02 01 04,0x044A6 | 0x044A7 | 0x044A8 | 0x044A9 | 0x044AA,원본 분석표 2418번 DC42~DC46 → 현재 DC26~DC2A; 인자 03 32 04 13; 다음 본류 DC47,mapped from six runtime-analysis RAM/raw formulas
2402,2,DC2B~DC2C,런타임 확인 01h 계열 제어토큰,,01 08,01 08,,,11 16,0x044AB | 0x044AC,원본 분석표 2419번 DC47~DC48 → 현재 DC2B~DC2C; 인자 08; 다음 본류 DC49,mapped from six runtime-analysis RAM/raw formulas
2403,2,DC2D,런타임 확인 11h 계열 제어토큰,,11,11,,,47,0x044AD,원본 분석표 2420번 DC49 → 현재 DC2D; 1바이트 독립 토큰; 다음 본류 DC4A,mapped from six runtime-analysis RAM/raw formulas
2404,2,DC2E~DC35,런타임 확인 2Bh 계열 제어토큰,,2B 03 04 4D 04 04 00 88,2B 03 04 4D 04 04 00 88,,,DE 06 0E 41 81 40 81 40,0x044AE | 0x044AF | 0x044B0 | 0x044B1 | 0x044B2 | 0x044B3 | 0x044B4 | 0x044B5,원본 분석표 2421번 DC4A~DC51 → 현재 DC2E~DC35; 길이 8바이트; 인자 03 04 4D 04 04 00 88; 다음 본류 DC52,mapped from six runtime-analysis RAM/raw formulas
2405,2,DC36~DC38,런타임 확인 16h 계열 / 서브스트림 호출·전환 → DD11,,16 11 DD,16 11 DD,,,81 40 81,0x044B6 | 0x044B7 | 0x044B8,원본 분석표 2422번 DC52~DC54 → 현재 DC36~DC38; 16h 호출 → DD11; 복귀 주소 DC55,mapped from six runtime-analysis RAM/raw formulas
2406,2,DD11~DD15,서브스트림 실행 / 런타임 확인 0Fh 계열 제어토큰,,0F 02 36 04 0B,0F 02 36 04 0B,,,,,인자 02 36 04 0B; 다음 주소 DD16,outside six documented raw segments
2407,2,DD16~DD18,서브스트림 실행 / 런타임 확인 16h 계열 / 서브스트림 호출·전환 → DF4D,,16 4D DF,16 4D DF,,,,,16h 호출 → DF4D; 복귀 주소 DD19,outside six documented raw segments
2408,2,DF4D~DF4F,서브스트림 실행 / 런타임 확인 1Eh 계열 / 간접 CALL,,1E 3C 08,1E 3C 08,,,,,호출 대상 083C; 처리 후 다음 주소 DF50,outside six documented raw segments
2409,2,DF50~DF55,서브스트림 실행 / 런타임 확인 영역·좌표 상태 설정·전개,,05 16 86 3A 9E 00,05 16 86 3A 9E 00,,,,,인자 16 86 3A 9E 00; 다음 주소 DF56,outside six documented raw segments
2410,2,DF56~DF5A,서브스트림 실행 / 런타임 확인 화면·버퍼 초기화·전개,,0E 16 20 24 80,0E 16 20 24 80,,,,,인자 16 20 24 80; 다음 주소 DF5B,outside six documented raw segments
2411,2,DF5B,서브스트림 실행 / 런타임 확인 17h 계열 / 서브스트림 복귀,,17,17,,,,,17h 복귀 → DD19,outside six documented raw segments
2412,2,DD19~DD1B,서브스트림 실행 / 런타임 확인 13h 계열 제어토큰,,13 6C DF,13 6C DF,,,,,인자 6C DF; 다음 주소 DD1C,outside six documented raw segments
2413,2,DD1C~DD1F,서브스트림 실행 / 런타임 확인 버퍼·영역 처리,,14 00 3B 00,14 00 3B 00,,,,,인자 00 3B 00; 다음 주소 DD20,outside six documented raw segments
2414,2,DD20~DD23,서브스트림 실행 / 런타임 확인 버퍼·영역 처리,,14 01 3B 64,14 01 3B 64,,,,,인자 01 3B 64; 다음 주소 DD24,outside six documented raw segments
2415,2,DD24,서브스트림 실행 / 런타임 확인 17h 계열 / 서브스트림 복귀,,17,17,,,,,17h 복귀 → DC55,outside six documented raw segments
2416,2,DC39~DC3B,런타임 확인 1Eh 계열 / 간접 CALL,,1E 16 A4,1E 16 A4,,,40 81 40,0x044B9 | 0x044BA | 0x044BB,원본 분석표 2433번 DC55~DC57 → 현재 DC39~DC3B; 호출 대상 A416; 처리 후 다음 본류 DC58,mapped from six runtime-analysis RAM/raw formulas
2417,2,DC3C~DC3D,런타임 확인 01h 계열 제어토큰,,01 0A,01 0A,,,81 40,0x044BC | 0x044BD,원본 분석표 2434번 DC58~DC59 → 현재 DC3C~DC3D; 인자 0A; 다음 본류 DC5A,mapped from six runtime-analysis RAM/raw formulas
2418,2,DC3E,런타임 확인 11h 계열 제어토큰,,11,11,,,61,0x044BE,원본 분석표 2435번 DC5A → 현재 DC3E; 1바이트 독립 토큰; 다음 본류 DC5B,mapped from six runtime-analysis RAM/raw formulas
2419,2,DC3F~DC41,런타임 확인 16h 계열 / 서브스트림 호출·전환 → DD25,,16 25 DD,16 25 DD,,,42 62 12,0x044BF | 0x044C0 | 0x044C1,원본 분석표 2436번 DC5B~DC5D → 현재 DC3F~DC41; 16h 호출 → DD25; 복귀 주소 DC5E,mapped from six runtime-analysis RAM/raw formulas
2420,2,DD25~DD29,서브스트림 실행 / 런타임 확인 0Fh 계열 제어토큰,,0F 03 38 04 0A,0F 03 38 04 0A,,,,,인자 03 38 04 0A; 다음 주소 DD2A,outside six documented raw segments
2421,2,DD2A~DD2C,서브스트림 실행 / 런타임 확인 1Eh 계열 / 간접 CALL,,1E 3C 08,1E 3C 08,,,,,호출 대상 083C; 처리 후 다음 주소 DD2D,outside six documented raw segments
2422,2,DD2D~DD32,서브스트림 실행 / 런타임 확인 영역·좌표 상태 설정·전개,,05 16 86 3A 9E 03,05 16 86 3A 9E 03,,,,,인자 16 86 3A 9E 03; 다음 주소 DD33,outside six documented raw segments
2423,2,DD33~DD37,서브스트림 실행 / 런타임 확인 화면·버퍼 초기화·전개,,0E 16 20 24 80,0E 16 20 24 80,,,,,인자 16 20 24 80; 다음 주소 DD38,outside six documented raw segments
2424,2,DD38~DD3A,서브스트림 실행 / 런타임 확인 13h 계열 제어토큰,,13 7C DF,13 7C DF,,,,,인자 7C DF; 다음 주소 DD3B,outside six documented raw segments
2425,2,DD3B~DD3C,서브스트림 실행 / 런타임 확인 19h 계열 제어토큰,,19 04,19 04,,,,,인자 04; 다음 주소 DD3D,outside six documented raw segments
2426,2,DD3D~DD42,서브스트림 실행 / 런타임 확인 08h 계열 제어토큰,,08 B6 FD 24 04 FF,08 B6 FD 24 04 FF,,,,,길이 6바이트; 인자 B6 FD 24 04 FF; 다음 주소 DD43,outside six documented raw segments
2427,2,DD43~DD46,서브스트림 실행 / 런타임 확인 04h 계열 / CAA8 슬롯 포인터 설정,,04 FE E0 41,04 FE E0 41,,,,,E0FE 포인터를 41h 슬롯에 설정; 다음 주소 DD47,outside six documented raw segments
2428,2,DD47,서브스트림 실행 / 런타임 확인 17h 계열 / 서브스트림 복귀,,17,17,,,,,17h 복귀 → DC5E,outside six documented raw segments
2429,2,DC42~DC43,런타임 확인 01h 계열 제어토큰,,01 07,01 07,,,0F 03,0x044C2 | 0x044C3,원본 분석표 2446번 DC5E~DC5F → 현재 DC42~DC43; 인자 07; 다음 본류 DC60,mapped from six runtime-analysis RAM/raw formulas
2430,2,DC44,런타임 확인 11h 계열 제어토큰,,11,11,,,32,0x044C4,원본 분석표 2447번 DC60 → 현재 DC44; 1바이트 독립 토큰; 다음 본류 DC61,mapped from six runtime-analysis RAM/raw formulas
2431,2,DC45~DC46,런타임 확인 19h 계열 제어토큰,,19 07,19 07,,,04 13,0x044C5 | 0x044C6,원본 분석표 2448번 DC61~DC62 → 현재 DC45~DC46; 인자 07; 다음 본류 DC63,mapped from six runtime-analysis RAM/raw formulas
2432,2,DC47~DC49,런타임 확인 16h 계열 / 서브스트림 호출·전환 → DD11,,16 11 DD,16 11 DD,,,01 08 11,0x044C7 | 0x044C8 | 0x044C9,원본 분석표 2449번 DC63~DC65 → 현재 DC47~DC49; 16h 호출 → DD11; 복귀 주소 DC66,mapped from six runtime-analysis RAM/raw formulas
2433,2,DD11~DD15,서브스트림 실행 / 런타임 확인 0Fh 계열 제어토큰,,0F 02 36 04 0B,0F 02 36 04 0B,,,,,인자 02 36 04 0B; 다음 주소 DD16,outside six documented raw segments
2434,2,DD16~DD18,서브스트림 실행 / 런타임 확인 16h 계열 / 서브스트림 호출·전환 → DF4D,,16 4D DF,16 4D DF,,,,,16h 호출 → DF4D; 복귀 주소 DD19,outside six documented raw segments
2435,2,DF4D~DF4F,서브스트림 실행 / 런타임 확인 1Eh 계열 / 간접 CALL,,1E 3C 08,1E 3C 08,,,,,호출 대상 083C; 처리 후 다음 주소 DF50,outside six documented raw segments
2436,2,DF50~DF55,서브스트림 실행 / 런타임 확인 영역·좌표 상태 설정·전개,,05 16 86 3A 9E 00,05 16 86 3A 9E 00,,,,,인자 16 86 3A 9E 00; 다음 주소 DF56,outside six documented raw segments
2437,2,DF56~DF5A,서브스트림 실행 / 런타임 확인 화면·버퍼 초기화·전개,,0E 16 20 24 80,0E 16 20 24 80,,,,,인자 16 20 24 80; 다음 주소 DF5B,outside six documented raw segments
2438,2,DF5B,서브스트림 실행 / 런타임 확인 17h 계열 / 서브스트림 복귀,,17,17,,,,,17h 복귀 → DD19,outside six documented raw segments
2439,2,DD19~DD1B,서브스트림 실행 / 런타임 확인 13h 계열 제어토큰,,13 6C DF,13 6C DF,,,,,인자 6C DF; 다음 주소 DD1C,outside six documented raw segments
2440,2,DD1C~DD1F,서브스트림 실행 / 런타임 확인 버퍼·영역 처리,,14 00 3B 00,14 00 3B 00,,,,,인자 00 3B 00; 다음 주소 DD20,outside six documented raw segments
2441,2,DD20~DD23,서브스트림 실행 / 런타임 확인 버퍼·영역 처리,,14 01 3B 64,14 01 3B 64,,,,,인자 01 3B 64; 다음 주소 DD24,outside six documented raw segments
2442,2,DD24,서브스트림 실행 / 런타임 확인 17h 계열 / 서브스트림 복귀,,17,17,,,,,17h 복귀 → DC66,outside six documented raw segments
2443,2,DC4A~DC4B,런타임 확인 01h 계열 제어토큰,,01 09,01 09,,,2B 03,0x044CA | 0x044CB,원본 분석표 2460번 DC66~DC67 → 현재 DC4A~DC4B; 인자 09; 다음 본류 DC68,mapped from six runtime-analysis RAM/raw formulas
2444,2,DC4C,런타임 확인 11h 계열 제어토큰,,11,11,,,04,0x044CC,원본 분석표 2461번 DC68 → 현재 DC4C; 1바이트 독립 토큰; 다음 본류 DC69,mapped from six runtime-analysis RAM/raw formulas
2445,2,DC4D~DC4F,런타임 확인 16h 계열 / 서브스트림 호출·전환 → DD54,,16 54 DD,16 54 DD,,,4D 04 04,0x044CD | 0x044CE | 0x044CF,원본 분석표 2462번 DC69~DC6B → 현재 DC4D~DC4F; 16h 호출 → DD54; 복귀 주소 DC6C,mapped from six runtime-analysis RAM/raw formulas
2446,2,DD54~DD58,서브스트림 실행 / 런타임 확인 0Fh 계열 제어토큰,,0F 03 3F 04 19,0F 03 3F 04 19,,,,,인자 03 3F 04 19; 다음 주소 DD59,outside six documented raw segments
2447,2,DD59~DD5B,서브스트림 실행 / 런타임 확인 16h 계열 / 서브스트림 호출·전환 → DF4D,,16 4D DF,16 4D DF,,,,,16h 호출 → DF4D; 복귀 주소 DD5C,outside six documented raw segments
2448,2,DF4D~DF4F,서브스트림 실행 / 런타임 확인 1Eh 계열 / 간접 CALL,,1E 3C 08,1E 3C 08,,,,,호출 대상 083C; 처리 후 다음 주소 DF50,outside six documented raw segments
2449,2,DF50~DF55,서브스트림 실행 / 런타임 확인 영역·좌표 상태 설정·전개,,05 16 86 3A 9E 00,05 16 86 3A 9E 00,,,,,인자 16 86 3A 9E 00; 다음 주소 DF56,outside six documented raw segments
2450,2,DF56~DF5A,서브스트림 실행 / 런타임 확인 화면·버퍼 초기화·전개,,0E 16 20 24 80,0E 16 20 24 80,,,,,인자 16 20 24 80; 다음 주소 DF5B,outside six documented raw segments
2451,2,DF5B,서브스트림 실행 / 런타임 확인 17h 계열 / 서브스트림 복귀,,17,17,,,,,17h 복귀 → DD5C,outside six documented raw segments
2452,2,DD5C~DD5E,서브스트림 실행 / 런타임 확인 13h 계열 제어토큰,,13 9C DF,13 9C DF,,,,,인자 9C DF; 다음 주소 DD5F,outside six documented raw segments
2453,2,DD5F,서브스트림 실행 / 런타임 확인 17h 계열 / 서브스트림 복귀,,17,17,,,,,17h 복귀 → DC6C,outside six documented raw segments
2454,2,DC50~DC51,런타임 확인 01h 계열 제어토큰,,01 05,01 05,,,00 88,0x044D0 | 0x044D1,원본 분석표 2471번 DC6C~DC6D → 현재 DC50~DC51; 인자 05; 다음 본류 DC6E,mapped from six runtime-analysis RAM/raw formulas
2455,2,DC52,런타임 확인 11h 계열 제어토큰,,11,11,,,16,0x044D2,원본 분석표 2472번 DC6E → 현재 DC52; 1바이트 독립 토큰; 다음 본류 DC6F,mapped from six runtime-analysis RAM/raw formulas
2456,2,DC53~DC55,런타임 확인 16h 계열 / 서브스트림 호출·전환 → DD11,,16 11 DD,16 11 DD,,,11 DD 1E,0x044D3 | 0x044D4 | 0x044D5,원본 분석표 2473번 DC6F~DC71 → 현재 DC53~DC55; 16h 호출 → DD11; 복귀 주소 DC72,mapped from six runtime-analysis RAM/raw formulas
2457,2,DD11~DD15,서브스트림 실행 / 런타임 확인 0Fh 계열 제어토큰,,0F 02 36 04 0B,0F 02 36 04 0B,,,,,인자 02 36 04 0B; 다음 주소 DD16,outside six documented raw segments
2458,2,DD16~DD18,서브스트림 실행 / 런타임 확인 16h 계열 / 서브스트림 호출·전환 → DF4D,,16 4D DF,16 4D DF,,,,,16h 호출 → DF4D; 복귀 주소 DD19,outside six documented raw segments
2459,2,DF4D~DF4F,서브스트림 실행 / 런타임 확인 1Eh 계열 / 간접 CALL,,1E 3C 08,1E 3C 08,,,,,호출 대상 083C; 처리 후 다음 주소 DF50,outside six documented raw segments
2460,2,DF50~DF55,서브스트림 실행 / 런타임 확인 영역·좌표 상태 설정·전개,,05 16 86 3A 9E 00,05 16 86 3A 9E 00,,,,,인자 16 86 3A 9E 00; 다음 주소 DF56,outside six documented raw segments
2461,2,DF56~DF5A,서브스트림 실행 / 런타임 확인 화면·버퍼 초기화·전개,,0E 16 20 24 80,0E 16 20 24 80,,,,,인자 16 20 24 80; 다음 주소 DF5B,outside six documented raw segments
2462,2,DF5B,서브스트림 실행 / 런타임 확인 17h 계열 / 서브스트림 복귀,,17,17,,,,,17h 복귀 → DD19,outside six documented raw segments
2463,2,DD19~DD1B,서브스트림 실행 / 런타임 확인 13h 계열 제어토큰,,13 6C DF,13 6C DF,,,,,인자 6C DF; 다음 주소 DD1C,outside six documented raw segments
2464,2,DD1C~DD1F,서브스트림 실행 / 런타임 확인 버퍼·영역 처리,,14 00 3B 00,14 00 3B 00,,,,,인자 00 3B 00; 다음 주소 DD20,outside six documented raw segments
2465,2,DD20~DD23,서브스트림 실행 / 런타임 확인 버퍼·영역 처리,,14 01 3B 64,14 01 3B 64,,,,,인자 01 3B 64; 다음 주소 DD24,outside six documented raw segments
2466,2,DD24,서브스트림 실행 / 런타임 확인 17h 계열 / 서브스트림 복귀,,17,17,,,,,17h 복귀 → DC72,outside six documented raw segments
2467,2,DC56~DC57,런타임 확인 01h 계열 제어토큰,,01 0A,01 0A,,,16 A4,0x044D6 | 0x044D7,원본 분석표 2484번 DC72~DC73 → 현재 DC56~DC57; 인자 0A; 다음 본류 DC74,mapped from six runtime-analysis RAM/raw formulas
2468,2,DC58,런타임 확인 11h 계열 제어토큰,,11,11,,,01,0x044D8,원본 분석표 2485번 DC74 → 현재 DC58; 1바이트 독립 토큰; 다음 본류 DC75,mapped from six runtime-analysis RAM/raw formulas
2469,2,DC59~DC5B,런타임 확인 16h 계열 / 서브스트림 호출·전환 → DD48,,16 48 DD,16 48 DD,,,0A 11 16,0x044D9 | 0x044DA | 0x044DB,원본 분석표 2486번 DC75~DC77 → 현재 DC59~DC5B; 16h 호출 → DD48; 복귀 주소 DC78,mapped from six runtime-analysis RAM/raw formulas
2470,2,DD48~DD4C,서브스트림 실행 / 런타임 확인 0Fh 계열 제어토큰,,0F 03 44 04 15,0F 03 44 04 15,,,,,인자 03 44 04 15; 다음 주소 DD4D,outside six documented raw segments
2471,2,DD4D~DD4F,서브스트림 실행 / 런타임 확인 16h 계열 / 서브스트림 호출·전환 → DF4D,,16 4D DF,16 4D DF,,,,,16h 호출 → DF4D; 복귀 주소 DD50,outside six documented raw segments
2472,2,DF4D~DF4F,서브스트림 실행 / 런타임 확인 1Eh 계열 / 간접 CALL,,1E 3C 08,1E 3C 08,,,,,호출 대상 083C; 처리 후 다음 주소 DF50,outside six documented raw segments
2473,2,DF50~DF55,서브스트림 실행 / 런타임 확인 영역·좌표 상태 설정·전개,,05 16 86 3A 9E 00,05 16 86 3A 9E 00,,,,,인자 16 86 3A 9E 00; 다음 주소 DF56,outside six documented raw segments
2474,2,DF56~DF5A,서브스트림 실행 / 런타임 확인 화면·버퍼 초기화·전개,,0E 16 20 24 80,0E 16 20 24 80,,,,,인자 16 20 24 80; 다음 주소 DF5B,outside six documented raw segments
2475,2,DF5B,서브스트림 실행 / 런타임 확인 17h 계열 / 서브스트림 복귀,,17,17,,,,,17h 복귀 → DD50,outside six documented raw segments
2476,2,DD50~DD52,서브스트림 실행 / 런타임 확인 13h 계열 제어토큰,,13 8C DF,13 8C DF,,,,,인자 8C DF; 다음 주소 DD53,outside six documented raw segments
2477,2,DD53,서브스트림 실행 / 런타임 확인 17h 계열 / 서브스트림 복귀,,17,17,,,,,17h 복귀 → DC78,outside six documented raw segments
2478,2,DC5C~DC5D,런타임 확인 01h 계열 제어토큰,,01 06,01 06,,,25 DD,0x044DC | 0x044DD,원본 분석표 2495번 DC78~DC79 → 현재 DC5C~DC5D; 인자 06; 다음 본류 DC7A,mapped from six runtime-analysis RAM/raw formulas
2479,2,DC5E,런타임 확인 11h 계열 제어토큰,,11,11,,,01,0x044DE,원본 분석표 2496번 DC7A → 현재 DC5E; 1바이트 독립 토큰; 다음 본류 DC7B,mapped from six runtime-analysis RAM/raw formulas
2480,2,DC5F~DC61,런타임 확인 16h 계열 / 서브스트림 호출·전환 → DCF5,,16 F5 DC,16 F5 DC,,,07 11 19,0x044DF | 0x044E0 | 0x044E1,원본 분석표 2497번 DC7B~DC7D → 현재 DC5F~DC61; 16h 호출 → DCF5; 복귀 주소 DC7E,mapped from six runtime-analysis RAM/raw formulas
2481,2,DCF5~DCF9,서브스트림 실행 / 런타임 확인 0Fh 계열 제어토큰,,0F 02 4A 05 06,0F 02 4A 05 06,,,,,인자 02 4A 05 06; 다음 주소 DCFA,outside six documented raw segments
2482,2,DCFA~DCFC,서브스트림 실행 / 런타임 확인 16h 계열 / 서브스트림 호출·전환 → DF4D,,16 4D DF,16 4D DF,,,,,16h 호출 → DF4D; 복귀 주소 DCFD,outside six documented raw segments
2483,2,DF4D~DF4F,서브스트림 실행 / 런타임 확인 1Eh 계열 / 간접 CALL,,1E 3C 08,1E 3C 08,,,,,호출 대상 083C; 처리 후 다음 주소 DF50,outside six documented raw segments
2484,2,DF50~DF55,서브스트림 실행 / 런타임 확인 영역·좌표 상태 설정·전개,,05 16 86 3A 9E 00,05 16 86 3A 9E 00,,,,,인자 16 86 3A 9E 00; 다음 주소 DF56,outside six documented raw segments
2485,2,DF56~DF5A,서브스트림 실행 / 런타임 확인 화면·버퍼 초기화·전개,,0E 16 20 24 80,0E 16 20 24 80,,,,,인자 16 20 24 80; 다음 주소 DF5B,outside six documented raw segments
2486,2,DF5B,서브스트림 실행 / 런타임 확인 17h 계열 / 서브스트림 복귀,,17,17,,,,,17h 복귀 → DCFD,outside six documented raw segments
2487,2,DCFD~DCFF,서브스트림 실행 / 런타임 확인 13h 계열 제어토큰,,13 5C DF,13 5C DF,,,,,인자 5C DF; 다음 주소 DD00,outside six documented raw segments
2488,2,DD00~DD02,서브스트림 실행 / 런타임 확인 1Eh 계열 / 간접 CALL,,1E EA DC,1E EA DC,,,,,호출 대상 DCEA; 처리 후 다음 주소 DD03,outside six documented raw segments
2489,2,DD03~DD06,서브스트림 실행 / 런타임 확인 버퍼·영역 처리,,14 00 3B 00,14 00 3B 00,,,,,인자 00 3B 00; 다음 주소 DD07,outside six documented raw segments
2490,2,DD07~DD0A,서브스트림 실행 / 런타임 확인 버퍼·영역 처리,,14 01 51 00,14 01 51 00,,,,,인자 01 51 00; 다음 주소 DD0B,outside six documented raw segments
2491,2,DD0B~DD0F,서브스트림 실행 / 런타임 확인 0Fh 계열 제어토큰,,0F 04 48 04 15,0F 04 48 04 15,,,,,인자 04 48 04 15; 다음 주소 DD10,outside six documented raw segments
2492,2,DD10,서브스트림 실행 / 런타임 확인 17h 계열 / 서브스트림 복귀,,17,17,,,,,17h 복귀 → DC7E,outside six documented raw segments
2493,2,DC62~DC63,런타임 확인 01h 계열 제어토큰,,01 0B,01 0B,,,07 16,0x044E2 | 0x044E3,원본 분석표 2510번 DC7E~DC7F → 현재 DC62~DC63; 인자 0B; 다음 본류 DC80,mapped from six runtime-analysis RAM/raw formulas
2494,2,DC64,런타임 확인 11h 계열 제어토큰,,11,11,,,11,0x044E4,원본 분석표 2511번 DC80 → 현재 DC64; 1바이트 독립 토큰; 다음 본류 DC81,mapped from six runtime-analysis RAM/raw formulas
2495,2,DC65~DC67,런타임 확인 16h 계열 / 서브스트림 호출·전환 → DD25,,16 25 DD,16 25 DD,,,DD 01 09,0x044E5 | 0x044E6 | 0x044E7,원본 분석표 2512번 DC81~DC83 → 현재 DC65~DC67; 16h 호출 → DD25; 복귀 주소 DC84,mapped from six runtime-analysis RAM/raw formulas
2496,2,DD25~DD29,서브스트림 실행 / 런타임 확인 0Fh 계열 제어토큰,,0F 03 38 04 0A,0F 03 38 04 0A,,,,,인자 03 38 04 0A; 다음 주소 DD2A,outside six documented raw segments
2497,2,DD2A~DD2C,서브스트림 실행 / 런타임 확인 1Eh 계열 / 간접 CALL,,1E 3C 08,1E 3C 08,,,,,호출 대상 083C; 처리 후 다음 주소 DD2D,outside six documented raw segments
2498,2,DD2D~DD32,서브스트림 실행 / 런타임 확인 영역·좌표 상태 설정·전개,,05 16 86 3A 9E 03,05 16 86 3A 9E 03,,,,,인자 16 86 3A 9E 03; 다음 주소 DD33,outside six documented raw segments
2499,2,DD33~DD37,서브스트림 실행 / 런타임 확인 화면·버퍼 초기화·전개,,0E 16 20 24 80,0E 16 20 24 80,,,,,인자 16 20 24 80; 다음 주소 DD38,outside six documented raw segments
2500,2,DD38~DD3A,서브스트림 실행 / 런타임 확인 13h 계열 제어토큰,,13 7C DF,13 7C DF,,,,,인자 7C DF; 다음 주소 DD3B,outside six documented raw segments
2501,2,DD3B~DD3C,서브스트림 실행 / 런타임 확인 19h 계열 제어토큰,,19 04,19 04,,,,,인자 04; 다음 주소 DD3D,outside six documented raw segments
2502,2,DD3D~DD42,서브스트림 실행 / 런타임 확인 08h 계열 제어토큰,,08 B6 FD 24 04 FF,08 B6 FD 24 04 FF,,,,,길이 6바이트; 인자 B6 FD 24 04 FF; 다음 주소 DD43,outside six documented raw segments
2503,2,DD43~DD46,서브스트림 실행 / 런타임 확인 04h 계열 / CAA8 슬롯 포인터 설정,,04 FE E0 41,04 FE E0 41,,,,,E0FE 포인터를 41h 슬롯에 설정; 다음 주소 DD47,outside six documented raw segments
2504,2,DD47,서브스트림 실행 / 런타임 확인 17h 계열 / 서브스트림 복귀,,17,17,,,,,17h 복귀 → DC84,outside six documented raw segments
2505,2,DC68~DC69,런타임 확인 01h 계열 제어토큰,,01 0C,01 0C,,,11 16,0x044E8 | 0x044E9,원본 분석표 2522번 DC84~DC85 → 현재 DC68~DC69; 인자 0C; 다음 본류 DC86,mapped from six runtime-analysis RAM/raw formulas
2506,2,DC6A~DC6B,런타임 확인 상태 설정,,06 02,06 02,,,54 DD,0x044EA | 0x044EB,원본 분석표 2523번 DC86~DC87 → 현재 DC6A~DC6B; 인자 02; 다음 본류 DC88,mapped from six runtime-analysis RAM/raw formulas
2507,2,DC6C~DC6F,런타임 확인 24h 계열 / 메모리값 일치 대기 제어토큰,,24 3A D7 00,24 3A D7 00,,,01 05 11 16,0x044EC | 0x044ED | 0x044EE | 0x044EF,"원본 분석표 2524번 DC88~DC8B → 현재 DC6C~DC6F; 형식 24 LL HH VV; (D73A)와 00 비교; 불일치 시 DC88 유지, 일치 시 DC8C 진행",mapped from six runtime-analysis RAM/raw formulas
2508,2,DC70~DC71,런타임 확인 25h 계열 / CA1D 입 움직임 효과음 인덱스 설정,,25 2B,25 2B,,,11 DD,0x044F0 | 0x044F1,원본 분석표 2525번 DC8C~DC8D → 현재 DC70~DC71; CA1D=2B; 다음 본류 DC8E,mapped from six runtime-analysis RAM/raw formulas
2509,2,DC72,런타임 확인 41~50h 계열 / CAA8[0] 슬롯 실행,,41,41,,,01,0x044F2,원본 분석표 2526번 DC8E → 현재 DC72; 슬롯 토큰 41; 다음 본류 DC8F,mapped from six runtime-analysis RAM/raw formulas
2510,2,DC73~DC74,패치 슬롯 1343 | 한글 문자 | 잔,잔,89 95,8A AF,393,8A AF,0A 11,0x044F3 | 0x044F4,원본 분석표 2527번 DC8F~DC90=8E 63(残) → 패치 DC73~DC74=89 95(잔); 번역 56-001/018 · 잔 / 토큰 89 95 / KANJI E350 / 가나다순 279,mapped from six runtime-analysis RAM/raw formulas
2511,2,DC75~DC76,패치 슬롯 1344 | 한글 문자 | 인,인,89 8E,8A A4,382,8A A4,16 48,0x044F5 | 0x044F6,원본 분석표 2528번 DC91~DC92=94 45(忍) → 패치 DC75~DC76=89 8E(인); 번역 56-002/018 · 인 / 토큰 89 8E / KANJI E2E0 / 가나다순 270,mapped from six runtime-analysis RAM/raw formulas
2512,2,DC77~DC78,패치 슬롯 1345 | 한글 문자 | 왕,왕,89 7C,8A 86,352,8A 86,DD 01,0x044F7 | 0x044F8,원본 분석표 2529번 DC93~DC94=89 A4(王) → 패치 DC77~DC78=89 7C(왕); 번역 56-003/018 · 왕 / 토큰 89 7C / KANJI A3D0 / 가나다순 252,mapped from six runtime-analysis RAM/raw formulas
2513,2,DC79~DC7A,패치 슬롯 1346 | 전각 공백 | ␠,␠,81 40,81 40,,81 40,06 11,0x044F9 | 0x044FA,원본 분석표 2530번 DC95~DC96=83 81(メ) → 패치 DC79~DC7A=81 40(␠); 번역 56-004/018 · ␠ / 토큰 81 40 / PC-88 전각 공백 토큰,mapped from six runtime-analysis RAM/raw formulas
2514,2,DC7B~DC7C,패치 슬롯 1347 | 한글 문자 | 메,메,88 DA,89 B7,213,89 B7,16 F5,0x044FB | 0x044FC,원본 분석표 2531번 DC97~DC98=83 4B(ガ) → 패치 DC7B~DC7C=88 DA(메); 번역 56-005/018 · 메 / 토큰 88 DA / KANJI A1C0 / 가나다순 152,mapped from six runtime-analysis RAM/raw formulas
2515,2,DC7D~DC7E,패치 슬롯 1348 | 한글 문자 | 가,가,82 9F,88 9F,1,88 9F,DC 01,0x044FD | 0x044FE,원본 분석표 2532번 DC99~DC9A=83 58(ス) → 패치 DC7D~DC7E=82 9F(가); 번역 56-006/018 · 가 / 토큰 82 9F / KANJI 1810 / 가나다순 1,mapped from six runtime-analysis RAM/raw formulas
2516,2,DC7F~DC80,패치 슬롯 1349 | 한글 문자 | 스,스,89 56,8A 4A,293,8A 4A,0B 11,0x044FF | 0x04500,원본 분석표 2533번 DC9B~DC9C=81 49(！) → 패치 DC7F~DC80=89 56(스); 번역 56-007/018 · 스 / 토큰 89 56 / KANJI 6370 / 가나다순 211,mapped from six runtime-analysis RAM/raw formulas
2517,2,DC81~DC82,패치 슬롯 1350 | 문장부호 | ！,！,81 49,81 49,,81 49,16 25,0x04501 | 0x04502,원본 분석표 2534번 DC9D~DC9E=81 40 → 패치 DC81~DC82=81 49(！); 번역 56-008/018 · ！ / 토큰 81 49 / PC-88 전각 느낌표 토큰,mapped from six runtime-analysis RAM/raw formulas
2518,2,DC83~DC84,패치 슬롯 1351 | 전각 공백 | ␠,␠,81 40,81 40,,81 40,DD 01,0x04503 | 0x04504,원본 분석표 2535번 DC9F~DCA0=8C 88(決) → 패치 DC83~DC84=81 40(␠); 번역 56-009/018 · ␠ / 토큰 81 40 / PC-88 전각 공백 토큰,mapped from six runtime-analysis RAM/raw formulas
2519,2,DC85~DC86,패치 슬롯 1352 | 한글 문자 | 끝,끝,82 CC,88 E6,72,88 E6,0C 06,0x04505 | 0x04506,원본 분석표 2536번 DCA1~DCA2=92 85(着) → 패치 DC85~DC86=82 CC(끝); 번역 56-010/018 · 끝 / 토큰 82 CC / KANJI 28E0 / 가나다순 50,mapped from six runtime-analysis RAM/raw formulas
2520,2,DC87~DC88,패치 슬롯 1353 | 한글 문자 | 장,장,89 99,8A B3,397,8A B3,02 24,0x04507 | 0x04508,원본 분석표 2537번 DCA3~DCA4=82 F0(を) → 패치 DC87~DC88=89 99(장); 번역 56-011/018 · 장 / 토큰 89 99 / KANJI E390 / 가나다순 283,mapped from six runtime-analysis RAM/raw formulas
2521,2,DC89~DC8A,패치 슬롯 1354 | 한글 문자 | 을,을,89 8A,8A 9E,376,8A 9E,3A D7,0x04509 | 0x0450A,원본 분석표 2538번 DCA5~DCA6=82 C2(つ) → 패치 DC89~DC8A=89 8A(을); 번역 56-012/018 · 을 / 토큰 89 8A / KANJI E2A0 / 가나다순 265,mapped from six runtime-analysis RAM/raw formulas
2522,2,DC8B~DC8C,패치 슬롯 1355 | 전각 공백 | ␠,␠,81 40,81 40,,81 40,00 25,0x0450B | 0x0450C,원본 분석표 2539번 DCA7~DCA8=82 AF(け) → 패치 DC8B~DC8C=81 40(␠); 번역 56-013/018 · ␠ / 토큰 81 40 / PC-88 전각 공백 토큰,mapped from six runtime-analysis RAM/raw formulas
2523,2,DC8D~DC8E,패치 슬롯 1356 | 한글 문자 | 내,내,82 D3,88 ED,79,88 ED,2B 41,0x0450D | 0x0450E,원본 분석표 2540번 DCA9~DCAA=82 C4(て) → 패치 DC8D~DC8E=82 D3(내); 번역 56-014/018 · 내 / 토큰 82 D3 / KANJI 2950 / 가나다순 57,mapped from six runtime-analysis RAM/raw formulas
2524,2,DC8F~DC90,패치 슬롯 1357 | 한글 문자 | 주,주,89 AA,8A C8,418,8A C8,8E 63,0x0450F | 0x04510,원본 분석표 2541번 DCAB~DCAC=82 E2(や) → 패치 DC8F~DC90=89 AA(주); 번역 56-015/018 · 주 / 토큰 89 AA / KANJI 64C0 / 가나다순 300,mapped from six runtime-analysis RAM/raw formulas
2525,2,DC91~DC92,패치 슬롯 1358 | 한글 문자 | 겠,겠,82 AC,88 B2,20,88 B2,94 45,0x04511 | 0x04512,원본 분석표 2542번 DCAD~DCAE=82 E9(る) → 패치 DC91~DC92=82 AC(겠); 번역 56-016/018 · 겠 / 토큰 82 AC / KANJI 18E0 / 가나다순 14,mapped from six runtime-analysis RAM/raw formulas
2526,2,DC93~DC94,패치 슬롯 1359 | 한글 문자 | 어,어,89 6C,8A 6A,325,8A 6A,89 A4,0x04513 | 0x04514,편집기 추가 행; 번역 56-017/018 · 어 / 토큰 89 6C / KANJI A2D0 / 가나다순 235,mapped from six runtime-analysis RAM/raw formulas
2527,2,DC95~DC96,패치 슬롯 1360 | 문장부호 | ！,！,81 49,81 49,,81 49,83 81,0x04515 | 0x04516,원본 분석표 2543번 DCAF~DCB0 → 현재 DC95~DC96; 번역 56-018/018 · ！ / 토큰 81 49 / PC-88 전각 느낌표 토큰,mapped from six runtime-analysis RAM/raw formulas
2528,2,DC97,덤프 기반 정적 분석 61~70h 계열 / CAA8[0] 작업슬롯 비활성화,,61,61,,,83,0x04517,원본 분석표 2545번 DCB3 → 현재 DC97; 비활성화 토큰 61; 다음 본류 DCB4,mapped from six runtime-analysis RAM/raw formulas
2529,2,DC98~DC99,덤프 기반 정적 분석 19h 계열 제어토큰,,19 07,19 07,,,4B 83,0x04518 | 0x04519,원본 분석표 2546번 DCB4~DCB5 → 현재 DC98~DC99; 인자 07; 다음 본류 DCB6,mapped from six runtime-analysis RAM/raw formulas
2530,2,DC9A,덤프 기반 정적 분석 / 기존 확인 26h 계열 / 제2 이벤트 블록 종료 토큰,,26,26,,,58,0x0451A,원본 분석표 2547번 DCB6 → 현재 DC9A; DCB6 종료; 제2 payload D762~DCB6 완료,mapped from six runtime-analysis RAM/raw formulas
